{"type": "FeatureCollection", "features": [{"type": "Feature", "properties": {"cell_id": "r000_c000", "congestion_score": 0.0, "transit_departures": 0.0, "target_count": 0.0, "employment_jobs": 0.0}, "geometry": {"type": "Polygon", "coordinates": [[[-122.4597, 47.481], [-122.45303800388588, 47.481], [-122.45303800388588, 47.48549155587496], [-122.4597, 47.48549155587496], [-122.4597, 47.481]]]}}, {"type": "Feature", "properties": {"cell_id": "r000_c001", "congestion_score": 0.0, "transit_departures": 0.0, "target_count": 0.0, "employment_jobs": 0.0}, "geometry": {"type": "Polygon", "coordinates": [[[-122.45303800388588, 47.481], [-122.44637600777176, 47.481], [-122.44637600777176, 47.48549155587496], [-122.45303800388588, 47.48549155587496], [-122.45303800388588, 47.481]]]}}, {"type": "Feature", "properties": {"cell_id": "r000_c002", "congestion_score": 0.0, "transit_departures": 0.0, "target_count": 0.0, "employment_jobs": 0.0}, "geometry": {"type": "Polygon", "coordinates": [[[-122.44637600777178, 47.481], [-122.43971401165766, 47.481], [-122.43971401165766, 47.48549155587496], [-122.44637600777178, 47.48549155587496], [-122.44637600777178, 47.481]]]}}, {"type": "Feature", "properties": {"cell_id": "r000_c003", "congestion_score": 0.0, "transit_departures": 0.0, "target_count": 0.0, "employment_jobs": 0.0}, "geometry": {"type": "Polygon", "coordinates": [[[-122.43971401165766, 47.481], [-122.43305201554354, 47.481], [-122.43305201554354, 47.48549155587496], [-122.43971401165766, 47.48549155587496], [-122.43971401165766, 47.481]]]}}, {"type": "Feature", "properties": {"cell_id": "r000_c004", "congestion_score": 0.0, "transit_departures": 0.0, "target_count": 0.0, "employment_jobs": 0.0}, "geometry": {"type": "Polygon", "coordinates": [[[-122.43305201554354, 47.481], [-122.42639001942942, 47.481], [-122.42639001942942, 47.48549155587496], [-122.43305201554354, 47.48549155587496], [-122.43305201554354, 47.481]]]}}, {"type": "Feature", "properties": {"cell_id": "r000_c005", "congestion_score": 0.0, "transit_departures": 0.0, "target_count": 0.0, "employment_jobs": 0.0}, "geometry": {"type": "Polygon", "coordinates": [[[-122.42639001942942, 47.481], [-122.4197280233153, 47.481], [-122.4197280233153, 47.48549155587496], [-122.42639001942942, 47.48549155587496], [-122.42639001942942, 47.481]]]}}, {"type": "Feature", "properties": {"cell_id": "r000_c006", "congestion_score": 0.0, "transit_departures": 0.0, "target_count": 0.0, "employment_jobs": 0.0}, "geometry": {"type": "Polygon", "coordinates": [[[-122.41972802331532, 47.481], [-122.4130660272012, 47.481], [-122.4130660272012, 47.48549155587496], [-122.41972802331532, 47.48549155587496], [-122.41972802331532, 47.481]]]}}, {"type": "Feature", "properties": {"cell_id": "r000_c007", "congestion_score": 0.0, "transit_departures": 0.0, "target_count": 0.0, "employment_jobs": 0.0}, "geometry": {"type": "Polygon", "coordinates": [[[-122.4130660272012, 47.481], [-122.40640403108708, 47.481], [-122.40640403108708, 47.48549155587496], [-122.4130660272012, 47.48549155587496], [-122.4130660272012, 47.481]]]}}, {"type": "Feature", "properties": {"cell_id": "r000_c008", "congestion_score": 0.0, "transit_departures": 0.0, "target_count": 0.0, "employment_jobs": 0.0}, "geometry": {"type": "Polygon", "coordinates": [[[-122.40640403108708, 47.481], [-122.39974203497296, 47.481], [-122.39974203497296, 47.48549155587496], [-122.40640403108708, 47.48549155587496], [-122.40640403108708, 47.481]]]}}, {"type": "Feature", "properties": {"cell_id": "r000_c009", "congestion_score": 0.0, "transit_departures": 0.0, "target_count": 0.0, "employment_jobs": 0.0}, "geometry": {"type": "Polygon", "coordinates": [[[-122.39974203497297, 47.481], [-122.39308003885886, 47.481], [-122.39308003885886, 47.48549155587496], [-122.39974203497297, 47.48549155587496], [-122.39974203497297, 47.481]]]}}, {"type": "Feature", "properties": {"cell_id": "r000_c010", "congestion_score": 0.0, "transit_departures": 0.0, "target_count": 0.0, "employment_jobs": 0.0}, "geometry": {"type": "Polygon", "coordinates": [[[-122.39308003885886, 47.481], [-122.38641804274474, 47.481], [-122.38641804274474, 47.48549155587496], [-122.39308003885886, 47.48549155587496], [-122.39308003885886, 47.481]]]}}, {"type": "Feature", "properties": {"cell_id": "r000_c011", "congestion_score": 0.0, "transit_departures": 0.0, "target_count": 0.0, "employment_jobs": 0.0}, "geometry": {"type": "Polygon", "coordinates": [[[-122.38641804274474, 47.481], [-122.37975604663062, 47.481], [-122.37975604663062, 47.48549155587496], [-122.38641804274474, 47.48549155587496], [-122.38641804274474, 47.481]]]}}, {"type": "Feature", "properties": {"cell_id": "r000_c012", "congestion_score": 0.0, "transit_departures": 0.0, "target_count": 0.0, "employment_jobs": 0.0}, "geometry": {"type": "Polygon", "coordinates": [[[-122.37975604663062, 47.481], [-122.3730940505165, 47.481], [-122.3730940505165, 47.48549155587496], [-122.37975604663062, 47.48549155587496], [-122.37975604663062, 47.481]]]}}, {"type": "Feature", "properties": {"cell_id": "r000_c013", "congestion_score": 0.0, "transit_departures": 0.0, "target_count": 0.0, "employment_jobs": 0.0}, "geometry": {"type": "Polygon", "coordinates": [[[-122.37309405051651, 47.481], [-122.3664320544024, 47.481], [-122.3664320544024, 47.48549155587496], [-122.37309405051651, 47.48549155587496], [-122.37309405051651, 47.481]]]}}, {"type": "Feature", "properties": {"cell_id": "r000_c014", "congestion_score": 0.0, "transit_departures": 0.0, "target_count": 0.0, "employment_jobs": 0.0}, "geometry": {"type": "Polygon", "coordinates": [[[-122.3664320544024, 47.481], [-122.35977005828828, 47.481], [-122.35977005828828, 47.48549155587496], [-122.3664320544024, 47.48549155587496], [-122.3664320544024, 47.481]]]}}, {"type": "Feature", "properties": {"cell_id": "r000_c015", "congestion_score": 0.0, "transit_departures": 0.0, "target_count": 0.0, "employment_jobs": 0.0}, "geometry": {"type": "Polygon", "coordinates": [[[-122.35977005828828, 47.481], [-122.35310806217416, 47.481], [-122.35310806217416, 47.48549155587496], [-122.35977005828828, 47.48549155587496], [-122.35977005828828, 47.481]]]}}, {"type": "Feature", "properties": {"cell_id": "r000_c016", "congestion_score": 0.009801, "transit_departures": 2.875, "target_count": 0.0, "employment_jobs": 0.0}, "geometry": {"type": "Polygon", "coordinates": [[[-122.35310806217417, 47.481], [-122.34644606606005, 47.481], [-122.34644606606005, 47.48549155587496], [-122.35310806217417, 47.48549155587496], [-122.35310806217417, 47.481]]]}}, {"type": "Feature", "properties": {"cell_id": "r000_c017", "congestion_score": 0.0, "transit_departures": 0.0, "target_count": 0.0, "employment_jobs": 0.0}, "geometry": {"type": "Polygon", "coordinates": [[[-122.34644606606005, 47.481], [-122.33978406994594, 47.481], [-122.33978406994594, 47.48549155587496], [-122.34644606606005, 47.48549155587496], [-122.34644606606005, 47.481]]]}}, {"type": "Feature", "properties": {"cell_id": "r000_c018", "congestion_score": 0.0, "transit_departures": 0.0, "target_count": 0.0, "employment_jobs": 0.0}, "geometry": {"type": "Polygon", "coordinates": [[[-122.33978406994594, 47.481], [-122.33312207383182, 47.481], [-122.33312207383182, 47.48549155587496], [-122.33978406994594, 47.48549155587496], [-122.33978406994594, 47.481]]]}}, {"type": "Feature", "properties": {"cell_id": "r000_c019", "congestion_score": 0.0, "transit_departures": 0.0, "target_count": 0.0, "employment_jobs": 0.0}, "geometry": {"type": "Polygon", "coordinates": [[[-122.33312207383182, 47.481], [-122.3264600777177, 47.481], [-122.3264600777177, 47.48549155587496], [-122.33312207383182, 47.48549155587496], [-122.33312207383182, 47.481]]]}}, {"type": "Feature", "properties": {"cell_id": "r000_c020", "congestion_score": 0.0, "transit_departures": 0.0, "target_count": 0.0, "employment_jobs": 0.0}, "geometry": {"type": "Polygon", "coordinates": [[[-122.32646007771771, 47.481], [-122.3197980816036, 47.481], [-122.3197980816036, 47.48549155587496], [-122.32646007771771, 47.48549155587496], [-122.32646007771771, 47.481]]]}}, {"type": "Feature", "properties": {"cell_id": "r000_c021", "congestion_score": 0.0, "transit_departures": 0.0, "target_count": 0.0, "employment_jobs": 0.0}, "geometry": {"type": "Polygon", "coordinates": [[[-122.3197980816036, 47.481], [-122.31313608548948, 47.481], [-122.31313608548948, 47.48549155587496], [-122.3197980816036, 47.48549155587496], [-122.3197980816036, 47.481]]]}}, {"type": "Feature", "properties": {"cell_id": "r000_c022", "congestion_score": 0.0, "transit_departures": 0.0, "target_count": 0.0, "employment_jobs": 0.0}, "geometry": {"type": "Polygon", "coordinates": [[[-122.31313608548948, 47.481], [-122.30647408937536, 47.481], [-122.30647408937536, 47.48549155587496], [-122.31313608548948, 47.48549155587496], [-122.31313608548948, 47.481]]]}}, {"type": "Feature", "properties": {"cell_id": "r000_c023", "congestion_score": 0.0, "transit_departures": 0.0, "target_count": 0.0, "employment_jobs": 0.0}, "geometry": {"type": "Polygon", "coordinates": [[[-122.30647408937537, 47.481], [-122.29981209326125, 47.481], [-122.29981209326125, 47.48549155587496], [-122.30647408937537, 47.48549155587496], [-122.30647408937537, 47.481]]]}}, {"type": "Feature", "properties": {"cell_id": "r000_c024", "congestion_score": 0.0, "transit_departures": 0.0, "target_count": 0.0, "employment_jobs": 0.0}, "geometry": {"type": "Polygon", "coordinates": [[[-122.29981209326125, 47.481], [-122.29315009714713, 47.481], [-122.29315009714713, 47.48549155587496], [-122.29981209326125, 47.48549155587496], [-122.29981209326125, 47.481]]]}}, {"type": "Feature", "properties": {"cell_id": "r000_c025", "congestion_score": 0.0, "transit_departures": 0.0, "target_count": 0.0, "employment_jobs": 0.0}, "geometry": {"type": "Polygon", "coordinates": [[[-122.29315009714713, 47.481], [-122.28648810103302, 47.481], [-122.28648810103302, 47.48549155587496], [-122.29315009714713, 47.48549155587496], [-122.29315009714713, 47.481]]]}}, {"type": "Feature", "properties": {"cell_id": "r000_c026", "congestion_score": 0.0, "transit_departures": 0.0, "target_count": 0.0, "employment_jobs": 0.0}, "geometry": {"type": "Polygon", "coordinates": [[[-122.28648810103302, 47.481], [-122.2798261049189, 47.481], [-122.2798261049189, 47.48549155587496], [-122.28648810103302, 47.48549155587496], [-122.28648810103302, 47.481]]]}}, {"type": "Feature", "properties": {"cell_id": "r000_c027", "congestion_score": 0.0, "transit_departures": 0.0, "target_count": 0.0, "employment_jobs": 0.0}, "geometry": {"type": "Polygon", "coordinates": [[[-122.27982610491891, 47.481], [-122.27316410880479, 47.481], [-122.27316410880479, 47.48549155587496], [-122.27982610491891, 47.48549155587496], [-122.27982610491891, 47.481]]]}}, {"type": "Feature", "properties": {"cell_id": "r000_c028", "congestion_score": 0.0, "transit_departures": 0.0, "target_count": 0.0, "employment_jobs": 0.0}, "geometry": {"type": "Polygon", "coordinates": [[[-122.27316410880479, 47.481], [-122.26650211269067, 47.481], [-122.26650211269067, 47.48549155587496], [-122.27316410880479, 47.48549155587496], [-122.27316410880479, 47.481]]]}}, {"type": "Feature", "properties": {"cell_id": "r000_c029", "congestion_score": 0.0, "transit_departures": 0.0, "target_count": 0.0, "employment_jobs": 0.0}, "geometry": {"type": "Polygon", "coordinates": [[[-122.26650211269067, 47.481], [-122.25984011657656, 47.481], [-122.25984011657656, 47.48549155587496], [-122.26650211269067, 47.48549155587496], [-122.26650211269067, 47.481]]]}}, {"type": "Feature", "properties": {"cell_id": "r000_c030", "congestion_score": 0.0, "transit_departures": 0.0, "target_count": 0.0, "employment_jobs": 0.0}, "geometry": {"type": "Polygon", "coordinates": [[[-122.25984011657657, 47.481], [-122.25317812046245, 47.481], [-122.25317812046245, 47.48549155587496], [-122.25984011657657, 47.48549155587496], [-122.25984011657657, 47.481]]]}}, {"type": "Feature", "properties": {"cell_id": "r000_c031", "congestion_score": 0.0, "transit_departures": 0.0, "target_count": 0.0, "employment_jobs": 0.0}, "geometry": {"type": "Polygon", "coordinates": [[[-122.25317812046245, 47.481], [-122.24651612434833, 47.481], [-122.24651612434833, 47.48549155587496], [-122.25317812046245, 47.48549155587496], [-122.25317812046245, 47.481]]]}}, {"type": "Feature", "properties": {"cell_id": "r000_c032", "congestion_score": 0.0, "transit_departures": 0.0, "target_count": 0.0, "employment_jobs": 0.0}, "geometry": {"type": "Polygon", "coordinates": [[[-122.24651612434833, 47.481], [-122.23985412823421, 47.481], [-122.23985412823421, 47.48549155587496], [-122.24651612434833, 47.48549155587496], [-122.24651612434833, 47.481]]]}}, {"type": "Feature", "properties": {"cell_id": "r000_c033", "congestion_score": 0.0, "transit_departures": 0.0, "target_count": 0.0, "employment_jobs": 0.0}, "geometry": {"type": "Polygon", "coordinates": [[[-122.23985412823421, 47.481], [-122.2331921321201, 47.481], [-122.2331921321201, 47.48549155587496], [-122.23985412823421, 47.48549155587496], [-122.23985412823421, 47.481]]]}}, {"type": "Feature", "properties": {"cell_id": "r000_c034", "congestion_score": 0.0, "transit_departures": 0.0, "target_count": 0.0, "employment_jobs": 0.0}, "geometry": {"type": "Polygon", "coordinates": [[[-122.23319213212011, 47.481], [-122.22653013600599, 47.481], [-122.22653013600599, 47.48549155587496], [-122.23319213212011, 47.48549155587496], [-122.23319213212011, 47.481]]]}}, {"type": "Feature", "properties": {"cell_id": "r000_c035", "congestion_score": 0.0, "transit_departures": 0.0, "target_count": 0.0, "employment_jobs": 0.0}, "geometry": {"type": "Polygon", "coordinates": [[[-122.22653013600599, 47.481], [-122.2244, 47.481], [-122.2244, 47.48549155587496], [-122.22653013600599, 47.48549155587496], [-122.22653013600599, 47.481]]]}}, {"type": "Feature", "properties": {"cell_id": "r001_c000", "congestion_score": 0.0, "transit_departures": 0.0, "target_count": 0.0, "employment_jobs": 0.0}, "geometry": {"type": "Polygon", "coordinates": [[[-122.4597, 47.48549155587496], [-122.45303800388588, 47.48549155587496], [-122.45303800388588, 47.489983111749915], [-122.4597, 47.489983111749915], [-122.4597, 47.48549155587496]]]}}, {"type": "Feature", "properties": {"cell_id": "r001_c001", "congestion_score": 0.0, "transit_departures": 0.0, "target_count": 0.0, "employment_jobs": 0.0}, "geometry": {"type": "Polygon", "coordinates": [[[-122.45303800388588, 47.48549155587496], [-122.44637600777176, 47.48549155587496], [-122.44637600777176, 47.489983111749915], [-122.45303800388588, 47.489983111749915], [-122.45303800388588, 47.48549155587496]]]}}, {"type": "Feature", "properties": {"cell_id": "r001_c002", "congestion_score": 0.0, "transit_departures": 0.0, "target_count": 0.0, "employment_jobs": 0.0}, "geometry": {"type": "Polygon", "coordinates": [[[-122.44637600777178, 47.48549155587496], [-122.43971401165766, 47.48549155587496], [-122.43971401165766, 47.489983111749915], [-122.44637600777178, 47.489983111749915], [-122.44637600777178, 47.48549155587496]]]}}, {"type": "Feature", "properties": {"cell_id": "r001_c003", "congestion_score": 0.0, "transit_departures": 0.0, "target_count": 0.0, "employment_jobs": 0.0}, "geometry": {"type": "Polygon", "coordinates": [[[-122.43971401165766, 47.48549155587496], [-122.43305201554354, 47.48549155587496], [-122.43305201554354, 47.489983111749915], [-122.43971401165766, 47.489983111749915], [-122.43971401165766, 47.48549155587496]]]}}, {"type": "Feature", "properties": {"cell_id": "r001_c004", "congestion_score": 0.0, "transit_departures": 0.0, "target_count": 0.0, "employment_jobs": 0.0}, "geometry": {"type": "Polygon", "coordinates": [[[-122.43305201554354, 47.48549155587496], [-122.42639001942942, 47.48549155587496], [-122.42639001942942, 47.489983111749915], [-122.43305201554354, 47.489983111749915], [-122.43305201554354, 47.48549155587496]]]}}, {"type": "Feature", "properties": {"cell_id": "r001_c005", "congestion_score": 0.0, "transit_departures": 0.0, "target_count": 0.0, "employment_jobs": 0.0}, "geometry": {"type": "Polygon", "coordinates": [[[-122.42639001942942, 47.48549155587496], [-122.4197280233153, 47.48549155587496], [-122.4197280233153, 47.489983111749915], [-122.42639001942942, 47.489983111749915], [-122.42639001942942, 47.48549155587496]]]}}, {"type": "Feature", "properties": {"cell_id": "r001_c006", "congestion_score": 0.0, "transit_departures": 0.0, "target_count": 0.0, "employment_jobs": 0.0}, "geometry": {"type": "Polygon", "coordinates": [[[-122.41972802331532, 47.48549155587496], [-122.4130660272012, 47.48549155587496], [-122.4130660272012, 47.489983111749915], [-122.41972802331532, 47.489983111749915], [-122.41972802331532, 47.48549155587496]]]}}, {"type": "Feature", "properties": {"cell_id": "r001_c007", "congestion_score": 0.0, "transit_departures": 0.0, "target_count": 0.0, "employment_jobs": 0.0}, "geometry": {"type": "Polygon", "coordinates": [[[-122.4130660272012, 47.48549155587496], [-122.40640403108708, 47.48549155587496], [-122.40640403108708, 47.489983111749915], [-122.4130660272012, 47.489983111749915], [-122.4130660272012, 47.48549155587496]]]}}, {"type": "Feature", "properties": {"cell_id": "r001_c008", "congestion_score": 0.0, "transit_departures": 0.0, "target_count": 0.0, "employment_jobs": 0.0}, "geometry": {"type": "Polygon", "coordinates": [[[-122.40640403108708, 47.48549155587496], [-122.39974203497296, 47.48549155587496], [-122.39974203497296, 47.489983111749915], [-122.40640403108708, 47.489983111749915], [-122.40640403108708, 47.48549155587496]]]}}, {"type": "Feature", "properties": {"cell_id": "r001_c009", "congestion_score": 0.0, "transit_departures": 0.0, "target_count": 0.0, "employment_jobs": 0.0}, "geometry": {"type": "Polygon", "coordinates": [[[-122.39974203497297, 47.48549155587496], [-122.39308003885886, 47.48549155587496], [-122.39308003885886, 47.489983111749915], [-122.39974203497297, 47.489983111749915], [-122.39974203497297, 47.48549155587496]]]}}, {"type": "Feature", "properties": {"cell_id": "r001_c010", "congestion_score": 0.0, "transit_departures": 0.0, "target_count": 0.0, "employment_jobs": 0.0}, "geometry": {"type": "Polygon", "coordinates": [[[-122.39308003885886, 47.48549155587496], [-122.38641804274474, 47.48549155587496], [-122.38641804274474, 47.489983111749915], [-122.39308003885886, 47.489983111749915], [-122.39308003885886, 47.48549155587496]]]}}, {"type": "Feature", "properties": {"cell_id": "r001_c011", "congestion_score": 0.0, "transit_departures": 0.0, "target_count": 0.0, "employment_jobs": 0.0}, "geometry": {"type": "Polygon", "coordinates": [[[-122.38641804274474, 47.48549155587496], [-122.37975604663062, 47.48549155587496], [-122.37975604663062, 47.489983111749915], [-122.38641804274474, 47.489983111749915], [-122.38641804274474, 47.48549155587496]]]}}, {"type": "Feature", "properties": {"cell_id": "r001_c012", "congestion_score": 0.0, "transit_departures": 0.0, "target_count": 0.0, "employment_jobs": 0.0}, "geometry": {"type": "Polygon", "coordinates": [[[-122.37975604663062, 47.48549155587496], [-122.3730940505165, 47.48549155587496], [-122.3730940505165, 47.489983111749915], [-122.37975604663062, 47.489983111749915], [-122.37975604663062, 47.48549155587496]]]}}, {"type": "Feature", "properties": {"cell_id": "r001_c013", "congestion_score": 0.0, "transit_departures": 0.0, "target_count": 0.0, "employment_jobs": 0.0}, "geometry": {"type": "Polygon", "coordinates": [[[-122.37309405051651, 47.48549155587496], [-122.3664320544024, 47.48549155587496], [-122.3664320544024, 47.489983111749915], [-122.37309405051651, 47.489983111749915], [-122.37309405051651, 47.48549155587496]]]}}, {"type": "Feature", "properties": {"cell_id": "r001_c014", "congestion_score": 0.0, "transit_departures": 0.0, "target_count": 0.0, "employment_jobs": 0.0}, "geometry": {"type": "Polygon", "coordinates": [[[-122.3664320544024, 47.48549155587496], [-122.35977005828828, 47.48549155587496], [-122.35977005828828, 47.489983111749915], [-122.3664320544024, 47.489983111749915], [-122.3664320544024, 47.48549155587496]]]}}, {"type": "Feature", "properties": {"cell_id": "r001_c015", "congestion_score": 0.0, "transit_departures": 0.0, "target_count": 0.0, "employment_jobs": 0.0}, "geometry": {"type": "Polygon", "coordinates": [[[-122.35977005828828, 47.48549155587496], [-122.35310806217416, 47.48549155587496], [-122.35310806217416, 47.489983111749915], [-122.35977005828828, 47.489983111749915], [-122.35977005828828, 47.48549155587496]]]}}, {"type": "Feature", "properties": {"cell_id": "r001_c016", "congestion_score": 0.019886, "transit_departures": 5.833, "target_count": 0.0, "employment_jobs": 0.0}, "geometry": {"type": "Polygon", "coordinates": [[[-122.35310806217417, 47.48549155587496], [-122.34644606606005, 47.48549155587496], [-122.34644606606005, 47.489983111749915], [-122.35310806217417, 47.489983111749915], [-122.35310806217417, 47.48549155587496]]]}}, {"type": "Feature", "properties": {"cell_id": "r001_c017", "congestion_score": 0.0, "transit_departures": 0.0, "target_count": 0.0, "employment_jobs": 0.0}, "geometry": {"type": "Polygon", "coordinates": [[[-122.34644606606005, 47.48549155587496], [-122.33978406994594, 47.48549155587496], [-122.33978406994594, 47.489983111749915], [-122.34644606606005, 47.489983111749915], [-122.34644606606005, 47.48549155587496]]]}}, {"type": "Feature", "properties": {"cell_id": "r001_c018", "congestion_score": 0.0, "transit_departures": 0.0, "target_count": 0.0, "employment_jobs": 0.0}, "geometry": {"type": "Polygon", "coordinates": [[[-122.33978406994594, 47.48549155587496], [-122.33312207383182, 47.48549155587496], [-122.33312207383182, 47.489983111749915], [-122.33978406994594, 47.489983111749915], [-122.33978406994594, 47.48549155587496]]]}}, {"type": "Feature", "properties": {"cell_id": "r001_c019", "congestion_score": 0.0, "transit_departures": 0.0, "target_count": 0.0, "employment_jobs": 0.0}, "geometry": {"type": "Polygon", "coordinates": [[[-122.33312207383182, 47.48549155587496], [-122.3264600777177, 47.48549155587496], [-122.3264600777177, 47.489983111749915], [-122.33312207383182, 47.489983111749915], [-122.33312207383182, 47.48549155587496]]]}}, {"type": "Feature", "properties": {"cell_id": "r001_c020", "congestion_score": 0.0, "transit_departures": 0.0, "target_count": 0.0, "employment_jobs": 0.0}, "geometry": {"type": "Polygon", "coordinates": [[[-122.32646007771771, 47.48549155587496], [-122.3197980816036, 47.48549155587496], [-122.3197980816036, 47.489983111749915], [-122.32646007771771, 47.489983111749915], [-122.32646007771771, 47.48549155587496]]]}}, {"type": "Feature", "properties": {"cell_id": "r001_c021", "congestion_score": 0.0, "transit_departures": 0.0, "target_count": 0.0, "employment_jobs": 0.0}, "geometry": {"type": "Polygon", "coordinates": [[[-122.3197980816036, 47.48549155587496], [-122.31313608548948, 47.48549155587496], [-122.31313608548948, 47.489983111749915], [-122.3197980816036, 47.489983111749915], [-122.3197980816036, 47.48549155587496]]]}}, {"type": "Feature", "properties": {"cell_id": "r001_c022", "congestion_score": 0.0, "transit_departures": 0.0, "target_count": 0.0, "employment_jobs": 0.0}, "geometry": {"type": "Polygon", "coordinates": [[[-122.31313608548948, 47.48549155587496], [-122.30647408937536, 47.48549155587496], [-122.30647408937536, 47.489983111749915], [-122.31313608548948, 47.489983111749915], [-122.31313608548948, 47.48549155587496]]]}}, {"type": "Feature", "properties": {"cell_id": "r001_c023", "congestion_score": 0.0, "transit_departures": 0.0, "target_count": 0.0, "employment_jobs": 0.0}, "geometry": {"type": "Polygon", "coordinates": [[[-122.30647408937537, 47.48549155587496], [-122.29981209326125, 47.48549155587496], [-122.29981209326125, 47.489983111749915], [-122.30647408937537, 47.489983111749915], [-122.30647408937537, 47.48549155587496]]]}}, {"type": "Feature", "properties": {"cell_id": "r001_c024", "congestion_score": 0.0, "transit_departures": 0.0, "target_count": 0.0, "employment_jobs": 0.0}, "geometry": {"type": "Polygon", "coordinates": [[[-122.29981209326125, 47.48549155587496], [-122.29315009714713, 47.48549155587496], [-122.29315009714713, 47.489983111749915], [-122.29981209326125, 47.489983111749915], [-122.29981209326125, 47.48549155587496]]]}}, {"type": "Feature", "properties": {"cell_id": "r001_c025", "congestion_score": 0.0, "transit_departures": 0.0, "target_count": 0.0, "employment_jobs": 0.0}, "geometry": {"type": "Polygon", "coordinates": [[[-122.29315009714713, 47.48549155587496], [-122.28648810103302, 47.48549155587496], [-122.28648810103302, 47.489983111749915], [-122.29315009714713, 47.489983111749915], [-122.29315009714713, 47.48549155587496]]]}}, {"type": "Feature", "properties": {"cell_id": "r001_c026", "congestion_score": 0.0, "transit_departures": 0.0, "target_count": 0.0, "employment_jobs": 0.0}, "geometry": {"type": "Polygon", "coordinates": [[[-122.28648810103302, 47.48549155587496], [-122.2798261049189, 47.48549155587496], [-122.2798261049189, 47.489983111749915], [-122.28648810103302, 47.489983111749915], [-122.28648810103302, 47.48549155587496]]]}}, {"type": "Feature", "properties": {"cell_id": "r001_c027", "congestion_score": 0.0, "transit_departures": 0.0, "target_count": 0.0, "employment_jobs": 0.0}, "geometry": {"type": "Polygon", "coordinates": [[[-122.27982610491891, 47.48549155587496], [-122.27316410880479, 47.48549155587496], [-122.27316410880479, 47.489983111749915], [-122.27982610491891, 47.489983111749915], [-122.27982610491891, 47.48549155587496]]]}}, {"type": "Feature", "properties": {"cell_id": "r001_c028", "congestion_score": 0.0, "transit_departures": 0.0, "target_count": 0.0, "employment_jobs": 0.0}, "geometry": {"type": "Polygon", "coordinates": [[[-122.27316410880479, 47.48549155587496], [-122.26650211269067, 47.48549155587496], [-122.26650211269067, 47.489983111749915], [-122.27316410880479, 47.489983111749915], [-122.27316410880479, 47.48549155587496]]]}}, {"type": "Feature", "properties": {"cell_id": "r001_c029", "congestion_score": 0.0, "transit_departures": 0.0, "target_count": 0.0, "employment_jobs": 0.0}, "geometry": {"type": "Polygon", "coordinates": [[[-122.26650211269067, 47.48549155587496], [-122.25984011657656, 47.48549155587496], [-122.25984011657656, 47.489983111749915], [-122.26650211269067, 47.489983111749915], [-122.26650211269067, 47.48549155587496]]]}}, {"type": "Feature", "properties": {"cell_id": "r001_c030", "congestion_score": 0.0, "transit_departures": 0.0, "target_count": 0.0, "employment_jobs": 0.0}, "geometry": {"type": "Polygon", "coordinates": [[[-122.25984011657657, 47.48549155587496], [-122.25317812046245, 47.48549155587496], [-122.25317812046245, 47.489983111749915], [-122.25984011657657, 47.489983111749915], [-122.25984011657657, 47.48549155587496]]]}}, {"type": "Feature", "properties": {"cell_id": "r001_c031", "congestion_score": 0.0, "transit_departures": 0.0, "target_count": 0.0, "employment_jobs": 0.0}, "geometry": {"type": "Polygon", "coordinates": [[[-122.25317812046245, 47.48549155587496], [-122.24651612434833, 47.48549155587496], [-122.24651612434833, 47.489983111749915], [-122.25317812046245, 47.489983111749915], [-122.25317812046245, 47.48549155587496]]]}}, {"type": "Feature", "properties": {"cell_id": "r001_c032", "congestion_score": 0.0, "transit_departures": 0.0, "target_count": 0.0, "employment_jobs": 0.0}, "geometry": {"type": "Polygon", "coordinates": [[[-122.24651612434833, 47.48549155587496], [-122.23985412823421, 47.48549155587496], [-122.23985412823421, 47.489983111749915], [-122.24651612434833, 47.489983111749915], [-122.24651612434833, 47.48549155587496]]]}}, {"type": "Feature", "properties": {"cell_id": "r001_c033", "congestion_score": 0.0, "transit_departures": 0.0, "target_count": 0.0, "employment_jobs": 0.0}, "geometry": {"type": "Polygon", "coordinates": [[[-122.23985412823421, 47.48549155587496], [-122.2331921321201, 47.48549155587496], [-122.2331921321201, 47.489983111749915], [-122.23985412823421, 47.489983111749915], [-122.23985412823421, 47.48549155587496]]]}}, {"type": "Feature", "properties": {"cell_id": "r001_c034", "congestion_score": 0.0, "transit_departures": 0.0, "target_count": 0.0, "employment_jobs": 0.0}, "geometry": {"type": "Polygon", "coordinates": [[[-122.23319213212011, 47.48549155587496], [-122.22653013600599, 47.48549155587496], [-122.22653013600599, 47.489983111749915], [-122.23319213212011, 47.489983111749915], [-122.23319213212011, 47.48549155587496]]]}}, {"type": "Feature", "properties": {"cell_id": "r001_c035", "congestion_score": 0.0, "transit_departures": 0.0, "target_count": 0.0, "employment_jobs": 0.0}, "geometry": {"type": "Polygon", "coordinates": [[[-122.22653013600599, 47.48549155587496], [-122.2244, 47.48549155587496], [-122.2244, 47.489983111749915], [-122.22653013600599, 47.489983111749915], [-122.22653013600599, 47.48549155587496]]]}}, {"type": "Feature", "properties": {"cell_id": "r002_c000", "congestion_score": 0.0, "transit_departures": 0.0, "target_count": 0.0, "employment_jobs": 0.0}, "geometry": {"type": "Polygon", "coordinates": [[[-122.4597, 47.489983111749915], [-122.45303800388588, 47.489983111749915], [-122.45303800388588, 47.49447466762487], [-122.4597, 47.49447466762487], [-122.4597, 47.489983111749915]]]}}, {"type": "Feature", "properties": {"cell_id": "r002_c001", "congestion_score": 0.0, "transit_departures": 0.0, "target_count": 0.0, "employment_jobs": 0.0}, "geometry": {"type": "Polygon", "coordinates": [[[-122.45303800388588, 47.489983111749915], [-122.44637600777176, 47.489983111749915], [-122.44637600777176, 47.49447466762487], [-122.45303800388588, 47.49447466762487], [-122.45303800388588, 47.489983111749915]]]}}, {"type": "Feature", "properties": {"cell_id": "r002_c002", "congestion_score": 0.0, "transit_departures": 0.0, "target_count": 0.0, "employment_jobs": 0.0}, "geometry": {"type": "Polygon", "coordinates": [[[-122.44637600777178, 47.489983111749915], [-122.43971401165766, 47.489983111749915], [-122.43971401165766, 47.49447466762487], [-122.44637600777178, 47.49447466762487], [-122.44637600777178, 47.489983111749915]]]}}, {"type": "Feature", "properties": {"cell_id": "r002_c003", "congestion_score": 0.0, "transit_departures": 0.0, "target_count": 0.0, "employment_jobs": 0.0}, "geometry": {"type": "Polygon", "coordinates": [[[-122.43971401165766, 47.489983111749915], [-122.43305201554354, 47.489983111749915], [-122.43305201554354, 47.49447466762487], [-122.43971401165766, 47.49447466762487], [-122.43971401165766, 47.489983111749915]]]}}, {"type": "Feature", "properties": {"cell_id": "r002_c004", "congestion_score": 0.0, "transit_departures": 0.0, "target_count": 0.0, "employment_jobs": 0.0}, "geometry": {"type": "Polygon", "coordinates": [[[-122.43305201554354, 47.489983111749915], [-122.42639001942942, 47.489983111749915], [-122.42639001942942, 47.49447466762487], [-122.43305201554354, 47.49447466762487], [-122.43305201554354, 47.489983111749915]]]}}, {"type": "Feature", "properties": {"cell_id": "r002_c005", "congestion_score": 0.0, "transit_departures": 0.0, "target_count": 0.0, "employment_jobs": 0.0}, "geometry": {"type": "Polygon", "coordinates": [[[-122.42639001942942, 47.489983111749915], [-122.4197280233153, 47.489983111749915], [-122.4197280233153, 47.49447466762487], [-122.42639001942942, 47.49447466762487], [-122.42639001942942, 47.489983111749915]]]}}, {"type": "Feature", "properties": {"cell_id": "r002_c006", "congestion_score": 0.0, "transit_departures": 0.0, "target_count": 0.0, "employment_jobs": 0.0}, "geometry": {"type": "Polygon", "coordinates": [[[-122.41972802331532, 47.489983111749915], [-122.4130660272012, 47.489983111749915], [-122.4130660272012, 47.49447466762487], [-122.41972802331532, 47.49447466762487], [-122.41972802331532, 47.489983111749915]]]}}, {"type": "Feature", "properties": {"cell_id": "r002_c007", "congestion_score": 0.0, "transit_departures": 0.0, "target_count": 0.0, "employment_jobs": 0.0}, "geometry": {"type": "Polygon", "coordinates": [[[-122.4130660272012, 47.489983111749915], [-122.40640403108708, 47.489983111749915], [-122.40640403108708, 47.49447466762487], [-122.4130660272012, 47.49447466762487], [-122.4130660272012, 47.489983111749915]]]}}, {"type": "Feature", "properties": {"cell_id": "r002_c008", "congestion_score": 0.0, "transit_departures": 0.0, "target_count": 0.0, "employment_jobs": 0.0}, "geometry": {"type": "Polygon", "coordinates": [[[-122.40640403108708, 47.489983111749915], [-122.39974203497296, 47.489983111749915], [-122.39974203497296, 47.49447466762487], [-122.40640403108708, 47.49447466762487], [-122.40640403108708, 47.489983111749915]]]}}, {"type": "Feature", "properties": {"cell_id": "r002_c009", "congestion_score": 0.0, "transit_departures": 0.0, "target_count": 0.0, "employment_jobs": 0.0}, "geometry": {"type": "Polygon", "coordinates": [[[-122.39974203497297, 47.489983111749915], [-122.39308003885886, 47.489983111749915], [-122.39308003885886, 47.49447466762487], [-122.39974203497297, 47.49447466762487], [-122.39974203497297, 47.489983111749915]]]}}, {"type": "Feature", "properties": {"cell_id": "r002_c010", "congestion_score": 0.0, "transit_departures": 0.0, "target_count": 0.0, "employment_jobs": 0.0}, "geometry": {"type": "Polygon", "coordinates": [[[-122.39308003885886, 47.489983111749915], [-122.38641804274474, 47.489983111749915], [-122.38641804274474, 47.49447466762487], [-122.39308003885886, 47.49447466762487], [-122.39308003885886, 47.489983111749915]]]}}, {"type": "Feature", "properties": {"cell_id": "r002_c011", "congestion_score": 0.0, "transit_departures": 0.0, "target_count": 0.0, "employment_jobs": 0.0}, "geometry": {"type": "Polygon", "coordinates": [[[-122.38641804274474, 47.489983111749915], [-122.37975604663062, 47.489983111749915], [-122.37975604663062, 47.49447466762487], [-122.38641804274474, 47.49447466762487], [-122.38641804274474, 47.489983111749915]]]}}, {"type": "Feature", "properties": {"cell_id": "r002_c012", "congestion_score": 0.0, "transit_departures": 0.0, "target_count": 0.0, "employment_jobs": 0.0}, "geometry": {"type": "Polygon", "coordinates": [[[-122.37975604663062, 47.489983111749915], [-122.3730940505165, 47.489983111749915], [-122.3730940505165, 47.49447466762487], [-122.37975604663062, 47.49447466762487], [-122.37975604663062, 47.489983111749915]]]}}, {"type": "Feature", "properties": {"cell_id": "r002_c013", "congestion_score": 0.0, "transit_departures": 0.0, "target_count": 0.0, "employment_jobs": 0.0}, "geometry": {"type": "Polygon", "coordinates": [[[-122.37309405051651, 47.489983111749915], [-122.3664320544024, 47.489983111749915], [-122.3664320544024, 47.49447466762487], [-122.37309405051651, 47.49447466762487], [-122.37309405051651, 47.489983111749915]]]}}, {"type": "Feature", "properties": {"cell_id": "r002_c014", "congestion_score": 0.0, "transit_departures": 0.0, "target_count": 0.0, "employment_jobs": 0.0}, "geometry": {"type": "Polygon", "coordinates": [[[-122.3664320544024, 47.489983111749915], [-122.35977005828828, 47.489983111749915], [-122.35977005828828, 47.49447466762487], [-122.3664320544024, 47.49447466762487], [-122.3664320544024, 47.489983111749915]]]}}, {"type": "Feature", "properties": {"cell_id": "r002_c015", "congestion_score": 0.0, "transit_departures": 0.0, "target_count": 0.0, "employment_jobs": 0.0}, "geometry": {"type": "Polygon", "coordinates": [[[-122.35977005828828, 47.489983111749915], [-122.35310806217416, 47.489983111749915], [-122.35310806217416, 47.49447466762487], [-122.35977005828828, 47.49447466762487], [-122.35977005828828, 47.489983111749915]]]}}, {"type": "Feature", "properties": {"cell_id": "r002_c016", "congestion_score": 0.0, "transit_departures": 0.0, "target_count": 0.0, "employment_jobs": 0.0}, "geometry": {"type": "Polygon", "coordinates": [[[-122.35310806217417, 47.489983111749915], [-122.34644606606005, 47.489983111749915], [-122.34644606606005, 47.49447466762487], [-122.35310806217417, 47.49447466762487], [-122.35310806217417, 47.489983111749915]]]}}, {"type": "Feature", "properties": {"cell_id": "r002_c017", "congestion_score": 0.0, "transit_departures": 0.0, "target_count": 0.0, "employment_jobs": 0.0}, "geometry": {"type": "Polygon", "coordinates": [[[-122.34644606606005, 47.489983111749915], [-122.33978406994594, 47.489983111749915], [-122.33978406994594, 47.49447466762487], [-122.34644606606005, 47.49447466762487], [-122.34644606606005, 47.489983111749915]]]}}, {"type": "Feature", "properties": {"cell_id": "r002_c018", "congestion_score": 0.0, "transit_departures": 0.0, "target_count": 0.0, "employment_jobs": 0.0}, "geometry": {"type": "Polygon", "coordinates": [[[-122.33978406994594, 47.489983111749915], [-122.33312207383182, 47.489983111749915], [-122.33312207383182, 47.49447466762487], [-122.33978406994594, 47.49447466762487], [-122.33978406994594, 47.489983111749915]]]}}, {"type": "Feature", "properties": {"cell_id": "r002_c019", "congestion_score": 0.0, "transit_departures": 0.0, "target_count": 0.0, "employment_jobs": 0.0}, "geometry": {"type": "Polygon", "coordinates": [[[-122.33312207383182, 47.489983111749915], [-122.3264600777177, 47.489983111749915], [-122.3264600777177, 47.49447466762487], [-122.33312207383182, 47.49447466762487], [-122.33312207383182, 47.489983111749915]]]}}, {"type": "Feature", "properties": {"cell_id": "r002_c020", "congestion_score": 0.0, "transit_departures": 0.0, "target_count": 0.0, "employment_jobs": 0.0}, "geometry": {"type": "Polygon", "coordinates": [[[-122.32646007771771, 47.489983111749915], [-122.3197980816036, 47.489983111749915], [-122.3197980816036, 47.49447466762487], [-122.32646007771771, 47.49447466762487], [-122.32646007771771, 47.489983111749915]]]}}, {"type": "Feature", "properties": {"cell_id": "r002_c021", "congestion_score": 0.0, "transit_departures": 0.0, "target_count": 0.0, "employment_jobs": 0.0}, "geometry": {"type": "Polygon", "coordinates": [[[-122.3197980816036, 47.489983111749915], [-122.31313608548948, 47.489983111749915], [-122.31313608548948, 47.49447466762487], [-122.3197980816036, 47.49447466762487], [-122.3197980816036, 47.489983111749915]]]}}, {"type": "Feature", "properties": {"cell_id": "r002_c022", "congestion_score": 0.0, "transit_departures": 0.0, "target_count": 0.0, "employment_jobs": 0.0}, "geometry": {"type": "Polygon", "coordinates": [[[-122.31313608548948, 47.489983111749915], [-122.30647408937536, 47.489983111749915], [-122.30647408937536, 47.49447466762487], [-122.31313608548948, 47.49447466762487], [-122.31313608548948, 47.489983111749915]]]}}, {"type": "Feature", "properties": {"cell_id": "r002_c023", "congestion_score": 0.0, "transit_departures": 0.0, "target_count": 0.0, "employment_jobs": 0.0}, "geometry": {"type": "Polygon", "coordinates": [[[-122.30647408937537, 47.489983111749915], [-122.29981209326125, 47.489983111749915], [-122.29981209326125, 47.49447466762487], [-122.30647408937537, 47.49447466762487], [-122.30647408937537, 47.489983111749915]]]}}, {"type": "Feature", "properties": {"cell_id": "r002_c024", "congestion_score": 0.0, "transit_departures": 0.0, "target_count": 0.0, "employment_jobs": 0.0}, "geometry": {"type": "Polygon", "coordinates": [[[-122.29981209326125, 47.489983111749915], [-122.29315009714713, 47.489983111749915], [-122.29315009714713, 47.49447466762487], [-122.29981209326125, 47.49447466762487], [-122.29981209326125, 47.489983111749915]]]}}, {"type": "Feature", "properties": {"cell_id": "r002_c025", "congestion_score": 0.0, "transit_departures": 0.0, "target_count": 0.0, "employment_jobs": 0.0}, "geometry": {"type": "Polygon", "coordinates": [[[-122.29315009714713, 47.489983111749915], [-122.28648810103302, 47.489983111749915], [-122.28648810103302, 47.49447466762487], [-122.29315009714713, 47.49447466762487], [-122.29315009714713, 47.489983111749915]]]}}, {"type": "Feature", "properties": {"cell_id": "r002_c026", "congestion_score": 0.0, "transit_departures": 0.0, "target_count": 0.0, "employment_jobs": 0.0}, "geometry": {"type": "Polygon", "coordinates": [[[-122.28648810103302, 47.489983111749915], [-122.2798261049189, 47.489983111749915], [-122.2798261049189, 47.49447466762487], [-122.28648810103302, 47.49447466762487], [-122.28648810103302, 47.489983111749915]]]}}, {"type": "Feature", "properties": {"cell_id": "r002_c027", "congestion_score": 0.0, "transit_departures": 0.0, "target_count": 0.0, "employment_jobs": 0.0}, "geometry": {"type": "Polygon", "coordinates": [[[-122.27982610491891, 47.489983111749915], [-122.27316410880479, 47.489983111749915], [-122.27316410880479, 47.49447466762487], [-122.27982610491891, 47.49447466762487], [-122.27982610491891, 47.489983111749915]]]}}, {"type": "Feature", "properties": {"cell_id": "r002_c028", "congestion_score": 0.0, "transit_departures": 0.0, "target_count": 0.0, "employment_jobs": 0.0}, "geometry": {"type": "Polygon", "coordinates": [[[-122.27316410880479, 47.489983111749915], [-122.26650211269067, 47.489983111749915], [-122.26650211269067, 47.49447466762487], [-122.27316410880479, 47.49447466762487], [-122.27316410880479, 47.489983111749915]]]}}, {"type": "Feature", "properties": {"cell_id": "r002_c029", "congestion_score": 0.0, "transit_departures": 0.0, "target_count": 0.0, "employment_jobs": 0.0}, "geometry": {"type": "Polygon", "coordinates": [[[-122.26650211269067, 47.489983111749915], [-122.25984011657656, 47.489983111749915], [-122.25984011657656, 47.49447466762487], [-122.26650211269067, 47.49447466762487], [-122.26650211269067, 47.489983111749915]]]}}, {"type": "Feature", "properties": {"cell_id": "r002_c030", "congestion_score": 0.0, "transit_departures": 0.0, "target_count": 0.0, "employment_jobs": 0.0}, "geometry": {"type": "Polygon", "coordinates": [[[-122.25984011657657, 47.489983111749915], [-122.25317812046245, 47.489983111749915], [-122.25317812046245, 47.49447466762487], [-122.25984011657657, 47.49447466762487], [-122.25984011657657, 47.489983111749915]]]}}, {"type": "Feature", "properties": {"cell_id": "r002_c031", "congestion_score": 0.0, "transit_departures": 0.0, "target_count": 0.0, "employment_jobs": 0.0}, "geometry": {"type": "Polygon", "coordinates": [[[-122.25317812046245, 47.489983111749915], [-122.24651612434833, 47.489983111749915], [-122.24651612434833, 47.49447466762487], [-122.25317812046245, 47.49447466762487], [-122.25317812046245, 47.489983111749915]]]}}, {"type": "Feature", "properties": {"cell_id": "r002_c032", "congestion_score": 0.0, "transit_departures": 0.0, "target_count": 0.0, "employment_jobs": 0.0}, "geometry": {"type": "Polygon", "coordinates": [[[-122.24651612434833, 47.489983111749915], [-122.23985412823421, 47.489983111749915], [-122.23985412823421, 47.49447466762487], [-122.24651612434833, 47.49447466762487], [-122.24651612434833, 47.489983111749915]]]}}, {"type": "Feature", "properties": {"cell_id": "r002_c033", "congestion_score": 0.0, "transit_departures": 0.0, "target_count": 0.0, "employment_jobs": 0.0}, "geometry": {"type": "Polygon", "coordinates": [[[-122.23985412823421, 47.489983111749915], [-122.2331921321201, 47.489983111749915], [-122.2331921321201, 47.49447466762487], [-122.23985412823421, 47.49447466762487], [-122.23985412823421, 47.489983111749915]]]}}, {"type": "Feature", "properties": {"cell_id": "r002_c034", "congestion_score": 0.0, "transit_departures": 0.0, "target_count": 0.0, "employment_jobs": 0.0}, "geometry": {"type": "Polygon", "coordinates": [[[-122.23319213212011, 47.489983111749915], [-122.22653013600599, 47.489983111749915], [-122.22653013600599, 47.49447466762487], [-122.23319213212011, 47.49447466762487], [-122.23319213212011, 47.489983111749915]]]}}, {"type": "Feature", "properties": {"cell_id": "r002_c035", "congestion_score": 0.0, "transit_departures": 0.0, "target_count": 0.0, "employment_jobs": 0.0}, "geometry": {"type": "Polygon", "coordinates": [[[-122.22653013600599, 47.489983111749915], [-122.2244, 47.489983111749915], [-122.2244, 47.49447466762487], [-122.22653013600599, 47.49447466762487], [-122.22653013600599, 47.489983111749915]]]}}, {"type": "Feature", "properties": {"cell_id": "r003_c000", "congestion_score": 0.0, "transit_departures": 0.0, "target_count": 0.0, "employment_jobs": 0.0}, "geometry": {"type": "Polygon", "coordinates": [[[-122.4597, 47.494474667624864], [-122.45303800388588, 47.494474667624864], [-122.45303800388588, 47.49896622349982], [-122.4597, 47.49896622349982], [-122.4597, 47.494474667624864]]]}}, {"type": "Feature", "properties": {"cell_id": "r003_c001", "congestion_score": 0.0, "transit_departures": 0.0, "target_count": 0.0, "employment_jobs": 0.0}, "geometry": {"type": "Polygon", "coordinates": [[[-122.45303800388588, 47.494474667624864], [-122.44637600777176, 47.494474667624864], [-122.44637600777176, 47.49896622349982], [-122.45303800388588, 47.49896622349982], [-122.45303800388588, 47.494474667624864]]]}}, {"type": "Feature", "properties": {"cell_id": "r003_c002", "congestion_score": 0.0, "transit_departures": 0.0, "target_count": 0.0, "employment_jobs": 0.0}, "geometry": {"type": "Polygon", "coordinates": [[[-122.44637600777178, 47.494474667624864], [-122.43971401165766, 47.494474667624864], [-122.43971401165766, 47.49896622349982], [-122.44637600777178, 47.49896622349982], [-122.44637600777178, 47.494474667624864]]]}}, {"type": "Feature", "properties": {"cell_id": "r003_c003", "congestion_score": 0.0, "transit_departures": 0.0, "target_count": 0.0, "employment_jobs": 0.0}, "geometry": {"type": "Polygon", "coordinates": [[[-122.43971401165766, 47.494474667624864], [-122.43305201554354, 47.494474667624864], [-122.43305201554354, 47.49896622349982], [-122.43971401165766, 47.49896622349982], [-122.43971401165766, 47.494474667624864]]]}}, {"type": "Feature", "properties": {"cell_id": "r003_c004", "congestion_score": 0.0, "transit_departures": 0.0, "target_count": 0.0, "employment_jobs": 0.0}, "geometry": {"type": "Polygon", "coordinates": [[[-122.43305201554354, 47.494474667624864], [-122.42639001942942, 47.494474667624864], [-122.42639001942942, 47.49896622349982], [-122.43305201554354, 47.49896622349982], [-122.43305201554354, 47.494474667624864]]]}}, {"type": "Feature", "properties": {"cell_id": "r003_c005", "congestion_score": 0.0, "transit_departures": 0.0, "target_count": 0.0, "employment_jobs": 0.0}, "geometry": {"type": "Polygon", "coordinates": [[[-122.42639001942942, 47.494474667624864], [-122.4197280233153, 47.494474667624864], [-122.4197280233153, 47.49896622349982], [-122.42639001942942, 47.49896622349982], [-122.42639001942942, 47.494474667624864]]]}}, {"type": "Feature", "properties": {"cell_id": "r003_c006", "congestion_score": 0.0, "transit_departures": 0.0, "target_count": 0.0, "employment_jobs": 0.0}, "geometry": {"type": "Polygon", "coordinates": [[[-122.41972802331532, 47.494474667624864], [-122.4130660272012, 47.494474667624864], [-122.4130660272012, 47.49896622349982], [-122.41972802331532, 47.49896622349982], [-122.41972802331532, 47.494474667624864]]]}}, {"type": "Feature", "properties": {"cell_id": "r003_c007", "congestion_score": 0.0, "transit_departures": 0.0, "target_count": 0.0, "employment_jobs": 0.0}, "geometry": {"type": "Polygon", "coordinates": [[[-122.4130660272012, 47.494474667624864], [-122.40640403108708, 47.494474667624864], [-122.40640403108708, 47.49896622349982], [-122.4130660272012, 47.49896622349982], [-122.4130660272012, 47.494474667624864]]]}}, {"type": "Feature", "properties": {"cell_id": "r003_c008", "congestion_score": 0.0, "transit_departures": 0.0, "target_count": 0.0, "employment_jobs": 0.0}, "geometry": {"type": "Polygon", "coordinates": [[[-122.40640403108708, 47.494474667624864], [-122.39974203497296, 47.494474667624864], [-122.39974203497296, 47.49896622349982], [-122.40640403108708, 47.49896622349982], [-122.40640403108708, 47.494474667624864]]]}}, {"type": "Feature", "properties": {"cell_id": "r003_c009", "congestion_score": 0.0, "transit_departures": 0.0, "target_count": 0.0, "employment_jobs": 0.0}, "geometry": {"type": "Polygon", "coordinates": [[[-122.39974203497297, 47.494474667624864], [-122.39308003885886, 47.494474667624864], [-122.39308003885886, 47.49896622349982], [-122.39974203497297, 47.49896622349982], [-122.39974203497297, 47.494474667624864]]]}}, {"type": "Feature", "properties": {"cell_id": "r003_c010", "congestion_score": 0.0, "transit_departures": 0.0, "target_count": 0.0, "employment_jobs": 0.0}, "geometry": {"type": "Polygon", "coordinates": [[[-122.39308003885886, 47.494474667624864], [-122.38641804274474, 47.494474667624864], [-122.38641804274474, 47.49896622349982], [-122.39308003885886, 47.49896622349982], [-122.39308003885886, 47.494474667624864]]]}}, {"type": "Feature", "properties": {"cell_id": "r003_c011", "congestion_score": 0.0, "transit_departures": 0.0, "target_count": 0.0, "employment_jobs": 0.0}, "geometry": {"type": "Polygon", "coordinates": [[[-122.38641804274474, 47.494474667624864], [-122.37975604663062, 47.494474667624864], [-122.37975604663062, 47.49896622349982], [-122.38641804274474, 47.49896622349982], [-122.38641804274474, 47.494474667624864]]]}}, {"type": "Feature", "properties": {"cell_id": "r003_c012", "congestion_score": 0.0, "transit_departures": 0.0, "target_count": 0.0, "employment_jobs": 0.0}, "geometry": {"type": "Polygon", "coordinates": [[[-122.37975604663062, 47.494474667624864], [-122.3730940505165, 47.494474667624864], [-122.3730940505165, 47.49896622349982], [-122.37975604663062, 47.49896622349982], [-122.37975604663062, 47.494474667624864]]]}}, {"type": "Feature", "properties": {"cell_id": "r003_c013", "congestion_score": 0.0, "transit_departures": 0.0, "target_count": 0.0, "employment_jobs": 0.0}, "geometry": {"type": "Polygon", "coordinates": [[[-122.37309405051651, 47.494474667624864], [-122.3664320544024, 47.494474667624864], [-122.3664320544024, 47.49896622349982], [-122.37309405051651, 47.49896622349982], [-122.37309405051651, 47.494474667624864]]]}}, {"type": "Feature", "properties": {"cell_id": "r003_c014", "congestion_score": 0.0, "transit_departures": 0.0, "target_count": 0.0, "employment_jobs": 0.0}, "geometry": {"type": "Polygon", "coordinates": [[[-122.3664320544024, 47.494474667624864], [-122.35977005828828, 47.494474667624864], [-122.35977005828828, 47.49896622349982], [-122.3664320544024, 47.49896622349982], [-122.3664320544024, 47.494474667624864]]]}}, {"type": "Feature", "properties": {"cell_id": "r003_c015", "congestion_score": 0.009801, "transit_departures": 2.875, "target_count": 0.0, "employment_jobs": 0.0}, "geometry": {"type": "Polygon", "coordinates": [[[-122.35977005828828, 47.494474667624864], [-122.35310806217416, 47.494474667624864], [-122.35310806217416, 47.49896622349982], [-122.35977005828828, 47.49896622349982], [-122.35977005828828, 47.494474667624864]]]}}, {"type": "Feature", "properties": {"cell_id": "r003_c016", "congestion_score": 0.0, "transit_departures": 0.0, "target_count": 0.0, "employment_jobs": 0.0}, "geometry": {"type": "Polygon", "coordinates": [[[-122.35310806217417, 47.494474667624864], [-122.34644606606005, 47.494474667624864], [-122.34644606606005, 47.49896622349982], [-122.35310806217417, 47.49896622349982], [-122.35310806217417, 47.494474667624864]]]}}, {"type": "Feature", "properties": {"cell_id": "r003_c017", "congestion_score": 0.0, "transit_departures": 0.0, "target_count": 0.0, "employment_jobs": 0.0}, "geometry": {"type": "Polygon", "coordinates": [[[-122.34644606606005, 47.494474667624864], [-122.33978406994594, 47.494474667624864], [-122.33978406994594, 47.49896622349982], [-122.34644606606005, 47.49896622349982], [-122.34644606606005, 47.494474667624864]]]}}, {"type": "Feature", "properties": {"cell_id": "r003_c018", "congestion_score": 0.0, "transit_departures": 0.0, "target_count": 0.0, "employment_jobs": 0.0}, "geometry": {"type": "Polygon", "coordinates": [[[-122.33978406994594, 47.494474667624864], [-122.33312207383182, 47.494474667624864], [-122.33312207383182, 47.49896622349982], [-122.33978406994594, 47.49896622349982], [-122.33978406994594, 47.494474667624864]]]}}, {"type": "Feature", "properties": {"cell_id": "r003_c019", "congestion_score": 0.0, "transit_departures": 0.0, "target_count": 0.0, "employment_jobs": 0.0}, "geometry": {"type": "Polygon", "coordinates": [[[-122.33312207383182, 47.494474667624864], [-122.3264600777177, 47.494474667624864], [-122.3264600777177, 47.49896622349982], [-122.33312207383182, 47.49896622349982], [-122.33312207383182, 47.494474667624864]]]}}, {"type": "Feature", "properties": {"cell_id": "r003_c020", "congestion_score": 0.0, "transit_departures": 0.0, "target_count": 0.0, "employment_jobs": 0.0}, "geometry": {"type": "Polygon", "coordinates": [[[-122.32646007771771, 47.494474667624864], [-122.3197980816036, 47.494474667624864], [-122.3197980816036, 47.49896622349982], [-122.32646007771771, 47.49896622349982], [-122.32646007771771, 47.494474667624864]]]}}, {"type": "Feature", "properties": {"cell_id": "r003_c021", "congestion_score": 0.0, "transit_departures": 0.0, "target_count": 0.0, "employment_jobs": 0.0}, "geometry": {"type": "Polygon", "coordinates": [[[-122.3197980816036, 47.494474667624864], [-122.31313608548948, 47.494474667624864], [-122.31313608548948, 47.49896622349982], [-122.3197980816036, 47.49896622349982], [-122.3197980816036, 47.494474667624864]]]}}, {"type": "Feature", "properties": {"cell_id": "r003_c022", "congestion_score": 0.0, "transit_departures": 0.0, "target_count": 0.0, "employment_jobs": 0.0}, "geometry": {"type": "Polygon", "coordinates": [[[-122.31313608548948, 47.494474667624864], [-122.30647408937536, 47.494474667624864], [-122.30647408937536, 47.49896622349982], [-122.31313608548948, 47.49896622349982], [-122.31313608548948, 47.494474667624864]]]}}, {"type": "Feature", "properties": {"cell_id": "r003_c023", "congestion_score": 0.0, "transit_departures": 0.0, "target_count": 0.0, "employment_jobs": 0.0}, "geometry": {"type": "Polygon", "coordinates": [[[-122.30647408937537, 47.494474667624864], [-122.29981209326125, 47.494474667624864], [-122.29981209326125, 47.49896622349982], [-122.30647408937537, 47.49896622349982], [-122.30647408937537, 47.494474667624864]]]}}, {"type": "Feature", "properties": {"cell_id": "r003_c024", "congestion_score": 0.0, "transit_departures": 0.0, "target_count": 0.0, "employment_jobs": 0.0}, "geometry": {"type": "Polygon", "coordinates": [[[-122.29981209326125, 47.494474667624864], [-122.29315009714713, 47.494474667624864], [-122.29315009714713, 47.49896622349982], [-122.29981209326125, 47.49896622349982], [-122.29981209326125, 47.494474667624864]]]}}, {"type": "Feature", "properties": {"cell_id": "r003_c025", "congestion_score": 0.0, "transit_departures": 0.0, "target_count": 0.0, "employment_jobs": 0.0}, "geometry": {"type": "Polygon", "coordinates": [[[-122.29315009714713, 47.494474667624864], [-122.28648810103302, 47.494474667624864], [-122.28648810103302, 47.49896622349982], [-122.29315009714713, 47.49896622349982], [-122.29315009714713, 47.494474667624864]]]}}, {"type": "Feature", "properties": {"cell_id": "r003_c026", "congestion_score": 0.0, "transit_departures": 0.0, "target_count": 0.0, "employment_jobs": 0.0}, "geometry": {"type": "Polygon", "coordinates": [[[-122.28648810103302, 47.494474667624864], [-122.2798261049189, 47.494474667624864], [-122.2798261049189, 47.49896622349982], [-122.28648810103302, 47.49896622349982], [-122.28648810103302, 47.494474667624864]]]}}, {"type": "Feature", "properties": {"cell_id": "r003_c027", "congestion_score": 0.0, "transit_departures": 0.0, "target_count": 0.0, "employment_jobs": 0.0}, "geometry": {"type": "Polygon", "coordinates": [[[-122.27982610491891, 47.494474667624864], [-122.27316410880479, 47.494474667624864], [-122.27316410880479, 47.49896622349982], [-122.27982610491891, 47.49896622349982], [-122.27982610491891, 47.494474667624864]]]}}, {"type": "Feature", "properties": {"cell_id": "r003_c028", "congestion_score": 0.0, "transit_departures": 0.0, "target_count": 0.0, "employment_jobs": 0.0}, "geometry": {"type": "Polygon", "coordinates": [[[-122.27316410880479, 47.494474667624864], [-122.26650211269067, 47.494474667624864], [-122.26650211269067, 47.49896622349982], [-122.27316410880479, 47.49896622349982], [-122.27316410880479, 47.494474667624864]]]}}, {"type": "Feature", "properties": {"cell_id": "r003_c029", "congestion_score": 0.0, "transit_departures": 0.0, "target_count": 0.0, "employment_jobs": 0.0}, "geometry": {"type": "Polygon", "coordinates": [[[-122.26650211269067, 47.494474667624864], [-122.25984011657656, 47.494474667624864], [-122.25984011657656, 47.49896622349982], [-122.26650211269067, 47.49896622349982], [-122.26650211269067, 47.494474667624864]]]}}, {"type": "Feature", "properties": {"cell_id": "r003_c030", "congestion_score": 0.0, "transit_departures": 0.0, "target_count": 0.0, "employment_jobs": 0.0}, "geometry": {"type": "Polygon", "coordinates": [[[-122.25984011657657, 47.494474667624864], [-122.25317812046245, 47.494474667624864], [-122.25317812046245, 47.49896622349982], [-122.25984011657657, 47.49896622349982], [-122.25984011657657, 47.494474667624864]]]}}, {"type": "Feature", "properties": {"cell_id": "r003_c031", "congestion_score": 0.0, "transit_departures": 0.0, "target_count": 0.0, "employment_jobs": 0.0}, "geometry": {"type": "Polygon", "coordinates": [[[-122.25317812046245, 47.494474667624864], [-122.24651612434833, 47.494474667624864], [-122.24651612434833, 47.49896622349982], [-122.25317812046245, 47.49896622349982], [-122.25317812046245, 47.494474667624864]]]}}, {"type": "Feature", "properties": {"cell_id": "r003_c032", "congestion_score": 0.0, "transit_departures": 0.0, "target_count": 0.0, "employment_jobs": 0.0}, "geometry": {"type": "Polygon", "coordinates": [[[-122.24651612434833, 47.494474667624864], [-122.23985412823421, 47.494474667624864], [-122.23985412823421, 47.49896622349982], [-122.24651612434833, 47.49896622349982], [-122.24651612434833, 47.494474667624864]]]}}, {"type": "Feature", "properties": {"cell_id": "r003_c033", "congestion_score": 0.0, "transit_departures": 0.0, "target_count": 0.0, "employment_jobs": 0.0}, "geometry": {"type": "Polygon", "coordinates": [[[-122.23985412823421, 47.494474667624864], [-122.2331921321201, 47.494474667624864], [-122.2331921321201, 47.49896622349982], [-122.23985412823421, 47.49896622349982], [-122.23985412823421, 47.494474667624864]]]}}, {"type": "Feature", "properties": {"cell_id": "r003_c034", "congestion_score": 0.0, "transit_departures": 0.0, "target_count": 0.0, "employment_jobs": 0.0}, "geometry": {"type": "Polygon", "coordinates": [[[-122.23319213212011, 47.494474667624864], [-122.22653013600599, 47.494474667624864], [-122.22653013600599, 47.49896622349982], [-122.23319213212011, 47.49896622349982], [-122.23319213212011, 47.494474667624864]]]}}, {"type": "Feature", "properties": {"cell_id": "r003_c035", "congestion_score": 0.0, "transit_departures": 0.0, "target_count": 0.0, "employment_jobs": 0.0}, "geometry": {"type": "Polygon", "coordinates": [[[-122.22653013600599, 47.494474667624864], [-122.2244, 47.494474667624864], [-122.2244, 47.49896622349982], [-122.22653013600599, 47.49896622349982], [-122.22653013600599, 47.494474667624864]]]}}, {"type": "Feature", "properties": {"cell_id": "r004_c000", "congestion_score": 0.0, "transit_departures": 0.0, "target_count": 0.0, "employment_jobs": 0.0}, "geometry": {"type": "Polygon", "coordinates": [[[-122.4597, 47.49896622349982], [-122.45303800388588, 47.49896622349982], [-122.45303800388588, 47.50345777937478], [-122.4597, 47.50345777937478], [-122.4597, 47.49896622349982]]]}}, {"type": "Feature", "properties": {"cell_id": "r004_c001", "congestion_score": 0.0, "transit_departures": 0.0, "target_count": 0.0, "employment_jobs": 0.0}, "geometry": {"type": "Polygon", "coordinates": [[[-122.45303800388588, 47.49896622349982], [-122.44637600777176, 47.49896622349982], [-122.44637600777176, 47.50345777937478], [-122.45303800388588, 47.50345777937478], [-122.45303800388588, 47.49896622349982]]]}}, {"type": "Feature", "properties": {"cell_id": "r004_c002", "congestion_score": 0.0, "transit_departures": 0.0, "target_count": 0.0, "employment_jobs": 0.0}, "geometry": {"type": "Polygon", "coordinates": [[[-122.44637600777178, 47.49896622349982], [-122.43971401165766, 47.49896622349982], [-122.43971401165766, 47.50345777937478], [-122.44637600777178, 47.50345777937478], [-122.44637600777178, 47.49896622349982]]]}}, {"type": "Feature", "properties": {"cell_id": "r004_c003", "congestion_score": 0.0, "transit_departures": 0.0, "target_count": 0.0, "employment_jobs": 0.0}, "geometry": {"type": "Polygon", "coordinates": [[[-122.43971401165766, 47.49896622349982], [-122.43305201554354, 47.49896622349982], [-122.43305201554354, 47.50345777937478], [-122.43971401165766, 47.50345777937478], [-122.43971401165766, 47.49896622349982]]]}}, {"type": "Feature", "properties": {"cell_id": "r004_c004", "congestion_score": 0.0, "transit_departures": 0.0, "target_count": 0.0, "employment_jobs": 0.0}, "geometry": {"type": "Polygon", "coordinates": [[[-122.43305201554354, 47.49896622349982], [-122.42639001942942, 47.49896622349982], [-122.42639001942942, 47.50345777937478], [-122.43305201554354, 47.50345777937478], [-122.43305201554354, 47.49896622349982]]]}}, {"type": "Feature", "properties": {"cell_id": "r004_c005", "congestion_score": 0.0, "transit_departures": 0.0, "target_count": 0.0, "employment_jobs": 0.0}, "geometry": {"type": "Polygon", "coordinates": [[[-122.42639001942942, 47.49896622349982], [-122.4197280233153, 47.49896622349982], [-122.4197280233153, 47.50345777937478], [-122.42639001942942, 47.50345777937478], [-122.42639001942942, 47.49896622349982]]]}}, {"type": "Feature", "properties": {"cell_id": "r004_c006", "congestion_score": 0.0, "transit_departures": 0.0, "target_count": 0.0, "employment_jobs": 0.0}, "geometry": {"type": "Polygon", "coordinates": [[[-122.41972802331532, 47.49896622349982], [-122.4130660272012, 47.49896622349982], [-122.4130660272012, 47.50345777937478], [-122.41972802331532, 47.50345777937478], [-122.41972802331532, 47.49896622349982]]]}}, {"type": "Feature", "properties": {"cell_id": "r004_c007", "congestion_score": 0.0, "transit_departures": 0.0, "target_count": 0.0, "employment_jobs": 0.0}, "geometry": {"type": "Polygon", "coordinates": [[[-122.4130660272012, 47.49896622349982], [-122.40640403108708, 47.49896622349982], [-122.40640403108708, 47.50345777937478], [-122.4130660272012, 47.50345777937478], [-122.4130660272012, 47.49896622349982]]]}}, {"type": "Feature", "properties": {"cell_id": "r004_c008", "congestion_score": 0.0, "transit_departures": 0.0, "target_count": 0.0, "employment_jobs": 0.0}, "geometry": {"type": "Polygon", "coordinates": [[[-122.40640403108708, 47.49896622349982], [-122.39974203497296, 47.49896622349982], [-122.39974203497296, 47.50345777937478], [-122.40640403108708, 47.50345777937478], [-122.40640403108708, 47.49896622349982]]]}}, {"type": "Feature", "properties": {"cell_id": "r004_c009", "congestion_score": 0.0, "transit_departures": 0.0, "target_count": 0.0, "employment_jobs": 0.0}, "geometry": {"type": "Polygon", "coordinates": [[[-122.39974203497297, 47.49896622349982], [-122.39308003885886, 47.49896622349982], [-122.39308003885886, 47.50345777937478], [-122.39974203497297, 47.50345777937478], [-122.39974203497297, 47.49896622349982]]]}}, {"type": "Feature", "properties": {"cell_id": "r004_c010", "congestion_score": 0.0, "transit_departures": 0.0, "target_count": 0.0, "employment_jobs": 0.0}, "geometry": {"type": "Polygon", "coordinates": [[[-122.39308003885886, 47.49896622349982], [-122.38641804274474, 47.49896622349982], [-122.38641804274474, 47.50345777937478], [-122.39308003885886, 47.50345777937478], [-122.39308003885886, 47.49896622349982]]]}}, {"type": "Feature", "properties": {"cell_id": "r004_c011", "congestion_score": 0.0, "transit_departures": 0.0, "target_count": 0.0, "employment_jobs": 0.0}, "geometry": {"type": "Polygon", "coordinates": [[[-122.38641804274474, 47.49896622349982], [-122.37975604663062, 47.49896622349982], [-122.37975604663062, 47.50345777937478], [-122.38641804274474, 47.50345777937478], [-122.38641804274474, 47.49896622349982]]]}}, {"type": "Feature", "properties": {"cell_id": "r004_c012", "congestion_score": 0.0, "transit_departures": 0.0, "target_count": 0.0, "employment_jobs": 0.0}, "geometry": {"type": "Polygon", "coordinates": [[[-122.37975604663062, 47.49896622349982], [-122.3730940505165, 47.49896622349982], [-122.3730940505165, 47.50345777937478], [-122.37975604663062, 47.50345777937478], [-122.37975604663062, 47.49896622349982]]]}}, {"type": "Feature", "properties": {"cell_id": "r004_c013", "congestion_score": 0.0, "transit_departures": 0.0, "target_count": 0.0, "employment_jobs": 0.0}, "geometry": {"type": "Polygon", "coordinates": [[[-122.37309405051651, 47.49896622349982], [-122.3664320544024, 47.49896622349982], [-122.3664320544024, 47.50345777937478], [-122.37309405051651, 47.50345777937478], [-122.37309405051651, 47.49896622349982]]]}}, {"type": "Feature", "properties": {"cell_id": "r004_c014", "congestion_score": 0.0, "transit_departures": 0.0, "target_count": 0.0, "employment_jobs": 0.0}, "geometry": {"type": "Polygon", "coordinates": [[[-122.3664320544024, 47.49896622349982], [-122.35977005828828, 47.49896622349982], [-122.35977005828828, 47.50345777937478], [-122.3664320544024, 47.50345777937478], [-122.3664320544024, 47.49896622349982]]]}}, {"type": "Feature", "properties": {"cell_id": "r004_c015", "congestion_score": 0.010085, "transit_departures": 2.958, "target_count": 0.0, "employment_jobs": 0.0}, "geometry": {"type": "Polygon", "coordinates": [[[-122.35977005828828, 47.49896622349982], [-122.35310806217416, 47.49896622349982], [-122.35310806217416, 47.50345777937478], [-122.35977005828828, 47.50345777937478], [-122.35977005828828, 47.49896622349982]]]}}, {"type": "Feature", "properties": {"cell_id": "r004_c016", "congestion_score": 0.0, "transit_departures": 0.0, "target_count": 0.0, "employment_jobs": 0.0}, "geometry": {"type": "Polygon", "coordinates": [[[-122.35310806217417, 47.49896622349982], [-122.34644606606005, 47.49896622349982], [-122.34644606606005, 47.50345777937478], [-122.35310806217417, 47.50345777937478], [-122.35310806217417, 47.49896622349982]]]}}, {"type": "Feature", "properties": {"cell_id": "r004_c017", "congestion_score": 0.0, "transit_departures": 0.0, "target_count": 0.0, "employment_jobs": 0.0}, "geometry": {"type": "Polygon", "coordinates": [[[-122.34644606606005, 47.49896622349982], [-122.33978406994594, 47.49896622349982], [-122.33978406994594, 47.50345777937478], [-122.34644606606005, 47.50345777937478], [-122.34644606606005, 47.49896622349982]]]}}, {"type": "Feature", "properties": {"cell_id": "r004_c018", "congestion_score": 0.0, "transit_departures": 0.0, "target_count": 0.0, "employment_jobs": 0.0}, "geometry": {"type": "Polygon", "coordinates": [[[-122.33978406994594, 47.49896622349982], [-122.33312207383182, 47.49896622349982], [-122.33312207383182, 47.50345777937478], [-122.33978406994594, 47.50345777937478], [-122.33978406994594, 47.49896622349982]]]}}, {"type": "Feature", "properties": {"cell_id": "r004_c019", "congestion_score": 0.0, "transit_departures": 0.0, "target_count": 0.0, "employment_jobs": 0.0}, "geometry": {"type": "Polygon", "coordinates": [[[-122.33312207383182, 47.49896622349982], [-122.3264600777177, 47.49896622349982], [-122.3264600777177, 47.50345777937478], [-122.33312207383182, 47.50345777937478], [-122.33312207383182, 47.49896622349982]]]}}, {"type": "Feature", "properties": {"cell_id": "r004_c020", "congestion_score": 0.0, "transit_departures": 0.0, "target_count": 0.0, "employment_jobs": 0.0}, "geometry": {"type": "Polygon", "coordinates": [[[-122.32646007771771, 47.49896622349982], [-122.3197980816036, 47.49896622349982], [-122.3197980816036, 47.50345777937478], [-122.32646007771771, 47.50345777937478], [-122.32646007771771, 47.49896622349982]]]}}, {"type": "Feature", "properties": {"cell_id": "r004_c021", "congestion_score": 0.0, "transit_departures": 0.0, "target_count": 0.0, "employment_jobs": 0.0}, "geometry": {"type": "Polygon", "coordinates": [[[-122.3197980816036, 47.49896622349982], [-122.31313608548948, 47.49896622349982], [-122.31313608548948, 47.50345777937478], [-122.3197980816036, 47.50345777937478], [-122.3197980816036, 47.49896622349982]]]}}, {"type": "Feature", "properties": {"cell_id": "r004_c022", "congestion_score": 0.0, "transit_departures": 0.0, "target_count": 0.0, "employment_jobs": 0.0}, "geometry": {"type": "Polygon", "coordinates": [[[-122.31313608548948, 47.49896622349982], [-122.30647408937536, 47.49896622349982], [-122.30647408937536, 47.50345777937478], [-122.31313608548948, 47.50345777937478], [-122.31313608548948, 47.49896622349982]]]}}, {"type": "Feature", "properties": {"cell_id": "r004_c023", "congestion_score": 0.0, "transit_departures": 0.0, "target_count": 0.0, "employment_jobs": 0.0}, "geometry": {"type": "Polygon", "coordinates": [[[-122.30647408937537, 47.49896622349982], [-122.29981209326125, 47.49896622349982], [-122.29981209326125, 47.50345777937478], [-122.30647408937537, 47.50345777937478], [-122.30647408937537, 47.49896622349982]]]}}, {"type": "Feature", "properties": {"cell_id": "r004_c024", "congestion_score": 0.0, "transit_departures": 0.0, "target_count": 0.0, "employment_jobs": 0.0}, "geometry": {"type": "Polygon", "coordinates": [[[-122.29981209326125, 47.49896622349982], [-122.29315009714713, 47.49896622349982], [-122.29315009714713, 47.50345777937478], [-122.29981209326125, 47.50345777937478], [-122.29981209326125, 47.49896622349982]]]}}, {"type": "Feature", "properties": {"cell_id": "r004_c025", "congestion_score": 0.0, "transit_departures": 0.0, "target_count": 0.0, "employment_jobs": 0.0}, "geometry": {"type": "Polygon", "coordinates": [[[-122.29315009714713, 47.49896622349982], [-122.28648810103302, 47.49896622349982], [-122.28648810103302, 47.50345777937478], [-122.29315009714713, 47.50345777937478], [-122.29315009714713, 47.49896622349982]]]}}, {"type": "Feature", "properties": {"cell_id": "r004_c026", "congestion_score": 0.0, "transit_departures": 0.0, "target_count": 0.0, "employment_jobs": 0.0}, "geometry": {"type": "Polygon", "coordinates": [[[-122.28648810103302, 47.49896622349982], [-122.2798261049189, 47.49896622349982], [-122.2798261049189, 47.50345777937478], [-122.28648810103302, 47.50345777937478], [-122.28648810103302, 47.49896622349982]]]}}, {"type": "Feature", "properties": {"cell_id": "r004_c027", "congestion_score": 0.0, "transit_departures": 0.0, "target_count": 0.0, "employment_jobs": 0.0}, "geometry": {"type": "Polygon", "coordinates": [[[-122.27982610491891, 47.49896622349982], [-122.27316410880479, 47.49896622349982], [-122.27316410880479, 47.50345777937478], [-122.27982610491891, 47.50345777937478], [-122.27982610491891, 47.49896622349982]]]}}, {"type": "Feature", "properties": {"cell_id": "r004_c028", "congestion_score": 0.0, "transit_departures": 0.0, "target_count": 0.0, "employment_jobs": 0.0}, "geometry": {"type": "Polygon", "coordinates": [[[-122.27316410880479, 47.49896622349982], [-122.26650211269067, 47.49896622349982], [-122.26650211269067, 47.50345777937478], [-122.27316410880479, 47.50345777937478], [-122.27316410880479, 47.49896622349982]]]}}, {"type": "Feature", "properties": {"cell_id": "r004_c029", "congestion_score": 0.0, "transit_departures": 0.0, "target_count": 0.0, "employment_jobs": 0.0}, "geometry": {"type": "Polygon", "coordinates": [[[-122.26650211269067, 47.49896622349982], [-122.25984011657656, 47.49896622349982], [-122.25984011657656, 47.50345777937478], [-122.26650211269067, 47.50345777937478], [-122.26650211269067, 47.49896622349982]]]}}, {"type": "Feature", "properties": {"cell_id": "r004_c030", "congestion_score": 0.0, "transit_departures": 0.0, "target_count": 0.0, "employment_jobs": 0.0}, "geometry": {"type": "Polygon", "coordinates": [[[-122.25984011657657, 47.49896622349982], [-122.25317812046245, 47.49896622349982], [-122.25317812046245, 47.50345777937478], [-122.25984011657657, 47.50345777937478], [-122.25984011657657, 47.49896622349982]]]}}, {"type": "Feature", "properties": {"cell_id": "r004_c031", "congestion_score": 0.0, "transit_departures": 0.0, "target_count": 0.0, "employment_jobs": 0.0}, "geometry": {"type": "Polygon", "coordinates": [[[-122.25317812046245, 47.49896622349982], [-122.24651612434833, 47.49896622349982], [-122.24651612434833, 47.50345777937478], [-122.25317812046245, 47.50345777937478], [-122.25317812046245, 47.49896622349982]]]}}, {"type": "Feature", "properties": {"cell_id": "r004_c032", "congestion_score": 0.0, "transit_departures": 0.0, "target_count": 0.0, "employment_jobs": 0.0}, "geometry": {"type": "Polygon", "coordinates": [[[-122.24651612434833, 47.49896622349982], [-122.23985412823421, 47.49896622349982], [-122.23985412823421, 47.50345777937478], [-122.24651612434833, 47.50345777937478], [-122.24651612434833, 47.49896622349982]]]}}, {"type": "Feature", "properties": {"cell_id": "r004_c033", "congestion_score": 0.0, "transit_departures": 0.0, "target_count": 0.0, "employment_jobs": 0.0}, "geometry": {"type": "Polygon", "coordinates": [[[-122.23985412823421, 47.49896622349982], [-122.2331921321201, 47.49896622349982], [-122.2331921321201, 47.50345777937478], [-122.23985412823421, 47.50345777937478], [-122.23985412823421, 47.49896622349982]]]}}, {"type": "Feature", "properties": {"cell_id": "r004_c034", "congestion_score": 0.0, "transit_departures": 0.0, "target_count": 0.0, "employment_jobs": 0.0}, "geometry": {"type": "Polygon", "coordinates": [[[-122.23319213212011, 47.49896622349982], [-122.22653013600599, 47.49896622349982], [-122.22653013600599, 47.50345777937478], [-122.23319213212011, 47.50345777937478], [-122.23319213212011, 47.49896622349982]]]}}, {"type": "Feature", "properties": {"cell_id": "r004_c035", "congestion_score": 0.0, "transit_departures": 0.0, "target_count": 0.0, "employment_jobs": 0.0}, "geometry": {"type": "Polygon", "coordinates": [[[-122.22653013600599, 47.49896622349982], [-122.2244, 47.49896622349982], [-122.2244, 47.50345777937478], [-122.22653013600599, 47.50345777937478], [-122.22653013600599, 47.49896622349982]]]}}, {"type": "Feature", "properties": {"cell_id": "r005_c000", "congestion_score": 0.0, "transit_departures": 0.0, "target_count": 0.0, "employment_jobs": 0.0}, "geometry": {"type": "Polygon", "coordinates": [[[-122.4597, 47.50345777937478], [-122.45303800388588, 47.50345777937478], [-122.45303800388588, 47.507949335249734], [-122.4597, 47.507949335249734], [-122.4597, 47.50345777937478]]]}}, {"type": "Feature", "properties": {"cell_id": "r005_c001", "congestion_score": 0.0, "transit_departures": 0.0, "target_count": 0.0, "employment_jobs": 0.0}, "geometry": {"type": "Polygon", "coordinates": [[[-122.45303800388588, 47.50345777937478], [-122.44637600777176, 47.50345777937478], [-122.44637600777176, 47.507949335249734], [-122.45303800388588, 47.507949335249734], [-122.45303800388588, 47.50345777937478]]]}}, {"type": "Feature", "properties": {"cell_id": "r005_c002", "congestion_score": 0.0, "transit_departures": 0.0, "target_count": 0.0, "employment_jobs": 0.0}, "geometry": {"type": "Polygon", "coordinates": [[[-122.44637600777178, 47.50345777937478], [-122.43971401165766, 47.50345777937478], [-122.43971401165766, 47.507949335249734], [-122.44637600777178, 47.507949335249734], [-122.44637600777178, 47.50345777937478]]]}}, {"type": "Feature", "properties": {"cell_id": "r005_c003", "congestion_score": 0.0, "transit_departures": 0.0, "target_count": 0.0, "employment_jobs": 0.0}, "geometry": {"type": "Polygon", "coordinates": [[[-122.43971401165766, 47.50345777937478], [-122.43305201554354, 47.50345777937478], [-122.43305201554354, 47.507949335249734], [-122.43971401165766, 47.507949335249734], [-122.43971401165766, 47.50345777937478]]]}}, {"type": "Feature", "properties": {"cell_id": "r005_c004", "congestion_score": 0.0, "transit_departures": 0.0, "target_count": 0.0, "employment_jobs": 0.0}, "geometry": {"type": "Polygon", "coordinates": [[[-122.43305201554354, 47.50345777937478], [-122.42639001942942, 47.50345777937478], [-122.42639001942942, 47.507949335249734], [-122.43305201554354, 47.507949335249734], [-122.43305201554354, 47.50345777937478]]]}}, {"type": "Feature", "properties": {"cell_id": "r005_c005", "congestion_score": 0.0, "transit_departures": 0.0, "target_count": 0.0, "employment_jobs": 0.0}, "geometry": {"type": "Polygon", "coordinates": [[[-122.42639001942942, 47.50345777937478], [-122.4197280233153, 47.50345777937478], [-122.4197280233153, 47.507949335249734], [-122.42639001942942, 47.507949335249734], [-122.42639001942942, 47.50345777937478]]]}}, {"type": "Feature", "properties": {"cell_id": "r005_c006", "congestion_score": 0.0, "transit_departures": 0.0, "target_count": 0.0, "employment_jobs": 0.0}, "geometry": {"type": "Polygon", "coordinates": [[[-122.41972802331532, 47.50345777937478], [-122.4130660272012, 47.50345777937478], [-122.4130660272012, 47.507949335249734], [-122.41972802331532, 47.507949335249734], [-122.41972802331532, 47.50345777937478]]]}}, {"type": "Feature", "properties": {"cell_id": "r005_c007", "congestion_score": 0.0, "transit_departures": 0.0, "target_count": 0.0, "employment_jobs": 0.0}, "geometry": {"type": "Polygon", "coordinates": [[[-122.4130660272012, 47.50345777937478], [-122.40640403108708, 47.50345777937478], [-122.40640403108708, 47.507949335249734], [-122.4130660272012, 47.507949335249734], [-122.4130660272012, 47.50345777937478]]]}}, {"type": "Feature", "properties": {"cell_id": "r005_c008", "congestion_score": 0.0, "transit_departures": 0.0, "target_count": 0.0, "employment_jobs": 0.0}, "geometry": {"type": "Polygon", "coordinates": [[[-122.40640403108708, 47.50345777937478], [-122.39974203497296, 47.50345777937478], [-122.39974203497296, 47.507949335249734], [-122.40640403108708, 47.507949335249734], [-122.40640403108708, 47.50345777937478]]]}}, {"type": "Feature", "properties": {"cell_id": "r005_c009", "congestion_score": 0.0, "transit_departures": 0.0, "target_count": 0.0, "employment_jobs": 0.0}, "geometry": {"type": "Polygon", "coordinates": [[[-122.39974203497297, 47.50345777937478], [-122.39308003885886, 47.50345777937478], [-122.39308003885886, 47.507949335249734], [-122.39974203497297, 47.507949335249734], [-122.39974203497297, 47.50345777937478]]]}}, {"type": "Feature", "properties": {"cell_id": "r005_c010", "congestion_score": 0.0, "transit_departures": 0.0, "target_count": 0.0, "employment_jobs": 0.0}, "geometry": {"type": "Polygon", "coordinates": [[[-122.39308003885886, 47.50345777937478], [-122.38641804274474, 47.50345777937478], [-122.38641804274474, 47.507949335249734], [-122.39308003885886, 47.507949335249734], [-122.39308003885886, 47.50345777937478]]]}}, {"type": "Feature", "properties": {"cell_id": "r005_c011", "congestion_score": 0.0, "transit_departures": 0.0, "target_count": 0.0, "employment_jobs": 0.0}, "geometry": {"type": "Polygon", "coordinates": [[[-122.38641804274474, 47.50345777937478], [-122.37975604663062, 47.50345777937478], [-122.37975604663062, 47.507949335249734], [-122.38641804274474, 47.507949335249734], [-122.38641804274474, 47.50345777937478]]]}}, {"type": "Feature", "properties": {"cell_id": "r005_c012", "congestion_score": 0.0, "transit_departures": 0.0, "target_count": 0.0, "employment_jobs": 0.0}, "geometry": {"type": "Polygon", "coordinates": [[[-122.37975604663062, 47.50345777937478], [-122.3730940505165, 47.50345777937478], [-122.3730940505165, 47.507949335249734], [-122.37975604663062, 47.507949335249734], [-122.37975604663062, 47.50345777937478]]]}}, {"type": "Feature", "properties": {"cell_id": "r005_c013", "congestion_score": 0.0, "transit_departures": 0.0, "target_count": 0.0, "employment_jobs": 0.0}, "geometry": {"type": "Polygon", "coordinates": [[[-122.37309405051651, 47.50345777937478], [-122.3664320544024, 47.50345777937478], [-122.3664320544024, 47.507949335249734], [-122.37309405051651, 47.507949335249734], [-122.37309405051651, 47.50345777937478]]]}}, {"type": "Feature", "properties": {"cell_id": "r005_c014", "congestion_score": 0.0, "transit_departures": 0.0, "target_count": 0.0, "employment_jobs": 0.0}, "geometry": {"type": "Polygon", "coordinates": [[[-122.3664320544024, 47.50345777937478], [-122.35977005828828, 47.50345777937478], [-122.35977005828828, 47.507949335249734], [-122.3664320544024, 47.507949335249734], [-122.3664320544024, 47.50345777937478]]]}}, {"type": "Feature", "properties": {"cell_id": "r005_c015", "congestion_score": 0.0, "transit_departures": 0.0, "target_count": 0.0, "employment_jobs": 0.0}, "geometry": {"type": "Polygon", "coordinates": [[[-122.35977005828828, 47.50345777937478], [-122.35310806217416, 47.50345777937478], [-122.35310806217416, 47.507949335249734], [-122.35977005828828, 47.507949335249734], [-122.35977005828828, 47.50345777937478]]]}}, {"type": "Feature", "properties": {"cell_id": "r005_c016", "congestion_score": 0.0, "transit_departures": 0.0, "target_count": 0.0, "employment_jobs": 0.0}, "geometry": {"type": "Polygon", "coordinates": [[[-122.35310806217417, 47.50345777937478], [-122.34644606606005, 47.50345777937478], [-122.34644606606005, 47.507949335249734], [-122.35310806217417, 47.507949335249734], [-122.35310806217417, 47.50345777937478]]]}}, {"type": "Feature", "properties": {"cell_id": "r005_c017", "congestion_score": 0.0, "transit_departures": 0.0, "target_count": 0.0, "employment_jobs": 0.0}, "geometry": {"type": "Polygon", "coordinates": [[[-122.34644606606005, 47.50345777937478], [-122.33978406994594, 47.50345777937478], [-122.33978406994594, 47.507949335249734], [-122.34644606606005, 47.507949335249734], [-122.34644606606005, 47.50345777937478]]]}}, {"type": "Feature", "properties": {"cell_id": "r005_c018", "congestion_score": 0.0, "transit_departures": 0.0, "target_count": 0.0, "employment_jobs": 0.0}, "geometry": {"type": "Polygon", "coordinates": [[[-122.33978406994594, 47.50345777937478], [-122.33312207383182, 47.50345777937478], [-122.33312207383182, 47.507949335249734], [-122.33978406994594, 47.507949335249734], [-122.33978406994594, 47.50345777937478]]]}}, {"type": "Feature", "properties": {"cell_id": "r005_c019", "congestion_score": 0.0, "transit_departures": 0.0, "target_count": 0.0, "employment_jobs": 0.0}, "geometry": {"type": "Polygon", "coordinates": [[[-122.33312207383182, 47.50345777937478], [-122.3264600777177, 47.50345777937478], [-122.3264600777177, 47.507949335249734], [-122.33312207383182, 47.507949335249734], [-122.33312207383182, 47.50345777937478]]]}}, {"type": "Feature", "properties": {"cell_id": "r005_c020", "congestion_score": 0.0, "transit_departures": 0.0, "target_count": 0.0, "employment_jobs": 0.0}, "geometry": {"type": "Polygon", "coordinates": [[[-122.32646007771771, 47.50345777937478], [-122.3197980816036, 47.50345777937478], [-122.3197980816036, 47.507949335249734], [-122.32646007771771, 47.507949335249734], [-122.32646007771771, 47.50345777937478]]]}}, {"type": "Feature", "properties": {"cell_id": "r005_c021", "congestion_score": 0.0, "transit_departures": 0.0, "target_count": 0.0, "employment_jobs": 0.0}, "geometry": {"type": "Polygon", "coordinates": [[[-122.3197980816036, 47.50345777937478], [-122.31313608548948, 47.50345777937478], [-122.31313608548948, 47.507949335249734], [-122.3197980816036, 47.507949335249734], [-122.3197980816036, 47.50345777937478]]]}}, {"type": "Feature", "properties": {"cell_id": "r005_c022", "congestion_score": 0.0, "transit_departures": 0.0, "target_count": 0.0, "employment_jobs": 0.0}, "geometry": {"type": "Polygon", "coordinates": [[[-122.31313608548948, 47.50345777937478], [-122.30647408937536, 47.50345777937478], [-122.30647408937536, 47.507949335249734], [-122.31313608548948, 47.507949335249734], [-122.31313608548948, 47.50345777937478]]]}}, {"type": "Feature", "properties": {"cell_id": "r005_c023", "congestion_score": 0.0, "transit_departures": 0.0, "target_count": 0.0, "employment_jobs": 0.0}, "geometry": {"type": "Polygon", "coordinates": [[[-122.30647408937537, 47.50345777937478], [-122.29981209326125, 47.50345777937478], [-122.29981209326125, 47.507949335249734], [-122.30647408937537, 47.507949335249734], [-122.30647408937537, 47.50345777937478]]]}}, {"type": "Feature", "properties": {"cell_id": "r005_c024", "congestion_score": 0.0, "transit_departures": 0.0, "target_count": 0.0, "employment_jobs": 0.0}, "geometry": {"type": "Polygon", "coordinates": [[[-122.29981209326125, 47.50345777937478], [-122.29315009714713, 47.50345777937478], [-122.29315009714713, 47.507949335249734], [-122.29981209326125, 47.507949335249734], [-122.29981209326125, 47.50345777937478]]]}}, {"type": "Feature", "properties": {"cell_id": "r005_c025", "congestion_score": 0.0, "transit_departures": 0.0, "target_count": 0.0, "employment_jobs": 0.0}, "geometry": {"type": "Polygon", "coordinates": [[[-122.29315009714713, 47.50345777937478], [-122.28648810103302, 47.50345777937478], [-122.28648810103302, 47.507949335249734], [-122.29315009714713, 47.507949335249734], [-122.29315009714713, 47.50345777937478]]]}}, {"type": "Feature", "properties": {"cell_id": "r005_c026", "congestion_score": 0.0, "transit_departures": 0.0, "target_count": 0.0, "employment_jobs": 0.0}, "geometry": {"type": "Polygon", "coordinates": [[[-122.28648810103302, 47.50345777937478], [-122.2798261049189, 47.50345777937478], [-122.2798261049189, 47.507949335249734], [-122.28648810103302, 47.507949335249734], [-122.28648810103302, 47.50345777937478]]]}}, {"type": "Feature", "properties": {"cell_id": "r005_c027", "congestion_score": 0.0, "transit_departures": 0.0, "target_count": 0.0, "employment_jobs": 0.0}, "geometry": {"type": "Polygon", "coordinates": [[[-122.27982610491891, 47.50345777937478], [-122.27316410880479, 47.50345777937478], [-122.27316410880479, 47.507949335249734], [-122.27982610491891, 47.507949335249734], [-122.27982610491891, 47.50345777937478]]]}}, {"type": "Feature", "properties": {"cell_id": "r005_c028", "congestion_score": 0.0, "transit_departures": 0.0, "target_count": 0.0, "employment_jobs": 0.0}, "geometry": {"type": "Polygon", "coordinates": [[[-122.27316410880479, 47.50345777937478], [-122.26650211269067, 47.50345777937478], [-122.26650211269067, 47.507949335249734], [-122.27316410880479, 47.507949335249734], [-122.27316410880479, 47.50345777937478]]]}}, {"type": "Feature", "properties": {"cell_id": "r005_c029", "congestion_score": 0.0, "transit_departures": 0.0, "target_count": 0.0, "employment_jobs": 0.0}, "geometry": {"type": "Polygon", "coordinates": [[[-122.26650211269067, 47.50345777937478], [-122.25984011657656, 47.50345777937478], [-122.25984011657656, 47.507949335249734], [-122.26650211269067, 47.507949335249734], [-122.26650211269067, 47.50345777937478]]]}}, {"type": "Feature", "properties": {"cell_id": "r005_c030", "congestion_score": 0.0, "transit_departures": 0.0, "target_count": 0.0, "employment_jobs": 0.0}, "geometry": {"type": "Polygon", "coordinates": [[[-122.25984011657657, 47.50345777937478], [-122.25317812046245, 47.50345777937478], [-122.25317812046245, 47.507949335249734], [-122.25984011657657, 47.507949335249734], [-122.25984011657657, 47.50345777937478]]]}}, {"type": "Feature", "properties": {"cell_id": "r005_c031", "congestion_score": 0.0, "transit_departures": 0.0, "target_count": 0.0, "employment_jobs": 0.0}, "geometry": {"type": "Polygon", "coordinates": [[[-122.25317812046245, 47.50345777937478], [-122.24651612434833, 47.50345777937478], [-122.24651612434833, 47.507949335249734], [-122.25317812046245, 47.507949335249734], [-122.25317812046245, 47.50345777937478]]]}}, {"type": "Feature", "properties": {"cell_id": "r005_c032", "congestion_score": 0.0, "transit_departures": 0.0, "target_count": 0.0, "employment_jobs": 0.0}, "geometry": {"type": "Polygon", "coordinates": [[[-122.24651612434833, 47.50345777937478], [-122.23985412823421, 47.50345777937478], [-122.23985412823421, 47.507949335249734], [-122.24651612434833, 47.507949335249734], [-122.24651612434833, 47.50345777937478]]]}}, {"type": "Feature", "properties": {"cell_id": "r005_c033", "congestion_score": 0.0, "transit_departures": 0.0, "target_count": 0.0, "employment_jobs": 0.0}, "geometry": {"type": "Polygon", "coordinates": [[[-122.23985412823421, 47.50345777937478], [-122.2331921321201, 47.50345777937478], [-122.2331921321201, 47.507949335249734], [-122.23985412823421, 47.507949335249734], [-122.23985412823421, 47.50345777937478]]]}}, {"type": "Feature", "properties": {"cell_id": "r005_c034", "congestion_score": 0.0, "transit_departures": 0.0, "target_count": 0.0, "employment_jobs": 0.0}, "geometry": {"type": "Polygon", "coordinates": [[[-122.23319213212011, 47.50345777937478], [-122.22653013600599, 47.50345777937478], [-122.22653013600599, 47.507949335249734], [-122.23319213212011, 47.507949335249734], [-122.23319213212011, 47.50345777937478]]]}}, {"type": "Feature", "properties": {"cell_id": "r005_c035", "congestion_score": 0.0, "transit_departures": 0.0, "target_count": 0.0, "employment_jobs": 0.0}, "geometry": {"type": "Polygon", "coordinates": [[[-122.22653013600599, 47.50345777937478], [-122.2244, 47.50345777937478], [-122.2244, 47.507949335249734], [-122.22653013600599, 47.507949335249734], [-122.22653013600599, 47.50345777937478]]]}}, {"type": "Feature", "properties": {"cell_id": "r006_c000", "congestion_score": 0.0, "transit_departures": 0.0, "target_count": 0.0, "employment_jobs": 0.0}, "geometry": {"type": "Polygon", "coordinates": [[[-122.4597, 47.507949335249734], [-122.45303800388588, 47.507949335249734], [-122.45303800388588, 47.51244089112469], [-122.4597, 47.51244089112469], [-122.4597, 47.507949335249734]]]}}, {"type": "Feature", "properties": {"cell_id": "r006_c001", "congestion_score": 0.0, "transit_departures": 0.0, "target_count": 0.0, "employment_jobs": 0.0}, "geometry": {"type": "Polygon", "coordinates": [[[-122.45303800388588, 47.507949335249734], [-122.44637600777176, 47.507949335249734], [-122.44637600777176, 47.51244089112469], [-122.45303800388588, 47.51244089112469], [-122.45303800388588, 47.507949335249734]]]}}, {"type": "Feature", "properties": {"cell_id": "r006_c002", "congestion_score": 0.0, "transit_departures": 0.0, "target_count": 0.0, "employment_jobs": 0.0}, "geometry": {"type": "Polygon", "coordinates": [[[-122.44637600777178, 47.507949335249734], [-122.43971401165766, 47.507949335249734], [-122.43971401165766, 47.51244089112469], [-122.44637600777178, 47.51244089112469], [-122.44637600777178, 47.507949335249734]]]}}, {"type": "Feature", "properties": {"cell_id": "r006_c003", "congestion_score": 0.0, "transit_departures": 0.0, "target_count": 0.0, "employment_jobs": 0.0}, "geometry": {"type": "Polygon", "coordinates": [[[-122.43971401165766, 47.507949335249734], [-122.43305201554354, 47.507949335249734], [-122.43305201554354, 47.51244089112469], [-122.43971401165766, 47.51244089112469], [-122.43971401165766, 47.507949335249734]]]}}, {"type": "Feature", "properties": {"cell_id": "r006_c004", "congestion_score": 0.0, "transit_departures": 0.0, "target_count": 0.0, "employment_jobs": 0.0}, "geometry": {"type": "Polygon", "coordinates": [[[-122.43305201554354, 47.507949335249734], [-122.42639001942942, 47.507949335249734], [-122.42639001942942, 47.51244089112469], [-122.43305201554354, 47.51244089112469], [-122.43305201554354, 47.507949335249734]]]}}, {"type": "Feature", "properties": {"cell_id": "r006_c005", "congestion_score": 0.0, "transit_departures": 0.0, "target_count": 0.0, "employment_jobs": 0.0}, "geometry": {"type": "Polygon", "coordinates": [[[-122.42639001942942, 47.507949335249734], [-122.4197280233153, 47.507949335249734], [-122.4197280233153, 47.51244089112469], [-122.42639001942942, 47.51244089112469], [-122.42639001942942, 47.507949335249734]]]}}, {"type": "Feature", "properties": {"cell_id": "r006_c006", "congestion_score": 0.0, "transit_departures": 0.0, "target_count": 0.0, "employment_jobs": 0.0}, "geometry": {"type": "Polygon", "coordinates": [[[-122.41972802331532, 47.507949335249734], [-122.4130660272012, 47.507949335249734], [-122.4130660272012, 47.51244089112469], [-122.41972802331532, 47.51244089112469], [-122.41972802331532, 47.507949335249734]]]}}, {"type": "Feature", "properties": {"cell_id": "r006_c007", "congestion_score": 0.0, "transit_departures": 0.0, "target_count": 0.0, "employment_jobs": 0.0}, "geometry": {"type": "Polygon", "coordinates": [[[-122.4130660272012, 47.507949335249734], [-122.40640403108708, 47.507949335249734], [-122.40640403108708, 47.51244089112469], [-122.4130660272012, 47.51244089112469], [-122.4130660272012, 47.507949335249734]]]}}, {"type": "Feature", "properties": {"cell_id": "r006_c008", "congestion_score": 0.0, "transit_departures": 0.0, "target_count": 0.0, "employment_jobs": 0.0}, "geometry": {"type": "Polygon", "coordinates": [[[-122.40640403108708, 47.507949335249734], [-122.39974203497296, 47.507949335249734], [-122.39974203497296, 47.51244089112469], [-122.40640403108708, 47.51244089112469], [-122.40640403108708, 47.507949335249734]]]}}, {"type": "Feature", "properties": {"cell_id": "r006_c009", "congestion_score": 0.0, "transit_departures": 0.0, "target_count": 0.0, "employment_jobs": 0.0}, "geometry": {"type": "Polygon", "coordinates": [[[-122.39974203497297, 47.507949335249734], [-122.39308003885886, 47.507949335249734], [-122.39308003885886, 47.51244089112469], [-122.39974203497297, 47.51244089112469], [-122.39974203497297, 47.507949335249734]]]}}, {"type": "Feature", "properties": {"cell_id": "r006_c010", "congestion_score": 0.0, "transit_departures": 0.0, "target_count": 0.0, "employment_jobs": 0.0}, "geometry": {"type": "Polygon", "coordinates": [[[-122.39308003885886, 47.507949335249734], [-122.38641804274474, 47.507949335249734], [-122.38641804274474, 47.51244089112469], [-122.39308003885886, 47.51244089112469], [-122.39308003885886, 47.507949335249734]]]}}, {"type": "Feature", "properties": {"cell_id": "r006_c011", "congestion_score": 0.0, "transit_departures": 0.0, "target_count": 0.0, "employment_jobs": 0.0}, "geometry": {"type": "Polygon", "coordinates": [[[-122.38641804274474, 47.507949335249734], [-122.37975604663062, 47.507949335249734], [-122.37975604663062, 47.51244089112469], [-122.38641804274474, 47.51244089112469], [-122.38641804274474, 47.507949335249734]]]}}, {"type": "Feature", "properties": {"cell_id": "r006_c012", "congestion_score": 0.0, "transit_departures": 0.0, "target_count": 0.0, "employment_jobs": 0.0}, "geometry": {"type": "Polygon", "coordinates": [[[-122.37975604663062, 47.507949335249734], [-122.3730940505165, 47.507949335249734], [-122.3730940505165, 47.51244089112469], [-122.37975604663062, 47.51244089112469], [-122.37975604663062, 47.507949335249734]]]}}, {"type": "Feature", "properties": {"cell_id": "r006_c013", "congestion_score": 0.0, "transit_departures": 0.0, "target_count": 0.0, "employment_jobs": 0.0}, "geometry": {"type": "Polygon", "coordinates": [[[-122.37309405051651, 47.507949335249734], [-122.3664320544024, 47.507949335249734], [-122.3664320544024, 47.51244089112469], [-122.37309405051651, 47.51244089112469], [-122.37309405051651, 47.507949335249734]]]}}, {"type": "Feature", "properties": {"cell_id": "r006_c014", "congestion_score": 0.0, "transit_departures": 0.0, "target_count": 0.0, "employment_jobs": 0.0}, "geometry": {"type": "Polygon", "coordinates": [[[-122.3664320544024, 47.507949335249734], [-122.35977005828828, 47.507949335249734], [-122.35977005828828, 47.51244089112469], [-122.3664320544024, 47.51244089112469], [-122.3664320544024, 47.507949335249734]]]}}, {"type": "Feature", "properties": {"cell_id": "r006_c015", "congestion_score": 0.0, "transit_departures": 0.0, "target_count": 0.0, "employment_jobs": 0.0}, "geometry": {"type": "Polygon", "coordinates": [[[-122.35977005828828, 47.507949335249734], [-122.35310806217416, 47.507949335249734], [-122.35310806217416, 47.51244089112469], [-122.35977005828828, 47.51244089112469], [-122.35977005828828, 47.507949335249734]]]}}, {"type": "Feature", "properties": {"cell_id": "r006_c016", "congestion_score": 0.0, "transit_departures": 0.0, "target_count": 0.0, "employment_jobs": 0.0}, "geometry": {"type": "Polygon", "coordinates": [[[-122.35310806217417, 47.507949335249734], [-122.34644606606005, 47.507949335249734], [-122.34644606606005, 47.51244089112469], [-122.35310806217417, 47.51244089112469], [-122.35310806217417, 47.507949335249734]]]}}, {"type": "Feature", "properties": {"cell_id": "r006_c017", "congestion_score": 0.0, "transit_departures": 0.0, "target_count": 0.0, "employment_jobs": 0.0}, "geometry": {"type": "Polygon", "coordinates": [[[-122.34644606606005, 47.507949335249734], [-122.33978406994594, 47.507949335249734], [-122.33978406994594, 47.51244089112469], [-122.34644606606005, 47.51244089112469], [-122.34644606606005, 47.507949335249734]]]}}, {"type": "Feature", "properties": {"cell_id": "r006_c018", "congestion_score": 0.0, "transit_departures": 0.0, "target_count": 0.0, "employment_jobs": 0.0}, "geometry": {"type": "Polygon", "coordinates": [[[-122.33978406994594, 47.507949335249734], [-122.33312207383182, 47.507949335249734], [-122.33312207383182, 47.51244089112469], [-122.33978406994594, 47.51244089112469], [-122.33978406994594, 47.507949335249734]]]}}, {"type": "Feature", "properties": {"cell_id": "r006_c019", "congestion_score": 0.0, "transit_departures": 0.0, "target_count": 0.0, "employment_jobs": 0.0}, "geometry": {"type": "Polygon", "coordinates": [[[-122.33312207383182, 47.507949335249734], [-122.3264600777177, 47.507949335249734], [-122.3264600777177, 47.51244089112469], [-122.33312207383182, 47.51244089112469], [-122.33312207383182, 47.507949335249734]]]}}, {"type": "Feature", "properties": {"cell_id": "r006_c020", "congestion_score": 0.0, "transit_departures": 0.0, "target_count": 0.0, "employment_jobs": 0.0}, "geometry": {"type": "Polygon", "coordinates": [[[-122.32646007771771, 47.507949335249734], [-122.3197980816036, 47.507949335249734], [-122.3197980816036, 47.51244089112469], [-122.32646007771771, 47.51244089112469], [-122.32646007771771, 47.507949335249734]]]}}, {"type": "Feature", "properties": {"cell_id": "r006_c021", "congestion_score": 0.0, "transit_departures": 0.0, "target_count": 0.0, "employment_jobs": 0.0}, "geometry": {"type": "Polygon", "coordinates": [[[-122.3197980816036, 47.507949335249734], [-122.31313608548948, 47.507949335249734], [-122.31313608548948, 47.51244089112469], [-122.3197980816036, 47.51244089112469], [-122.3197980816036, 47.507949335249734]]]}}, {"type": "Feature", "properties": {"cell_id": "r006_c022", "congestion_score": 0.0, "transit_departures": 0.0, "target_count": 0.0, "employment_jobs": 0.0}, "geometry": {"type": "Polygon", "coordinates": [[[-122.31313608548948, 47.507949335249734], [-122.30647408937536, 47.507949335249734], [-122.30647408937536, 47.51244089112469], [-122.31313608548948, 47.51244089112469], [-122.31313608548948, 47.507949335249734]]]}}, {"type": "Feature", "properties": {"cell_id": "r006_c023", "congestion_score": 0.0, "transit_departures": 0.0, "target_count": 0.0, "employment_jobs": 0.0}, "geometry": {"type": "Polygon", "coordinates": [[[-122.30647408937537, 47.507949335249734], [-122.29981209326125, 47.507949335249734], [-122.29981209326125, 47.51244089112469], [-122.30647408937537, 47.51244089112469], [-122.30647408937537, 47.507949335249734]]]}}, {"type": "Feature", "properties": {"cell_id": "r006_c024", "congestion_score": 0.0, "transit_departures": 0.0, "target_count": 0.0, "employment_jobs": 0.0}, "geometry": {"type": "Polygon", "coordinates": [[[-122.29981209326125, 47.507949335249734], [-122.29315009714713, 47.507949335249734], [-122.29315009714713, 47.51244089112469], [-122.29981209326125, 47.51244089112469], [-122.29981209326125, 47.507949335249734]]]}}, {"type": "Feature", "properties": {"cell_id": "r006_c025", "congestion_score": 0.0, "transit_departures": 0.0, "target_count": 0.0, "employment_jobs": 0.0}, "geometry": {"type": "Polygon", "coordinates": [[[-122.29315009714713, 47.507949335249734], [-122.28648810103302, 47.507949335249734], [-122.28648810103302, 47.51244089112469], [-122.29315009714713, 47.51244089112469], [-122.29315009714713, 47.507949335249734]]]}}, {"type": "Feature", "properties": {"cell_id": "r006_c026", "congestion_score": 0.0, "transit_departures": 0.0, "target_count": 0.0, "employment_jobs": 0.0}, "geometry": {"type": "Polygon", "coordinates": [[[-122.28648810103302, 47.507949335249734], [-122.2798261049189, 47.507949335249734], [-122.2798261049189, 47.51244089112469], [-122.28648810103302, 47.51244089112469], [-122.28648810103302, 47.507949335249734]]]}}, {"type": "Feature", "properties": {"cell_id": "r006_c027", "congestion_score": 0.0, "transit_departures": 0.0, "target_count": 0.0, "employment_jobs": 0.0}, "geometry": {"type": "Polygon", "coordinates": [[[-122.27982610491891, 47.507949335249734], [-122.27316410880479, 47.507949335249734], [-122.27316410880479, 47.51244089112469], [-122.27982610491891, 47.51244089112469], [-122.27982610491891, 47.507949335249734]]]}}, {"type": "Feature", "properties": {"cell_id": "r006_c028", "congestion_score": 0.0, "transit_departures": 0.0, "target_count": 0.0, "employment_jobs": 0.0}, "geometry": {"type": "Polygon", "coordinates": [[[-122.27316410880479, 47.507949335249734], [-122.26650211269067, 47.507949335249734], [-122.26650211269067, 47.51244089112469], [-122.27316410880479, 47.51244089112469], [-122.27316410880479, 47.507949335249734]]]}}, {"type": "Feature", "properties": {"cell_id": "r006_c029", "congestion_score": 0.0, "transit_departures": 0.0, "target_count": 0.0, "employment_jobs": 0.0}, "geometry": {"type": "Polygon", "coordinates": [[[-122.26650211269067, 47.507949335249734], [-122.25984011657656, 47.507949335249734], [-122.25984011657656, 47.51244089112469], [-122.26650211269067, 47.51244089112469], [-122.26650211269067, 47.507949335249734]]]}}, {"type": "Feature", "properties": {"cell_id": "r006_c030", "congestion_score": 0.0, "transit_departures": 0.0, "target_count": 0.0, "employment_jobs": 0.0}, "geometry": {"type": "Polygon", "coordinates": [[[-122.25984011657657, 47.507949335249734], [-122.25317812046245, 47.507949335249734], [-122.25317812046245, 47.51244089112469], [-122.25984011657657, 47.51244089112469], [-122.25984011657657, 47.507949335249734]]]}}, {"type": "Feature", "properties": {"cell_id": "r006_c031", "congestion_score": 0.0, "transit_departures": 0.0, "target_count": 0.0, "employment_jobs": 0.0}, "geometry": {"type": "Polygon", "coordinates": [[[-122.25317812046245, 47.507949335249734], [-122.24651612434833, 47.507949335249734], [-122.24651612434833, 47.51244089112469], [-122.25317812046245, 47.51244089112469], [-122.25317812046245, 47.507949335249734]]]}}, {"type": "Feature", "properties": {"cell_id": "r006_c032", "congestion_score": 0.0, "transit_departures": 0.0, "target_count": 0.0, "employment_jobs": 0.0}, "geometry": {"type": "Polygon", "coordinates": [[[-122.24651612434833, 47.507949335249734], [-122.23985412823421, 47.507949335249734], [-122.23985412823421, 47.51244089112469], [-122.24651612434833, 47.51244089112469], [-122.24651612434833, 47.507949335249734]]]}}, {"type": "Feature", "properties": {"cell_id": "r006_c033", "congestion_score": 0.0, "transit_departures": 0.0, "target_count": 0.0, "employment_jobs": 0.0}, "geometry": {"type": "Polygon", "coordinates": [[[-122.23985412823421, 47.507949335249734], [-122.2331921321201, 47.507949335249734], [-122.2331921321201, 47.51244089112469], [-122.23985412823421, 47.51244089112469], [-122.23985412823421, 47.507949335249734]]]}}, {"type": "Feature", "properties": {"cell_id": "r006_c034", "congestion_score": 0.0, "transit_departures": 0.0, "target_count": 0.0, "employment_jobs": 0.0}, "geometry": {"type": "Polygon", "coordinates": [[[-122.23319213212011, 47.507949335249734], [-122.22653013600599, 47.507949335249734], [-122.22653013600599, 47.51244089112469], [-122.23319213212011, 47.51244089112469], [-122.23319213212011, 47.507949335249734]]]}}, {"type": "Feature", "properties": {"cell_id": "r006_c035", "congestion_score": 0.0, "transit_departures": 0.0, "target_count": 0.0, "employment_jobs": 0.0}, "geometry": {"type": "Polygon", "coordinates": [[[-122.22653013600599, 47.507949335249734], [-122.2244, 47.507949335249734], [-122.2244, 47.51244089112469], [-122.22653013600599, 47.51244089112469], [-122.22653013600599, 47.507949335249734]]]}}, {"type": "Feature", "properties": {"cell_id": "r007_c000", "congestion_score": 0.0, "transit_departures": 0.0, "target_count": 0.0, "employment_jobs": 0.0}, "geometry": {"type": "Polygon", "coordinates": [[[-122.4597, 47.51244089112469], [-122.45303800388588, 47.51244089112469], [-122.45303800388588, 47.51693244699965], [-122.4597, 47.51693244699965], [-122.4597, 47.51244089112469]]]}}, {"type": "Feature", "properties": {"cell_id": "r007_c001", "congestion_score": 0.0, "transit_departures": 0.0, "target_count": 0.0, "employment_jobs": 0.0}, "geometry": {"type": "Polygon", "coordinates": [[[-122.45303800388588, 47.51244089112469], [-122.44637600777176, 47.51244089112469], [-122.44637600777176, 47.51693244699965], [-122.45303800388588, 47.51693244699965], [-122.45303800388588, 47.51244089112469]]]}}, {"type": "Feature", "properties": {"cell_id": "r007_c002", "congestion_score": 0.0, "transit_departures": 0.0, "target_count": 0.0, "employment_jobs": 0.0}, "geometry": {"type": "Polygon", "coordinates": [[[-122.44637600777178, 47.51244089112469], [-122.43971401165766, 47.51244089112469], [-122.43971401165766, 47.51693244699965], [-122.44637600777178, 47.51693244699965], [-122.44637600777178, 47.51244089112469]]]}}, {"type": "Feature", "properties": {"cell_id": "r007_c003", "congestion_score": 0.0, "transit_departures": 0.0, "target_count": 0.0, "employment_jobs": 0.0}, "geometry": {"type": "Polygon", "coordinates": [[[-122.43971401165766, 47.51244089112469], [-122.43305201554354, 47.51244089112469], [-122.43305201554354, 47.51693244699965], [-122.43971401165766, 47.51693244699965], [-122.43971401165766, 47.51244089112469]]]}}, {"type": "Feature", "properties": {"cell_id": "r007_c004", "congestion_score": 0.0, "transit_departures": 0.0, "target_count": 0.0, "employment_jobs": 0.0}, "geometry": {"type": "Polygon", "coordinates": [[[-122.43305201554354, 47.51244089112469], [-122.42639001942942, 47.51244089112469], [-122.42639001942942, 47.51693244699965], [-122.43305201554354, 47.51693244699965], [-122.43305201554354, 47.51244089112469]]]}}, {"type": "Feature", "properties": {"cell_id": "r007_c005", "congestion_score": 0.0, "transit_departures": 0.0, "target_count": 0.0, "employment_jobs": 0.0}, "geometry": {"type": "Polygon", "coordinates": [[[-122.42639001942942, 47.51244089112469], [-122.4197280233153, 47.51244089112469], [-122.4197280233153, 47.51693244699965], [-122.42639001942942, 47.51693244699965], [-122.42639001942942, 47.51244089112469]]]}}, {"type": "Feature", "properties": {"cell_id": "r007_c006", "congestion_score": 0.0, "transit_departures": 0.0, "target_count": 0.0, "employment_jobs": 0.0}, "geometry": {"type": "Polygon", "coordinates": [[[-122.41972802331532, 47.51244089112469], [-122.4130660272012, 47.51244089112469], [-122.4130660272012, 47.51693244699965], [-122.41972802331532, 47.51693244699965], [-122.41972802331532, 47.51244089112469]]]}}, {"type": "Feature", "properties": {"cell_id": "r007_c007", "congestion_score": 0.0, "transit_departures": 0.0, "target_count": 0.0, "employment_jobs": 0.0}, "geometry": {"type": "Polygon", "coordinates": [[[-122.4130660272012, 47.51244089112469], [-122.40640403108708, 47.51244089112469], [-122.40640403108708, 47.51693244699965], [-122.4130660272012, 47.51693244699965], [-122.4130660272012, 47.51244089112469]]]}}, {"type": "Feature", "properties": {"cell_id": "r007_c008", "congestion_score": 0.0, "transit_departures": 0.0, "target_count": 0.0, "employment_jobs": 0.0}, "geometry": {"type": "Polygon", "coordinates": [[[-122.40640403108708, 47.51244089112469], [-122.39974203497296, 47.51244089112469], [-122.39974203497296, 47.51693244699965], [-122.40640403108708, 47.51693244699965], [-122.40640403108708, 47.51244089112469]]]}}, {"type": "Feature", "properties": {"cell_id": "r007_c009", "congestion_score": 0.0, "transit_departures": 0.0, "target_count": 0.0, "employment_jobs": 0.0}, "geometry": {"type": "Polygon", "coordinates": [[[-122.39974203497297, 47.51244089112469], [-122.39308003885886, 47.51244089112469], [-122.39308003885886, 47.51693244699965], [-122.39974203497297, 47.51693244699965], [-122.39974203497297, 47.51244089112469]]]}}, {"type": "Feature", "properties": {"cell_id": "r007_c010", "congestion_score": 0.0, "transit_departures": 0.0, "target_count": 0.0, "employment_jobs": 0.0}, "geometry": {"type": "Polygon", "coordinates": [[[-122.39308003885886, 47.51244089112469], [-122.38641804274474, 47.51244089112469], [-122.38641804274474, 47.51693244699965], [-122.39308003885886, 47.51693244699965], [-122.39308003885886, 47.51244089112469]]]}}, {"type": "Feature", "properties": {"cell_id": "r007_c011", "congestion_score": 0.0, "transit_departures": 0.0, "target_count": 0.0, "employment_jobs": 0.0}, "geometry": {"type": "Polygon", "coordinates": [[[-122.38641804274474, 47.51244089112469], [-122.37975604663062, 47.51244089112469], [-122.37975604663062, 47.51693244699965], [-122.38641804274474, 47.51693244699965], [-122.38641804274474, 47.51244089112469]]]}}, {"type": "Feature", "properties": {"cell_id": "r007_c012", "congestion_score": 0.0, "transit_departures": 0.0, "target_count": 0.0, "employment_jobs": 0.0}, "geometry": {"type": "Polygon", "coordinates": [[[-122.37975604663062, 47.51244089112469], [-122.3730940505165, 47.51244089112469], [-122.3730940505165, 47.51693244699965], [-122.37975604663062, 47.51693244699965], [-122.37975604663062, 47.51244089112469]]]}}, {"type": "Feature", "properties": {"cell_id": "r007_c013", "congestion_score": 0.0, "transit_departures": 0.0, "target_count": 0.0, "employment_jobs": 0.0}, "geometry": {"type": "Polygon", "coordinates": [[[-122.37309405051651, 47.51244089112469], [-122.3664320544024, 47.51244089112469], [-122.3664320544024, 47.51693244699965], [-122.37309405051651, 47.51693244699965], [-122.37309405051651, 47.51244089112469]]]}}, {"type": "Feature", "properties": {"cell_id": "r007_c014", "congestion_score": 0.0, "transit_departures": 0.0, "target_count": 0.0, "employment_jobs": 0.0}, "geometry": {"type": "Polygon", "coordinates": [[[-122.3664320544024, 47.51244089112469], [-122.35977005828828, 47.51244089112469], [-122.35977005828828, 47.51693244699965], [-122.3664320544024, 47.51693244699965], [-122.3664320544024, 47.51244089112469]]]}}, {"type": "Feature", "properties": {"cell_id": "r007_c015", "congestion_score": 0.0, "transit_departures": 0.0, "target_count": 0.0, "employment_jobs": 0.0}, "geometry": {"type": "Polygon", "coordinates": [[[-122.35977005828828, 47.51244089112469], [-122.35310806217416, 47.51244089112469], [-122.35310806217416, 47.51693244699965], [-122.35977005828828, 47.51693244699965], [-122.35977005828828, 47.51244089112469]]]}}, {"type": "Feature", "properties": {"cell_id": "r007_c016", "congestion_score": 0.0, "transit_departures": 0.0, "target_count": 0.0, "employment_jobs": 0.0}, "geometry": {"type": "Polygon", "coordinates": [[[-122.35310806217417, 47.51244089112469], [-122.34644606606005, 47.51244089112469], [-122.34644606606005, 47.51693244699965], [-122.35310806217417, 47.51693244699965], [-122.35310806217417, 47.51244089112469]]]}}, {"type": "Feature", "properties": {"cell_id": "r007_c017", "congestion_score": 0.0, "transit_departures": 0.0, "target_count": 0.0, "employment_jobs": 0.0}, "geometry": {"type": "Polygon", "coordinates": [[[-122.34644606606005, 47.51244089112469], [-122.33978406994594, 47.51244089112469], [-122.33978406994594, 47.51693244699965], [-122.34644606606005, 47.51693244699965], [-122.34644606606005, 47.51244089112469]]]}}, {"type": "Feature", "properties": {"cell_id": "r007_c018", "congestion_score": 0.0, "transit_departures": 0.0, "target_count": 0.0, "employment_jobs": 0.0}, "geometry": {"type": "Polygon", "coordinates": [[[-122.33978406994594, 47.51244089112469], [-122.33312207383182, 47.51244089112469], [-122.33312207383182, 47.51693244699965], [-122.33978406994594, 47.51693244699965], [-122.33978406994594, 47.51244089112469]]]}}, {"type": "Feature", "properties": {"cell_id": "r007_c019", "congestion_score": 0.0, "transit_departures": 0.0, "target_count": 0.0, "employment_jobs": 0.0}, "geometry": {"type": "Polygon", "coordinates": [[[-122.33312207383182, 47.51244089112469], [-122.3264600777177, 47.51244089112469], [-122.3264600777177, 47.51693244699965], [-122.33312207383182, 47.51693244699965], [-122.33312207383182, 47.51244089112469]]]}}, {"type": "Feature", "properties": {"cell_id": "r007_c020", "congestion_score": 0.0, "transit_departures": 0.0, "target_count": 0.0, "employment_jobs": 0.0}, "geometry": {"type": "Polygon", "coordinates": [[[-122.32646007771771, 47.51244089112469], [-122.3197980816036, 47.51244089112469], [-122.3197980816036, 47.51693244699965], [-122.32646007771771, 47.51693244699965], [-122.32646007771771, 47.51244089112469]]]}}, {"type": "Feature", "properties": {"cell_id": "r007_c021", "congestion_score": 0.0, "transit_departures": 0.0, "target_count": 0.0, "employment_jobs": 0.0}, "geometry": {"type": "Polygon", "coordinates": [[[-122.3197980816036, 47.51244089112469], [-122.31313608548948, 47.51244089112469], [-122.31313608548948, 47.51693244699965], [-122.3197980816036, 47.51693244699965], [-122.3197980816036, 47.51244089112469]]]}}, {"type": "Feature", "properties": {"cell_id": "r007_c022", "congestion_score": 0.0, "transit_departures": 0.0, "target_count": 0.0, "employment_jobs": 0.0}, "geometry": {"type": "Polygon", "coordinates": [[[-122.31313608548948, 47.51244089112469], [-122.30647408937536, 47.51244089112469], [-122.30647408937536, 47.51693244699965], [-122.31313608548948, 47.51693244699965], [-122.31313608548948, 47.51244089112469]]]}}, {"type": "Feature", "properties": {"cell_id": "r007_c023", "congestion_score": 0.0, "transit_departures": 0.0, "target_count": 0.0, "employment_jobs": 0.0}, "geometry": {"type": "Polygon", "coordinates": [[[-122.30647408937537, 47.51244089112469], [-122.29981209326125, 47.51244089112469], [-122.29981209326125, 47.51693244699965], [-122.30647408937537, 47.51693244699965], [-122.30647408937537, 47.51244089112469]]]}}, {"type": "Feature", "properties": {"cell_id": "r007_c024", "congestion_score": 0.0, "transit_departures": 0.0, "target_count": 0.0, "employment_jobs": 0.0}, "geometry": {"type": "Polygon", "coordinates": [[[-122.29981209326125, 47.51244089112469], [-122.29315009714713, 47.51244089112469], [-122.29315009714713, 47.51693244699965], [-122.29981209326125, 47.51693244699965], [-122.29981209326125, 47.51244089112469]]]}}, {"type": "Feature", "properties": {"cell_id": "r007_c025", "congestion_score": 0.0, "transit_departures": 0.0, "target_count": 0.0, "employment_jobs": 0.0}, "geometry": {"type": "Polygon", "coordinates": [[[-122.29315009714713, 47.51244089112469], [-122.28648810103302, 47.51244089112469], [-122.28648810103302, 47.51693244699965], [-122.29315009714713, 47.51693244699965], [-122.29315009714713, 47.51244089112469]]]}}, {"type": "Feature", "properties": {"cell_id": "r007_c026", "congestion_score": 0.0, "transit_departures": 0.0, "target_count": 0.0, "employment_jobs": 0.0}, "geometry": {"type": "Polygon", "coordinates": [[[-122.28648810103302, 47.51244089112469], [-122.2798261049189, 47.51244089112469], [-122.2798261049189, 47.51693244699965], [-122.28648810103302, 47.51693244699965], [-122.28648810103302, 47.51244089112469]]]}}, {"type": "Feature", "properties": {"cell_id": "r007_c027", "congestion_score": 0.0, "transit_departures": 0.0, "target_count": 0.0, "employment_jobs": 0.0}, "geometry": {"type": "Polygon", "coordinates": [[[-122.27982610491891, 47.51244089112469], [-122.27316410880479, 47.51244089112469], [-122.27316410880479, 47.51693244699965], [-122.27982610491891, 47.51693244699965], [-122.27982610491891, 47.51244089112469]]]}}, {"type": "Feature", "properties": {"cell_id": "r007_c028", "congestion_score": 0.0, "transit_departures": 0.0, "target_count": 0.0, "employment_jobs": 0.0}, "geometry": {"type": "Polygon", "coordinates": [[[-122.27316410880479, 47.51244089112469], [-122.26650211269067, 47.51244089112469], [-122.26650211269067, 47.51693244699965], [-122.27316410880479, 47.51693244699965], [-122.27316410880479, 47.51244089112469]]]}}, {"type": "Feature", "properties": {"cell_id": "r007_c029", "congestion_score": 0.0, "transit_departures": 0.0, "target_count": 0.0, "employment_jobs": 0.0}, "geometry": {"type": "Polygon", "coordinates": [[[-122.26650211269067, 47.51244089112469], [-122.25984011657656, 47.51244089112469], [-122.25984011657656, 47.51693244699965], [-122.26650211269067, 47.51693244699965], [-122.26650211269067, 47.51244089112469]]]}}, {"type": "Feature", "properties": {"cell_id": "r007_c030", "congestion_score": 0.0, "transit_departures": 0.0, "target_count": 0.0, "employment_jobs": 0.0}, "geometry": {"type": "Polygon", "coordinates": [[[-122.25984011657657, 47.51244089112469], [-122.25317812046245, 47.51244089112469], [-122.25317812046245, 47.51693244699965], [-122.25984011657657, 47.51693244699965], [-122.25984011657657, 47.51244089112469]]]}}, {"type": "Feature", "properties": {"cell_id": "r007_c031", "congestion_score": 0.0, "transit_departures": 0.0, "target_count": 0.0, "employment_jobs": 0.0}, "geometry": {"type": "Polygon", "coordinates": [[[-122.25317812046245, 47.51244089112469], [-122.24651612434833, 47.51244089112469], [-122.24651612434833, 47.51693244699965], [-122.25317812046245, 47.51693244699965], [-122.25317812046245, 47.51244089112469]]]}}, {"type": "Feature", "properties": {"cell_id": "r007_c032", "congestion_score": 0.0, "transit_departures": 0.0, "target_count": 0.0, "employment_jobs": 0.0}, "geometry": {"type": "Polygon", "coordinates": [[[-122.24651612434833, 47.51244089112469], [-122.23985412823421, 47.51244089112469], [-122.23985412823421, 47.51693244699965], [-122.24651612434833, 47.51693244699965], [-122.24651612434833, 47.51244089112469]]]}}, {"type": "Feature", "properties": {"cell_id": "r007_c033", "congestion_score": 0.0, "transit_departures": 0.0, "target_count": 0.0, "employment_jobs": 0.0}, "geometry": {"type": "Polygon", "coordinates": [[[-122.23985412823421, 47.51244089112469], [-122.2331921321201, 47.51244089112469], [-122.2331921321201, 47.51693244699965], [-122.23985412823421, 47.51693244699965], [-122.23985412823421, 47.51244089112469]]]}}, {"type": "Feature", "properties": {"cell_id": "r007_c034", "congestion_score": 0.0, "transit_departures": 0.0, "target_count": 0.0, "employment_jobs": 0.0}, "geometry": {"type": "Polygon", "coordinates": [[[-122.23319213212011, 47.51244089112469], [-122.22653013600599, 47.51244089112469], [-122.22653013600599, 47.51693244699965], [-122.23319213212011, 47.51693244699965], [-122.23319213212011, 47.51244089112469]]]}}, {"type": "Feature", "properties": {"cell_id": "r007_c035", "congestion_score": 0.0, "transit_departures": 0.0, "target_count": 0.0, "employment_jobs": 0.0}, "geometry": {"type": "Polygon", "coordinates": [[[-122.22653013600599, 47.51244089112469], [-122.2244, 47.51244089112469], [-122.2244, 47.51693244699965], [-122.22653013600599, 47.51693244699965], [-122.22653013600599, 47.51244089112469]]]}}, {"type": "Feature", "properties": {"cell_id": "r008_c000", "congestion_score": 0.0, "transit_departures": 0.0, "target_count": 0.0, "employment_jobs": 0.0}, "geometry": {"type": "Polygon", "coordinates": [[[-122.4597, 47.51693244699964], [-122.45303800388588, 47.51693244699964], [-122.45303800388588, 47.521424002874596], [-122.4597, 47.521424002874596], [-122.4597, 47.51693244699964]]]}}, {"type": "Feature", "properties": {"cell_id": "r008_c001", "congestion_score": 0.0, "transit_departures": 0.0, "target_count": 0.0, "employment_jobs": 0.0}, "geometry": {"type": "Polygon", "coordinates": [[[-122.45303800388588, 47.51693244699964], [-122.44637600777176, 47.51693244699964], [-122.44637600777176, 47.521424002874596], [-122.45303800388588, 47.521424002874596], [-122.45303800388588, 47.51693244699964]]]}}, {"type": "Feature", "properties": {"cell_id": "r008_c002", "congestion_score": 0.0, "transit_departures": 0.0, "target_count": 0.0, "employment_jobs": 0.0}, "geometry": {"type": "Polygon", "coordinates": [[[-122.44637600777178, 47.51693244699964], [-122.43971401165766, 47.51693244699964], [-122.43971401165766, 47.521424002874596], [-122.44637600777178, 47.521424002874596], [-122.44637600777178, 47.51693244699964]]]}}, {"type": "Feature", "properties": {"cell_id": "r008_c003", "congestion_score": 0.0, "transit_departures": 0.0, "target_count": 0.0, "employment_jobs": 0.0}, "geometry": {"type": "Polygon", "coordinates": [[[-122.43971401165766, 47.51693244699964], [-122.43305201554354, 47.51693244699964], [-122.43305201554354, 47.521424002874596], [-122.43971401165766, 47.521424002874596], [-122.43971401165766, 47.51693244699964]]]}}, {"type": "Feature", "properties": {"cell_id": "r008_c004", "congestion_score": 0.0, "transit_departures": 0.0, "target_count": 0.0, "employment_jobs": 0.0}, "geometry": {"type": "Polygon", "coordinates": [[[-122.43305201554354, 47.51693244699964], [-122.42639001942942, 47.51693244699964], [-122.42639001942942, 47.521424002874596], [-122.43305201554354, 47.521424002874596], [-122.43305201554354, 47.51693244699964]]]}}, {"type": "Feature", "properties": {"cell_id": "r008_c005", "congestion_score": 0.0, "transit_departures": 0.0, "target_count": 0.0, "employment_jobs": 0.0}, "geometry": {"type": "Polygon", "coordinates": [[[-122.42639001942942, 47.51693244699964], [-122.4197280233153, 47.51693244699964], [-122.4197280233153, 47.521424002874596], [-122.42639001942942, 47.521424002874596], [-122.42639001942942, 47.51693244699964]]]}}, {"type": "Feature", "properties": {"cell_id": "r008_c006", "congestion_score": 0.0, "transit_departures": 0.0, "target_count": 0.0, "employment_jobs": 0.0}, "geometry": {"type": "Polygon", "coordinates": [[[-122.41972802331532, 47.51693244699964], [-122.4130660272012, 47.51693244699964], [-122.4130660272012, 47.521424002874596], [-122.41972802331532, 47.521424002874596], [-122.41972802331532, 47.51693244699964]]]}}, {"type": "Feature", "properties": {"cell_id": "r008_c007", "congestion_score": 0.0, "transit_departures": 0.0, "target_count": 0.0, "employment_jobs": 0.0}, "geometry": {"type": "Polygon", "coordinates": [[[-122.4130660272012, 47.51693244699964], [-122.40640403108708, 47.51693244699964], [-122.40640403108708, 47.521424002874596], [-122.4130660272012, 47.521424002874596], [-122.4130660272012, 47.51693244699964]]]}}, {"type": "Feature", "properties": {"cell_id": "r008_c008", "congestion_score": 0.0, "transit_departures": 0.0, "target_count": 0.0, "employment_jobs": 0.0}, "geometry": {"type": "Polygon", "coordinates": [[[-122.40640403108708, 47.51693244699964], [-122.39974203497296, 47.51693244699964], [-122.39974203497296, 47.521424002874596], [-122.40640403108708, 47.521424002874596], [-122.40640403108708, 47.51693244699964]]]}}, {"type": "Feature", "properties": {"cell_id": "r008_c009", "congestion_score": 0.0, "transit_departures": 0.0, "target_count": 0.0, "employment_jobs": 0.0}, "geometry": {"type": "Polygon", "coordinates": [[[-122.39974203497297, 47.51693244699964], [-122.39308003885886, 47.51693244699964], [-122.39308003885886, 47.521424002874596], [-122.39974203497297, 47.521424002874596], [-122.39974203497297, 47.51693244699964]]]}}, {"type": "Feature", "properties": {"cell_id": "r008_c010", "congestion_score": 0.0, "transit_departures": 0.0, "target_count": 0.0, "employment_jobs": 0.0}, "geometry": {"type": "Polygon", "coordinates": [[[-122.39308003885886, 47.51693244699964], [-122.38641804274474, 47.51693244699964], [-122.38641804274474, 47.521424002874596], [-122.39308003885886, 47.521424002874596], [-122.39308003885886, 47.51693244699964]]]}}, {"type": "Feature", "properties": {"cell_id": "r008_c011", "congestion_score": 0.0, "transit_departures": 0.0, "target_count": 0.0, "employment_jobs": 0.0}, "geometry": {"type": "Polygon", "coordinates": [[[-122.38641804274474, 47.51693244699964], [-122.37975604663062, 47.51693244699964], [-122.37975604663062, 47.521424002874596], [-122.38641804274474, 47.521424002874596], [-122.38641804274474, 47.51693244699964]]]}}, {"type": "Feature", "properties": {"cell_id": "r008_c012", "congestion_score": 0.0, "transit_departures": 0.0, "target_count": 0.0, "employment_jobs": 0.0}, "geometry": {"type": "Polygon", "coordinates": [[[-122.37975604663062, 47.51693244699964], [-122.3730940505165, 47.51693244699964], [-122.3730940505165, 47.521424002874596], [-122.37975604663062, 47.521424002874596], [-122.37975604663062, 47.51693244699964]]]}}, {"type": "Feature", "properties": {"cell_id": "r008_c013", "congestion_score": 0.0, "transit_departures": 0.0, "target_count": 0.0, "employment_jobs": 0.0}, "geometry": {"type": "Polygon", "coordinates": [[[-122.37309405051651, 47.51693244699964], [-122.3664320544024, 47.51693244699964], [-122.3664320544024, 47.521424002874596], [-122.37309405051651, 47.521424002874596], [-122.37309405051651, 47.51693244699964]]]}}, {"type": "Feature", "properties": {"cell_id": "r008_c014", "congestion_score": 0.019886, "transit_departures": 5.833, "target_count": 0.0, "employment_jobs": 0.0}, "geometry": {"type": "Polygon", "coordinates": [[[-122.3664320544024, 47.51693244699964], [-122.35977005828828, 47.51693244699964], [-122.35977005828828, 47.521424002874596], [-122.3664320544024, 47.521424002874596], [-122.3664320544024, 47.51693244699964]]]}}, {"type": "Feature", "properties": {"cell_id": "r008_c015", "congestion_score": 0.019886, "transit_departures": 5.833, "target_count": 0.0, "employment_jobs": 0.0}, "geometry": {"type": "Polygon", "coordinates": [[[-122.35977005828828, 47.51693244699964], [-122.35310806217416, 47.51693244699964], [-122.35310806217416, 47.521424002874596], [-122.35977005828828, 47.521424002874596], [-122.35977005828828, 47.51693244699964]]]}}, {"type": "Feature", "properties": {"cell_id": "r008_c016", "congestion_score": 0.0, "transit_departures": 0.0, "target_count": 0.0, "employment_jobs": 0.0}, "geometry": {"type": "Polygon", "coordinates": [[[-122.35310806217417, 47.51693244699964], [-122.34644606606005, 47.51693244699964], [-122.34644606606005, 47.521424002874596], [-122.35310806217417, 47.521424002874596], [-122.35310806217417, 47.51693244699964]]]}}, {"type": "Feature", "properties": {"cell_id": "r008_c017", "congestion_score": 0.0, "transit_departures": 0.0, "target_count": 0.0, "employment_jobs": 0.0}, "geometry": {"type": "Polygon", "coordinates": [[[-122.34644606606005, 47.51693244699964], [-122.33978406994594, 47.51693244699964], [-122.33978406994594, 47.521424002874596], [-122.34644606606005, 47.521424002874596], [-122.34644606606005, 47.51693244699964]]]}}, {"type": "Feature", "properties": {"cell_id": "r008_c018", "congestion_score": 0.0, "transit_departures": 0.0, "target_count": 0.0, "employment_jobs": 0.0}, "geometry": {"type": "Polygon", "coordinates": [[[-122.33978406994594, 47.51693244699964], [-122.33312207383182, 47.51693244699964], [-122.33312207383182, 47.521424002874596], [-122.33978406994594, 47.521424002874596], [-122.33978406994594, 47.51693244699964]]]}}, {"type": "Feature", "properties": {"cell_id": "r008_c019", "congestion_score": 0.0, "transit_departures": 0.0, "target_count": 0.0, "employment_jobs": 0.0}, "geometry": {"type": "Polygon", "coordinates": [[[-122.33312207383182, 47.51693244699964], [-122.3264600777177, 47.51693244699964], [-122.3264600777177, 47.521424002874596], [-122.33312207383182, 47.521424002874596], [-122.33312207383182, 47.51693244699964]]]}}, {"type": "Feature", "properties": {"cell_id": "r008_c020", "congestion_score": 0.0, "transit_departures": 0.0, "target_count": 0.0, "employment_jobs": 0.0}, "geometry": {"type": "Polygon", "coordinates": [[[-122.32646007771771, 47.51693244699964], [-122.3197980816036, 47.51693244699964], [-122.3197980816036, 47.521424002874596], [-122.32646007771771, 47.521424002874596], [-122.32646007771771, 47.51693244699964]]]}}, {"type": "Feature", "properties": {"cell_id": "r008_c021", "congestion_score": 0.0, "transit_departures": 0.0, "target_count": 0.0, "employment_jobs": 0.0}, "geometry": {"type": "Polygon", "coordinates": [[[-122.3197980816036, 47.51693244699964], [-122.31313608548948, 47.51693244699964], [-122.31313608548948, 47.521424002874596], [-122.3197980816036, 47.521424002874596], [-122.3197980816036, 47.51693244699964]]]}}, {"type": "Feature", "properties": {"cell_id": "r008_c022", "congestion_score": 0.0, "transit_departures": 0.0, "target_count": 0.0, "employment_jobs": 0.0}, "geometry": {"type": "Polygon", "coordinates": [[[-122.31313608548948, 47.51693244699964], [-122.30647408937536, 47.51693244699964], [-122.30647408937536, 47.521424002874596], [-122.31313608548948, 47.521424002874596], [-122.31313608548948, 47.51693244699964]]]}}, {"type": "Feature", "properties": {"cell_id": "r008_c023", "congestion_score": 0.0, "transit_departures": 0.0, "target_count": 0.0, "employment_jobs": 0.0}, "geometry": {"type": "Polygon", "coordinates": [[[-122.30647408937537, 47.51693244699964], [-122.29981209326125, 47.51693244699964], [-122.29981209326125, 47.521424002874596], [-122.30647408937537, 47.521424002874596], [-122.30647408937537, 47.51693244699964]]]}}, {"type": "Feature", "properties": {"cell_id": "r008_c024", "congestion_score": 0.0, "transit_departures": 0.0, "target_count": 0.0, "employment_jobs": 0.0}, "geometry": {"type": "Polygon", "coordinates": [[[-122.29981209326125, 47.51693244699964], [-122.29315009714713, 47.51693244699964], [-122.29315009714713, 47.521424002874596], [-122.29981209326125, 47.521424002874596], [-122.29981209326125, 47.51693244699964]]]}}, {"type": "Feature", "properties": {"cell_id": "r008_c025", "congestion_score": 0.0, "transit_departures": 0.0, "target_count": 0.0, "employment_jobs": 0.0}, "geometry": {"type": "Polygon", "coordinates": [[[-122.29315009714713, 47.51693244699964], [-122.28648810103302, 47.51693244699964], [-122.28648810103302, 47.521424002874596], [-122.29315009714713, 47.521424002874596], [-122.29315009714713, 47.51693244699964]]]}}, {"type": "Feature", "properties": {"cell_id": "r008_c026", "congestion_score": 0.0, "transit_departures": 0.0, "target_count": 0.0, "employment_jobs": 0.0}, "geometry": {"type": "Polygon", "coordinates": [[[-122.28648810103302, 47.51693244699964], [-122.2798261049189, 47.51693244699964], [-122.2798261049189, 47.521424002874596], [-122.28648810103302, 47.521424002874596], [-122.28648810103302, 47.51693244699964]]]}}, {"type": "Feature", "properties": {"cell_id": "r008_c027", "congestion_score": 0.0, "transit_departures": 0.0, "target_count": 0.0, "employment_jobs": 0.0}, "geometry": {"type": "Polygon", "coordinates": [[[-122.27982610491891, 47.51693244699964], [-122.27316410880479, 47.51693244699964], [-122.27316410880479, 47.521424002874596], [-122.27982610491891, 47.521424002874596], [-122.27982610491891, 47.51693244699964]]]}}, {"type": "Feature", "properties": {"cell_id": "r008_c028", "congestion_score": 0.0, "transit_departures": 0.0, "target_count": 0.0, "employment_jobs": 0.0}, "geometry": {"type": "Polygon", "coordinates": [[[-122.27316410880479, 47.51693244699964], [-122.26650211269067, 47.51693244699964], [-122.26650211269067, 47.521424002874596], [-122.27316410880479, 47.521424002874596], [-122.27316410880479, 47.51693244699964]]]}}, {"type": "Feature", "properties": {"cell_id": "r008_c029", "congestion_score": 0.0, "transit_departures": 0.0, "target_count": 0.0, "employment_jobs": 0.0}, "geometry": {"type": "Polygon", "coordinates": [[[-122.26650211269067, 47.51693244699964], [-122.25984011657656, 47.51693244699964], [-122.25984011657656, 47.521424002874596], [-122.26650211269067, 47.521424002874596], [-122.26650211269067, 47.51693244699964]]]}}, {"type": "Feature", "properties": {"cell_id": "r008_c030", "congestion_score": 0.0, "transit_departures": 0.0, "target_count": 0.0, "employment_jobs": 0.0}, "geometry": {"type": "Polygon", "coordinates": [[[-122.25984011657657, 47.51693244699964], [-122.25317812046245, 47.51693244699964], [-122.25317812046245, 47.521424002874596], [-122.25984011657657, 47.521424002874596], [-122.25984011657657, 47.51693244699964]]]}}, {"type": "Feature", "properties": {"cell_id": "r008_c031", "congestion_score": 0.0, "transit_departures": 0.0, "target_count": 0.0, "employment_jobs": 0.0}, "geometry": {"type": "Polygon", "coordinates": [[[-122.25317812046245, 47.51693244699964], [-122.24651612434833, 47.51693244699964], [-122.24651612434833, 47.521424002874596], [-122.25317812046245, 47.521424002874596], [-122.25317812046245, 47.51693244699964]]]}}, {"type": "Feature", "properties": {"cell_id": "r008_c032", "congestion_score": 0.0, "transit_departures": 0.0, "target_count": 0.0, "employment_jobs": 0.0}, "geometry": {"type": "Polygon", "coordinates": [[[-122.24651612434833, 47.51693244699964], [-122.23985412823421, 47.51693244699964], [-122.23985412823421, 47.521424002874596], [-122.24651612434833, 47.521424002874596], [-122.24651612434833, 47.51693244699964]]]}}, {"type": "Feature", "properties": {"cell_id": "r008_c033", "congestion_score": 0.0, "transit_departures": 0.0, "target_count": 0.0, "employment_jobs": 0.0}, "geometry": {"type": "Polygon", "coordinates": [[[-122.23985412823421, 47.51693244699964], [-122.2331921321201, 47.51693244699964], [-122.2331921321201, 47.521424002874596], [-122.23985412823421, 47.521424002874596], [-122.23985412823421, 47.51693244699964]]]}}, {"type": "Feature", "properties": {"cell_id": "r008_c034", "congestion_score": 0.0, "transit_departures": 0.0, "target_count": 0.0, "employment_jobs": 0.0}, "geometry": {"type": "Polygon", "coordinates": [[[-122.23319213212011, 47.51693244699964], [-122.22653013600599, 47.51693244699964], [-122.22653013600599, 47.521424002874596], [-122.23319213212011, 47.521424002874596], [-122.23319213212011, 47.51693244699964]]]}}, {"type": "Feature", "properties": {"cell_id": "r008_c035", "congestion_score": 0.0, "transit_departures": 0.0, "target_count": 0.0, "employment_jobs": 0.0}, "geometry": {"type": "Polygon", "coordinates": [[[-122.22653013600599, 47.51693244699964], [-122.2244, 47.51693244699964], [-122.2244, 47.521424002874596], [-122.22653013600599, 47.521424002874596], [-122.22653013600599, 47.51693244699964]]]}}, {"type": "Feature", "properties": {"cell_id": "r009_c000", "congestion_score": 0.0, "transit_departures": 0.0, "target_count": 0.0, "employment_jobs": 0.0}, "geometry": {"type": "Polygon", "coordinates": [[[-122.4597, 47.521424002874596], [-122.45303800388588, 47.521424002874596], [-122.45303800388588, 47.52591555874955], [-122.4597, 47.52591555874955], [-122.4597, 47.521424002874596]]]}}, {"type": "Feature", "properties": {"cell_id": "r009_c001", "congestion_score": 0.0, "transit_departures": 0.0, "target_count": 0.0, "employment_jobs": 0.0}, "geometry": {"type": "Polygon", "coordinates": [[[-122.45303800388588, 47.521424002874596], [-122.44637600777176, 47.521424002874596], [-122.44637600777176, 47.52591555874955], [-122.45303800388588, 47.52591555874955], [-122.45303800388588, 47.521424002874596]]]}}, {"type": "Feature", "properties": {"cell_id": "r009_c002", "congestion_score": 0.0, "transit_departures": 0.0, "target_count": 0.0, "employment_jobs": 0.0}, "geometry": {"type": "Polygon", "coordinates": [[[-122.44637600777178, 47.521424002874596], [-122.43971401165766, 47.521424002874596], [-122.43971401165766, 47.52591555874955], [-122.44637600777178, 47.52591555874955], [-122.44637600777178, 47.521424002874596]]]}}, {"type": "Feature", "properties": {"cell_id": "r009_c003", "congestion_score": 0.0, "transit_departures": 0.0, "target_count": 0.0, "employment_jobs": 0.0}, "geometry": {"type": "Polygon", "coordinates": [[[-122.43971401165766, 47.521424002874596], [-122.43305201554354, 47.521424002874596], [-122.43305201554354, 47.52591555874955], [-122.43971401165766, 47.52591555874955], [-122.43971401165766, 47.521424002874596]]]}}, {"type": "Feature", "properties": {"cell_id": "r009_c004", "congestion_score": 0.0, "transit_departures": 0.0, "target_count": 0.0, "employment_jobs": 0.0}, "geometry": {"type": "Polygon", "coordinates": [[[-122.43305201554354, 47.521424002874596], [-122.42639001942942, 47.521424002874596], [-122.42639001942942, 47.52591555874955], [-122.43305201554354, 47.52591555874955], [-122.43305201554354, 47.521424002874596]]]}}, {"type": "Feature", "properties": {"cell_id": "r009_c005", "congestion_score": 0.0, "transit_departures": 0.0, "target_count": 0.0, "employment_jobs": 0.0}, "geometry": {"type": "Polygon", "coordinates": [[[-122.42639001942942, 47.521424002874596], [-122.4197280233153, 47.521424002874596], [-122.4197280233153, 47.52591555874955], [-122.42639001942942, 47.52591555874955], [-122.42639001942942, 47.521424002874596]]]}}, {"type": "Feature", "properties": {"cell_id": "r009_c006", "congestion_score": 0.0, "transit_departures": 0.0, "target_count": 0.0, "employment_jobs": 0.0}, "geometry": {"type": "Polygon", "coordinates": [[[-122.41972802331532, 47.521424002874596], [-122.4130660272012, 47.521424002874596], [-122.4130660272012, 47.52591555874955], [-122.41972802331532, 47.52591555874955], [-122.41972802331532, 47.521424002874596]]]}}, {"type": "Feature", "properties": {"cell_id": "r009_c007", "congestion_score": 0.0, "transit_departures": 0.0, "target_count": 0.0, "employment_jobs": 0.0}, "geometry": {"type": "Polygon", "coordinates": [[[-122.4130660272012, 47.521424002874596], [-122.40640403108708, 47.521424002874596], [-122.40640403108708, 47.52591555874955], [-122.4130660272012, 47.52591555874955], [-122.4130660272012, 47.521424002874596]]]}}, {"type": "Feature", "properties": {"cell_id": "r009_c008", "congestion_score": 0.0, "transit_departures": 0.0, "target_count": 0.0, "employment_jobs": 0.0}, "geometry": {"type": "Polygon", "coordinates": [[[-122.40640403108708, 47.521424002874596], [-122.39974203497296, 47.521424002874596], [-122.39974203497296, 47.52591555874955], [-122.40640403108708, 47.52591555874955], [-122.40640403108708, 47.521424002874596]]]}}, {"type": "Feature", "properties": {"cell_id": "r009_c009", "congestion_score": 0.0, "transit_departures": 0.0, "target_count": 0.0, "employment_jobs": 0.0}, "geometry": {"type": "Polygon", "coordinates": [[[-122.39974203497297, 47.521424002874596], [-122.39308003885886, 47.521424002874596], [-122.39308003885886, 47.52591555874955], [-122.39974203497297, 47.52591555874955], [-122.39974203497297, 47.521424002874596]]]}}, {"type": "Feature", "properties": {"cell_id": "r009_c010", "congestion_score": 0.0, "transit_departures": 0.0, "target_count": 0.0, "employment_jobs": 0.0}, "geometry": {"type": "Polygon", "coordinates": [[[-122.39308003885886, 47.521424002874596], [-122.38641804274474, 47.521424002874596], [-122.38641804274474, 47.52591555874955], [-122.39308003885886, 47.52591555874955], [-122.39308003885886, 47.521424002874596]]]}}, {"type": "Feature", "properties": {"cell_id": "r009_c011", "congestion_score": 0.0, "transit_departures": 0.0, "target_count": 0.0, "employment_jobs": 0.0}, "geometry": {"type": "Polygon", "coordinates": [[[-122.38641804274474, 47.521424002874596], [-122.37975604663062, 47.521424002874596], [-122.37975604663062, 47.52591555874955], [-122.38641804274474, 47.52591555874955], [-122.38641804274474, 47.521424002874596]]]}}, {"type": "Feature", "properties": {"cell_id": "r009_c012", "congestion_score": 0.0, "transit_departures": 0.0, "target_count": 0.0, "employment_jobs": 0.0}, "geometry": {"type": "Polygon", "coordinates": [[[-122.37975604663062, 47.521424002874596], [-122.3730940505165, 47.521424002874596], [-122.3730940505165, 47.52591555874955], [-122.37975604663062, 47.52591555874955], [-122.37975604663062, 47.521424002874596]]]}}, {"type": "Feature", "properties": {"cell_id": "r009_c013", "congestion_score": 0.0, "transit_departures": 0.0, "target_count": 0.0, "employment_jobs": 0.0}, "geometry": {"type": "Polygon", "coordinates": [[[-122.37309405051651, 47.521424002874596], [-122.3664320544024, 47.521424002874596], [-122.3664320544024, 47.52591555874955], [-122.37309405051651, 47.52591555874955], [-122.37309405051651, 47.521424002874596]]]}}, {"type": "Feature", "properties": {"cell_id": "r009_c014", "congestion_score": 0.0, "transit_departures": 0.0, "target_count": 0.0, "employment_jobs": 0.0}, "geometry": {"type": "Polygon", "coordinates": [[[-122.3664320544024, 47.521424002874596], [-122.35977005828828, 47.521424002874596], [-122.35977005828828, 47.52591555874955], [-122.3664320544024, 47.52591555874955], [-122.3664320544024, 47.521424002874596]]]}}, {"type": "Feature", "properties": {"cell_id": "r009_c015", "congestion_score": 0.0, "transit_departures": 0.0, "target_count": 0.0, "employment_jobs": 0.0}, "geometry": {"type": "Polygon", "coordinates": [[[-122.35977005828828, 47.521424002874596], [-122.35310806217416, 47.521424002874596], [-122.35310806217416, 47.52591555874955], [-122.35977005828828, 47.52591555874955], [-122.35977005828828, 47.521424002874596]]]}}, {"type": "Feature", "properties": {"cell_id": "r009_c016", "congestion_score": 0.0, "transit_departures": 0.0, "target_count": 0.0, "employment_jobs": 0.0}, "geometry": {"type": "Polygon", "coordinates": [[[-122.35310806217417, 47.521424002874596], [-122.34644606606005, 47.521424002874596], [-122.34644606606005, 47.52591555874955], [-122.35310806217417, 47.52591555874955], [-122.35310806217417, 47.521424002874596]]]}}, {"type": "Feature", "properties": {"cell_id": "r009_c017", "congestion_score": 0.0, "transit_departures": 0.0, "target_count": 0.0, "employment_jobs": 0.0}, "geometry": {"type": "Polygon", "coordinates": [[[-122.34644606606005, 47.521424002874596], [-122.33978406994594, 47.521424002874596], [-122.33978406994594, 47.52591555874955], [-122.34644606606005, 47.52591555874955], [-122.34644606606005, 47.521424002874596]]]}}, {"type": "Feature", "properties": {"cell_id": "r009_c018", "congestion_score": 0.0, "transit_departures": 0.0, "target_count": 0.0, "employment_jobs": 0.0}, "geometry": {"type": "Polygon", "coordinates": [[[-122.33978406994594, 47.521424002874596], [-122.33312207383182, 47.521424002874596], [-122.33312207383182, 47.52591555874955], [-122.33978406994594, 47.52591555874955], [-122.33978406994594, 47.521424002874596]]]}}, {"type": "Feature", "properties": {"cell_id": "r009_c019", "congestion_score": 0.0, "transit_departures": 0.0, "target_count": 0.0, "employment_jobs": 0.0}, "geometry": {"type": "Polygon", "coordinates": [[[-122.33312207383182, 47.521424002874596], [-122.3264600777177, 47.521424002874596], [-122.3264600777177, 47.52591555874955], [-122.33312207383182, 47.52591555874955], [-122.33312207383182, 47.521424002874596]]]}}, {"type": "Feature", "properties": {"cell_id": "r009_c020", "congestion_score": 0.0, "transit_departures": 0.0, "target_count": 0.0, "employment_jobs": 0.0}, "geometry": {"type": "Polygon", "coordinates": [[[-122.32646007771771, 47.521424002874596], [-122.3197980816036, 47.521424002874596], [-122.3197980816036, 47.52591555874955], [-122.32646007771771, 47.52591555874955], [-122.32646007771771, 47.521424002874596]]]}}, {"type": "Feature", "properties": {"cell_id": "r009_c021", "congestion_score": 0.0, "transit_departures": 0.0, "target_count": 0.0, "employment_jobs": 0.0}, "geometry": {"type": "Polygon", "coordinates": [[[-122.3197980816036, 47.521424002874596], [-122.31313608548948, 47.521424002874596], [-122.31313608548948, 47.52591555874955], [-122.3197980816036, 47.52591555874955], [-122.3197980816036, 47.521424002874596]]]}}, {"type": "Feature", "properties": {"cell_id": "r009_c022", "congestion_score": 0.0, "transit_departures": 0.0, "target_count": 0.0, "employment_jobs": 0.0}, "geometry": {"type": "Polygon", "coordinates": [[[-122.31313608548948, 47.521424002874596], [-122.30647408937536, 47.521424002874596], [-122.30647408937536, 47.52591555874955], [-122.31313608548948, 47.52591555874955], [-122.31313608548948, 47.521424002874596]]]}}, {"type": "Feature", "properties": {"cell_id": "r009_c023", "congestion_score": 0.0, "transit_departures": 0.0, "target_count": 0.0, "employment_jobs": 0.0}, "geometry": {"type": "Polygon", "coordinates": [[[-122.30647408937537, 47.521424002874596], [-122.29981209326125, 47.521424002874596], [-122.29981209326125, 47.52591555874955], [-122.30647408937537, 47.52591555874955], [-122.30647408937537, 47.521424002874596]]]}}, {"type": "Feature", "properties": {"cell_id": "r009_c024", "congestion_score": 0.0, "transit_departures": 0.0, "target_count": 0.0, "employment_jobs": 0.0}, "geometry": {"type": "Polygon", "coordinates": [[[-122.29981209326125, 47.521424002874596], [-122.29315009714713, 47.521424002874596], [-122.29315009714713, 47.52591555874955], [-122.29981209326125, 47.52591555874955], [-122.29981209326125, 47.521424002874596]]]}}, {"type": "Feature", "properties": {"cell_id": "r009_c025", "congestion_score": 0.0, "transit_departures": 0.0, "target_count": 0.0, "employment_jobs": 0.0}, "geometry": {"type": "Polygon", "coordinates": [[[-122.29315009714713, 47.521424002874596], [-122.28648810103302, 47.521424002874596], [-122.28648810103302, 47.52591555874955], [-122.29315009714713, 47.52591555874955], [-122.29315009714713, 47.521424002874596]]]}}, {"type": "Feature", "properties": {"cell_id": "r009_c026", "congestion_score": 0.0, "transit_departures": 0.0, "target_count": 0.0, "employment_jobs": 0.0}, "geometry": {"type": "Polygon", "coordinates": [[[-122.28648810103302, 47.521424002874596], [-122.2798261049189, 47.521424002874596], [-122.2798261049189, 47.52591555874955], [-122.28648810103302, 47.52591555874955], [-122.28648810103302, 47.521424002874596]]]}}, {"type": "Feature", "properties": {"cell_id": "r009_c027", "congestion_score": 0.0, "transit_departures": 0.0, "target_count": 0.0, "employment_jobs": 0.0}, "geometry": {"type": "Polygon", "coordinates": [[[-122.27982610491891, 47.521424002874596], [-122.27316410880479, 47.521424002874596], [-122.27316410880479, 47.52591555874955], [-122.27982610491891, 47.52591555874955], [-122.27982610491891, 47.521424002874596]]]}}, {"type": "Feature", "properties": {"cell_id": "r009_c028", "congestion_score": 0.0, "transit_departures": 0.0, "target_count": 0.0, "employment_jobs": 0.0}, "geometry": {"type": "Polygon", "coordinates": [[[-122.27316410880479, 47.521424002874596], [-122.26650211269067, 47.521424002874596], [-122.26650211269067, 47.52591555874955], [-122.27316410880479, 47.52591555874955], [-122.27316410880479, 47.521424002874596]]]}}, {"type": "Feature", "properties": {"cell_id": "r009_c029", "congestion_score": 0.0, "transit_departures": 0.0, "target_count": 0.0, "employment_jobs": 0.0}, "geometry": {"type": "Polygon", "coordinates": [[[-122.26650211269067, 47.521424002874596], [-122.25984011657656, 47.521424002874596], [-122.25984011657656, 47.52591555874955], [-122.26650211269067, 47.52591555874955], [-122.26650211269067, 47.521424002874596]]]}}, {"type": "Feature", "properties": {"cell_id": "r009_c030", "congestion_score": 0.0, "transit_departures": 0.0, "target_count": 0.0, "employment_jobs": 0.0}, "geometry": {"type": "Polygon", "coordinates": [[[-122.25984011657657, 47.521424002874596], [-122.25317812046245, 47.521424002874596], [-122.25317812046245, 47.52591555874955], [-122.25984011657657, 47.52591555874955], [-122.25984011657657, 47.521424002874596]]]}}, {"type": "Feature", "properties": {"cell_id": "r009_c031", "congestion_score": 0.0, "transit_departures": 0.0, "target_count": 0.0, "employment_jobs": 0.0}, "geometry": {"type": "Polygon", "coordinates": [[[-122.25317812046245, 47.521424002874596], [-122.24651612434833, 47.521424002874596], [-122.24651612434833, 47.52591555874955], [-122.25317812046245, 47.52591555874955], [-122.25317812046245, 47.521424002874596]]]}}, {"type": "Feature", "properties": {"cell_id": "r009_c032", "congestion_score": 0.0, "transit_departures": 0.0, "target_count": 0.0, "employment_jobs": 0.0}, "geometry": {"type": "Polygon", "coordinates": [[[-122.24651612434833, 47.521424002874596], [-122.23985412823421, 47.521424002874596], [-122.23985412823421, 47.52591555874955], [-122.24651612434833, 47.52591555874955], [-122.24651612434833, 47.521424002874596]]]}}, {"type": "Feature", "properties": {"cell_id": "r009_c033", "congestion_score": 0.0, "transit_departures": 0.0, "target_count": 0.0, "employment_jobs": 0.0}, "geometry": {"type": "Polygon", "coordinates": [[[-122.23985412823421, 47.521424002874596], [-122.2331921321201, 47.521424002874596], [-122.2331921321201, 47.52591555874955], [-122.23985412823421, 47.52591555874955], [-122.23985412823421, 47.521424002874596]]]}}, {"type": "Feature", "properties": {"cell_id": "r009_c034", "congestion_score": 0.0, "transit_departures": 0.0, "target_count": 0.0, "employment_jobs": 0.0}, "geometry": {"type": "Polygon", "coordinates": [[[-122.23319213212011, 47.521424002874596], [-122.22653013600599, 47.521424002874596], [-122.22653013600599, 47.52591555874955], [-122.23319213212011, 47.52591555874955], [-122.23319213212011, 47.521424002874596]]]}}, {"type": "Feature", "properties": {"cell_id": "r009_c035", "congestion_score": 0.0, "transit_departures": 0.0, "target_count": 0.0, "employment_jobs": 0.0}, "geometry": {"type": "Polygon", "coordinates": [[[-122.22653013600599, 47.521424002874596], [-122.2244, 47.521424002874596], [-122.2244, 47.52591555874955], [-122.22653013600599, 47.52591555874955], [-122.22653013600599, 47.521424002874596]]]}}, {"type": "Feature", "properties": {"cell_id": "r010_c000", "congestion_score": 0.0, "transit_departures": 0.0, "target_count": 0.0, "employment_jobs": 0.0}, "geometry": {"type": "Polygon", "coordinates": [[[-122.4597, 47.52591555874955], [-122.45303800388588, 47.52591555874955], [-122.45303800388588, 47.53040711462451], [-122.4597, 47.53040711462451], [-122.4597, 47.52591555874955]]]}}, {"type": "Feature", "properties": {"cell_id": "r010_c001", "congestion_score": 0.0, "transit_departures": 0.0, "target_count": 0.0, "employment_jobs": 0.0}, "geometry": {"type": "Polygon", "coordinates": [[[-122.45303800388588, 47.52591555874955], [-122.44637600777176, 47.52591555874955], [-122.44637600777176, 47.53040711462451], [-122.45303800388588, 47.53040711462451], [-122.45303800388588, 47.52591555874955]]]}}, {"type": "Feature", "properties": {"cell_id": "r010_c002", "congestion_score": 0.0, "transit_departures": 0.0, "target_count": 0.0, "employment_jobs": 0.0}, "geometry": {"type": "Polygon", "coordinates": [[[-122.44637600777178, 47.52591555874955], [-122.43971401165766, 47.52591555874955], [-122.43971401165766, 47.53040711462451], [-122.44637600777178, 47.53040711462451], [-122.44637600777178, 47.52591555874955]]]}}, {"type": "Feature", "properties": {"cell_id": "r010_c003", "congestion_score": 0.0, "transit_departures": 0.0, "target_count": 0.0, "employment_jobs": 0.0}, "geometry": {"type": "Polygon", "coordinates": [[[-122.43971401165766, 47.52591555874955], [-122.43305201554354, 47.52591555874955], [-122.43305201554354, 47.53040711462451], [-122.43971401165766, 47.53040711462451], [-122.43971401165766, 47.52591555874955]]]}}, {"type": "Feature", "properties": {"cell_id": "r010_c004", "congestion_score": 0.0, "transit_departures": 0.0, "target_count": 0.0, "employment_jobs": 0.0}, "geometry": {"type": "Polygon", "coordinates": [[[-122.43305201554354, 47.52591555874955], [-122.42639001942942, 47.52591555874955], [-122.42639001942942, 47.53040711462451], [-122.43305201554354, 47.53040711462451], [-122.43305201554354, 47.52591555874955]]]}}, {"type": "Feature", "properties": {"cell_id": "r010_c005", "congestion_score": 0.0, "transit_departures": 0.0, "target_count": 0.0, "employment_jobs": 0.0}, "geometry": {"type": "Polygon", "coordinates": [[[-122.42639001942942, 47.52591555874955], [-122.4197280233153, 47.52591555874955], [-122.4197280233153, 47.53040711462451], [-122.42639001942942, 47.53040711462451], [-122.42639001942942, 47.52591555874955]]]}}, {"type": "Feature", "properties": {"cell_id": "r010_c006", "congestion_score": 0.0, "transit_departures": 0.0, "target_count": 0.0, "employment_jobs": 0.0}, "geometry": {"type": "Polygon", "coordinates": [[[-122.41972802331532, 47.52591555874955], [-122.4130660272012, 47.52591555874955], [-122.4130660272012, 47.53040711462451], [-122.41972802331532, 47.53040711462451], [-122.41972802331532, 47.52591555874955]]]}}, {"type": "Feature", "properties": {"cell_id": "r010_c007", "congestion_score": 0.0, "transit_departures": 0.0, "target_count": 0.0, "employment_jobs": 0.0}, "geometry": {"type": "Polygon", "coordinates": [[[-122.4130660272012, 47.52591555874955], [-122.40640403108708, 47.52591555874955], [-122.40640403108708, 47.53040711462451], [-122.4130660272012, 47.53040711462451], [-122.4130660272012, 47.52591555874955]]]}}, {"type": "Feature", "properties": {"cell_id": "r010_c008", "congestion_score": 0.0, "transit_departures": 0.0, "target_count": 0.0, "employment_jobs": 0.0}, "geometry": {"type": "Polygon", "coordinates": [[[-122.40640403108708, 47.52591555874955], [-122.39974203497296, 47.52591555874955], [-122.39974203497296, 47.53040711462451], [-122.40640403108708, 47.53040711462451], [-122.40640403108708, 47.52591555874955]]]}}, {"type": "Feature", "properties": {"cell_id": "r010_c009", "congestion_score": 0.0, "transit_departures": 0.0, "target_count": 0.0, "employment_jobs": 0.0}, "geometry": {"type": "Polygon", "coordinates": [[[-122.39974203497297, 47.52591555874955], [-122.39308003885886, 47.52591555874955], [-122.39308003885886, 47.53040711462451], [-122.39974203497297, 47.53040711462451], [-122.39974203497297, 47.52591555874955]]]}}, {"type": "Feature", "properties": {"cell_id": "r010_c010", "congestion_score": 0.0, "transit_departures": 0.0, "target_count": 0.0, "employment_jobs": 0.0}, "geometry": {"type": "Polygon", "coordinates": [[[-122.39308003885886, 47.52591555874955], [-122.38641804274474, 47.52591555874955], [-122.38641804274474, 47.53040711462451], [-122.39308003885886, 47.53040711462451], [-122.39308003885886, 47.52591555874955]]]}}, {"type": "Feature", "properties": {"cell_id": "r010_c011", "congestion_score": 0.0, "transit_departures": 0.0, "target_count": 0.0, "employment_jobs": 0.0}, "geometry": {"type": "Polygon", "coordinates": [[[-122.38641804274474, 47.52591555874955], [-122.37975604663062, 47.52591555874955], [-122.37975604663062, 47.53040711462451], [-122.38641804274474, 47.53040711462451], [-122.38641804274474, 47.52591555874955]]]}}, {"type": "Feature", "properties": {"cell_id": "r010_c012", "congestion_score": 0.0, "transit_departures": 0.0, "target_count": 0.0, "employment_jobs": 0.0}, "geometry": {"type": "Polygon", "coordinates": [[[-122.37975604663062, 47.52591555874955], [-122.3730940505165, 47.52591555874955], [-122.3730940505165, 47.53040711462451], [-122.37975604663062, 47.53040711462451], [-122.37975604663062, 47.52591555874955]]]}}, {"type": "Feature", "properties": {"cell_id": "r010_c013", "congestion_score": 0.0, "transit_departures": 0.0, "target_count": 0.0, "employment_jobs": 0.0}, "geometry": {"type": "Polygon", "coordinates": [[[-122.37309405051651, 47.52591555874955], [-122.3664320544024, 47.52591555874955], [-122.3664320544024, 47.53040711462451], [-122.37309405051651, 47.53040711462451], [-122.37309405051651, 47.52591555874955]]]}}, {"type": "Feature", "properties": {"cell_id": "r010_c014", "congestion_score": 0.0, "transit_departures": 0.0, "target_count": 0.0, "employment_jobs": 0.0}, "geometry": {"type": "Polygon", "coordinates": [[[-122.3664320544024, 47.52591555874955], [-122.35977005828828, 47.52591555874955], [-122.35977005828828, 47.53040711462451], [-122.3664320544024, 47.53040711462451], [-122.3664320544024, 47.52591555874955]]]}}, {"type": "Feature", "properties": {"cell_id": "r010_c015", "congestion_score": 0.0, "transit_departures": 0.0, "target_count": 0.0, "employment_jobs": 0.0}, "geometry": {"type": "Polygon", "coordinates": [[[-122.35977005828828, 47.52591555874955], [-122.35310806217416, 47.52591555874955], [-122.35310806217416, 47.53040711462451], [-122.35977005828828, 47.53040711462451], [-122.35977005828828, 47.52591555874955]]]}}, {"type": "Feature", "properties": {"cell_id": "r010_c016", "congestion_score": 0.0, "transit_departures": 0.0, "target_count": 0.0, "employment_jobs": 0.0}, "geometry": {"type": "Polygon", "coordinates": [[[-122.35310806217417, 47.52591555874955], [-122.34644606606005, 47.52591555874955], [-122.34644606606005, 47.53040711462451], [-122.35310806217417, 47.53040711462451], [-122.35310806217417, 47.52591555874955]]]}}, {"type": "Feature", "properties": {"cell_id": "r010_c017", "congestion_score": 0.0, "transit_departures": 0.0, "target_count": 0.0, "employment_jobs": 0.0}, "geometry": {"type": "Polygon", "coordinates": [[[-122.34644606606005, 47.52591555874955], [-122.33978406994594, 47.52591555874955], [-122.33978406994594, 47.53040711462451], [-122.34644606606005, 47.53040711462451], [-122.34644606606005, 47.52591555874955]]]}}, {"type": "Feature", "properties": {"cell_id": "r010_c018", "congestion_score": 0.0, "transit_departures": 0.0, "target_count": 0.0, "employment_jobs": 0.0}, "geometry": {"type": "Polygon", "coordinates": [[[-122.33978406994594, 47.52591555874955], [-122.33312207383182, 47.52591555874955], [-122.33312207383182, 47.53040711462451], [-122.33978406994594, 47.53040711462451], [-122.33978406994594, 47.52591555874955]]]}}, {"type": "Feature", "properties": {"cell_id": "r010_c019", "congestion_score": 0.0, "transit_departures": 0.0, "target_count": 0.0, "employment_jobs": 0.0}, "geometry": {"type": "Polygon", "coordinates": [[[-122.33312207383182, 47.52591555874955], [-122.3264600777177, 47.52591555874955], [-122.3264600777177, 47.53040711462451], [-122.33312207383182, 47.53040711462451], [-122.33312207383182, 47.52591555874955]]]}}, {"type": "Feature", "properties": {"cell_id": "r010_c020", "congestion_score": 0.0, "transit_departures": 0.0, "target_count": 0.0, "employment_jobs": 0.0}, "geometry": {"type": "Polygon", "coordinates": [[[-122.32646007771771, 47.52591555874955], [-122.3197980816036, 47.52591555874955], [-122.3197980816036, 47.53040711462451], [-122.32646007771771, 47.53040711462451], [-122.32646007771771, 47.52591555874955]]]}}, {"type": "Feature", "properties": {"cell_id": "r010_c021", "congestion_score": 0.0, "transit_departures": 0.0, "target_count": 0.0, "employment_jobs": 0.0}, "geometry": {"type": "Polygon", "coordinates": [[[-122.3197980816036, 47.52591555874955], [-122.31313608548948, 47.52591555874955], [-122.31313608548948, 47.53040711462451], [-122.3197980816036, 47.53040711462451], [-122.3197980816036, 47.52591555874955]]]}}, {"type": "Feature", "properties": {"cell_id": "r010_c022", "congestion_score": 0.0, "transit_departures": 0.0, "target_count": 0.0, "employment_jobs": 0.0}, "geometry": {"type": "Polygon", "coordinates": [[[-122.31313608548948, 47.52591555874955], [-122.30647408937536, 47.52591555874955], [-122.30647408937536, 47.53040711462451], [-122.31313608548948, 47.53040711462451], [-122.31313608548948, 47.52591555874955]]]}}, {"type": "Feature", "properties": {"cell_id": "r010_c023", "congestion_score": 0.0, "transit_departures": 0.0, "target_count": 0.0, "employment_jobs": 0.0}, "geometry": {"type": "Polygon", "coordinates": [[[-122.30647408937537, 47.52591555874955], [-122.29981209326125, 47.52591555874955], [-122.29981209326125, 47.53040711462451], [-122.30647408937537, 47.53040711462451], [-122.30647408937537, 47.52591555874955]]]}}, {"type": "Feature", "properties": {"cell_id": "r010_c024", "congestion_score": 0.0, "transit_departures": 0.0, "target_count": 0.0, "employment_jobs": 0.0}, "geometry": {"type": "Polygon", "coordinates": [[[-122.29981209326125, 47.52591555874955], [-122.29315009714713, 47.52591555874955], [-122.29315009714713, 47.53040711462451], [-122.29981209326125, 47.53040711462451], [-122.29981209326125, 47.52591555874955]]]}}, {"type": "Feature", "properties": {"cell_id": "r010_c025", "congestion_score": 0.0, "transit_departures": 0.0, "target_count": 0.0, "employment_jobs": 0.0}, "geometry": {"type": "Polygon", "coordinates": [[[-122.29315009714713, 47.52591555874955], [-122.28648810103302, 47.52591555874955], [-122.28648810103302, 47.53040711462451], [-122.29315009714713, 47.53040711462451], [-122.29315009714713, 47.52591555874955]]]}}, {"type": "Feature", "properties": {"cell_id": "r010_c026", "congestion_score": 0.0, "transit_departures": 0.0, "target_count": 0.0, "employment_jobs": 0.0}, "geometry": {"type": "Polygon", "coordinates": [[[-122.28648810103302, 47.52591555874955], [-122.2798261049189, 47.52591555874955], [-122.2798261049189, 47.53040711462451], [-122.28648810103302, 47.53040711462451], [-122.28648810103302, 47.52591555874955]]]}}, {"type": "Feature", "properties": {"cell_id": "r010_c027", "congestion_score": 0.0, "transit_departures": 0.0, "target_count": 0.0, "employment_jobs": 0.0}, "geometry": {"type": "Polygon", "coordinates": [[[-122.27982610491891, 47.52591555874955], [-122.27316410880479, 47.52591555874955], [-122.27316410880479, 47.53040711462451], [-122.27982610491891, 47.53040711462451], [-122.27982610491891, 47.52591555874955]]]}}, {"type": "Feature", "properties": {"cell_id": "r010_c028", "congestion_score": 0.0, "transit_departures": 0.0, "target_count": 0.0, "employment_jobs": 0.0}, "geometry": {"type": "Polygon", "coordinates": [[[-122.27316410880479, 47.52591555874955], [-122.26650211269067, 47.52591555874955], [-122.26650211269067, 47.53040711462451], [-122.27316410880479, 47.53040711462451], [-122.27316410880479, 47.52591555874955]]]}}, {"type": "Feature", "properties": {"cell_id": "r010_c029", "congestion_score": 0.0, "transit_departures": 0.0, "target_count": 0.0, "employment_jobs": 0.0}, "geometry": {"type": "Polygon", "coordinates": [[[-122.26650211269067, 47.52591555874955], [-122.25984011657656, 47.52591555874955], [-122.25984011657656, 47.53040711462451], [-122.26650211269067, 47.53040711462451], [-122.26650211269067, 47.52591555874955]]]}}, {"type": "Feature", "properties": {"cell_id": "r010_c030", "congestion_score": 0.0, "transit_departures": 0.0, "target_count": 0.0, "employment_jobs": 0.0}, "geometry": {"type": "Polygon", "coordinates": [[[-122.25984011657657, 47.52591555874955], [-122.25317812046245, 47.52591555874955], [-122.25317812046245, 47.53040711462451], [-122.25984011657657, 47.53040711462451], [-122.25984011657657, 47.52591555874955]]]}}, {"type": "Feature", "properties": {"cell_id": "r010_c031", "congestion_score": 0.0, "transit_departures": 0.0, "target_count": 0.0, "employment_jobs": 0.0}, "geometry": {"type": "Polygon", "coordinates": [[[-122.25317812046245, 47.52591555874955], [-122.24651612434833, 47.52591555874955], [-122.24651612434833, 47.53040711462451], [-122.25317812046245, 47.53040711462451], [-122.25317812046245, 47.52591555874955]]]}}, {"type": "Feature", "properties": {"cell_id": "r010_c032", "congestion_score": 0.0, "transit_departures": 0.0, "target_count": 0.0, "employment_jobs": 0.0}, "geometry": {"type": "Polygon", "coordinates": [[[-122.24651612434833, 47.52591555874955], [-122.23985412823421, 47.52591555874955], [-122.23985412823421, 47.53040711462451], [-122.24651612434833, 47.53040711462451], [-122.24651612434833, 47.52591555874955]]]}}, {"type": "Feature", "properties": {"cell_id": "r010_c033", "congestion_score": 0.0, "transit_departures": 0.0, "target_count": 0.0, "employment_jobs": 0.0}, "geometry": {"type": "Polygon", "coordinates": [[[-122.23985412823421, 47.52591555874955], [-122.2331921321201, 47.52591555874955], [-122.2331921321201, 47.53040711462451], [-122.23985412823421, 47.53040711462451], [-122.23985412823421, 47.52591555874955]]]}}, {"type": "Feature", "properties": {"cell_id": "r010_c034", "congestion_score": 0.0, "transit_departures": 0.0, "target_count": 0.0, "employment_jobs": 0.0}, "geometry": {"type": "Polygon", "coordinates": [[[-122.23319213212011, 47.52591555874955], [-122.22653013600599, 47.52591555874955], [-122.22653013600599, 47.53040711462451], [-122.23319213212011, 47.53040711462451], [-122.23319213212011, 47.52591555874955]]]}}, {"type": "Feature", "properties": {"cell_id": "r010_c035", "congestion_score": 0.0, "transit_departures": 0.0, "target_count": 0.0, "employment_jobs": 0.0}, "geometry": {"type": "Polygon", "coordinates": [[[-122.22653013600599, 47.52591555874955], [-122.2244, 47.52591555874955], [-122.2244, 47.53040711462451], [-122.22653013600599, 47.53040711462451], [-122.22653013600599, 47.52591555874955]]]}}, {"type": "Feature", "properties": {"cell_id": "r011_c000", "congestion_score": 0.0, "transit_departures": 0.0, "target_count": 0.0, "employment_jobs": 0.0}, "geometry": {"type": "Polygon", "coordinates": [[[-122.4597, 47.53040711462451], [-122.45303800388588, 47.53040711462451], [-122.45303800388588, 47.534898670499466], [-122.4597, 47.534898670499466], [-122.4597, 47.53040711462451]]]}}, {"type": "Feature", "properties": {"cell_id": "r011_c001", "congestion_score": 0.0, "transit_departures": 0.0, "target_count": 0.0, "employment_jobs": 0.0}, "geometry": {"type": "Polygon", "coordinates": [[[-122.45303800388588, 47.53040711462451], [-122.44637600777176, 47.53040711462451], [-122.44637600777176, 47.534898670499466], [-122.45303800388588, 47.534898670499466], [-122.45303800388588, 47.53040711462451]]]}}, {"type": "Feature", "properties": {"cell_id": "r011_c002", "congestion_score": 0.0, "transit_departures": 0.0, "target_count": 0.0, "employment_jobs": 0.0}, "geometry": {"type": "Polygon", "coordinates": [[[-122.44637600777178, 47.53040711462451], [-122.43971401165766, 47.53040711462451], [-122.43971401165766, 47.534898670499466], [-122.44637600777178, 47.534898670499466], [-122.44637600777178, 47.53040711462451]]]}}, {"type": "Feature", "properties": {"cell_id": "r011_c003", "congestion_score": 0.0, "transit_departures": 0.0, "target_count": 0.0, "employment_jobs": 0.0}, "geometry": {"type": "Polygon", "coordinates": [[[-122.43971401165766, 47.53040711462451], [-122.43305201554354, 47.53040711462451], [-122.43305201554354, 47.534898670499466], [-122.43971401165766, 47.534898670499466], [-122.43971401165766, 47.53040711462451]]]}}, {"type": "Feature", "properties": {"cell_id": "r011_c004", "congestion_score": 0.0, "transit_departures": 0.0, "target_count": 0.0, "employment_jobs": 0.0}, "geometry": {"type": "Polygon", "coordinates": [[[-122.43305201554354, 47.53040711462451], [-122.42639001942942, 47.53040711462451], [-122.42639001942942, 47.534898670499466], [-122.43305201554354, 47.534898670499466], [-122.43305201554354, 47.53040711462451]]]}}, {"type": "Feature", "properties": {"cell_id": "r011_c005", "congestion_score": 0.0, "transit_departures": 0.0, "target_count": 0.0, "employment_jobs": 0.0}, "geometry": {"type": "Polygon", "coordinates": [[[-122.42639001942942, 47.53040711462451], [-122.4197280233153, 47.53040711462451], [-122.4197280233153, 47.534898670499466], [-122.42639001942942, 47.534898670499466], [-122.42639001942942, 47.53040711462451]]]}}, {"type": "Feature", "properties": {"cell_id": "r011_c006", "congestion_score": 0.0, "transit_departures": 0.0, "target_count": 0.0, "employment_jobs": 0.0}, "geometry": {"type": "Polygon", "coordinates": [[[-122.41972802331532, 47.53040711462451], [-122.4130660272012, 47.53040711462451], [-122.4130660272012, 47.534898670499466], [-122.41972802331532, 47.534898670499466], [-122.41972802331532, 47.53040711462451]]]}}, {"type": "Feature", "properties": {"cell_id": "r011_c007", "congestion_score": 0.0, "transit_departures": 0.0, "target_count": 0.0, "employment_jobs": 0.0}, "geometry": {"type": "Polygon", "coordinates": [[[-122.4130660272012, 47.53040711462451], [-122.40640403108708, 47.53040711462451], [-122.40640403108708, 47.534898670499466], [-122.4130660272012, 47.534898670499466], [-122.4130660272012, 47.53040711462451]]]}}, {"type": "Feature", "properties": {"cell_id": "r011_c008", "congestion_score": 0.0, "transit_departures": 0.0, "target_count": 0.0, "employment_jobs": 0.0}, "geometry": {"type": "Polygon", "coordinates": [[[-122.40640403108708, 47.53040711462451], [-122.39974203497296, 47.53040711462451], [-122.39974203497296, 47.534898670499466], [-122.40640403108708, 47.534898670499466], [-122.40640403108708, 47.53040711462451]]]}}, {"type": "Feature", "properties": {"cell_id": "r011_c009", "congestion_score": 0.0, "transit_departures": 0.0, "target_count": 0.0, "employment_jobs": 0.0}, "geometry": {"type": "Polygon", "coordinates": [[[-122.39974203497297, 47.53040711462451], [-122.39308003885886, 47.53040711462451], [-122.39308003885886, 47.534898670499466], [-122.39974203497297, 47.534898670499466], [-122.39974203497297, 47.53040711462451]]]}}, {"type": "Feature", "properties": {"cell_id": "r011_c010", "congestion_score": 0.0, "transit_departures": 0.0, "target_count": 0.0, "employment_jobs": 0.0}, "geometry": {"type": "Polygon", "coordinates": [[[-122.39308003885886, 47.53040711462451], [-122.38641804274474, 47.53040711462451], [-122.38641804274474, 47.534898670499466], [-122.39308003885886, 47.534898670499466], [-122.39308003885886, 47.53040711462451]]]}}, {"type": "Feature", "properties": {"cell_id": "r011_c011", "congestion_score": 0.0, "transit_departures": 0.0, "target_count": 0.0, "employment_jobs": 0.0}, "geometry": {"type": "Polygon", "coordinates": [[[-122.38641804274474, 47.53040711462451], [-122.37975604663062, 47.53040711462451], [-122.37975604663062, 47.534898670499466], [-122.38641804274474, 47.534898670499466], [-122.38641804274474, 47.53040711462451]]]}}, {"type": "Feature", "properties": {"cell_id": "r011_c012", "congestion_score": 0.0, "transit_departures": 0.0, "target_count": 0.0, "employment_jobs": 0.0}, "geometry": {"type": "Polygon", "coordinates": [[[-122.37975604663062, 47.53040711462451], [-122.3730940505165, 47.53040711462451], [-122.3730940505165, 47.534898670499466], [-122.37975604663062, 47.534898670499466], [-122.37975604663062, 47.53040711462451]]]}}, {"type": "Feature", "properties": {"cell_id": "r011_c013", "congestion_score": 0.0, "transit_departures": 0.0, "target_count": 0.0, "employment_jobs": 0.0}, "geometry": {"type": "Polygon", "coordinates": [[[-122.37309405051651, 47.53040711462451], [-122.3664320544024, 47.53040711462451], [-122.3664320544024, 47.534898670499466], [-122.37309405051651, 47.534898670499466], [-122.37309405051651, 47.53040711462451]]]}}, {"type": "Feature", "properties": {"cell_id": "r011_c014", "congestion_score": 0.0, "transit_departures": 0.0, "target_count": 0.0, "employment_jobs": 0.0}, "geometry": {"type": "Polygon", "coordinates": [[[-122.3664320544024, 47.53040711462451], [-122.35977005828828, 47.53040711462451], [-122.35977005828828, 47.534898670499466], [-122.3664320544024, 47.534898670499466], [-122.3664320544024, 47.53040711462451]]]}}, {"type": "Feature", "properties": {"cell_id": "r011_c015", "congestion_score": 0.0, "transit_departures": 0.0, "target_count": 0.0, "employment_jobs": 0.0}, "geometry": {"type": "Polygon", "coordinates": [[[-122.35977005828828, 47.53040711462451], [-122.35310806217416, 47.53040711462451], [-122.35310806217416, 47.534898670499466], [-122.35977005828828, 47.534898670499466], [-122.35977005828828, 47.53040711462451]]]}}, {"type": "Feature", "properties": {"cell_id": "r011_c016", "congestion_score": 0.0, "transit_departures": 0.0, "target_count": 0.0, "employment_jobs": 0.0}, "geometry": {"type": "Polygon", "coordinates": [[[-122.35310806217417, 47.53040711462451], [-122.34644606606005, 47.53040711462451], [-122.34644606606005, 47.534898670499466], [-122.35310806217417, 47.534898670499466], [-122.35310806217417, 47.53040711462451]]]}}, {"type": "Feature", "properties": {"cell_id": "r011_c017", "congestion_score": 0.0, "transit_departures": 0.0, "target_count": 0.0, "employment_jobs": 0.0}, "geometry": {"type": "Polygon", "coordinates": [[[-122.34644606606005, 47.53040711462451], [-122.33978406994594, 47.53040711462451], [-122.33978406994594, 47.534898670499466], [-122.34644606606005, 47.534898670499466], [-122.34644606606005, 47.53040711462451]]]}}, {"type": "Feature", "properties": {"cell_id": "r011_c018", "congestion_score": 0.0, "transit_departures": 0.0, "target_count": 0.0, "employment_jobs": 0.0}, "geometry": {"type": "Polygon", "coordinates": [[[-122.33978406994594, 47.53040711462451], [-122.33312207383182, 47.53040711462451], [-122.33312207383182, 47.534898670499466], [-122.33978406994594, 47.534898670499466], [-122.33978406994594, 47.53040711462451]]]}}, {"type": "Feature", "properties": {"cell_id": "r011_c019", "congestion_score": 0.0, "transit_departures": 0.0, "target_count": 0.0, "employment_jobs": 0.0}, "geometry": {"type": "Polygon", "coordinates": [[[-122.33312207383182, 47.53040711462451], [-122.3264600777177, 47.53040711462451], [-122.3264600777177, 47.534898670499466], [-122.33312207383182, 47.534898670499466], [-122.33312207383182, 47.53040711462451]]]}}, {"type": "Feature", "properties": {"cell_id": "r011_c020", "congestion_score": 0.0, "transit_departures": 0.0, "target_count": 0.0, "employment_jobs": 0.0}, "geometry": {"type": "Polygon", "coordinates": [[[-122.32646007771771, 47.53040711462451], [-122.3197980816036, 47.53040711462451], [-122.3197980816036, 47.534898670499466], [-122.32646007771771, 47.534898670499466], [-122.32646007771771, 47.53040711462451]]]}}, {"type": "Feature", "properties": {"cell_id": "r011_c021", "congestion_score": 0.0, "transit_departures": 0.0, "target_count": 0.0, "employment_jobs": 0.0}, "geometry": {"type": "Polygon", "coordinates": [[[-122.3197980816036, 47.53040711462451], [-122.31313608548948, 47.53040711462451], [-122.31313608548948, 47.534898670499466], [-122.3197980816036, 47.534898670499466], [-122.3197980816036, 47.53040711462451]]]}}, {"type": "Feature", "properties": {"cell_id": "r011_c022", "congestion_score": 0.0, "transit_departures": 0.0, "target_count": 0.0, "employment_jobs": 0.0}, "geometry": {"type": "Polygon", "coordinates": [[[-122.31313608548948, 47.53040711462451], [-122.30647408937536, 47.53040711462451], [-122.30647408937536, 47.534898670499466], [-122.31313608548948, 47.534898670499466], [-122.31313608548948, 47.53040711462451]]]}}, {"type": "Feature", "properties": {"cell_id": "r011_c023", "congestion_score": 0.0, "transit_departures": 0.0, "target_count": 0.0, "employment_jobs": 0.0}, "geometry": {"type": "Polygon", "coordinates": [[[-122.30647408937537, 47.53040711462451], [-122.29981209326125, 47.53040711462451], [-122.29981209326125, 47.534898670499466], [-122.30647408937537, 47.534898670499466], [-122.30647408937537, 47.53040711462451]]]}}, {"type": "Feature", "properties": {"cell_id": "r011_c024", "congestion_score": 0.0, "transit_departures": 0.0, "target_count": 0.0, "employment_jobs": 0.0}, "geometry": {"type": "Polygon", "coordinates": [[[-122.29981209326125, 47.53040711462451], [-122.29315009714713, 47.53040711462451], [-122.29315009714713, 47.534898670499466], [-122.29981209326125, 47.534898670499466], [-122.29981209326125, 47.53040711462451]]]}}, {"type": "Feature", "properties": {"cell_id": "r011_c025", "congestion_score": 0.0, "transit_departures": 0.0, "target_count": 0.0, "employment_jobs": 0.0}, "geometry": {"type": "Polygon", "coordinates": [[[-122.29315009714713, 47.53040711462451], [-122.28648810103302, 47.53040711462451], [-122.28648810103302, 47.534898670499466], [-122.29315009714713, 47.534898670499466], [-122.29315009714713, 47.53040711462451]]]}}, {"type": "Feature", "properties": {"cell_id": "r011_c026", "congestion_score": 0.0, "transit_departures": 0.0, "target_count": 0.0, "employment_jobs": 0.0}, "geometry": {"type": "Polygon", "coordinates": [[[-122.28648810103302, 47.53040711462451], [-122.2798261049189, 47.53040711462451], [-122.2798261049189, 47.534898670499466], [-122.28648810103302, 47.534898670499466], [-122.28648810103302, 47.53040711462451]]]}}, {"type": "Feature", "properties": {"cell_id": "r011_c027", "congestion_score": 0.0, "transit_departures": 0.0, "target_count": 0.0, "employment_jobs": 0.0}, "geometry": {"type": "Polygon", "coordinates": [[[-122.27982610491891, 47.53040711462451], [-122.27316410880479, 47.53040711462451], [-122.27316410880479, 47.534898670499466], [-122.27982610491891, 47.534898670499466], [-122.27982610491891, 47.53040711462451]]]}}, {"type": "Feature", "properties": {"cell_id": "r011_c028", "congestion_score": 0.0, "transit_departures": 0.0, "target_count": 0.0, "employment_jobs": 0.0}, "geometry": {"type": "Polygon", "coordinates": [[[-122.27316410880479, 47.53040711462451], [-122.26650211269067, 47.53040711462451], [-122.26650211269067, 47.534898670499466], [-122.27316410880479, 47.534898670499466], [-122.27316410880479, 47.53040711462451]]]}}, {"type": "Feature", "properties": {"cell_id": "r011_c029", "congestion_score": 0.0, "transit_departures": 0.0, "target_count": 0.0, "employment_jobs": 0.0}, "geometry": {"type": "Polygon", "coordinates": [[[-122.26650211269067, 47.53040711462451], [-122.25984011657656, 47.53040711462451], [-122.25984011657656, 47.534898670499466], [-122.26650211269067, 47.534898670499466], [-122.26650211269067, 47.53040711462451]]]}}, {"type": "Feature", "properties": {"cell_id": "r011_c030", "congestion_score": 0.0, "transit_departures": 0.0, "target_count": 0.0, "employment_jobs": 0.0}, "geometry": {"type": "Polygon", "coordinates": [[[-122.25984011657657, 47.53040711462451], [-122.25317812046245, 47.53040711462451], [-122.25317812046245, 47.534898670499466], [-122.25984011657657, 47.534898670499466], [-122.25984011657657, 47.53040711462451]]]}}, {"type": "Feature", "properties": {"cell_id": "r011_c031", "congestion_score": 0.0, "transit_departures": 0.0, "target_count": 0.0, "employment_jobs": 0.0}, "geometry": {"type": "Polygon", "coordinates": [[[-122.25317812046245, 47.53040711462451], [-122.24651612434833, 47.53040711462451], [-122.24651612434833, 47.534898670499466], [-122.25317812046245, 47.534898670499466], [-122.25317812046245, 47.53040711462451]]]}}, {"type": "Feature", "properties": {"cell_id": "r011_c032", "congestion_score": 0.0, "transit_departures": 0.0, "target_count": 0.0, "employment_jobs": 0.0}, "geometry": {"type": "Polygon", "coordinates": [[[-122.24651612434833, 47.53040711462451], [-122.23985412823421, 47.53040711462451], [-122.23985412823421, 47.534898670499466], [-122.24651612434833, 47.534898670499466], [-122.24651612434833, 47.53040711462451]]]}}, {"type": "Feature", "properties": {"cell_id": "r011_c033", "congestion_score": 0.0, "transit_departures": 0.0, "target_count": 0.0, "employment_jobs": 0.0}, "geometry": {"type": "Polygon", "coordinates": [[[-122.23985412823421, 47.53040711462451], [-122.2331921321201, 47.53040711462451], [-122.2331921321201, 47.534898670499466], [-122.23985412823421, 47.534898670499466], [-122.23985412823421, 47.53040711462451]]]}}, {"type": "Feature", "properties": {"cell_id": "r011_c034", "congestion_score": 0.0, "transit_departures": 0.0, "target_count": 0.0, "employment_jobs": 0.0}, "geometry": {"type": "Polygon", "coordinates": [[[-122.23319213212011, 47.53040711462451], [-122.22653013600599, 47.53040711462451], [-122.22653013600599, 47.534898670499466], [-122.23319213212011, 47.534898670499466], [-122.23319213212011, 47.53040711462451]]]}}, {"type": "Feature", "properties": {"cell_id": "r011_c035", "congestion_score": 0.0, "transit_departures": 0.0, "target_count": 0.0, "employment_jobs": 0.0}, "geometry": {"type": "Polygon", "coordinates": [[[-122.22653013600599, 47.53040711462451], [-122.2244, 47.53040711462451], [-122.2244, 47.534898670499466], [-122.22653013600599, 47.534898670499466], [-122.22653013600599, 47.53040711462451]]]}}, {"type": "Feature", "properties": {"cell_id": "r012_c000", "congestion_score": 0.0, "transit_departures": 0.0, "target_count": 0.0, "employment_jobs": 0.0}, "geometry": {"type": "Polygon", "coordinates": [[[-122.4597, 47.534898670499466], [-122.45303800388588, 47.534898670499466], [-122.45303800388588, 47.53939022637442], [-122.4597, 47.53939022637442], [-122.4597, 47.534898670499466]]]}}, {"type": "Feature", "properties": {"cell_id": "r012_c001", "congestion_score": 0.0, "transit_departures": 0.0, "target_count": 0.0, "employment_jobs": 0.0}, "geometry": {"type": "Polygon", "coordinates": [[[-122.45303800388588, 47.534898670499466], [-122.44637600777176, 47.534898670499466], [-122.44637600777176, 47.53939022637442], [-122.45303800388588, 47.53939022637442], [-122.45303800388588, 47.534898670499466]]]}}, {"type": "Feature", "properties": {"cell_id": "r012_c002", "congestion_score": 0.0, "transit_departures": 0.0, "target_count": 0.0, "employment_jobs": 0.0}, "geometry": {"type": "Polygon", "coordinates": [[[-122.44637600777178, 47.534898670499466], [-122.43971401165766, 47.534898670499466], [-122.43971401165766, 47.53939022637442], [-122.44637600777178, 47.53939022637442], [-122.44637600777178, 47.534898670499466]]]}}, {"type": "Feature", "properties": {"cell_id": "r012_c003", "congestion_score": 0.0, "transit_departures": 0.0, "target_count": 0.0, "employment_jobs": 0.0}, "geometry": {"type": "Polygon", "coordinates": [[[-122.43971401165766, 47.534898670499466], [-122.43305201554354, 47.534898670499466], [-122.43305201554354, 47.53939022637442], [-122.43971401165766, 47.53939022637442], [-122.43971401165766, 47.534898670499466]]]}}, {"type": "Feature", "properties": {"cell_id": "r012_c004", "congestion_score": 0.0, "transit_departures": 0.0, "target_count": 0.0, "employment_jobs": 0.0}, "geometry": {"type": "Polygon", "coordinates": [[[-122.43305201554354, 47.534898670499466], [-122.42639001942942, 47.534898670499466], [-122.42639001942942, 47.53939022637442], [-122.43305201554354, 47.53939022637442], [-122.43305201554354, 47.534898670499466]]]}}, {"type": "Feature", "properties": {"cell_id": "r012_c005", "congestion_score": 0.0, "transit_departures": 0.0, "target_count": 0.0, "employment_jobs": 0.0}, "geometry": {"type": "Polygon", "coordinates": [[[-122.42639001942942, 47.534898670499466], [-122.4197280233153, 47.534898670499466], [-122.4197280233153, 47.53939022637442], [-122.42639001942942, 47.53939022637442], [-122.42639001942942, 47.534898670499466]]]}}, {"type": "Feature", "properties": {"cell_id": "r012_c006", "congestion_score": 0.0, "transit_departures": 0.0, "target_count": 0.0, "employment_jobs": 0.0}, "geometry": {"type": "Polygon", "coordinates": [[[-122.41972802331532, 47.534898670499466], [-122.4130660272012, 47.534898670499466], [-122.4130660272012, 47.53939022637442], [-122.41972802331532, 47.53939022637442], [-122.41972802331532, 47.534898670499466]]]}}, {"type": "Feature", "properties": {"cell_id": "r012_c007", "congestion_score": 0.0, "transit_departures": 0.0, "target_count": 0.0, "employment_jobs": 0.0}, "geometry": {"type": "Polygon", "coordinates": [[[-122.4130660272012, 47.534898670499466], [-122.40640403108708, 47.534898670499466], [-122.40640403108708, 47.53939022637442], [-122.4130660272012, 47.53939022637442], [-122.4130660272012, 47.534898670499466]]]}}, {"type": "Feature", "properties": {"cell_id": "r012_c008", "congestion_score": 0.0, "transit_departures": 0.0, "target_count": 0.0, "employment_jobs": 0.0}, "geometry": {"type": "Polygon", "coordinates": [[[-122.40640403108708, 47.534898670499466], [-122.39974203497296, 47.534898670499466], [-122.39974203497296, 47.53939022637442], [-122.40640403108708, 47.53939022637442], [-122.40640403108708, 47.534898670499466]]]}}, {"type": "Feature", "properties": {"cell_id": "r012_c009", "congestion_score": 0.0, "transit_departures": 0.0, "target_count": 0.0, "employment_jobs": 0.0}, "geometry": {"type": "Polygon", "coordinates": [[[-122.39974203497297, 47.534898670499466], [-122.39308003885886, 47.534898670499466], [-122.39308003885886, 47.53939022637442], [-122.39974203497297, 47.53939022637442], [-122.39974203497297, 47.534898670499466]]]}}, {"type": "Feature", "properties": {"cell_id": "r012_c010", "congestion_score": 0.0, "transit_departures": 0.0, "target_count": 0.0, "employment_jobs": 0.0}, "geometry": {"type": "Polygon", "coordinates": [[[-122.39308003885886, 47.534898670499466], [-122.38641804274474, 47.534898670499466], [-122.38641804274474, 47.53939022637442], [-122.39308003885886, 47.53939022637442], [-122.39308003885886, 47.534898670499466]]]}}, {"type": "Feature", "properties": {"cell_id": "r012_c011", "congestion_score": 0.0, "transit_departures": 0.0, "target_count": 0.0, "employment_jobs": 0.0}, "geometry": {"type": "Polygon", "coordinates": [[[-122.38641804274474, 47.534898670499466], [-122.37975604663062, 47.534898670499466], [-122.37975604663062, 47.53939022637442], [-122.38641804274474, 47.53939022637442], [-122.38641804274474, 47.534898670499466]]]}}, {"type": "Feature", "properties": {"cell_id": "r012_c012", "congestion_score": 0.0, "transit_departures": 0.0, "target_count": 0.0, "employment_jobs": 0.0}, "geometry": {"type": "Polygon", "coordinates": [[[-122.37975604663062, 47.534898670499466], [-122.3730940505165, 47.534898670499466], [-122.3730940505165, 47.53939022637442], [-122.37975604663062, 47.53939022637442], [-122.37975604663062, 47.534898670499466]]]}}, {"type": "Feature", "properties": {"cell_id": "r012_c013", "congestion_score": 0.0, "transit_departures": 0.0, "target_count": 0.0, "employment_jobs": 0.0}, "geometry": {"type": "Polygon", "coordinates": [[[-122.37309405051651, 47.534898670499466], [-122.3664320544024, 47.534898670499466], [-122.3664320544024, 47.53939022637442], [-122.37309405051651, 47.53939022637442], [-122.37309405051651, 47.534898670499466]]]}}, {"type": "Feature", "properties": {"cell_id": "r012_c014", "congestion_score": 0.0, "transit_departures": 0.0, "target_count": 0.0, "employment_jobs": 0.0}, "geometry": {"type": "Polygon", "coordinates": [[[-122.3664320544024, 47.534898670499466], [-122.35977005828828, 47.534898670499466], [-122.35977005828828, 47.53939022637442], [-122.3664320544024, 47.53939022637442], [-122.3664320544024, 47.534898670499466]]]}}, {"type": "Feature", "properties": {"cell_id": "r012_c015", "congestion_score": 0.0, "transit_departures": 0.0, "target_count": 0.0, "employment_jobs": 0.0}, "geometry": {"type": "Polygon", "coordinates": [[[-122.35977005828828, 47.534898670499466], [-122.35310806217416, 47.534898670499466], [-122.35310806217416, 47.53939022637442], [-122.35977005828828, 47.53939022637442], [-122.35977005828828, 47.534898670499466]]]}}, {"type": "Feature", "properties": {"cell_id": "r012_c016", "congestion_score": 0.0, "transit_departures": 0.0, "target_count": 0.0, "employment_jobs": 0.0}, "geometry": {"type": "Polygon", "coordinates": [[[-122.35310806217417, 47.534898670499466], [-122.34644606606005, 47.534898670499466], [-122.34644606606005, 47.53939022637442], [-122.35310806217417, 47.53939022637442], [-122.35310806217417, 47.534898670499466]]]}}, {"type": "Feature", "properties": {"cell_id": "r012_c017", "congestion_score": 0.0, "transit_departures": 0.0, "target_count": 0.0, "employment_jobs": 0.0}, "geometry": {"type": "Polygon", "coordinates": [[[-122.34644606606005, 47.534898670499466], [-122.33978406994594, 47.534898670499466], [-122.33978406994594, 47.53939022637442], [-122.34644606606005, 47.53939022637442], [-122.34644606606005, 47.534898670499466]]]}}, {"type": "Feature", "properties": {"cell_id": "r012_c018", "congestion_score": 0.0, "transit_departures": 0.0, "target_count": 0.0, "employment_jobs": 0.0}, "geometry": {"type": "Polygon", "coordinates": [[[-122.33978406994594, 47.534898670499466], [-122.33312207383182, 47.534898670499466], [-122.33312207383182, 47.53939022637442], [-122.33978406994594, 47.53939022637442], [-122.33978406994594, 47.534898670499466]]]}}, {"type": "Feature", "properties": {"cell_id": "r012_c019", "congestion_score": 0.0, "transit_departures": 0.0, "target_count": 0.0, "employment_jobs": 0.0}, "geometry": {"type": "Polygon", "coordinates": [[[-122.33312207383182, 47.534898670499466], [-122.3264600777177, 47.534898670499466], [-122.3264600777177, 47.53939022637442], [-122.33312207383182, 47.53939022637442], [-122.33312207383182, 47.534898670499466]]]}}, {"type": "Feature", "properties": {"cell_id": "r012_c020", "congestion_score": 0.0, "transit_departures": 0.0, "target_count": 0.0, "employment_jobs": 0.0}, "geometry": {"type": "Polygon", "coordinates": [[[-122.32646007771771, 47.534898670499466], [-122.3197980816036, 47.534898670499466], [-122.3197980816036, 47.53939022637442], [-122.32646007771771, 47.53939022637442], [-122.32646007771771, 47.534898670499466]]]}}, {"type": "Feature", "properties": {"cell_id": "r012_c021", "congestion_score": 0.0, "transit_departures": 0.0, "target_count": 0.0, "employment_jobs": 0.0}, "geometry": {"type": "Polygon", "coordinates": [[[-122.3197980816036, 47.534898670499466], [-122.31313608548948, 47.534898670499466], [-122.31313608548948, 47.53939022637442], [-122.3197980816036, 47.53939022637442], [-122.3197980816036, 47.534898670499466]]]}}, {"type": "Feature", "properties": {"cell_id": "r012_c022", "congestion_score": 0.0, "transit_departures": 0.0, "target_count": 0.0, "employment_jobs": 0.0}, "geometry": {"type": "Polygon", "coordinates": [[[-122.31313608548948, 47.534898670499466], [-122.30647408937536, 47.534898670499466], [-122.30647408937536, 47.53939022637442], [-122.31313608548948, 47.53939022637442], [-122.31313608548948, 47.534898670499466]]]}}, {"type": "Feature", "properties": {"cell_id": "r012_c023", "congestion_score": 0.0, "transit_departures": 0.0, "target_count": 0.0, "employment_jobs": 0.0}, "geometry": {"type": "Polygon", "coordinates": [[[-122.30647408937537, 47.534898670499466], [-122.29981209326125, 47.534898670499466], [-122.29981209326125, 47.53939022637442], [-122.30647408937537, 47.53939022637442], [-122.30647408937537, 47.534898670499466]]]}}, {"type": "Feature", "properties": {"cell_id": "r012_c024", "congestion_score": 0.0, "transit_departures": 0.0, "target_count": 0.0, "employment_jobs": 0.0}, "geometry": {"type": "Polygon", "coordinates": [[[-122.29981209326125, 47.534898670499466], [-122.29315009714713, 47.534898670499466], [-122.29315009714713, 47.53939022637442], [-122.29981209326125, 47.53939022637442], [-122.29981209326125, 47.534898670499466]]]}}, {"type": "Feature", "properties": {"cell_id": "r012_c025", "congestion_score": 0.0, "transit_departures": 0.0, "target_count": 0.0, "employment_jobs": 0.0}, "geometry": {"type": "Polygon", "coordinates": [[[-122.29315009714713, 47.534898670499466], [-122.28648810103302, 47.534898670499466], [-122.28648810103302, 47.53939022637442], [-122.29315009714713, 47.53939022637442], [-122.29315009714713, 47.534898670499466]]]}}, {"type": "Feature", "properties": {"cell_id": "r012_c026", "congestion_score": 0.0, "transit_departures": 0.0, "target_count": 0.0, "employment_jobs": 0.0}, "geometry": {"type": "Polygon", "coordinates": [[[-122.28648810103302, 47.534898670499466], [-122.2798261049189, 47.534898670499466], [-122.2798261049189, 47.53939022637442], [-122.28648810103302, 47.53939022637442], [-122.28648810103302, 47.534898670499466]]]}}, {"type": "Feature", "properties": {"cell_id": "r012_c027", "congestion_score": 0.0, "transit_departures": 0.0, "target_count": 0.0, "employment_jobs": 0.0}, "geometry": {"type": "Polygon", "coordinates": [[[-122.27982610491891, 47.534898670499466], [-122.27316410880479, 47.534898670499466], [-122.27316410880479, 47.53939022637442], [-122.27982610491891, 47.53939022637442], [-122.27982610491891, 47.534898670499466]]]}}, {"type": "Feature", "properties": {"cell_id": "r012_c028", "congestion_score": 0.0, "transit_departures": 0.0, "target_count": 0.0, "employment_jobs": 0.0}, "geometry": {"type": "Polygon", "coordinates": [[[-122.27316410880479, 47.534898670499466], [-122.26650211269067, 47.534898670499466], [-122.26650211269067, 47.53939022637442], [-122.27316410880479, 47.53939022637442], [-122.27316410880479, 47.534898670499466]]]}}, {"type": "Feature", "properties": {"cell_id": "r012_c029", "congestion_score": 0.0, "transit_departures": 0.0, "target_count": 0.0, "employment_jobs": 0.0}, "geometry": {"type": "Polygon", "coordinates": [[[-122.26650211269067, 47.534898670499466], [-122.25984011657656, 47.534898670499466], [-122.25984011657656, 47.53939022637442], [-122.26650211269067, 47.53939022637442], [-122.26650211269067, 47.534898670499466]]]}}, {"type": "Feature", "properties": {"cell_id": "r012_c030", "congestion_score": 0.0, "transit_departures": 0.0, "target_count": 0.0, "employment_jobs": 0.0}, "geometry": {"type": "Polygon", "coordinates": [[[-122.25984011657657, 47.534898670499466], [-122.25317812046245, 47.534898670499466], [-122.25317812046245, 47.53939022637442], [-122.25984011657657, 47.53939022637442], [-122.25984011657657, 47.534898670499466]]]}}, {"type": "Feature", "properties": {"cell_id": "r012_c031", "congestion_score": 0.0, "transit_departures": 0.0, "target_count": 0.0, "employment_jobs": 0.0}, "geometry": {"type": "Polygon", "coordinates": [[[-122.25317812046245, 47.534898670499466], [-122.24651612434833, 47.534898670499466], [-122.24651612434833, 47.53939022637442], [-122.25317812046245, 47.53939022637442], [-122.25317812046245, 47.534898670499466]]]}}, {"type": "Feature", "properties": {"cell_id": "r012_c032", "congestion_score": 0.0, "transit_departures": 0.0, "target_count": 0.0, "employment_jobs": 0.0}, "geometry": {"type": "Polygon", "coordinates": [[[-122.24651612434833, 47.534898670499466], [-122.23985412823421, 47.534898670499466], [-122.23985412823421, 47.53939022637442], [-122.24651612434833, 47.53939022637442], [-122.24651612434833, 47.534898670499466]]]}}, {"type": "Feature", "properties": {"cell_id": "r012_c033", "congestion_score": 0.0, "transit_departures": 0.0, "target_count": 0.0, "employment_jobs": 0.0}, "geometry": {"type": "Polygon", "coordinates": [[[-122.23985412823421, 47.534898670499466], [-122.2331921321201, 47.534898670499466], [-122.2331921321201, 47.53939022637442], [-122.23985412823421, 47.53939022637442], [-122.23985412823421, 47.534898670499466]]]}}, {"type": "Feature", "properties": {"cell_id": "r012_c034", "congestion_score": 0.0, "transit_departures": 0.0, "target_count": 0.0, "employment_jobs": 0.0}, "geometry": {"type": "Polygon", "coordinates": [[[-122.23319213212011, 47.534898670499466], [-122.22653013600599, 47.534898670499466], [-122.22653013600599, 47.53939022637442], [-122.23319213212011, 47.53939022637442], [-122.23319213212011, 47.534898670499466]]]}}, {"type": "Feature", "properties": {"cell_id": "r012_c035", "congestion_score": 0.0, "transit_departures": 0.0, "target_count": 0.0, "employment_jobs": 0.0}, "geometry": {"type": "Polygon", "coordinates": [[[-122.22653013600599, 47.534898670499466], [-122.2244, 47.534898670499466], [-122.2244, 47.53939022637442], [-122.22653013600599, 47.53939022637442], [-122.22653013600599, 47.534898670499466]]]}}, {"type": "Feature", "properties": {"cell_id": "r013_c000", "congestion_score": 0.0, "transit_departures": 0.0, "target_count": 0.0, "employment_jobs": 0.0}, "geometry": {"type": "Polygon", "coordinates": [[[-122.4597, 47.539390226374415], [-122.45303800388588, 47.539390226374415], [-122.45303800388588, 47.54388178224937], [-122.4597, 47.54388178224937], [-122.4597, 47.539390226374415]]]}}, {"type": "Feature", "properties": {"cell_id": "r013_c001", "congestion_score": 0.0, "transit_departures": 0.0, "target_count": 0.0, "employment_jobs": 0.0}, "geometry": {"type": "Polygon", "coordinates": [[[-122.45303800388588, 47.539390226374415], [-122.44637600777176, 47.539390226374415], [-122.44637600777176, 47.54388178224937], [-122.45303800388588, 47.54388178224937], [-122.45303800388588, 47.539390226374415]]]}}, {"type": "Feature", "properties": {"cell_id": "r013_c002", "congestion_score": 0.0, "transit_departures": 0.0, "target_count": 0.0, "employment_jobs": 0.0}, "geometry": {"type": "Polygon", "coordinates": [[[-122.44637600777178, 47.539390226374415], [-122.43971401165766, 47.539390226374415], [-122.43971401165766, 47.54388178224937], [-122.44637600777178, 47.54388178224937], [-122.44637600777178, 47.539390226374415]]]}}, {"type": "Feature", "properties": {"cell_id": "r013_c003", "congestion_score": 0.0, "transit_departures": 0.0, "target_count": 0.0, "employment_jobs": 0.0}, "geometry": {"type": "Polygon", "coordinates": [[[-122.43971401165766, 47.539390226374415], [-122.43305201554354, 47.539390226374415], [-122.43305201554354, 47.54388178224937], [-122.43971401165766, 47.54388178224937], [-122.43971401165766, 47.539390226374415]]]}}, {"type": "Feature", "properties": {"cell_id": "r013_c004", "congestion_score": 0.0, "transit_departures": 0.0, "target_count": 0.0, "employment_jobs": 0.0}, "geometry": {"type": "Polygon", "coordinates": [[[-122.43305201554354, 47.539390226374415], [-122.42639001942942, 47.539390226374415], [-122.42639001942942, 47.54388178224937], [-122.43305201554354, 47.54388178224937], [-122.43305201554354, 47.539390226374415]]]}}, {"type": "Feature", "properties": {"cell_id": "r013_c005", "congestion_score": 0.0, "transit_departures": 0.0, "target_count": 0.0, "employment_jobs": 0.0}, "geometry": {"type": "Polygon", "coordinates": [[[-122.42639001942942, 47.539390226374415], [-122.4197280233153, 47.539390226374415], [-122.4197280233153, 47.54388178224937], [-122.42639001942942, 47.54388178224937], [-122.42639001942942, 47.539390226374415]]]}}, {"type": "Feature", "properties": {"cell_id": "r013_c006", "congestion_score": 0.0, "transit_departures": 0.0, "target_count": 0.0, "employment_jobs": 0.0}, "geometry": {"type": "Polygon", "coordinates": [[[-122.41972802331532, 47.539390226374415], [-122.4130660272012, 47.539390226374415], [-122.4130660272012, 47.54388178224937], [-122.41972802331532, 47.54388178224937], [-122.41972802331532, 47.539390226374415]]]}}, {"type": "Feature", "properties": {"cell_id": "r013_c007", "congestion_score": 0.0, "transit_departures": 0.0, "target_count": 0.0, "employment_jobs": 0.0}, "geometry": {"type": "Polygon", "coordinates": [[[-122.4130660272012, 47.539390226374415], [-122.40640403108708, 47.539390226374415], [-122.40640403108708, 47.54388178224937], [-122.4130660272012, 47.54388178224937], [-122.4130660272012, 47.539390226374415]]]}}, {"type": "Feature", "properties": {"cell_id": "r013_c008", "congestion_score": 0.0, "transit_departures": 0.0, "target_count": 0.0, "employment_jobs": 0.0}, "geometry": {"type": "Polygon", "coordinates": [[[-122.40640403108708, 47.539390226374415], [-122.39974203497296, 47.539390226374415], [-122.39974203497296, 47.54388178224937], [-122.40640403108708, 47.54388178224937], [-122.40640403108708, 47.539390226374415]]]}}, {"type": "Feature", "properties": {"cell_id": "r013_c009", "congestion_score": 0.0, "transit_departures": 0.0, "target_count": 0.0, "employment_jobs": 0.0}, "geometry": {"type": "Polygon", "coordinates": [[[-122.39974203497297, 47.539390226374415], [-122.39308003885886, 47.539390226374415], [-122.39308003885886, 47.54388178224937], [-122.39974203497297, 47.54388178224937], [-122.39974203497297, 47.539390226374415]]]}}, {"type": "Feature", "properties": {"cell_id": "r013_c010", "congestion_score": 0.0, "transit_departures": 0.0, "target_count": 0.0, "employment_jobs": 0.0}, "geometry": {"type": "Polygon", "coordinates": [[[-122.39308003885886, 47.539390226374415], [-122.38641804274474, 47.539390226374415], [-122.38641804274474, 47.54388178224937], [-122.39308003885886, 47.54388178224937], [-122.39308003885886, 47.539390226374415]]]}}, {"type": "Feature", "properties": {"cell_id": "r013_c011", "congestion_score": 0.0, "transit_departures": 0.0, "target_count": 0.0, "employment_jobs": 0.0}, "geometry": {"type": "Polygon", "coordinates": [[[-122.38641804274474, 47.539390226374415], [-122.37975604663062, 47.539390226374415], [-122.37975604663062, 47.54388178224937], [-122.38641804274474, 47.54388178224937], [-122.38641804274474, 47.539390226374415]]]}}, {"type": "Feature", "properties": {"cell_id": "r013_c012", "congestion_score": 0.0, "transit_departures": 0.0, "target_count": 0.0, "employment_jobs": 0.0}, "geometry": {"type": "Polygon", "coordinates": [[[-122.37975604663062, 47.539390226374415], [-122.3730940505165, 47.539390226374415], [-122.3730940505165, 47.54388178224937], [-122.37975604663062, 47.54388178224937], [-122.37975604663062, 47.539390226374415]]]}}, {"type": "Feature", "properties": {"cell_id": "r013_c013", "congestion_score": 0.0, "transit_departures": 0.0, "target_count": 0.0, "employment_jobs": 0.0}, "geometry": {"type": "Polygon", "coordinates": [[[-122.37309405051651, 47.539390226374415], [-122.3664320544024, 47.539390226374415], [-122.3664320544024, 47.54388178224937], [-122.37309405051651, 47.54388178224937], [-122.37309405051651, 47.539390226374415]]]}}, {"type": "Feature", "properties": {"cell_id": "r013_c014", "congestion_score": 0.0, "transit_departures": 0.0, "target_count": 0.0, "employment_jobs": 0.0}, "geometry": {"type": "Polygon", "coordinates": [[[-122.3664320544024, 47.539390226374415], [-122.35977005828828, 47.539390226374415], [-122.35977005828828, 47.54388178224937], [-122.3664320544024, 47.54388178224937], [-122.3664320544024, 47.539390226374415]]]}}, {"type": "Feature", "properties": {"cell_id": "r013_c015", "congestion_score": 0.0, "transit_departures": 0.0, "target_count": 0.0, "employment_jobs": 0.0}, "geometry": {"type": "Polygon", "coordinates": [[[-122.35977005828828, 47.539390226374415], [-122.35310806217416, 47.539390226374415], [-122.35310806217416, 47.54388178224937], [-122.35977005828828, 47.54388178224937], [-122.35977005828828, 47.539390226374415]]]}}, {"type": "Feature", "properties": {"cell_id": "r013_c016", "congestion_score": 0.0, "transit_departures": 0.0, "target_count": 0.0, "employment_jobs": 0.0}, "geometry": {"type": "Polygon", "coordinates": [[[-122.35310806217417, 47.539390226374415], [-122.34644606606005, 47.539390226374415], [-122.34644606606005, 47.54388178224937], [-122.35310806217417, 47.54388178224937], [-122.35310806217417, 47.539390226374415]]]}}, {"type": "Feature", "properties": {"cell_id": "r013_c017", "congestion_score": 0.0, "transit_departures": 0.0, "target_count": 0.0, "employment_jobs": 0.0}, "geometry": {"type": "Polygon", "coordinates": [[[-122.34644606606005, 47.539390226374415], [-122.33978406994594, 47.539390226374415], [-122.33978406994594, 47.54388178224937], [-122.34644606606005, 47.54388178224937], [-122.34644606606005, 47.539390226374415]]]}}, {"type": "Feature", "properties": {"cell_id": "r013_c018", "congestion_score": 0.0, "transit_departures": 0.0, "target_count": 0.0, "employment_jobs": 0.0}, "geometry": {"type": "Polygon", "coordinates": [[[-122.33978406994594, 47.539390226374415], [-122.33312207383182, 47.539390226374415], [-122.33312207383182, 47.54388178224937], [-122.33978406994594, 47.54388178224937], [-122.33978406994594, 47.539390226374415]]]}}, {"type": "Feature", "properties": {"cell_id": "r013_c019", "congestion_score": 0.0, "transit_departures": 0.0, "target_count": 0.0, "employment_jobs": 0.0}, "geometry": {"type": "Polygon", "coordinates": [[[-122.33312207383182, 47.539390226374415], [-122.3264600777177, 47.539390226374415], [-122.3264600777177, 47.54388178224937], [-122.33312207383182, 47.54388178224937], [-122.33312207383182, 47.539390226374415]]]}}, {"type": "Feature", "properties": {"cell_id": "r013_c020", "congestion_score": 0.0, "transit_departures": 0.0, "target_count": 0.0, "employment_jobs": 0.0}, "geometry": {"type": "Polygon", "coordinates": [[[-122.32646007771771, 47.539390226374415], [-122.3197980816036, 47.539390226374415], [-122.3197980816036, 47.54388178224937], [-122.32646007771771, 47.54388178224937], [-122.32646007771771, 47.539390226374415]]]}}, {"type": "Feature", "properties": {"cell_id": "r013_c021", "congestion_score": 0.0, "transit_departures": 0.0, "target_count": 0.0, "employment_jobs": 0.0}, "geometry": {"type": "Polygon", "coordinates": [[[-122.3197980816036, 47.539390226374415], [-122.31313608548948, 47.539390226374415], [-122.31313608548948, 47.54388178224937], [-122.3197980816036, 47.54388178224937], [-122.3197980816036, 47.539390226374415]]]}}, {"type": "Feature", "properties": {"cell_id": "r013_c022", "congestion_score": 0.0, "transit_departures": 0.0, "target_count": 0.0, "employment_jobs": 0.0}, "geometry": {"type": "Polygon", "coordinates": [[[-122.31313608548948, 47.539390226374415], [-122.30647408937536, 47.539390226374415], [-122.30647408937536, 47.54388178224937], [-122.31313608548948, 47.54388178224937], [-122.31313608548948, 47.539390226374415]]]}}, {"type": "Feature", "properties": {"cell_id": "r013_c023", "congestion_score": 0.0, "transit_departures": 0.0, "target_count": 0.0, "employment_jobs": 0.0}, "geometry": {"type": "Polygon", "coordinates": [[[-122.30647408937537, 47.539390226374415], [-122.29981209326125, 47.539390226374415], [-122.29981209326125, 47.54388178224937], [-122.30647408937537, 47.54388178224937], [-122.30647408937537, 47.539390226374415]]]}}, {"type": "Feature", "properties": {"cell_id": "r013_c024", "congestion_score": 0.0, "transit_departures": 0.0, "target_count": 0.0, "employment_jobs": 0.0}, "geometry": {"type": "Polygon", "coordinates": [[[-122.29981209326125, 47.539390226374415], [-122.29315009714713, 47.539390226374415], [-122.29315009714713, 47.54388178224937], [-122.29981209326125, 47.54388178224937], [-122.29981209326125, 47.539390226374415]]]}}, {"type": "Feature", "properties": {"cell_id": "r013_c025", "congestion_score": 0.0, "transit_departures": 0.0, "target_count": 0.0, "employment_jobs": 0.0}, "geometry": {"type": "Polygon", "coordinates": [[[-122.29315009714713, 47.539390226374415], [-122.28648810103302, 47.539390226374415], [-122.28648810103302, 47.54388178224937], [-122.29315009714713, 47.54388178224937], [-122.29315009714713, 47.539390226374415]]]}}, {"type": "Feature", "properties": {"cell_id": "r013_c026", "congestion_score": 0.0, "transit_departures": 0.0, "target_count": 0.0, "employment_jobs": 0.0}, "geometry": {"type": "Polygon", "coordinates": [[[-122.28648810103302, 47.539390226374415], [-122.2798261049189, 47.539390226374415], [-122.2798261049189, 47.54388178224937], [-122.28648810103302, 47.54388178224937], [-122.28648810103302, 47.539390226374415]]]}}, {"type": "Feature", "properties": {"cell_id": "r013_c027", "congestion_score": 0.0, "transit_departures": 0.0, "target_count": 0.0, "employment_jobs": 0.0}, "geometry": {"type": "Polygon", "coordinates": [[[-122.27982610491891, 47.539390226374415], [-122.27316410880479, 47.539390226374415], [-122.27316410880479, 47.54388178224937], [-122.27982610491891, 47.54388178224937], [-122.27982610491891, 47.539390226374415]]]}}, {"type": "Feature", "properties": {"cell_id": "r013_c028", "congestion_score": 0.0, "transit_departures": 0.0, "target_count": 0.0, "employment_jobs": 0.0}, "geometry": {"type": "Polygon", "coordinates": [[[-122.27316410880479, 47.539390226374415], [-122.26650211269067, 47.539390226374415], [-122.26650211269067, 47.54388178224937], [-122.27316410880479, 47.54388178224937], [-122.27316410880479, 47.539390226374415]]]}}, {"type": "Feature", "properties": {"cell_id": "r013_c029", "congestion_score": 0.0, "transit_departures": 0.0, "target_count": 0.0, "employment_jobs": 0.0}, "geometry": {"type": "Polygon", "coordinates": [[[-122.26650211269067, 47.539390226374415], [-122.25984011657656, 47.539390226374415], [-122.25984011657656, 47.54388178224937], [-122.26650211269067, 47.54388178224937], [-122.26650211269067, 47.539390226374415]]]}}, {"type": "Feature", "properties": {"cell_id": "r013_c030", "congestion_score": 0.0, "transit_departures": 0.0, "target_count": 0.0, "employment_jobs": 0.0}, "geometry": {"type": "Polygon", "coordinates": [[[-122.25984011657657, 47.539390226374415], [-122.25317812046245, 47.539390226374415], [-122.25317812046245, 47.54388178224937], [-122.25984011657657, 47.54388178224937], [-122.25984011657657, 47.539390226374415]]]}}, {"type": "Feature", "properties": {"cell_id": "r013_c031", "congestion_score": 0.0, "transit_departures": 0.0, "target_count": 0.0, "employment_jobs": 0.0}, "geometry": {"type": "Polygon", "coordinates": [[[-122.25317812046245, 47.539390226374415], [-122.24651612434833, 47.539390226374415], [-122.24651612434833, 47.54388178224937], [-122.25317812046245, 47.54388178224937], [-122.25317812046245, 47.539390226374415]]]}}, {"type": "Feature", "properties": {"cell_id": "r013_c032", "congestion_score": 0.0, "transit_departures": 0.0, "target_count": 0.0, "employment_jobs": 0.0}, "geometry": {"type": "Polygon", "coordinates": [[[-122.24651612434833, 47.539390226374415], [-122.23985412823421, 47.539390226374415], [-122.23985412823421, 47.54388178224937], [-122.24651612434833, 47.54388178224937], [-122.24651612434833, 47.539390226374415]]]}}, {"type": "Feature", "properties": {"cell_id": "r013_c033", "congestion_score": 0.0, "transit_departures": 0.0, "target_count": 0.0, "employment_jobs": 0.0}, "geometry": {"type": "Polygon", "coordinates": [[[-122.23985412823421, 47.539390226374415], [-122.2331921321201, 47.539390226374415], [-122.2331921321201, 47.54388178224937], [-122.23985412823421, 47.54388178224937], [-122.23985412823421, 47.539390226374415]]]}}, {"type": "Feature", "properties": {"cell_id": "r013_c034", "congestion_score": 0.0, "transit_departures": 0.0, "target_count": 0.0, "employment_jobs": 0.0}, "geometry": {"type": "Polygon", "coordinates": [[[-122.23319213212011, 47.539390226374415], [-122.22653013600599, 47.539390226374415], [-122.22653013600599, 47.54388178224937], [-122.23319213212011, 47.54388178224937], [-122.23319213212011, 47.539390226374415]]]}}, {"type": "Feature", "properties": {"cell_id": "r013_c035", "congestion_score": 0.0, "transit_departures": 0.0, "target_count": 0.0, "employment_jobs": 0.0}, "geometry": {"type": "Polygon", "coordinates": [[[-122.22653013600599, 47.539390226374415], [-122.2244, 47.539390226374415], [-122.2244, 47.54388178224937], [-122.22653013600599, 47.54388178224937], [-122.22653013600599, 47.539390226374415]]]}}, {"type": "Feature", "properties": {"cell_id": "r014_c000", "congestion_score": 0.0, "transit_departures": 0.0, "target_count": 0.0, "employment_jobs": 0.0}, "geometry": {"type": "Polygon", "coordinates": [[[-122.4597, 47.54388178224937], [-122.45303800388588, 47.54388178224937], [-122.45303800388588, 47.54837333812433], [-122.4597, 47.54837333812433], [-122.4597, 47.54388178224937]]]}}, {"type": "Feature", "properties": {"cell_id": "r014_c001", "congestion_score": 0.0, "transit_departures": 0.0, "target_count": 0.0, "employment_jobs": 0.0}, "geometry": {"type": "Polygon", "coordinates": [[[-122.45303800388588, 47.54388178224937], [-122.44637600777176, 47.54388178224937], [-122.44637600777176, 47.54837333812433], [-122.45303800388588, 47.54837333812433], [-122.45303800388588, 47.54388178224937]]]}}, {"type": "Feature", "properties": {"cell_id": "r014_c002", "congestion_score": 0.0, "transit_departures": 0.0, "target_count": 0.0, "employment_jobs": 0.0}, "geometry": {"type": "Polygon", "coordinates": [[[-122.44637600777178, 47.54388178224937], [-122.43971401165766, 47.54388178224937], [-122.43971401165766, 47.54837333812433], [-122.44637600777178, 47.54837333812433], [-122.44637600777178, 47.54388178224937]]]}}, {"type": "Feature", "properties": {"cell_id": "r014_c003", "congestion_score": 0.0, "transit_departures": 0.0, "target_count": 0.0, "employment_jobs": 0.0}, "geometry": {"type": "Polygon", "coordinates": [[[-122.43971401165766, 47.54388178224937], [-122.43305201554354, 47.54388178224937], [-122.43305201554354, 47.54837333812433], [-122.43971401165766, 47.54837333812433], [-122.43971401165766, 47.54388178224937]]]}}, {"type": "Feature", "properties": {"cell_id": "r014_c004", "congestion_score": 0.0, "transit_departures": 0.0, "target_count": 0.0, "employment_jobs": 0.0}, "geometry": {"type": "Polygon", "coordinates": [[[-122.43305201554354, 47.54388178224937], [-122.42639001942942, 47.54388178224937], [-122.42639001942942, 47.54837333812433], [-122.43305201554354, 47.54837333812433], [-122.43305201554354, 47.54388178224937]]]}}, {"type": "Feature", "properties": {"cell_id": "r014_c005", "congestion_score": 0.0, "transit_departures": 0.0, "target_count": 0.0, "employment_jobs": 0.0}, "geometry": {"type": "Polygon", "coordinates": [[[-122.42639001942942, 47.54388178224937], [-122.4197280233153, 47.54388178224937], [-122.4197280233153, 47.54837333812433], [-122.42639001942942, 47.54837333812433], [-122.42639001942942, 47.54388178224937]]]}}, {"type": "Feature", "properties": {"cell_id": "r014_c006", "congestion_score": 0.0, "transit_departures": 0.0, "target_count": 0.0, "employment_jobs": 0.0}, "geometry": {"type": "Polygon", "coordinates": [[[-122.41972802331532, 47.54388178224937], [-122.4130660272012, 47.54388178224937], [-122.4130660272012, 47.54837333812433], [-122.41972802331532, 47.54837333812433], [-122.41972802331532, 47.54388178224937]]]}}, {"type": "Feature", "properties": {"cell_id": "r014_c007", "congestion_score": 0.0, "transit_departures": 0.0, "target_count": 0.0, "employment_jobs": 0.0}, "geometry": {"type": "Polygon", "coordinates": [[[-122.4130660272012, 47.54388178224937], [-122.40640403108708, 47.54388178224937], [-122.40640403108708, 47.54837333812433], [-122.4130660272012, 47.54837333812433], [-122.4130660272012, 47.54388178224937]]]}}, {"type": "Feature", "properties": {"cell_id": "r014_c008", "congestion_score": 0.0, "transit_departures": 0.0, "target_count": 0.0, "employment_jobs": 0.0}, "geometry": {"type": "Polygon", "coordinates": [[[-122.40640403108708, 47.54388178224937], [-122.39974203497296, 47.54388178224937], [-122.39974203497296, 47.54837333812433], [-122.40640403108708, 47.54837333812433], [-122.40640403108708, 47.54388178224937]]]}}, {"type": "Feature", "properties": {"cell_id": "r014_c009", "congestion_score": 0.0, "transit_departures": 0.0, "target_count": 0.0, "employment_jobs": 0.0}, "geometry": {"type": "Polygon", "coordinates": [[[-122.39974203497297, 47.54388178224937], [-122.39308003885886, 47.54388178224937], [-122.39308003885886, 47.54837333812433], [-122.39974203497297, 47.54837333812433], [-122.39974203497297, 47.54388178224937]]]}}, {"type": "Feature", "properties": {"cell_id": "r014_c010", "congestion_score": 0.0, "transit_departures": 0.0, "target_count": 0.0, "employment_jobs": 0.0}, "geometry": {"type": "Polygon", "coordinates": [[[-122.39308003885886, 47.54388178224937], [-122.38641804274474, 47.54388178224937], [-122.38641804274474, 47.54837333812433], [-122.39308003885886, 47.54837333812433], [-122.39308003885886, 47.54388178224937]]]}}, {"type": "Feature", "properties": {"cell_id": "r014_c011", "congestion_score": 0.0, "transit_departures": 0.0, "target_count": 0.0, "employment_jobs": 0.0}, "geometry": {"type": "Polygon", "coordinates": [[[-122.38641804274474, 47.54388178224937], [-122.37975604663062, 47.54388178224937], [-122.37975604663062, 47.54837333812433], [-122.38641804274474, 47.54837333812433], [-122.38641804274474, 47.54388178224937]]]}}, {"type": "Feature", "properties": {"cell_id": "r014_c012", "congestion_score": 0.0, "transit_departures": 0.0, "target_count": 0.0, "employment_jobs": 0.0}, "geometry": {"type": "Polygon", "coordinates": [[[-122.37975604663062, 47.54388178224937], [-122.3730940505165, 47.54388178224937], [-122.3730940505165, 47.54837333812433], [-122.37975604663062, 47.54837333812433], [-122.37975604663062, 47.54388178224937]]]}}, {"type": "Feature", "properties": {"cell_id": "r014_c013", "congestion_score": 0.0, "transit_departures": 0.0, "target_count": 0.0, "employment_jobs": 0.0}, "geometry": {"type": "Polygon", "coordinates": [[[-122.37309405051651, 47.54388178224937], [-122.3664320544024, 47.54388178224937], [-122.3664320544024, 47.54837333812433], [-122.37309405051651, 47.54837333812433], [-122.37309405051651, 47.54388178224937]]]}}, {"type": "Feature", "properties": {"cell_id": "r014_c014", "congestion_score": 0.0, "transit_departures": 0.0, "target_count": 0.0, "employment_jobs": 0.0}, "geometry": {"type": "Polygon", "coordinates": [[[-122.3664320544024, 47.54388178224937], [-122.35977005828828, 47.54388178224937], [-122.35977005828828, 47.54837333812433], [-122.3664320544024, 47.54837333812433], [-122.3664320544024, 47.54388178224937]]]}}, {"type": "Feature", "properties": {"cell_id": "r014_c015", "congestion_score": 0.0, "transit_departures": 0.0, "target_count": 0.0, "employment_jobs": 0.0}, "geometry": {"type": "Polygon", "coordinates": [[[-122.35977005828828, 47.54388178224937], [-122.35310806217416, 47.54388178224937], [-122.35310806217416, 47.54837333812433], [-122.35977005828828, 47.54837333812433], [-122.35977005828828, 47.54388178224937]]]}}, {"type": "Feature", "properties": {"cell_id": "r014_c016", "congestion_score": 0.0, "transit_departures": 0.0, "target_count": 0.0, "employment_jobs": 0.0}, "geometry": {"type": "Polygon", "coordinates": [[[-122.35310806217417, 47.54388178224937], [-122.34644606606005, 47.54388178224937], [-122.34644606606005, 47.54837333812433], [-122.35310806217417, 47.54837333812433], [-122.35310806217417, 47.54388178224937]]]}}, {"type": "Feature", "properties": {"cell_id": "r014_c017", "congestion_score": 0.0, "transit_departures": 0.0, "target_count": 0.0, "employment_jobs": 0.0}, "geometry": {"type": "Polygon", "coordinates": [[[-122.34644606606005, 47.54388178224937], [-122.33978406994594, 47.54388178224937], [-122.33978406994594, 47.54837333812433], [-122.34644606606005, 47.54837333812433], [-122.34644606606005, 47.54388178224937]]]}}, {"type": "Feature", "properties": {"cell_id": "r014_c018", "congestion_score": 0.0, "transit_departures": 0.0, "target_count": 0.0, "employment_jobs": 0.0}, "geometry": {"type": "Polygon", "coordinates": [[[-122.33978406994594, 47.54388178224937], [-122.33312207383182, 47.54388178224937], [-122.33312207383182, 47.54837333812433], [-122.33978406994594, 47.54837333812433], [-122.33978406994594, 47.54388178224937]]]}}, {"type": "Feature", "properties": {"cell_id": "r014_c019", "congestion_score": 0.0, "transit_departures": 0.0, "target_count": 0.0, "employment_jobs": 0.0}, "geometry": {"type": "Polygon", "coordinates": [[[-122.33312207383182, 47.54388178224937], [-122.3264600777177, 47.54388178224937], [-122.3264600777177, 47.54837333812433], [-122.33312207383182, 47.54837333812433], [-122.33312207383182, 47.54388178224937]]]}}, {"type": "Feature", "properties": {"cell_id": "r014_c020", "congestion_score": 0.0, "transit_departures": 0.0, "target_count": 0.0, "employment_jobs": 0.0}, "geometry": {"type": "Polygon", "coordinates": [[[-122.32646007771771, 47.54388178224937], [-122.3197980816036, 47.54388178224937], [-122.3197980816036, 47.54837333812433], [-122.32646007771771, 47.54837333812433], [-122.32646007771771, 47.54388178224937]]]}}, {"type": "Feature", "properties": {"cell_id": "r014_c021", "congestion_score": 0.0, "transit_departures": 0.0, "target_count": 0.0, "employment_jobs": 0.0}, "geometry": {"type": "Polygon", "coordinates": [[[-122.3197980816036, 47.54388178224937], [-122.31313608548948, 47.54388178224937], [-122.31313608548948, 47.54837333812433], [-122.3197980816036, 47.54837333812433], [-122.3197980816036, 47.54388178224937]]]}}, {"type": "Feature", "properties": {"cell_id": "r014_c022", "congestion_score": 0.0, "transit_departures": 0.0, "target_count": 0.0, "employment_jobs": 0.0}, "geometry": {"type": "Polygon", "coordinates": [[[-122.31313608548948, 47.54388178224937], [-122.30647408937536, 47.54388178224937], [-122.30647408937536, 47.54837333812433], [-122.31313608548948, 47.54837333812433], [-122.31313608548948, 47.54388178224937]]]}}, {"type": "Feature", "properties": {"cell_id": "r014_c023", "congestion_score": 0.0, "transit_departures": 0.0, "target_count": 0.0, "employment_jobs": 0.0}, "geometry": {"type": "Polygon", "coordinates": [[[-122.30647408937537, 47.54388178224937], [-122.29981209326125, 47.54388178224937], [-122.29981209326125, 47.54837333812433], [-122.30647408937537, 47.54837333812433], [-122.30647408937537, 47.54388178224937]]]}}, {"type": "Feature", "properties": {"cell_id": "r014_c024", "congestion_score": 0.0, "transit_departures": 0.0, "target_count": 0.0, "employment_jobs": 0.0}, "geometry": {"type": "Polygon", "coordinates": [[[-122.29981209326125, 47.54388178224937], [-122.29315009714713, 47.54388178224937], [-122.29315009714713, 47.54837333812433], [-122.29981209326125, 47.54837333812433], [-122.29981209326125, 47.54388178224937]]]}}, {"type": "Feature", "properties": {"cell_id": "r014_c025", "congestion_score": 0.0, "transit_departures": 0.0, "target_count": 0.0, "employment_jobs": 0.0}, "geometry": {"type": "Polygon", "coordinates": [[[-122.29315009714713, 47.54388178224937], [-122.28648810103302, 47.54388178224937], [-122.28648810103302, 47.54837333812433], [-122.29315009714713, 47.54837333812433], [-122.29315009714713, 47.54388178224937]]]}}, {"type": "Feature", "properties": {"cell_id": "r014_c026", "congestion_score": 0.0, "transit_departures": 0.0, "target_count": 0.0, "employment_jobs": 0.0}, "geometry": {"type": "Polygon", "coordinates": [[[-122.28648810103302, 47.54388178224937], [-122.2798261049189, 47.54388178224937], [-122.2798261049189, 47.54837333812433], [-122.28648810103302, 47.54837333812433], [-122.28648810103302, 47.54388178224937]]]}}, {"type": "Feature", "properties": {"cell_id": "r014_c027", "congestion_score": 0.0, "transit_departures": 0.0, "target_count": 0.0, "employment_jobs": 0.0}, "geometry": {"type": "Polygon", "coordinates": [[[-122.27982610491891, 47.54388178224937], [-122.27316410880479, 47.54388178224937], [-122.27316410880479, 47.54837333812433], [-122.27982610491891, 47.54837333812433], [-122.27982610491891, 47.54388178224937]]]}}, {"type": "Feature", "properties": {"cell_id": "r014_c028", "congestion_score": 0.0, "transit_departures": 0.0, "target_count": 0.0, "employment_jobs": 0.0}, "geometry": {"type": "Polygon", "coordinates": [[[-122.27316410880479, 47.54388178224937], [-122.26650211269067, 47.54388178224937], [-122.26650211269067, 47.54837333812433], [-122.27316410880479, 47.54837333812433], [-122.27316410880479, 47.54388178224937]]]}}, {"type": "Feature", "properties": {"cell_id": "r014_c029", "congestion_score": 0.0, "transit_departures": 0.0, "target_count": 0.0, "employment_jobs": 0.0}, "geometry": {"type": "Polygon", "coordinates": [[[-122.26650211269067, 47.54388178224937], [-122.25984011657656, 47.54388178224937], [-122.25984011657656, 47.54837333812433], [-122.26650211269067, 47.54837333812433], [-122.26650211269067, 47.54388178224937]]]}}, {"type": "Feature", "properties": {"cell_id": "r014_c030", "congestion_score": 0.0, "transit_departures": 0.0, "target_count": 0.0, "employment_jobs": 0.0}, "geometry": {"type": "Polygon", "coordinates": [[[-122.25984011657657, 47.54388178224937], [-122.25317812046245, 47.54388178224937], [-122.25317812046245, 47.54837333812433], [-122.25984011657657, 47.54837333812433], [-122.25984011657657, 47.54388178224937]]]}}, {"type": "Feature", "properties": {"cell_id": "r014_c031", "congestion_score": 0.0, "transit_departures": 0.0, "target_count": 0.0, "employment_jobs": 0.0}, "geometry": {"type": "Polygon", "coordinates": [[[-122.25317812046245, 47.54388178224937], [-122.24651612434833, 47.54388178224937], [-122.24651612434833, 47.54837333812433], [-122.25317812046245, 47.54837333812433], [-122.25317812046245, 47.54388178224937]]]}}, {"type": "Feature", "properties": {"cell_id": "r014_c032", "congestion_score": 0.0, "transit_departures": 0.0, "target_count": 0.0, "employment_jobs": 0.0}, "geometry": {"type": "Polygon", "coordinates": [[[-122.24651612434833, 47.54388178224937], [-122.23985412823421, 47.54388178224937], [-122.23985412823421, 47.54837333812433], [-122.24651612434833, 47.54837333812433], [-122.24651612434833, 47.54388178224937]]]}}, {"type": "Feature", "properties": {"cell_id": "r014_c033", "congestion_score": 0.0, "transit_departures": 0.0, "target_count": 0.0, "employment_jobs": 0.0}, "geometry": {"type": "Polygon", "coordinates": [[[-122.23985412823421, 47.54388178224937], [-122.2331921321201, 47.54388178224937], [-122.2331921321201, 47.54837333812433], [-122.23985412823421, 47.54837333812433], [-122.23985412823421, 47.54388178224937]]]}}, {"type": "Feature", "properties": {"cell_id": "r014_c034", "congestion_score": 0.0, "transit_departures": 0.0, "target_count": 0.0, "employment_jobs": 0.0}, "geometry": {"type": "Polygon", "coordinates": [[[-122.23319213212011, 47.54388178224937], [-122.22653013600599, 47.54388178224937], [-122.22653013600599, 47.54837333812433], [-122.23319213212011, 47.54837333812433], [-122.23319213212011, 47.54388178224937]]]}}, {"type": "Feature", "properties": {"cell_id": "r014_c035", "congestion_score": 0.0, "transit_departures": 0.0, "target_count": 0.0, "employment_jobs": 0.0}, "geometry": {"type": "Polygon", "coordinates": [[[-122.22653013600599, 47.54388178224937], [-122.2244, 47.54388178224937], [-122.2244, 47.54837333812433], [-122.22653013600599, 47.54837333812433], [-122.22653013600599, 47.54388178224937]]]}}, {"type": "Feature", "properties": {"cell_id": "r015_c000", "congestion_score": 0.0, "transit_departures": 0.0, "target_count": 0.0, "employment_jobs": 0.0}, "geometry": {"type": "Polygon", "coordinates": [[[-122.4597, 47.54837333812433], [-122.45303800388588, 47.54837333812433], [-122.45303800388588, 47.552864893999285], [-122.4597, 47.552864893999285], [-122.4597, 47.54837333812433]]]}}, {"type": "Feature", "properties": {"cell_id": "r015_c001", "congestion_score": 0.0, "transit_departures": 0.0, "target_count": 0.0, "employment_jobs": 0.0}, "geometry": {"type": "Polygon", "coordinates": [[[-122.45303800388588, 47.54837333812433], [-122.44637600777176, 47.54837333812433], [-122.44637600777176, 47.552864893999285], [-122.45303800388588, 47.552864893999285], [-122.45303800388588, 47.54837333812433]]]}}, {"type": "Feature", "properties": {"cell_id": "r015_c002", "congestion_score": 0.0, "transit_departures": 0.0, "target_count": 0.0, "employment_jobs": 0.0}, "geometry": {"type": "Polygon", "coordinates": [[[-122.44637600777178, 47.54837333812433], [-122.43971401165766, 47.54837333812433], [-122.43971401165766, 47.552864893999285], [-122.44637600777178, 47.552864893999285], [-122.44637600777178, 47.54837333812433]]]}}, {"type": "Feature", "properties": {"cell_id": "r015_c003", "congestion_score": 0.0, "transit_departures": 0.0, "target_count": 0.0, "employment_jobs": 0.0}, "geometry": {"type": "Polygon", "coordinates": [[[-122.43971401165766, 47.54837333812433], [-122.43305201554354, 47.54837333812433], [-122.43305201554354, 47.552864893999285], [-122.43971401165766, 47.552864893999285], [-122.43971401165766, 47.54837333812433]]]}}, {"type": "Feature", "properties": {"cell_id": "r015_c004", "congestion_score": 0.0, "transit_departures": 0.0, "target_count": 0.0, "employment_jobs": 0.0}, "geometry": {"type": "Polygon", "coordinates": [[[-122.43305201554354, 47.54837333812433], [-122.42639001942942, 47.54837333812433], [-122.42639001942942, 47.552864893999285], [-122.43305201554354, 47.552864893999285], [-122.43305201554354, 47.54837333812433]]]}}, {"type": "Feature", "properties": {"cell_id": "r015_c005", "congestion_score": 0.0, "transit_departures": 0.0, "target_count": 0.0, "employment_jobs": 0.0}, "geometry": {"type": "Polygon", "coordinates": [[[-122.42639001942942, 47.54837333812433], [-122.4197280233153, 47.54837333812433], [-122.4197280233153, 47.552864893999285], [-122.42639001942942, 47.552864893999285], [-122.42639001942942, 47.54837333812433]]]}}, {"type": "Feature", "properties": {"cell_id": "r015_c006", "congestion_score": 0.0, "transit_departures": 0.0, "target_count": 0.0, "employment_jobs": 0.0}, "geometry": {"type": "Polygon", "coordinates": [[[-122.41972802331532, 47.54837333812433], [-122.4130660272012, 47.54837333812433], [-122.4130660272012, 47.552864893999285], [-122.41972802331532, 47.552864893999285], [-122.41972802331532, 47.54837333812433]]]}}, {"type": "Feature", "properties": {"cell_id": "r015_c007", "congestion_score": 0.0, "transit_departures": 0.0, "target_count": 0.0, "employment_jobs": 0.0}, "geometry": {"type": "Polygon", "coordinates": [[[-122.4130660272012, 47.54837333812433], [-122.40640403108708, 47.54837333812433], [-122.40640403108708, 47.552864893999285], [-122.4130660272012, 47.552864893999285], [-122.4130660272012, 47.54837333812433]]]}}, {"type": "Feature", "properties": {"cell_id": "r015_c008", "congestion_score": 0.0, "transit_departures": 0.0, "target_count": 0.0, "employment_jobs": 0.0}, "geometry": {"type": "Polygon", "coordinates": [[[-122.40640403108708, 47.54837333812433], [-122.39974203497296, 47.54837333812433], [-122.39974203497296, 47.552864893999285], [-122.40640403108708, 47.552864893999285], [-122.40640403108708, 47.54837333812433]]]}}, {"type": "Feature", "properties": {"cell_id": "r015_c009", "congestion_score": 0.0, "transit_departures": 0.0, "target_count": 0.0, "employment_jobs": 0.0}, "geometry": {"type": "Polygon", "coordinates": [[[-122.39974203497297, 47.54837333812433], [-122.39308003885886, 47.54837333812433], [-122.39308003885886, 47.552864893999285], [-122.39974203497297, 47.552864893999285], [-122.39974203497297, 47.54837333812433]]]}}, {"type": "Feature", "properties": {"cell_id": "r015_c010", "congestion_score": 0.0, "transit_departures": 0.0, "target_count": 0.0, "employment_jobs": 0.0}, "geometry": {"type": "Polygon", "coordinates": [[[-122.39308003885886, 47.54837333812433], [-122.38641804274474, 47.54837333812433], [-122.38641804274474, 47.552864893999285], [-122.39308003885886, 47.552864893999285], [-122.39308003885886, 47.54837333812433]]]}}, {"type": "Feature", "properties": {"cell_id": "r015_c011", "congestion_score": 0.0, "transit_departures": 0.0, "target_count": 0.0, "employment_jobs": 0.0}, "geometry": {"type": "Polygon", "coordinates": [[[-122.38641804274474, 47.54837333812433], [-122.37975604663062, 47.54837333812433], [-122.37975604663062, 47.552864893999285], [-122.38641804274474, 47.552864893999285], [-122.38641804274474, 47.54837333812433]]]}}, {"type": "Feature", "properties": {"cell_id": "r015_c012", "congestion_score": 0.0, "transit_departures": 0.0, "target_count": 0.0, "employment_jobs": 0.0}, "geometry": {"type": "Polygon", "coordinates": [[[-122.37975604663062, 47.54837333812433], [-122.3730940505165, 47.54837333812433], [-122.3730940505165, 47.552864893999285], [-122.37975604663062, 47.552864893999285], [-122.37975604663062, 47.54837333812433]]]}}, {"type": "Feature", "properties": {"cell_id": "r015_c013", "congestion_score": 0.0, "transit_departures": 0.0, "target_count": 0.0, "employment_jobs": 0.0}, "geometry": {"type": "Polygon", "coordinates": [[[-122.37309405051651, 47.54837333812433], [-122.3664320544024, 47.54837333812433], [-122.3664320544024, 47.552864893999285], [-122.37309405051651, 47.552864893999285], [-122.37309405051651, 47.54837333812433]]]}}, {"type": "Feature", "properties": {"cell_id": "r015_c014", "congestion_score": 0.0, "transit_departures": 0.0, "target_count": 0.0, "employment_jobs": 0.0}, "geometry": {"type": "Polygon", "coordinates": [[[-122.3664320544024, 47.54837333812433], [-122.35977005828828, 47.54837333812433], [-122.35977005828828, 47.552864893999285], [-122.3664320544024, 47.552864893999285], [-122.3664320544024, 47.54837333812433]]]}}, {"type": "Feature", "properties": {"cell_id": "r015_c015", "congestion_score": 0.0, "transit_departures": 0.0, "target_count": 0.0, "employment_jobs": 0.0}, "geometry": {"type": "Polygon", "coordinates": [[[-122.35977005828828, 47.54837333812433], [-122.35310806217416, 47.54837333812433], [-122.35310806217416, 47.552864893999285], [-122.35977005828828, 47.552864893999285], [-122.35977005828828, 47.54837333812433]]]}}, {"type": "Feature", "properties": {"cell_id": "r015_c016", "congestion_score": 0.0, "transit_departures": 0.0, "target_count": 0.0, "employment_jobs": 0.0}, "geometry": {"type": "Polygon", "coordinates": [[[-122.35310806217417, 47.54837333812433], [-122.34644606606005, 47.54837333812433], [-122.34644606606005, 47.552864893999285], [-122.35310806217417, 47.552864893999285], [-122.35310806217417, 47.54837333812433]]]}}, {"type": "Feature", "properties": {"cell_id": "r015_c017", "congestion_score": 0.0, "transit_departures": 0.0, "target_count": 0.0, "employment_jobs": 0.0}, "geometry": {"type": "Polygon", "coordinates": [[[-122.34644606606005, 47.54837333812433], [-122.33978406994594, 47.54837333812433], [-122.33978406994594, 47.552864893999285], [-122.34644606606005, 47.552864893999285], [-122.34644606606005, 47.54837333812433]]]}}, {"type": "Feature", "properties": {"cell_id": "r015_c018", "congestion_score": 0.0, "transit_departures": 0.0, "target_count": 0.0, "employment_jobs": 0.0}, "geometry": {"type": "Polygon", "coordinates": [[[-122.33978406994594, 47.54837333812433], [-122.33312207383182, 47.54837333812433], [-122.33312207383182, 47.552864893999285], [-122.33978406994594, 47.552864893999285], [-122.33978406994594, 47.54837333812433]]]}}, {"type": "Feature", "properties": {"cell_id": "r015_c019", "congestion_score": 0.0, "transit_departures": 0.0, "target_count": 0.0, "employment_jobs": 0.0}, "geometry": {"type": "Polygon", "coordinates": [[[-122.33312207383182, 47.54837333812433], [-122.3264600777177, 47.54837333812433], [-122.3264600777177, 47.552864893999285], [-122.33312207383182, 47.552864893999285], [-122.33312207383182, 47.54837333812433]]]}}, {"type": "Feature", "properties": {"cell_id": "r015_c020", "congestion_score": 0.0, "transit_departures": 0.0, "target_count": 0.0, "employment_jobs": 0.0}, "geometry": {"type": "Polygon", "coordinates": [[[-122.32646007771771, 47.54837333812433], [-122.3197980816036, 47.54837333812433], [-122.3197980816036, 47.552864893999285], [-122.32646007771771, 47.552864893999285], [-122.32646007771771, 47.54837333812433]]]}}, {"type": "Feature", "properties": {"cell_id": "r015_c021", "congestion_score": 0.0, "transit_departures": 0.0, "target_count": 0.0, "employment_jobs": 0.0}, "geometry": {"type": "Polygon", "coordinates": [[[-122.3197980816036, 47.54837333812433], [-122.31313608548948, 47.54837333812433], [-122.31313608548948, 47.552864893999285], [-122.3197980816036, 47.552864893999285], [-122.3197980816036, 47.54837333812433]]]}}, {"type": "Feature", "properties": {"cell_id": "r015_c022", "congestion_score": 0.0, "transit_departures": 0.0, "target_count": 0.0, "employment_jobs": 0.0}, "geometry": {"type": "Polygon", "coordinates": [[[-122.31313608548948, 47.54837333812433], [-122.30647408937536, 47.54837333812433], [-122.30647408937536, 47.552864893999285], [-122.31313608548948, 47.552864893999285], [-122.31313608548948, 47.54837333812433]]]}}, {"type": "Feature", "properties": {"cell_id": "r015_c023", "congestion_score": 0.0, "transit_departures": 0.0, "target_count": 0.0, "employment_jobs": 0.0}, "geometry": {"type": "Polygon", "coordinates": [[[-122.30647408937537, 47.54837333812433], [-122.29981209326125, 47.54837333812433], [-122.29981209326125, 47.552864893999285], [-122.30647408937537, 47.552864893999285], [-122.30647408937537, 47.54837333812433]]]}}, {"type": "Feature", "properties": {"cell_id": "r015_c024", "congestion_score": 0.0, "transit_departures": 0.0, "target_count": 0.0, "employment_jobs": 0.0}, "geometry": {"type": "Polygon", "coordinates": [[[-122.29981209326125, 47.54837333812433], [-122.29315009714713, 47.54837333812433], [-122.29315009714713, 47.552864893999285], [-122.29981209326125, 47.552864893999285], [-122.29981209326125, 47.54837333812433]]]}}, {"type": "Feature", "properties": {"cell_id": "r015_c025", "congestion_score": 0.0, "transit_departures": 0.0, "target_count": 0.0, "employment_jobs": 0.0}, "geometry": {"type": "Polygon", "coordinates": [[[-122.29315009714713, 47.54837333812433], [-122.28648810103302, 47.54837333812433], [-122.28648810103302, 47.552864893999285], [-122.29315009714713, 47.552864893999285], [-122.29315009714713, 47.54837333812433]]]}}, {"type": "Feature", "properties": {"cell_id": "r015_c026", "congestion_score": 0.0, "transit_departures": 0.0, "target_count": 0.0, "employment_jobs": 0.0}, "geometry": {"type": "Polygon", "coordinates": [[[-122.28648810103302, 47.54837333812433], [-122.2798261049189, 47.54837333812433], [-122.2798261049189, 47.552864893999285], [-122.28648810103302, 47.552864893999285], [-122.28648810103302, 47.54837333812433]]]}}, {"type": "Feature", "properties": {"cell_id": "r015_c027", "congestion_score": 0.0, "transit_departures": 0.0, "target_count": 0.0, "employment_jobs": 0.0}, "geometry": {"type": "Polygon", "coordinates": [[[-122.27982610491891, 47.54837333812433], [-122.27316410880479, 47.54837333812433], [-122.27316410880479, 47.552864893999285], [-122.27982610491891, 47.552864893999285], [-122.27982610491891, 47.54837333812433]]]}}, {"type": "Feature", "properties": {"cell_id": "r015_c028", "congestion_score": 0.0, "transit_departures": 0.0, "target_count": 0.0, "employment_jobs": 0.0}, "geometry": {"type": "Polygon", "coordinates": [[[-122.27316410880479, 47.54837333812433], [-122.26650211269067, 47.54837333812433], [-122.26650211269067, 47.552864893999285], [-122.27316410880479, 47.552864893999285], [-122.27316410880479, 47.54837333812433]]]}}, {"type": "Feature", "properties": {"cell_id": "r015_c029", "congestion_score": 0.0, "transit_departures": 0.0, "target_count": 0.0, "employment_jobs": 0.0}, "geometry": {"type": "Polygon", "coordinates": [[[-122.26650211269067, 47.54837333812433], [-122.25984011657656, 47.54837333812433], [-122.25984011657656, 47.552864893999285], [-122.26650211269067, 47.552864893999285], [-122.26650211269067, 47.54837333812433]]]}}, {"type": "Feature", "properties": {"cell_id": "r015_c030", "congestion_score": 0.0, "transit_departures": 0.0, "target_count": 0.0, "employment_jobs": 0.0}, "geometry": {"type": "Polygon", "coordinates": [[[-122.25984011657657, 47.54837333812433], [-122.25317812046245, 47.54837333812433], [-122.25317812046245, 47.552864893999285], [-122.25984011657657, 47.552864893999285], [-122.25984011657657, 47.54837333812433]]]}}, {"type": "Feature", "properties": {"cell_id": "r015_c031", "congestion_score": 0.0, "transit_departures": 0.0, "target_count": 0.0, "employment_jobs": 0.0}, "geometry": {"type": "Polygon", "coordinates": [[[-122.25317812046245, 47.54837333812433], [-122.24651612434833, 47.54837333812433], [-122.24651612434833, 47.552864893999285], [-122.25317812046245, 47.552864893999285], [-122.25317812046245, 47.54837333812433]]]}}, {"type": "Feature", "properties": {"cell_id": "r015_c032", "congestion_score": 0.0, "transit_departures": 0.0, "target_count": 0.0, "employment_jobs": 0.0}, "geometry": {"type": "Polygon", "coordinates": [[[-122.24651612434833, 47.54837333812433], [-122.23985412823421, 47.54837333812433], [-122.23985412823421, 47.552864893999285], [-122.24651612434833, 47.552864893999285], [-122.24651612434833, 47.54837333812433]]]}}, {"type": "Feature", "properties": {"cell_id": "r015_c033", "congestion_score": 0.0, "transit_departures": 0.0, "target_count": 0.0, "employment_jobs": 0.0}, "geometry": {"type": "Polygon", "coordinates": [[[-122.23985412823421, 47.54837333812433], [-122.2331921321201, 47.54837333812433], [-122.2331921321201, 47.552864893999285], [-122.23985412823421, 47.552864893999285], [-122.23985412823421, 47.54837333812433]]]}}, {"type": "Feature", "properties": {"cell_id": "r015_c034", "congestion_score": 0.0, "transit_departures": 0.0, "target_count": 0.0, "employment_jobs": 0.0}, "geometry": {"type": "Polygon", "coordinates": [[[-122.23319213212011, 47.54837333812433], [-122.22653013600599, 47.54837333812433], [-122.22653013600599, 47.552864893999285], [-122.23319213212011, 47.552864893999285], [-122.23319213212011, 47.54837333812433]]]}}, {"type": "Feature", "properties": {"cell_id": "r015_c035", "congestion_score": 0.0, "transit_departures": 0.0, "target_count": 0.0, "employment_jobs": 0.0}, "geometry": {"type": "Polygon", "coordinates": [[[-122.22653013600599, 47.54837333812433], [-122.2244, 47.54837333812433], [-122.2244, 47.552864893999285], [-122.22653013600599, 47.552864893999285], [-122.22653013600599, 47.54837333812433]]]}}, {"type": "Feature", "properties": {"cell_id": "r016_c000", "congestion_score": 0.0, "transit_departures": 0.0, "target_count": 0.0, "employment_jobs": 0.0}, "geometry": {"type": "Polygon", "coordinates": [[[-122.4597, 47.552864893999285], [-122.45303800388588, 47.552864893999285], [-122.45303800388588, 47.55735644987424], [-122.4597, 47.55735644987424], [-122.4597, 47.552864893999285]]]}}, {"type": "Feature", "properties": {"cell_id": "r016_c001", "congestion_score": 0.0, "transit_departures": 0.0, "target_count": 0.0, "employment_jobs": 0.0}, "geometry": {"type": "Polygon", "coordinates": [[[-122.45303800388588, 47.552864893999285], [-122.44637600777176, 47.552864893999285], [-122.44637600777176, 47.55735644987424], [-122.45303800388588, 47.55735644987424], [-122.45303800388588, 47.552864893999285]]]}}, {"type": "Feature", "properties": {"cell_id": "r016_c002", "congestion_score": 0.0, "transit_departures": 0.0, "target_count": 0.0, "employment_jobs": 0.0}, "geometry": {"type": "Polygon", "coordinates": [[[-122.44637600777178, 47.552864893999285], [-122.43971401165766, 47.552864893999285], [-122.43971401165766, 47.55735644987424], [-122.44637600777178, 47.55735644987424], [-122.44637600777178, 47.552864893999285]]]}}, {"type": "Feature", "properties": {"cell_id": "r016_c003", "congestion_score": 0.0, "transit_departures": 0.0, "target_count": 0.0, "employment_jobs": 0.0}, "geometry": {"type": "Polygon", "coordinates": [[[-122.43971401165766, 47.552864893999285], [-122.43305201554354, 47.552864893999285], [-122.43305201554354, 47.55735644987424], [-122.43971401165766, 47.55735644987424], [-122.43971401165766, 47.552864893999285]]]}}, {"type": "Feature", "properties": {"cell_id": "r016_c004", "congestion_score": 0.0, "transit_departures": 0.0, "target_count": 0.0, "employment_jobs": 0.0}, "geometry": {"type": "Polygon", "coordinates": [[[-122.43305201554354, 47.552864893999285], [-122.42639001942942, 47.552864893999285], [-122.42639001942942, 47.55735644987424], [-122.43305201554354, 47.55735644987424], [-122.43305201554354, 47.552864893999285]]]}}, {"type": "Feature", "properties": {"cell_id": "r016_c005", "congestion_score": 0.0, "transit_departures": 0.0, "target_count": 0.0, "employment_jobs": 0.0}, "geometry": {"type": "Polygon", "coordinates": [[[-122.42639001942942, 47.552864893999285], [-122.4197280233153, 47.552864893999285], [-122.4197280233153, 47.55735644987424], [-122.42639001942942, 47.55735644987424], [-122.42639001942942, 47.552864893999285]]]}}, {"type": "Feature", "properties": {"cell_id": "r016_c006", "congestion_score": 0.0, "transit_departures": 0.0, "target_count": 0.0, "employment_jobs": 0.0}, "geometry": {"type": "Polygon", "coordinates": [[[-122.41972802331532, 47.552864893999285], [-122.4130660272012, 47.552864893999285], [-122.4130660272012, 47.55735644987424], [-122.41972802331532, 47.55735644987424], [-122.41972802331532, 47.552864893999285]]]}}, {"type": "Feature", "properties": {"cell_id": "r016_c007", "congestion_score": 0.0, "transit_departures": 0.0, "target_count": 0.0, "employment_jobs": 0.0}, "geometry": {"type": "Polygon", "coordinates": [[[-122.4130660272012, 47.552864893999285], [-122.40640403108708, 47.552864893999285], [-122.40640403108708, 47.55735644987424], [-122.4130660272012, 47.55735644987424], [-122.4130660272012, 47.552864893999285]]]}}, {"type": "Feature", "properties": {"cell_id": "r016_c008", "congestion_score": 0.0, "transit_departures": 0.0, "target_count": 0.0, "employment_jobs": 0.0}, "geometry": {"type": "Polygon", "coordinates": [[[-122.40640403108708, 47.552864893999285], [-122.39974203497296, 47.552864893999285], [-122.39974203497296, 47.55735644987424], [-122.40640403108708, 47.55735644987424], [-122.40640403108708, 47.552864893999285]]]}}, {"type": "Feature", "properties": {"cell_id": "r016_c009", "congestion_score": 0.0, "transit_departures": 0.0, "target_count": 0.0, "employment_jobs": 0.0}, "geometry": {"type": "Polygon", "coordinates": [[[-122.39974203497297, 47.552864893999285], [-122.39308003885886, 47.552864893999285], [-122.39308003885886, 47.55735644987424], [-122.39974203497297, 47.55735644987424], [-122.39974203497297, 47.552864893999285]]]}}, {"type": "Feature", "properties": {"cell_id": "r016_c010", "congestion_score": 0.0, "transit_departures": 0.0, "target_count": 0.0, "employment_jobs": 0.0}, "geometry": {"type": "Polygon", "coordinates": [[[-122.39308003885886, 47.552864893999285], [-122.38641804274474, 47.552864893999285], [-122.38641804274474, 47.55735644987424], [-122.39308003885886, 47.55735644987424], [-122.39308003885886, 47.552864893999285]]]}}, {"type": "Feature", "properties": {"cell_id": "r016_c011", "congestion_score": 0.0, "transit_departures": 0.0, "target_count": 0.0, "employment_jobs": 0.0}, "geometry": {"type": "Polygon", "coordinates": [[[-122.38641804274474, 47.552864893999285], [-122.37975604663062, 47.552864893999285], [-122.37975604663062, 47.55735644987424], [-122.38641804274474, 47.55735644987424], [-122.38641804274474, 47.552864893999285]]]}}, {"type": "Feature", "properties": {"cell_id": "r016_c012", "congestion_score": 0.0, "transit_departures": 0.0, "target_count": 0.0, "employment_jobs": 0.0}, "geometry": {"type": "Polygon", "coordinates": [[[-122.37975604663062, 47.552864893999285], [-122.3730940505165, 47.552864893999285], [-122.3730940505165, 47.55735644987424], [-122.37975604663062, 47.55735644987424], [-122.37975604663062, 47.552864893999285]]]}}, {"type": "Feature", "properties": {"cell_id": "r016_c013", "congestion_score": 0.0, "transit_departures": 0.0, "target_count": 0.0, "employment_jobs": 0.0}, "geometry": {"type": "Polygon", "coordinates": [[[-122.37309405051651, 47.552864893999285], [-122.3664320544024, 47.552864893999285], [-122.3664320544024, 47.55735644987424], [-122.37309405051651, 47.55735644987424], [-122.37309405051651, 47.552864893999285]]]}}, {"type": "Feature", "properties": {"cell_id": "r016_c014", "congestion_score": 0.0, "transit_departures": 0.0, "target_count": 0.0, "employment_jobs": 0.0}, "geometry": {"type": "Polygon", "coordinates": [[[-122.3664320544024, 47.552864893999285], [-122.35977005828828, 47.552864893999285], [-122.35977005828828, 47.55735644987424], [-122.3664320544024, 47.55735644987424], [-122.3664320544024, 47.552864893999285]]]}}, {"type": "Feature", "properties": {"cell_id": "r016_c015", "congestion_score": 0.0, "transit_departures": 0.0, "target_count": 0.0, "employment_jobs": 0.0}, "geometry": {"type": "Polygon", "coordinates": [[[-122.35977005828828, 47.552864893999285], [-122.35310806217416, 47.552864893999285], [-122.35310806217416, 47.55735644987424], [-122.35977005828828, 47.55735644987424], [-122.35977005828828, 47.552864893999285]]]}}, {"type": "Feature", "properties": {"cell_id": "r016_c016", "congestion_score": 0.0, "transit_departures": 0.0, "target_count": 0.0, "employment_jobs": 0.0}, "geometry": {"type": "Polygon", "coordinates": [[[-122.35310806217417, 47.552864893999285], [-122.34644606606005, 47.552864893999285], [-122.34644606606005, 47.55735644987424], [-122.35310806217417, 47.55735644987424], [-122.35310806217417, 47.552864893999285]]]}}, {"type": "Feature", "properties": {"cell_id": "r016_c017", "congestion_score": 0.0, "transit_departures": 0.0, "target_count": 0.0, "employment_jobs": 0.0}, "geometry": {"type": "Polygon", "coordinates": [[[-122.34644606606005, 47.552864893999285], [-122.33978406994594, 47.552864893999285], [-122.33978406994594, 47.55735644987424], [-122.34644606606005, 47.55735644987424], [-122.34644606606005, 47.552864893999285]]]}}, {"type": "Feature", "properties": {"cell_id": "r016_c018", "congestion_score": 0.0, "transit_departures": 0.0, "target_count": 0.0, "employment_jobs": 0.0}, "geometry": {"type": "Polygon", "coordinates": [[[-122.33978406994594, 47.552864893999285], [-122.33312207383182, 47.552864893999285], [-122.33312207383182, 47.55735644987424], [-122.33978406994594, 47.55735644987424], [-122.33978406994594, 47.552864893999285]]]}}, {"type": "Feature", "properties": {"cell_id": "r016_c019", "congestion_score": 0.0, "transit_departures": 0.0, "target_count": 0.0, "employment_jobs": 0.0}, "geometry": {"type": "Polygon", "coordinates": [[[-122.33312207383182, 47.552864893999285], [-122.3264600777177, 47.552864893999285], [-122.3264600777177, 47.55735644987424], [-122.33312207383182, 47.55735644987424], [-122.33312207383182, 47.552864893999285]]]}}, {"type": "Feature", "properties": {"cell_id": "r016_c020", "congestion_score": 0.0, "transit_departures": 0.0, "target_count": 0.0, "employment_jobs": 0.0}, "geometry": {"type": "Polygon", "coordinates": [[[-122.32646007771771, 47.552864893999285], [-122.3197980816036, 47.552864893999285], [-122.3197980816036, 47.55735644987424], [-122.32646007771771, 47.55735644987424], [-122.32646007771771, 47.552864893999285]]]}}, {"type": "Feature", "properties": {"cell_id": "r016_c021", "congestion_score": 0.0, "transit_departures": 0.0, "target_count": 0.0, "employment_jobs": 0.0}, "geometry": {"type": "Polygon", "coordinates": [[[-122.3197980816036, 47.552864893999285], [-122.31313608548948, 47.552864893999285], [-122.31313608548948, 47.55735644987424], [-122.3197980816036, 47.55735644987424], [-122.3197980816036, 47.552864893999285]]]}}, {"type": "Feature", "properties": {"cell_id": "r016_c022", "congestion_score": 0.0, "transit_departures": 0.0, "target_count": 0.0, "employment_jobs": 0.0}, "geometry": {"type": "Polygon", "coordinates": [[[-122.31313608548948, 47.552864893999285], [-122.30647408937536, 47.552864893999285], [-122.30647408937536, 47.55735644987424], [-122.31313608548948, 47.55735644987424], [-122.31313608548948, 47.552864893999285]]]}}, {"type": "Feature", "properties": {"cell_id": "r016_c023", "congestion_score": 0.0, "transit_departures": 0.0, "target_count": 0.0, "employment_jobs": 0.0}, "geometry": {"type": "Polygon", "coordinates": [[[-122.30647408937537, 47.552864893999285], [-122.29981209326125, 47.552864893999285], [-122.29981209326125, 47.55735644987424], [-122.30647408937537, 47.55735644987424], [-122.30647408937537, 47.552864893999285]]]}}, {"type": "Feature", "properties": {"cell_id": "r016_c024", "congestion_score": 0.0, "transit_departures": 0.0, "target_count": 0.0, "employment_jobs": 0.0}, "geometry": {"type": "Polygon", "coordinates": [[[-122.29981209326125, 47.552864893999285], [-122.29315009714713, 47.552864893999285], [-122.29315009714713, 47.55735644987424], [-122.29981209326125, 47.55735644987424], [-122.29981209326125, 47.552864893999285]]]}}, {"type": "Feature", "properties": {"cell_id": "r016_c025", "congestion_score": 0.0, "transit_departures": 0.0, "target_count": 0.0, "employment_jobs": 0.0}, "geometry": {"type": "Polygon", "coordinates": [[[-122.29315009714713, 47.552864893999285], [-122.28648810103302, 47.552864893999285], [-122.28648810103302, 47.55735644987424], [-122.29315009714713, 47.55735644987424], [-122.29315009714713, 47.552864893999285]]]}}, {"type": "Feature", "properties": {"cell_id": "r016_c026", "congestion_score": 0.0, "transit_departures": 0.0, "target_count": 0.0, "employment_jobs": 0.0}, "geometry": {"type": "Polygon", "coordinates": [[[-122.28648810103302, 47.552864893999285], [-122.2798261049189, 47.552864893999285], [-122.2798261049189, 47.55735644987424], [-122.28648810103302, 47.55735644987424], [-122.28648810103302, 47.552864893999285]]]}}, {"type": "Feature", "properties": {"cell_id": "r016_c027", "congestion_score": 0.0, "transit_departures": 0.0, "target_count": 0.0, "employment_jobs": 0.0}, "geometry": {"type": "Polygon", "coordinates": [[[-122.27982610491891, 47.552864893999285], [-122.27316410880479, 47.552864893999285], [-122.27316410880479, 47.55735644987424], [-122.27982610491891, 47.55735644987424], [-122.27982610491891, 47.552864893999285]]]}}, {"type": "Feature", "properties": {"cell_id": "r016_c028", "congestion_score": 0.0, "transit_departures": 0.0, "target_count": 0.0, "employment_jobs": 0.0}, "geometry": {"type": "Polygon", "coordinates": [[[-122.27316410880479, 47.552864893999285], [-122.26650211269067, 47.552864893999285], [-122.26650211269067, 47.55735644987424], [-122.27316410880479, 47.55735644987424], [-122.27316410880479, 47.552864893999285]]]}}, {"type": "Feature", "properties": {"cell_id": "r016_c029", "congestion_score": 0.0, "transit_departures": 0.0, "target_count": 0.0, "employment_jobs": 0.0}, "geometry": {"type": "Polygon", "coordinates": [[[-122.26650211269067, 47.552864893999285], [-122.25984011657656, 47.552864893999285], [-122.25984011657656, 47.55735644987424], [-122.26650211269067, 47.55735644987424], [-122.26650211269067, 47.552864893999285]]]}}, {"type": "Feature", "properties": {"cell_id": "r016_c030", "congestion_score": 0.0, "transit_departures": 0.0, "target_count": 0.0, "employment_jobs": 0.0}, "geometry": {"type": "Polygon", "coordinates": [[[-122.25984011657657, 47.552864893999285], [-122.25317812046245, 47.552864893999285], [-122.25317812046245, 47.55735644987424], [-122.25984011657657, 47.55735644987424], [-122.25984011657657, 47.552864893999285]]]}}, {"type": "Feature", "properties": {"cell_id": "r016_c031", "congestion_score": 0.0, "transit_departures": 0.0, "target_count": 0.0, "employment_jobs": 0.0}, "geometry": {"type": "Polygon", "coordinates": [[[-122.25317812046245, 47.552864893999285], [-122.24651612434833, 47.552864893999285], [-122.24651612434833, 47.55735644987424], [-122.25317812046245, 47.55735644987424], [-122.25317812046245, 47.552864893999285]]]}}, {"type": "Feature", "properties": {"cell_id": "r016_c032", "congestion_score": 0.0, "transit_departures": 0.0, "target_count": 0.0, "employment_jobs": 0.0}, "geometry": {"type": "Polygon", "coordinates": [[[-122.24651612434833, 47.552864893999285], [-122.23985412823421, 47.552864893999285], [-122.23985412823421, 47.55735644987424], [-122.24651612434833, 47.55735644987424], [-122.24651612434833, 47.552864893999285]]]}}, {"type": "Feature", "properties": {"cell_id": "r016_c033", "congestion_score": 0.0, "transit_departures": 0.0, "target_count": 0.0, "employment_jobs": 0.0}, "geometry": {"type": "Polygon", "coordinates": [[[-122.23985412823421, 47.552864893999285], [-122.2331921321201, 47.552864893999285], [-122.2331921321201, 47.55735644987424], [-122.23985412823421, 47.55735644987424], [-122.23985412823421, 47.552864893999285]]]}}, {"type": "Feature", "properties": {"cell_id": "r016_c034", "congestion_score": 0.0, "transit_departures": 0.0, "target_count": 0.0, "employment_jobs": 0.0}, "geometry": {"type": "Polygon", "coordinates": [[[-122.23319213212011, 47.552864893999285], [-122.22653013600599, 47.552864893999285], [-122.22653013600599, 47.55735644987424], [-122.23319213212011, 47.55735644987424], [-122.23319213212011, 47.552864893999285]]]}}, {"type": "Feature", "properties": {"cell_id": "r016_c035", "congestion_score": 0.0, "transit_departures": 0.0, "target_count": 0.0, "employment_jobs": 0.0}, "geometry": {"type": "Polygon", "coordinates": [[[-122.22653013600599, 47.552864893999285], [-122.2244, 47.552864893999285], [-122.2244, 47.55735644987424], [-122.22653013600599, 47.55735644987424], [-122.22653013600599, 47.552864893999285]]]}}, {"type": "Feature", "properties": {"cell_id": "r017_c000", "congestion_score": 0.0, "transit_departures": 0.0, "target_count": 0.0, "employment_jobs": 0.0}, "geometry": {"type": "Polygon", "coordinates": [[[-122.4597, 47.55735644987424], [-122.45303800388588, 47.55735644987424], [-122.45303800388588, 47.5618480057492], [-122.4597, 47.5618480057492], [-122.4597, 47.55735644987424]]]}}, {"type": "Feature", "properties": {"cell_id": "r017_c001", "congestion_score": 0.0, "transit_departures": 0.0, "target_count": 0.0, "employment_jobs": 0.0}, "geometry": {"type": "Polygon", "coordinates": [[[-122.45303800388588, 47.55735644987424], [-122.44637600777176, 47.55735644987424], [-122.44637600777176, 47.5618480057492], [-122.45303800388588, 47.5618480057492], [-122.45303800388588, 47.55735644987424]]]}}, {"type": "Feature", "properties": {"cell_id": "r017_c002", "congestion_score": 0.0, "transit_departures": 0.0, "target_count": 0.0, "employment_jobs": 0.0}, "geometry": {"type": "Polygon", "coordinates": [[[-122.44637600777178, 47.55735644987424], [-122.43971401165766, 47.55735644987424], [-122.43971401165766, 47.5618480057492], [-122.44637600777178, 47.5618480057492], [-122.44637600777178, 47.55735644987424]]]}}, {"type": "Feature", "properties": {"cell_id": "r017_c003", "congestion_score": 0.0, "transit_departures": 0.0, "target_count": 0.0, "employment_jobs": 0.0}, "geometry": {"type": "Polygon", "coordinates": [[[-122.43971401165766, 47.55735644987424], [-122.43305201554354, 47.55735644987424], [-122.43305201554354, 47.5618480057492], [-122.43971401165766, 47.5618480057492], [-122.43971401165766, 47.55735644987424]]]}}, {"type": "Feature", "properties": {"cell_id": "r017_c004", "congestion_score": 0.0, "transit_departures": 0.0, "target_count": 0.0, "employment_jobs": 0.0}, "geometry": {"type": "Polygon", "coordinates": [[[-122.43305201554354, 47.55735644987424], [-122.42639001942942, 47.55735644987424], [-122.42639001942942, 47.5618480057492], [-122.43305201554354, 47.5618480057492], [-122.43305201554354, 47.55735644987424]]]}}, {"type": "Feature", "properties": {"cell_id": "r017_c005", "congestion_score": 0.0, "transit_departures": 0.0, "target_count": 0.0, "employment_jobs": 0.0}, "geometry": {"type": "Polygon", "coordinates": [[[-122.42639001942942, 47.55735644987424], [-122.4197280233153, 47.55735644987424], [-122.4197280233153, 47.5618480057492], [-122.42639001942942, 47.5618480057492], [-122.42639001942942, 47.55735644987424]]]}}, {"type": "Feature", "properties": {"cell_id": "r017_c006", "congestion_score": 0.0, "transit_departures": 0.0, "target_count": 0.0, "employment_jobs": 0.0}, "geometry": {"type": "Polygon", "coordinates": [[[-122.41972802331532, 47.55735644987424], [-122.4130660272012, 47.55735644987424], [-122.4130660272012, 47.5618480057492], [-122.41972802331532, 47.5618480057492], [-122.41972802331532, 47.55735644987424]]]}}, {"type": "Feature", "properties": {"cell_id": "r017_c007", "congestion_score": 0.0, "transit_departures": 0.0, "target_count": 0.0, "employment_jobs": 0.0}, "geometry": {"type": "Polygon", "coordinates": [[[-122.4130660272012, 47.55735644987424], [-122.40640403108708, 47.55735644987424], [-122.40640403108708, 47.5618480057492], [-122.4130660272012, 47.5618480057492], [-122.4130660272012, 47.55735644987424]]]}}, {"type": "Feature", "properties": {"cell_id": "r017_c008", "congestion_score": 0.0, "transit_departures": 0.0, "target_count": 0.0, "employment_jobs": 0.0}, "geometry": {"type": "Polygon", "coordinates": [[[-122.40640403108708, 47.55735644987424], [-122.39974203497296, 47.55735644987424], [-122.39974203497296, 47.5618480057492], [-122.40640403108708, 47.5618480057492], [-122.40640403108708, 47.55735644987424]]]}}, {"type": "Feature", "properties": {"cell_id": "r017_c009", "congestion_score": 0.0, "transit_departures": 0.0, "target_count": 0.0, "employment_jobs": 0.0}, "geometry": {"type": "Polygon", "coordinates": [[[-122.39974203497297, 47.55735644987424], [-122.39308003885886, 47.55735644987424], [-122.39308003885886, 47.5618480057492], [-122.39974203497297, 47.5618480057492], [-122.39974203497297, 47.55735644987424]]]}}, {"type": "Feature", "properties": {"cell_id": "r017_c010", "congestion_score": 0.0, "transit_departures": 0.0, "target_count": 0.0, "employment_jobs": 0.0}, "geometry": {"type": "Polygon", "coordinates": [[[-122.39308003885886, 47.55735644987424], [-122.38641804274474, 47.55735644987424], [-122.38641804274474, 47.5618480057492], [-122.39308003885886, 47.5618480057492], [-122.39308003885886, 47.55735644987424]]]}}, {"type": "Feature", "properties": {"cell_id": "r017_c011", "congestion_score": 0.0, "transit_departures": 0.0, "target_count": 0.0, "employment_jobs": 0.0}, "geometry": {"type": "Polygon", "coordinates": [[[-122.38641804274474, 47.55735644987424], [-122.37975604663062, 47.55735644987424], [-122.37975604663062, 47.5618480057492], [-122.38641804274474, 47.5618480057492], [-122.38641804274474, 47.55735644987424]]]}}, {"type": "Feature", "properties": {"cell_id": "r017_c012", "congestion_score": 0.0, "transit_departures": 0.0, "target_count": 0.0, "employment_jobs": 0.0}, "geometry": {"type": "Polygon", "coordinates": [[[-122.37975604663062, 47.55735644987424], [-122.3730940505165, 47.55735644987424], [-122.3730940505165, 47.5618480057492], [-122.37975604663062, 47.5618480057492], [-122.37975604663062, 47.55735644987424]]]}}, {"type": "Feature", "properties": {"cell_id": "r017_c013", "congestion_score": 0.0, "transit_departures": 0.0, "target_count": 0.0, "employment_jobs": 0.0}, "geometry": {"type": "Polygon", "coordinates": [[[-122.37309405051651, 47.55735644987424], [-122.3664320544024, 47.55735644987424], [-122.3664320544024, 47.5618480057492], [-122.37309405051651, 47.5618480057492], [-122.37309405051651, 47.55735644987424]]]}}, {"type": "Feature", "properties": {"cell_id": "r017_c014", "congestion_score": 0.0, "transit_departures": 0.0, "target_count": 0.0, "employment_jobs": 0.0}, "geometry": {"type": "Polygon", "coordinates": [[[-122.3664320544024, 47.55735644987424], [-122.35977005828828, 47.55735644987424], [-122.35977005828828, 47.5618480057492], [-122.3664320544024, 47.5618480057492], [-122.3664320544024, 47.55735644987424]]]}}, {"type": "Feature", "properties": {"cell_id": "r017_c015", "congestion_score": 0.0, "transit_departures": 0.0, "target_count": 0.0, "employment_jobs": 0.0}, "geometry": {"type": "Polygon", "coordinates": [[[-122.35977005828828, 47.55735644987424], [-122.35310806217416, 47.55735644987424], [-122.35310806217416, 47.5618480057492], [-122.35977005828828, 47.5618480057492], [-122.35977005828828, 47.55735644987424]]]}}, {"type": "Feature", "properties": {"cell_id": "r017_c016", "congestion_score": 0.0, "transit_departures": 0.0, "target_count": 0.0, "employment_jobs": 0.0}, "geometry": {"type": "Polygon", "coordinates": [[[-122.35310806217417, 47.55735644987424], [-122.34644606606005, 47.55735644987424], [-122.34644606606005, 47.5618480057492], [-122.35310806217417, 47.5618480057492], [-122.35310806217417, 47.55735644987424]]]}}, {"type": "Feature", "properties": {"cell_id": "r017_c017", "congestion_score": 0.0, "transit_departures": 0.0, "target_count": 0.0, "employment_jobs": 0.0}, "geometry": {"type": "Polygon", "coordinates": [[[-122.34644606606005, 47.55735644987424], [-122.33978406994594, 47.55735644987424], [-122.33978406994594, 47.5618480057492], [-122.34644606606005, 47.5618480057492], [-122.34644606606005, 47.55735644987424]]]}}, {"type": "Feature", "properties": {"cell_id": "r017_c018", "congestion_score": 0.0, "transit_departures": 0.0, "target_count": 0.0, "employment_jobs": 0.0}, "geometry": {"type": "Polygon", "coordinates": [[[-122.33978406994594, 47.55735644987424], [-122.33312207383182, 47.55735644987424], [-122.33312207383182, 47.5618480057492], [-122.33978406994594, 47.5618480057492], [-122.33978406994594, 47.55735644987424]]]}}, {"type": "Feature", "properties": {"cell_id": "r017_c019", "congestion_score": 0.0, "transit_departures": 0.0, "target_count": 0.0, "employment_jobs": 0.0}, "geometry": {"type": "Polygon", "coordinates": [[[-122.33312207383182, 47.55735644987424], [-122.3264600777177, 47.55735644987424], [-122.3264600777177, 47.5618480057492], [-122.33312207383182, 47.5618480057492], [-122.33312207383182, 47.55735644987424]]]}}, {"type": "Feature", "properties": {"cell_id": "r017_c020", "congestion_score": 0.0, "transit_departures": 0.0, "target_count": 0.0, "employment_jobs": 0.0}, "geometry": {"type": "Polygon", "coordinates": [[[-122.32646007771771, 47.55735644987424], [-122.3197980816036, 47.55735644987424], [-122.3197980816036, 47.5618480057492], [-122.32646007771771, 47.5618480057492], [-122.32646007771771, 47.55735644987424]]]}}, {"type": "Feature", "properties": {"cell_id": "r017_c021", "congestion_score": 0.0, "transit_departures": 0.0, "target_count": 0.0, "employment_jobs": 0.0}, "geometry": {"type": "Polygon", "coordinates": [[[-122.3197980816036, 47.55735644987424], [-122.31313608548948, 47.55735644987424], [-122.31313608548948, 47.5618480057492], [-122.3197980816036, 47.5618480057492], [-122.3197980816036, 47.55735644987424]]]}}, {"type": "Feature", "properties": {"cell_id": "r017_c022", "congestion_score": 0.0, "transit_departures": 0.0, "target_count": 0.0, "employment_jobs": 0.0}, "geometry": {"type": "Polygon", "coordinates": [[[-122.31313608548948, 47.55735644987424], [-122.30647408937536, 47.55735644987424], [-122.30647408937536, 47.5618480057492], [-122.31313608548948, 47.5618480057492], [-122.31313608548948, 47.55735644987424]]]}}, {"type": "Feature", "properties": {"cell_id": "r017_c023", "congestion_score": 0.0, "transit_departures": 0.0, "target_count": 0.0, "employment_jobs": 0.0}, "geometry": {"type": "Polygon", "coordinates": [[[-122.30647408937537, 47.55735644987424], [-122.29981209326125, 47.55735644987424], [-122.29981209326125, 47.5618480057492], [-122.30647408937537, 47.5618480057492], [-122.30647408937537, 47.55735644987424]]]}}, {"type": "Feature", "properties": {"cell_id": "r017_c024", "congestion_score": 0.0, "transit_departures": 0.0, "target_count": 0.0, "employment_jobs": 0.0}, "geometry": {"type": "Polygon", "coordinates": [[[-122.29981209326125, 47.55735644987424], [-122.29315009714713, 47.55735644987424], [-122.29315009714713, 47.5618480057492], [-122.29981209326125, 47.5618480057492], [-122.29981209326125, 47.55735644987424]]]}}, {"type": "Feature", "properties": {"cell_id": "r017_c025", "congestion_score": 0.0, "transit_departures": 0.0, "target_count": 0.0, "employment_jobs": 0.0}, "geometry": {"type": "Polygon", "coordinates": [[[-122.29315009714713, 47.55735644987424], [-122.28648810103302, 47.55735644987424], [-122.28648810103302, 47.5618480057492], [-122.29315009714713, 47.5618480057492], [-122.29315009714713, 47.55735644987424]]]}}, {"type": "Feature", "properties": {"cell_id": "r017_c026", "congestion_score": 0.0, "transit_departures": 0.0, "target_count": 0.0, "employment_jobs": 0.0}, "geometry": {"type": "Polygon", "coordinates": [[[-122.28648810103302, 47.55735644987424], [-122.2798261049189, 47.55735644987424], [-122.2798261049189, 47.5618480057492], [-122.28648810103302, 47.5618480057492], [-122.28648810103302, 47.55735644987424]]]}}, {"type": "Feature", "properties": {"cell_id": "r017_c027", "congestion_score": 0.0, "transit_departures": 0.0, "target_count": 0.0, "employment_jobs": 0.0}, "geometry": {"type": "Polygon", "coordinates": [[[-122.27982610491891, 47.55735644987424], [-122.27316410880479, 47.55735644987424], [-122.27316410880479, 47.5618480057492], [-122.27982610491891, 47.5618480057492], [-122.27982610491891, 47.55735644987424]]]}}, {"type": "Feature", "properties": {"cell_id": "r017_c028", "congestion_score": 0.0, "transit_departures": 0.0, "target_count": 0.0, "employment_jobs": 0.0}, "geometry": {"type": "Polygon", "coordinates": [[[-122.27316410880479, 47.55735644987424], [-122.26650211269067, 47.55735644987424], [-122.26650211269067, 47.5618480057492], [-122.27316410880479, 47.5618480057492], [-122.27316410880479, 47.55735644987424]]]}}, {"type": "Feature", "properties": {"cell_id": "r017_c029", "congestion_score": 0.0, "transit_departures": 0.0, "target_count": 0.0, "employment_jobs": 0.0}, "geometry": {"type": "Polygon", "coordinates": [[[-122.26650211269067, 47.55735644987424], [-122.25984011657656, 47.55735644987424], [-122.25984011657656, 47.5618480057492], [-122.26650211269067, 47.5618480057492], [-122.26650211269067, 47.55735644987424]]]}}, {"type": "Feature", "properties": {"cell_id": "r017_c030", "congestion_score": 0.0, "transit_departures": 0.0, "target_count": 0.0, "employment_jobs": 0.0}, "geometry": {"type": "Polygon", "coordinates": [[[-122.25984011657657, 47.55735644987424], [-122.25317812046245, 47.55735644987424], [-122.25317812046245, 47.5618480057492], [-122.25984011657657, 47.5618480057492], [-122.25984011657657, 47.55735644987424]]]}}, {"type": "Feature", "properties": {"cell_id": "r017_c031", "congestion_score": 0.0, "transit_departures": 0.0, "target_count": 0.0, "employment_jobs": 0.0}, "geometry": {"type": "Polygon", "coordinates": [[[-122.25317812046245, 47.55735644987424], [-122.24651612434833, 47.55735644987424], [-122.24651612434833, 47.5618480057492], [-122.25317812046245, 47.5618480057492], [-122.25317812046245, 47.55735644987424]]]}}, {"type": "Feature", "properties": {"cell_id": "r017_c032", "congestion_score": 0.0, "transit_departures": 0.0, "target_count": 0.0, "employment_jobs": 0.0}, "geometry": {"type": "Polygon", "coordinates": [[[-122.24651612434833, 47.55735644987424], [-122.23985412823421, 47.55735644987424], [-122.23985412823421, 47.5618480057492], [-122.24651612434833, 47.5618480057492], [-122.24651612434833, 47.55735644987424]]]}}, {"type": "Feature", "properties": {"cell_id": "r017_c033", "congestion_score": 0.0, "transit_departures": 0.0, "target_count": 0.0, "employment_jobs": 0.0}, "geometry": {"type": "Polygon", "coordinates": [[[-122.23985412823421, 47.55735644987424], [-122.2331921321201, 47.55735644987424], [-122.2331921321201, 47.5618480057492], [-122.23985412823421, 47.5618480057492], [-122.23985412823421, 47.55735644987424]]]}}, {"type": "Feature", "properties": {"cell_id": "r017_c034", "congestion_score": 0.0, "transit_departures": 0.0, "target_count": 0.0, "employment_jobs": 0.0}, "geometry": {"type": "Polygon", "coordinates": [[[-122.23319213212011, 47.55735644987424], [-122.22653013600599, 47.55735644987424], [-122.22653013600599, 47.5618480057492], [-122.23319213212011, 47.5618480057492], [-122.23319213212011, 47.55735644987424]]]}}, {"type": "Feature", "properties": {"cell_id": "r017_c035", "congestion_score": 0.0, "transit_departures": 0.0, "target_count": 0.0, "employment_jobs": 0.0}, "geometry": {"type": "Polygon", "coordinates": [[[-122.22653013600599, 47.55735644987424], [-122.2244, 47.55735644987424], [-122.2244, 47.5618480057492], [-122.22653013600599, 47.5618480057492], [-122.22653013600599, 47.55735644987424]]]}}, {"type": "Feature", "properties": {"cell_id": "r018_c000", "congestion_score": 0.0, "transit_departures": 0.0, "target_count": 0.0, "employment_jobs": 0.0}, "geometry": {"type": "Polygon", "coordinates": [[[-122.4597, 47.56184800574919], [-122.45303800388588, 47.56184800574919], [-122.45303800388588, 47.56633956162415], [-122.4597, 47.56633956162415], [-122.4597, 47.56184800574919]]]}}, {"type": "Feature", "properties": {"cell_id": "r018_c001", "congestion_score": 0.0, "transit_departures": 0.0, "target_count": 0.0, "employment_jobs": 0.0}, "geometry": {"type": "Polygon", "coordinates": [[[-122.45303800388588, 47.56184800574919], [-122.44637600777176, 47.56184800574919], [-122.44637600777176, 47.56633956162415], [-122.45303800388588, 47.56633956162415], [-122.45303800388588, 47.56184800574919]]]}}, {"type": "Feature", "properties": {"cell_id": "r018_c002", "congestion_score": 0.0, "transit_departures": 0.0, "target_count": 0.0, "employment_jobs": 0.0}, "geometry": {"type": "Polygon", "coordinates": [[[-122.44637600777178, 47.56184800574919], [-122.43971401165766, 47.56184800574919], [-122.43971401165766, 47.56633956162415], [-122.44637600777178, 47.56633956162415], [-122.44637600777178, 47.56184800574919]]]}}, {"type": "Feature", "properties": {"cell_id": "r018_c003", "congestion_score": 0.0, "transit_departures": 0.0, "target_count": 0.0, "employment_jobs": 0.0}, "geometry": {"type": "Polygon", "coordinates": [[[-122.43971401165766, 47.56184800574919], [-122.43305201554354, 47.56184800574919], [-122.43305201554354, 47.56633956162415], [-122.43971401165766, 47.56633956162415], [-122.43971401165766, 47.56184800574919]]]}}, {"type": "Feature", "properties": {"cell_id": "r018_c004", "congestion_score": 0.0, "transit_departures": 0.0, "target_count": 0.0, "employment_jobs": 0.0}, "geometry": {"type": "Polygon", "coordinates": [[[-122.43305201554354, 47.56184800574919], [-122.42639001942942, 47.56184800574919], [-122.42639001942942, 47.56633956162415], [-122.43305201554354, 47.56633956162415], [-122.43305201554354, 47.56184800574919]]]}}, {"type": "Feature", "properties": {"cell_id": "r018_c005", "congestion_score": 0.0, "transit_departures": 0.0, "target_count": 0.0, "employment_jobs": 0.0}, "geometry": {"type": "Polygon", "coordinates": [[[-122.42639001942942, 47.56184800574919], [-122.4197280233153, 47.56184800574919], [-122.4197280233153, 47.56633956162415], [-122.42639001942942, 47.56633956162415], [-122.42639001942942, 47.56184800574919]]]}}, {"type": "Feature", "properties": {"cell_id": "r018_c006", "congestion_score": 0.0, "transit_departures": 0.0, "target_count": 0.0, "employment_jobs": 0.0}, "geometry": {"type": "Polygon", "coordinates": [[[-122.41972802331532, 47.56184800574919], [-122.4130660272012, 47.56184800574919], [-122.4130660272012, 47.56633956162415], [-122.41972802331532, 47.56633956162415], [-122.41972802331532, 47.56184800574919]]]}}, {"type": "Feature", "properties": {"cell_id": "r018_c007", "congestion_score": 0.0, "transit_departures": 0.0, "target_count": 0.0, "employment_jobs": 0.0}, "geometry": {"type": "Polygon", "coordinates": [[[-122.4130660272012, 47.56184800574919], [-122.40640403108708, 47.56184800574919], [-122.40640403108708, 47.56633956162415], [-122.4130660272012, 47.56633956162415], [-122.4130660272012, 47.56184800574919]]]}}, {"type": "Feature", "properties": {"cell_id": "r018_c008", "congestion_score": 0.0, "transit_departures": 0.0, "target_count": 0.0, "employment_jobs": 0.0}, "geometry": {"type": "Polygon", "coordinates": [[[-122.40640403108708, 47.56184800574919], [-122.39974203497296, 47.56184800574919], [-122.39974203497296, 47.56633956162415], [-122.40640403108708, 47.56633956162415], [-122.40640403108708, 47.56184800574919]]]}}, {"type": "Feature", "properties": {"cell_id": "r018_c009", "congestion_score": 0.0, "transit_departures": 0.0, "target_count": 0.0, "employment_jobs": 0.0}, "geometry": {"type": "Polygon", "coordinates": [[[-122.39974203497297, 47.56184800574919], [-122.39308003885886, 47.56184800574919], [-122.39308003885886, 47.56633956162415], [-122.39974203497297, 47.56633956162415], [-122.39974203497297, 47.56184800574919]]]}}, {"type": "Feature", "properties": {"cell_id": "r018_c010", "congestion_score": 0.0, "transit_departures": 0.0, "target_count": 0.0, "employment_jobs": 0.0}, "geometry": {"type": "Polygon", "coordinates": [[[-122.39308003885886, 47.56184800574919], [-122.38641804274474, 47.56184800574919], [-122.38641804274474, 47.56633956162415], [-122.39308003885886, 47.56633956162415], [-122.39308003885886, 47.56184800574919]]]}}, {"type": "Feature", "properties": {"cell_id": "r018_c011", "congestion_score": 0.0, "transit_departures": 0.0, "target_count": 0.0, "employment_jobs": 0.0}, "geometry": {"type": "Polygon", "coordinates": [[[-122.38641804274474, 47.56184800574919], [-122.37975604663062, 47.56184800574919], [-122.37975604663062, 47.56633956162415], [-122.38641804274474, 47.56633956162415], [-122.38641804274474, 47.56184800574919]]]}}, {"type": "Feature", "properties": {"cell_id": "r018_c012", "congestion_score": 0.0, "transit_departures": 0.0, "target_count": 0.0, "employment_jobs": 0.0}, "geometry": {"type": "Polygon", "coordinates": [[[-122.37975604663062, 47.56184800574919], [-122.3730940505165, 47.56184800574919], [-122.3730940505165, 47.56633956162415], [-122.37975604663062, 47.56633956162415], [-122.37975604663062, 47.56184800574919]]]}}, {"type": "Feature", "properties": {"cell_id": "r018_c013", "congestion_score": 0.0, "transit_departures": 0.0, "target_count": 0.0, "employment_jobs": 0.0}, "geometry": {"type": "Polygon", "coordinates": [[[-122.37309405051651, 47.56184800574919], [-122.3664320544024, 47.56184800574919], [-122.3664320544024, 47.56633956162415], [-122.37309405051651, 47.56633956162415], [-122.37309405051651, 47.56184800574919]]]}}, {"type": "Feature", "properties": {"cell_id": "r018_c014", "congestion_score": 0.0, "transit_departures": 0.0, "target_count": 0.0, "employment_jobs": 0.0}, "geometry": {"type": "Polygon", "coordinates": [[[-122.3664320544024, 47.56184800574919], [-122.35977005828828, 47.56184800574919], [-122.35977005828828, 47.56633956162415], [-122.3664320544024, 47.56633956162415], [-122.3664320544024, 47.56184800574919]]]}}, {"type": "Feature", "properties": {"cell_id": "r018_c015", "congestion_score": 0.0, "transit_departures": 0.0, "target_count": 0.0, "employment_jobs": 0.0}, "geometry": {"type": "Polygon", "coordinates": [[[-122.35977005828828, 47.56184800574919], [-122.35310806217416, 47.56184800574919], [-122.35310806217416, 47.56633956162415], [-122.35977005828828, 47.56633956162415], [-122.35977005828828, 47.56184800574919]]]}}, {"type": "Feature", "properties": {"cell_id": "r018_c016", "congestion_score": 0.0, "transit_departures": 0.0, "target_count": 0.0, "employment_jobs": 0.0}, "geometry": {"type": "Polygon", "coordinates": [[[-122.35310806217417, 47.56184800574919], [-122.34644606606005, 47.56184800574919], [-122.34644606606005, 47.56633956162415], [-122.35310806217417, 47.56633956162415], [-122.35310806217417, 47.56184800574919]]]}}, {"type": "Feature", "properties": {"cell_id": "r018_c017", "congestion_score": 0.0, "transit_departures": 0.0, "target_count": 0.0, "employment_jobs": 0.0}, "geometry": {"type": "Polygon", "coordinates": [[[-122.34644606606005, 47.56184800574919], [-122.33978406994594, 47.56184800574919], [-122.33978406994594, 47.56633956162415], [-122.34644606606005, 47.56633956162415], [-122.34644606606005, 47.56184800574919]]]}}, {"type": "Feature", "properties": {"cell_id": "r018_c018", "congestion_score": 0.0, "transit_departures": 0.0, "target_count": 0.0, "employment_jobs": 0.0}, "geometry": {"type": "Polygon", "coordinates": [[[-122.33978406994594, 47.56184800574919], [-122.33312207383182, 47.56184800574919], [-122.33312207383182, 47.56633956162415], [-122.33978406994594, 47.56633956162415], [-122.33978406994594, 47.56184800574919]]]}}, {"type": "Feature", "properties": {"cell_id": "r018_c019", "congestion_score": 0.0, "transit_departures": 0.0, "target_count": 0.0, "employment_jobs": 0.0}, "geometry": {"type": "Polygon", "coordinates": [[[-122.33312207383182, 47.56184800574919], [-122.3264600777177, 47.56184800574919], [-122.3264600777177, 47.56633956162415], [-122.33312207383182, 47.56633956162415], [-122.33312207383182, 47.56184800574919]]]}}, {"type": "Feature", "properties": {"cell_id": "r018_c020", "congestion_score": 0.0, "transit_departures": 0.0, "target_count": 0.0, "employment_jobs": 0.0}, "geometry": {"type": "Polygon", "coordinates": [[[-122.32646007771771, 47.56184800574919], [-122.3197980816036, 47.56184800574919], [-122.3197980816036, 47.56633956162415], [-122.32646007771771, 47.56633956162415], [-122.32646007771771, 47.56184800574919]]]}}, {"type": "Feature", "properties": {"cell_id": "r018_c021", "congestion_score": 0.0, "transit_departures": 0.0, "target_count": 0.0, "employment_jobs": 0.0}, "geometry": {"type": "Polygon", "coordinates": [[[-122.3197980816036, 47.56184800574919], [-122.31313608548948, 47.56184800574919], [-122.31313608548948, 47.56633956162415], [-122.3197980816036, 47.56633956162415], [-122.3197980816036, 47.56184800574919]]]}}, {"type": "Feature", "properties": {"cell_id": "r018_c022", "congestion_score": 0.0, "transit_departures": 0.0, "target_count": 0.0, "employment_jobs": 0.0}, "geometry": {"type": "Polygon", "coordinates": [[[-122.31313608548948, 47.56184800574919], [-122.30647408937536, 47.56184800574919], [-122.30647408937536, 47.56633956162415], [-122.31313608548948, 47.56633956162415], [-122.31313608548948, 47.56184800574919]]]}}, {"type": "Feature", "properties": {"cell_id": "r018_c023", "congestion_score": 0.0, "transit_departures": 0.0, "target_count": 0.0, "employment_jobs": 0.0}, "geometry": {"type": "Polygon", "coordinates": [[[-122.30647408937537, 47.56184800574919], [-122.29981209326125, 47.56184800574919], [-122.29981209326125, 47.56633956162415], [-122.30647408937537, 47.56633956162415], [-122.30647408937537, 47.56184800574919]]]}}, {"type": "Feature", "properties": {"cell_id": "r018_c024", "congestion_score": 0.0, "transit_departures": 0.0, "target_count": 0.0, "employment_jobs": 0.0}, "geometry": {"type": "Polygon", "coordinates": [[[-122.29981209326125, 47.56184800574919], [-122.29315009714713, 47.56184800574919], [-122.29315009714713, 47.56633956162415], [-122.29981209326125, 47.56633956162415], [-122.29981209326125, 47.56184800574919]]]}}, {"type": "Feature", "properties": {"cell_id": "r018_c025", "congestion_score": 0.0, "transit_departures": 0.0, "target_count": 0.0, "employment_jobs": 0.0}, "geometry": {"type": "Polygon", "coordinates": [[[-122.29315009714713, 47.56184800574919], [-122.28648810103302, 47.56184800574919], [-122.28648810103302, 47.56633956162415], [-122.29315009714713, 47.56633956162415], [-122.29315009714713, 47.56184800574919]]]}}, {"type": "Feature", "properties": {"cell_id": "r018_c026", "congestion_score": 0.0, "transit_departures": 0.0, "target_count": 0.0, "employment_jobs": 0.0}, "geometry": {"type": "Polygon", "coordinates": [[[-122.28648810103302, 47.56184800574919], [-122.2798261049189, 47.56184800574919], [-122.2798261049189, 47.56633956162415], [-122.28648810103302, 47.56633956162415], [-122.28648810103302, 47.56184800574919]]]}}, {"type": "Feature", "properties": {"cell_id": "r018_c027", "congestion_score": 0.0, "transit_departures": 0.0, "target_count": 0.0, "employment_jobs": 0.0}, "geometry": {"type": "Polygon", "coordinates": [[[-122.27982610491891, 47.56184800574919], [-122.27316410880479, 47.56184800574919], [-122.27316410880479, 47.56633956162415], [-122.27982610491891, 47.56633956162415], [-122.27982610491891, 47.56184800574919]]]}}, {"type": "Feature", "properties": {"cell_id": "r018_c028", "congestion_score": 0.0, "transit_departures": 0.0, "target_count": 0.0, "employment_jobs": 0.0}, "geometry": {"type": "Polygon", "coordinates": [[[-122.27316410880479, 47.56184800574919], [-122.26650211269067, 47.56184800574919], [-122.26650211269067, 47.56633956162415], [-122.27316410880479, 47.56633956162415], [-122.27316410880479, 47.56184800574919]]]}}, {"type": "Feature", "properties": {"cell_id": "r018_c029", "congestion_score": 0.0, "transit_departures": 0.0, "target_count": 0.0, "employment_jobs": 0.0}, "geometry": {"type": "Polygon", "coordinates": [[[-122.26650211269067, 47.56184800574919], [-122.25984011657656, 47.56184800574919], [-122.25984011657656, 47.56633956162415], [-122.26650211269067, 47.56633956162415], [-122.26650211269067, 47.56184800574919]]]}}, {"type": "Feature", "properties": {"cell_id": "r018_c030", "congestion_score": 0.0, "transit_departures": 0.0, "target_count": 0.0, "employment_jobs": 0.0}, "geometry": {"type": "Polygon", "coordinates": [[[-122.25984011657657, 47.56184800574919], [-122.25317812046245, 47.56184800574919], [-122.25317812046245, 47.56633956162415], [-122.25984011657657, 47.56633956162415], [-122.25984011657657, 47.56184800574919]]]}}, {"type": "Feature", "properties": {"cell_id": "r018_c031", "congestion_score": 0.0, "transit_departures": 0.0, "target_count": 0.0, "employment_jobs": 0.0}, "geometry": {"type": "Polygon", "coordinates": [[[-122.25317812046245, 47.56184800574919], [-122.24651612434833, 47.56184800574919], [-122.24651612434833, 47.56633956162415], [-122.25317812046245, 47.56633956162415], [-122.25317812046245, 47.56184800574919]]]}}, {"type": "Feature", "properties": {"cell_id": "r018_c032", "congestion_score": 0.0, "transit_departures": 0.0, "target_count": 0.0, "employment_jobs": 0.0}, "geometry": {"type": "Polygon", "coordinates": [[[-122.24651612434833, 47.56184800574919], [-122.23985412823421, 47.56184800574919], [-122.23985412823421, 47.56633956162415], [-122.24651612434833, 47.56633956162415], [-122.24651612434833, 47.56184800574919]]]}}, {"type": "Feature", "properties": {"cell_id": "r018_c033", "congestion_score": 0.0, "transit_departures": 0.0, "target_count": 0.0, "employment_jobs": 0.0}, "geometry": {"type": "Polygon", "coordinates": [[[-122.23985412823421, 47.56184800574919], [-122.2331921321201, 47.56184800574919], [-122.2331921321201, 47.56633956162415], [-122.23985412823421, 47.56633956162415], [-122.23985412823421, 47.56184800574919]]]}}, {"type": "Feature", "properties": {"cell_id": "r018_c034", "congestion_score": 0.0, "transit_departures": 0.0, "target_count": 0.0, "employment_jobs": 0.0}, "geometry": {"type": "Polygon", "coordinates": [[[-122.23319213212011, 47.56184800574919], [-122.22653013600599, 47.56184800574919], [-122.22653013600599, 47.56633956162415], [-122.23319213212011, 47.56633956162415], [-122.23319213212011, 47.56184800574919]]]}}, {"type": "Feature", "properties": {"cell_id": "r018_c035", "congestion_score": 0.0, "transit_departures": 0.0, "target_count": 0.0, "employment_jobs": 0.0}, "geometry": {"type": "Polygon", "coordinates": [[[-122.22653013600599, 47.56184800574919], [-122.2244, 47.56184800574919], [-122.2244, 47.56633956162415], [-122.22653013600599, 47.56633956162415], [-122.22653013600599, 47.56184800574919]]]}}, {"type": "Feature", "properties": {"cell_id": "r019_c000", "congestion_score": 0.0, "transit_departures": 0.0, "target_count": 0.0, "employment_jobs": 0.0}, "geometry": {"type": "Polygon", "coordinates": [[[-122.4597, 47.56633956162415], [-122.45303800388588, 47.56633956162415], [-122.45303800388588, 47.570831117499104], [-122.4597, 47.570831117499104], [-122.4597, 47.56633956162415]]]}}, {"type": "Feature", "properties": {"cell_id": "r019_c001", "congestion_score": 0.0, "transit_departures": 0.0, "target_count": 0.0, "employment_jobs": 0.0}, "geometry": {"type": "Polygon", "coordinates": [[[-122.45303800388588, 47.56633956162415], [-122.44637600777176, 47.56633956162415], [-122.44637600777176, 47.570831117499104], [-122.45303800388588, 47.570831117499104], [-122.45303800388588, 47.56633956162415]]]}}, {"type": "Feature", "properties": {"cell_id": "r019_c002", "congestion_score": 0.0, "transit_departures": 0.0, "target_count": 0.0, "employment_jobs": 0.0}, "geometry": {"type": "Polygon", "coordinates": [[[-122.44637600777178, 47.56633956162415], [-122.43971401165766, 47.56633956162415], [-122.43971401165766, 47.570831117499104], [-122.44637600777178, 47.570831117499104], [-122.44637600777178, 47.56633956162415]]]}}, {"type": "Feature", "properties": {"cell_id": "r019_c003", "congestion_score": 0.0, "transit_departures": 0.0, "target_count": 0.0, "employment_jobs": 0.0}, "geometry": {"type": "Polygon", "coordinates": [[[-122.43971401165766, 47.56633956162415], [-122.43305201554354, 47.56633956162415], [-122.43305201554354, 47.570831117499104], [-122.43971401165766, 47.570831117499104], [-122.43971401165766, 47.56633956162415]]]}}, {"type": "Feature", "properties": {"cell_id": "r019_c004", "congestion_score": 0.0, "transit_departures": 0.0, "target_count": 0.0, "employment_jobs": 0.0}, "geometry": {"type": "Polygon", "coordinates": [[[-122.43305201554354, 47.56633956162415], [-122.42639001942942, 47.56633956162415], [-122.42639001942942, 47.570831117499104], [-122.43305201554354, 47.570831117499104], [-122.43305201554354, 47.56633956162415]]]}}, {"type": "Feature", "properties": {"cell_id": "r019_c005", "congestion_score": 0.0, "transit_departures": 0.0, "target_count": 0.0, "employment_jobs": 0.0}, "geometry": {"type": "Polygon", "coordinates": [[[-122.42639001942942, 47.56633956162415], [-122.4197280233153, 47.56633956162415], [-122.4197280233153, 47.570831117499104], [-122.42639001942942, 47.570831117499104], [-122.42639001942942, 47.56633956162415]]]}}, {"type": "Feature", "properties": {"cell_id": "r019_c006", "congestion_score": 0.0, "transit_departures": 0.0, "target_count": 0.0, "employment_jobs": 0.0}, "geometry": {"type": "Polygon", "coordinates": [[[-122.41972802331532, 47.56633956162415], [-122.4130660272012, 47.56633956162415], [-122.4130660272012, 47.570831117499104], [-122.41972802331532, 47.570831117499104], [-122.41972802331532, 47.56633956162415]]]}}, {"type": "Feature", "properties": {"cell_id": "r019_c007", "congestion_score": 0.0, "transit_departures": 0.0, "target_count": 0.0, "employment_jobs": 0.0}, "geometry": {"type": "Polygon", "coordinates": [[[-122.4130660272012, 47.56633956162415], [-122.40640403108708, 47.56633956162415], [-122.40640403108708, 47.570831117499104], [-122.4130660272012, 47.570831117499104], [-122.4130660272012, 47.56633956162415]]]}}, {"type": "Feature", "properties": {"cell_id": "r019_c008", "congestion_score": 0.0, "transit_departures": 0.0, "target_count": 0.0, "employment_jobs": 0.0}, "geometry": {"type": "Polygon", "coordinates": [[[-122.40640403108708, 47.56633956162415], [-122.39974203497296, 47.56633956162415], [-122.39974203497296, 47.570831117499104], [-122.40640403108708, 47.570831117499104], [-122.40640403108708, 47.56633956162415]]]}}, {"type": "Feature", "properties": {"cell_id": "r019_c009", "congestion_score": 0.0, "transit_departures": 0.0, "target_count": 0.0, "employment_jobs": 0.0}, "geometry": {"type": "Polygon", "coordinates": [[[-122.39974203497297, 47.56633956162415], [-122.39308003885886, 47.56633956162415], [-122.39308003885886, 47.570831117499104], [-122.39974203497297, 47.570831117499104], [-122.39974203497297, 47.56633956162415]]]}}, {"type": "Feature", "properties": {"cell_id": "r019_c010", "congestion_score": 0.0, "transit_departures": 0.0, "target_count": 0.0, "employment_jobs": 0.0}, "geometry": {"type": "Polygon", "coordinates": [[[-122.39308003885886, 47.56633956162415], [-122.38641804274474, 47.56633956162415], [-122.38641804274474, 47.570831117499104], [-122.39308003885886, 47.570831117499104], [-122.39308003885886, 47.56633956162415]]]}}, {"type": "Feature", "properties": {"cell_id": "r019_c011", "congestion_score": 0.0, "transit_departures": 0.0, "target_count": 0.0, "employment_jobs": 0.0}, "geometry": {"type": "Polygon", "coordinates": [[[-122.38641804274474, 47.56633956162415], [-122.37975604663062, 47.56633956162415], [-122.37975604663062, 47.570831117499104], [-122.38641804274474, 47.570831117499104], [-122.38641804274474, 47.56633956162415]]]}}, {"type": "Feature", "properties": {"cell_id": "r019_c012", "congestion_score": 0.0, "transit_departures": 0.0, "target_count": 0.0, "employment_jobs": 0.0}, "geometry": {"type": "Polygon", "coordinates": [[[-122.37975604663062, 47.56633956162415], [-122.3730940505165, 47.56633956162415], [-122.3730940505165, 47.570831117499104], [-122.37975604663062, 47.570831117499104], [-122.37975604663062, 47.56633956162415]]]}}, {"type": "Feature", "properties": {"cell_id": "r019_c013", "congestion_score": 0.0, "transit_departures": 0.0, "target_count": 0.0, "employment_jobs": 0.0}, "geometry": {"type": "Polygon", "coordinates": [[[-122.37309405051651, 47.56633956162415], [-122.3664320544024, 47.56633956162415], [-122.3664320544024, 47.570831117499104], [-122.37309405051651, 47.570831117499104], [-122.37309405051651, 47.56633956162415]]]}}, {"type": "Feature", "properties": {"cell_id": "r019_c014", "congestion_score": 0.0, "transit_departures": 0.0, "target_count": 0.0, "employment_jobs": 0.0}, "geometry": {"type": "Polygon", "coordinates": [[[-122.3664320544024, 47.56633956162415], [-122.35977005828828, 47.56633956162415], [-122.35977005828828, 47.570831117499104], [-122.3664320544024, 47.570831117499104], [-122.3664320544024, 47.56633956162415]]]}}, {"type": "Feature", "properties": {"cell_id": "r019_c015", "congestion_score": 0.0, "transit_departures": 0.0, "target_count": 0.0, "employment_jobs": 0.0}, "geometry": {"type": "Polygon", "coordinates": [[[-122.35977005828828, 47.56633956162415], [-122.35310806217416, 47.56633956162415], [-122.35310806217416, 47.570831117499104], [-122.35977005828828, 47.570831117499104], [-122.35977005828828, 47.56633956162415]]]}}, {"type": "Feature", "properties": {"cell_id": "r019_c016", "congestion_score": 0.0, "transit_departures": 0.0, "target_count": 0.0, "employment_jobs": 0.0}, "geometry": {"type": "Polygon", "coordinates": [[[-122.35310806217417, 47.56633956162415], [-122.34644606606005, 47.56633956162415], [-122.34644606606005, 47.570831117499104], [-122.35310806217417, 47.570831117499104], [-122.35310806217417, 47.56633956162415]]]}}, {"type": "Feature", "properties": {"cell_id": "r019_c017", "congestion_score": 0.0, "transit_departures": 0.0, "target_count": 0.0, "employment_jobs": 0.0}, "geometry": {"type": "Polygon", "coordinates": [[[-122.34644606606005, 47.56633956162415], [-122.33978406994594, 47.56633956162415], [-122.33978406994594, 47.570831117499104], [-122.34644606606005, 47.570831117499104], [-122.34644606606005, 47.56633956162415]]]}}, {"type": "Feature", "properties": {"cell_id": "r019_c018", "congestion_score": 0.0, "transit_departures": 0.0, "target_count": 0.0, "employment_jobs": 0.0}, "geometry": {"type": "Polygon", "coordinates": [[[-122.33978406994594, 47.56633956162415], [-122.33312207383182, 47.56633956162415], [-122.33312207383182, 47.570831117499104], [-122.33978406994594, 47.570831117499104], [-122.33978406994594, 47.56633956162415]]]}}, {"type": "Feature", "properties": {"cell_id": "r019_c019", "congestion_score": 0.0, "transit_departures": 0.0, "target_count": 0.0, "employment_jobs": 0.0}, "geometry": {"type": "Polygon", "coordinates": [[[-122.33312207383182, 47.56633956162415], [-122.3264600777177, 47.56633956162415], [-122.3264600777177, 47.570831117499104], [-122.33312207383182, 47.570831117499104], [-122.33312207383182, 47.56633956162415]]]}}, {"type": "Feature", "properties": {"cell_id": "r019_c020", "congestion_score": 0.0, "transit_departures": 0.0, "target_count": 0.0, "employment_jobs": 0.0}, "geometry": {"type": "Polygon", "coordinates": [[[-122.32646007771771, 47.56633956162415], [-122.3197980816036, 47.56633956162415], [-122.3197980816036, 47.570831117499104], [-122.32646007771771, 47.570831117499104], [-122.32646007771771, 47.56633956162415]]]}}, {"type": "Feature", "properties": {"cell_id": "r019_c021", "congestion_score": 0.0, "transit_departures": 0.0, "target_count": 0.0, "employment_jobs": 0.0}, "geometry": {"type": "Polygon", "coordinates": [[[-122.3197980816036, 47.56633956162415], [-122.31313608548948, 47.56633956162415], [-122.31313608548948, 47.570831117499104], [-122.3197980816036, 47.570831117499104], [-122.3197980816036, 47.56633956162415]]]}}, {"type": "Feature", "properties": {"cell_id": "r019_c022", "congestion_score": 0.0, "transit_departures": 0.0, "target_count": 0.0, "employment_jobs": 0.0}, "geometry": {"type": "Polygon", "coordinates": [[[-122.31313608548948, 47.56633956162415], [-122.30647408937536, 47.56633956162415], [-122.30647408937536, 47.570831117499104], [-122.31313608548948, 47.570831117499104], [-122.31313608548948, 47.56633956162415]]]}}, {"type": "Feature", "properties": {"cell_id": "r019_c023", "congestion_score": 0.0, "transit_departures": 0.0, "target_count": 0.0, "employment_jobs": 0.0}, "geometry": {"type": "Polygon", "coordinates": [[[-122.30647408937537, 47.56633956162415], [-122.29981209326125, 47.56633956162415], [-122.29981209326125, 47.570831117499104], [-122.30647408937537, 47.570831117499104], [-122.30647408937537, 47.56633956162415]]]}}, {"type": "Feature", "properties": {"cell_id": "r019_c024", "congestion_score": 0.0, "transit_departures": 0.0, "target_count": 0.0, "employment_jobs": 0.0}, "geometry": {"type": "Polygon", "coordinates": [[[-122.29981209326125, 47.56633956162415], [-122.29315009714713, 47.56633956162415], [-122.29315009714713, 47.570831117499104], [-122.29981209326125, 47.570831117499104], [-122.29981209326125, 47.56633956162415]]]}}, {"type": "Feature", "properties": {"cell_id": "r019_c025", "congestion_score": 0.0, "transit_departures": 0.0, "target_count": 0.0, "employment_jobs": 0.0}, "geometry": {"type": "Polygon", "coordinates": [[[-122.29315009714713, 47.56633956162415], [-122.28648810103302, 47.56633956162415], [-122.28648810103302, 47.570831117499104], [-122.29315009714713, 47.570831117499104], [-122.29315009714713, 47.56633956162415]]]}}, {"type": "Feature", "properties": {"cell_id": "r019_c026", "congestion_score": 0.0, "transit_departures": 0.0, "target_count": 0.0, "employment_jobs": 0.0}, "geometry": {"type": "Polygon", "coordinates": [[[-122.28648810103302, 47.56633956162415], [-122.2798261049189, 47.56633956162415], [-122.2798261049189, 47.570831117499104], [-122.28648810103302, 47.570831117499104], [-122.28648810103302, 47.56633956162415]]]}}, {"type": "Feature", "properties": {"cell_id": "r019_c027", "congestion_score": 0.0, "transit_departures": 0.0, "target_count": 0.0, "employment_jobs": 0.0}, "geometry": {"type": "Polygon", "coordinates": [[[-122.27982610491891, 47.56633956162415], [-122.27316410880479, 47.56633956162415], [-122.27316410880479, 47.570831117499104], [-122.27982610491891, 47.570831117499104], [-122.27982610491891, 47.56633956162415]]]}}, {"type": "Feature", "properties": {"cell_id": "r019_c028", "congestion_score": 0.0, "transit_departures": 0.0, "target_count": 0.0, "employment_jobs": 0.0}, "geometry": {"type": "Polygon", "coordinates": [[[-122.27316410880479, 47.56633956162415], [-122.26650211269067, 47.56633956162415], [-122.26650211269067, 47.570831117499104], [-122.27316410880479, 47.570831117499104], [-122.27316410880479, 47.56633956162415]]]}}, {"type": "Feature", "properties": {"cell_id": "r019_c029", "congestion_score": 0.0, "transit_departures": 0.0, "target_count": 0.0, "employment_jobs": 0.0}, "geometry": {"type": "Polygon", "coordinates": [[[-122.26650211269067, 47.56633956162415], [-122.25984011657656, 47.56633956162415], [-122.25984011657656, 47.570831117499104], [-122.26650211269067, 47.570831117499104], [-122.26650211269067, 47.56633956162415]]]}}, {"type": "Feature", "properties": {"cell_id": "r019_c030", "congestion_score": 0.0, "transit_departures": 0.0, "target_count": 0.0, "employment_jobs": 0.0}, "geometry": {"type": "Polygon", "coordinates": [[[-122.25984011657657, 47.56633956162415], [-122.25317812046245, 47.56633956162415], [-122.25317812046245, 47.570831117499104], [-122.25984011657657, 47.570831117499104], [-122.25984011657657, 47.56633956162415]]]}}, {"type": "Feature", "properties": {"cell_id": "r019_c031", "congestion_score": 0.0, "transit_departures": 0.0, "target_count": 0.0, "employment_jobs": 0.0}, "geometry": {"type": "Polygon", "coordinates": [[[-122.25317812046245, 47.56633956162415], [-122.24651612434833, 47.56633956162415], [-122.24651612434833, 47.570831117499104], [-122.25317812046245, 47.570831117499104], [-122.25317812046245, 47.56633956162415]]]}}, {"type": "Feature", "properties": {"cell_id": "r019_c032", "congestion_score": 0.0, "transit_departures": 0.0, "target_count": 0.0, "employment_jobs": 0.0}, "geometry": {"type": "Polygon", "coordinates": [[[-122.24651612434833, 47.56633956162415], [-122.23985412823421, 47.56633956162415], [-122.23985412823421, 47.570831117499104], [-122.24651612434833, 47.570831117499104], [-122.24651612434833, 47.56633956162415]]]}}, {"type": "Feature", "properties": {"cell_id": "r019_c033", "congestion_score": 0.0, "transit_departures": 0.0, "target_count": 0.0, "employment_jobs": 0.0}, "geometry": {"type": "Polygon", "coordinates": [[[-122.23985412823421, 47.56633956162415], [-122.2331921321201, 47.56633956162415], [-122.2331921321201, 47.570831117499104], [-122.23985412823421, 47.570831117499104], [-122.23985412823421, 47.56633956162415]]]}}, {"type": "Feature", "properties": {"cell_id": "r019_c034", "congestion_score": 0.0, "transit_departures": 0.0, "target_count": 0.0, "employment_jobs": 0.0}, "geometry": {"type": "Polygon", "coordinates": [[[-122.23319213212011, 47.56633956162415], [-122.22653013600599, 47.56633956162415], [-122.22653013600599, 47.570831117499104], [-122.23319213212011, 47.570831117499104], [-122.23319213212011, 47.56633956162415]]]}}, {"type": "Feature", "properties": {"cell_id": "r019_c035", "congestion_score": 0.0, "transit_departures": 0.0, "target_count": 0.0, "employment_jobs": 0.0}, "geometry": {"type": "Polygon", "coordinates": [[[-122.22653013600599, 47.56633956162415], [-122.2244, 47.56633956162415], [-122.2244, 47.570831117499104], [-122.22653013600599, 47.570831117499104], [-122.22653013600599, 47.56633956162415]]]}}, {"type": "Feature", "properties": {"cell_id": "r020_c000", "congestion_score": 0.0, "transit_departures": 0.0, "target_count": 0.0, "employment_jobs": 0.0}, "geometry": {"type": "Polygon", "coordinates": [[[-122.4597, 47.570831117499104], [-122.45303800388588, 47.570831117499104], [-122.45303800388588, 47.57532267337406], [-122.4597, 47.57532267337406], [-122.4597, 47.570831117499104]]]}}, {"type": "Feature", "properties": {"cell_id": "r020_c001", "congestion_score": 0.0, "transit_departures": 0.0, "target_count": 0.0, "employment_jobs": 0.0}, "geometry": {"type": "Polygon", "coordinates": [[[-122.45303800388588, 47.570831117499104], [-122.44637600777176, 47.570831117499104], [-122.44637600777176, 47.57532267337406], [-122.45303800388588, 47.57532267337406], [-122.45303800388588, 47.570831117499104]]]}}, {"type": "Feature", "properties": {"cell_id": "r020_c002", "congestion_score": 0.0, "transit_departures": 0.0, "target_count": 0.0, "employment_jobs": 0.0}, "geometry": {"type": "Polygon", "coordinates": [[[-122.44637600777178, 47.570831117499104], [-122.43971401165766, 47.570831117499104], [-122.43971401165766, 47.57532267337406], [-122.44637600777178, 47.57532267337406], [-122.44637600777178, 47.570831117499104]]]}}, {"type": "Feature", "properties": {"cell_id": "r020_c003", "congestion_score": 0.0, "transit_departures": 0.0, "target_count": 0.0, "employment_jobs": 0.0}, "geometry": {"type": "Polygon", "coordinates": [[[-122.43971401165766, 47.570831117499104], [-122.43305201554354, 47.570831117499104], [-122.43305201554354, 47.57532267337406], [-122.43971401165766, 47.57532267337406], [-122.43971401165766, 47.570831117499104]]]}}, {"type": "Feature", "properties": {"cell_id": "r020_c004", "congestion_score": 0.0, "transit_departures": 0.0, "target_count": 0.0, "employment_jobs": 0.0}, "geometry": {"type": "Polygon", "coordinates": [[[-122.43305201554354, 47.570831117499104], [-122.42639001942942, 47.570831117499104], [-122.42639001942942, 47.57532267337406], [-122.43305201554354, 47.57532267337406], [-122.43305201554354, 47.570831117499104]]]}}, {"type": "Feature", "properties": {"cell_id": "r020_c005", "congestion_score": 0.0, "transit_departures": 0.0, "target_count": 0.0, "employment_jobs": 0.0}, "geometry": {"type": "Polygon", "coordinates": [[[-122.42639001942942, 47.570831117499104], [-122.4197280233153, 47.570831117499104], [-122.4197280233153, 47.57532267337406], [-122.42639001942942, 47.57532267337406], [-122.42639001942942, 47.570831117499104]]]}}, {"type": "Feature", "properties": {"cell_id": "r020_c006", "congestion_score": 0.0, "transit_departures": 0.0, "target_count": 0.0, "employment_jobs": 0.0}, "geometry": {"type": "Polygon", "coordinates": [[[-122.41972802331532, 47.570831117499104], [-122.4130660272012, 47.570831117499104], [-122.4130660272012, 47.57532267337406], [-122.41972802331532, 47.57532267337406], [-122.41972802331532, 47.570831117499104]]]}}, {"type": "Feature", "properties": {"cell_id": "r020_c007", "congestion_score": 0.0, "transit_departures": 0.0, "target_count": 0.0, "employment_jobs": 0.0}, "geometry": {"type": "Polygon", "coordinates": [[[-122.4130660272012, 47.570831117499104], [-122.40640403108708, 47.570831117499104], [-122.40640403108708, 47.57532267337406], [-122.4130660272012, 47.57532267337406], [-122.4130660272012, 47.570831117499104]]]}}, {"type": "Feature", "properties": {"cell_id": "r020_c008", "congestion_score": 0.0, "transit_departures": 0.0, "target_count": 0.0, "employment_jobs": 0.0}, "geometry": {"type": "Polygon", "coordinates": [[[-122.40640403108708, 47.570831117499104], [-122.39974203497296, 47.570831117499104], [-122.39974203497296, 47.57532267337406], [-122.40640403108708, 47.57532267337406], [-122.40640403108708, 47.570831117499104]]]}}, {"type": "Feature", "properties": {"cell_id": "r020_c009", "congestion_score": 0.0, "transit_departures": 0.0, "target_count": 0.0, "employment_jobs": 0.0}, "geometry": {"type": "Polygon", "coordinates": [[[-122.39974203497297, 47.570831117499104], [-122.39308003885886, 47.570831117499104], [-122.39308003885886, 47.57532267337406], [-122.39974203497297, 47.57532267337406], [-122.39974203497297, 47.570831117499104]]]}}, {"type": "Feature", "properties": {"cell_id": "r020_c010", "congestion_score": 0.0, "transit_departures": 0.0, "target_count": 0.0, "employment_jobs": 0.0}, "geometry": {"type": "Polygon", "coordinates": [[[-122.39308003885886, 47.570831117499104], [-122.38641804274474, 47.570831117499104], [-122.38641804274474, 47.57532267337406], [-122.39308003885886, 47.57532267337406], [-122.39308003885886, 47.570831117499104]]]}}, {"type": "Feature", "properties": {"cell_id": "r020_c011", "congestion_score": 0.0, "transit_departures": 0.0, "target_count": 0.0, "employment_jobs": 0.0}, "geometry": {"type": "Polygon", "coordinates": [[[-122.38641804274474, 47.570831117499104], [-122.37975604663062, 47.570831117499104], [-122.37975604663062, 47.57532267337406], [-122.38641804274474, 47.57532267337406], [-122.38641804274474, 47.570831117499104]]]}}, {"type": "Feature", "properties": {"cell_id": "r020_c012", "congestion_score": 0.0, "transit_departures": 0.0, "target_count": 0.0, "employment_jobs": 0.0}, "geometry": {"type": "Polygon", "coordinates": [[[-122.37975604663062, 47.570831117499104], [-122.3730940505165, 47.570831117499104], [-122.3730940505165, 47.57532267337406], [-122.37975604663062, 47.57532267337406], [-122.37975604663062, 47.570831117499104]]]}}, {"type": "Feature", "properties": {"cell_id": "r020_c013", "congestion_score": 0.0, "transit_departures": 0.0, "target_count": 0.0, "employment_jobs": 0.0}, "geometry": {"type": "Polygon", "coordinates": [[[-122.37309405051651, 47.570831117499104], [-122.3664320544024, 47.570831117499104], [-122.3664320544024, 47.57532267337406], [-122.37309405051651, 47.57532267337406], [-122.37309405051651, 47.570831117499104]]]}}, {"type": "Feature", "properties": {"cell_id": "r020_c014", "congestion_score": 0.0, "transit_departures": 0.0, "target_count": 0.0, "employment_jobs": 0.0}, "geometry": {"type": "Polygon", "coordinates": [[[-122.3664320544024, 47.570831117499104], [-122.35977005828828, 47.570831117499104], [-122.35977005828828, 47.57532267337406], [-122.3664320544024, 47.57532267337406], [-122.3664320544024, 47.570831117499104]]]}}, {"type": "Feature", "properties": {"cell_id": "r020_c015", "congestion_score": 0.0, "transit_departures": 0.0, "target_count": 0.0, "employment_jobs": 0.0}, "geometry": {"type": "Polygon", "coordinates": [[[-122.35977005828828, 47.570831117499104], [-122.35310806217416, 47.570831117499104], [-122.35310806217416, 47.57532267337406], [-122.35977005828828, 47.57532267337406], [-122.35977005828828, 47.570831117499104]]]}}, {"type": "Feature", "properties": {"cell_id": "r020_c016", "congestion_score": 0.0, "transit_departures": 0.0, "target_count": 0.0, "employment_jobs": 0.0}, "geometry": {"type": "Polygon", "coordinates": [[[-122.35310806217417, 47.570831117499104], [-122.34644606606005, 47.570831117499104], [-122.34644606606005, 47.57532267337406], [-122.35310806217417, 47.57532267337406], [-122.35310806217417, 47.570831117499104]]]}}, {"type": "Feature", "properties": {"cell_id": "r020_c017", "congestion_score": 0.0, "transit_departures": 0.0, "target_count": 0.0, "employment_jobs": 0.0}, "geometry": {"type": "Polygon", "coordinates": [[[-122.34644606606005, 47.570831117499104], [-122.33978406994594, 47.570831117499104], [-122.33978406994594, 47.57532267337406], [-122.34644606606005, 47.57532267337406], [-122.34644606606005, 47.570831117499104]]]}}, {"type": "Feature", "properties": {"cell_id": "r020_c018", "congestion_score": 0.0, "transit_departures": 0.0, "target_count": 0.0, "employment_jobs": 0.0}, "geometry": {"type": "Polygon", "coordinates": [[[-122.33978406994594, 47.570831117499104], [-122.33312207383182, 47.570831117499104], [-122.33312207383182, 47.57532267337406], [-122.33978406994594, 47.57532267337406], [-122.33978406994594, 47.570831117499104]]]}}, {"type": "Feature", "properties": {"cell_id": "r020_c019", "congestion_score": 0.035511, "transit_departures": 10.417, "target_count": 0.0, "employment_jobs": 0.0}, "geometry": {"type": "Polygon", "coordinates": [[[-122.33312207383182, 47.570831117499104], [-122.3264600777177, 47.570831117499104], [-122.3264600777177, 47.57532267337406], [-122.33312207383182, 47.57532267337406], [-122.33312207383182, 47.570831117499104]]]}}, {"type": "Feature", "properties": {"cell_id": "r020_c020", "congestion_score": 0.0, "transit_departures": 0.0, "target_count": 0.0, "employment_jobs": 0.0}, "geometry": {"type": "Polygon", "coordinates": [[[-122.32646007771771, 47.570831117499104], [-122.3197980816036, 47.570831117499104], [-122.3197980816036, 47.57532267337406], [-122.32646007771771, 47.57532267337406], [-122.32646007771771, 47.570831117499104]]]}}, {"type": "Feature", "properties": {"cell_id": "r020_c021", "congestion_score": 0.0, "transit_departures": 0.0, "target_count": 0.0, "employment_jobs": 0.0}, "geometry": {"type": "Polygon", "coordinates": [[[-122.3197980816036, 47.570831117499104], [-122.31313608548948, 47.570831117499104], [-122.31313608548948, 47.57532267337406], [-122.3197980816036, 47.57532267337406], [-122.3197980816036, 47.570831117499104]]]}}, {"type": "Feature", "properties": {"cell_id": "r020_c022", "congestion_score": 0.0, "transit_departures": 0.0, "target_count": 0.0, "employment_jobs": 0.0}, "geometry": {"type": "Polygon", "coordinates": [[[-122.31313608548948, 47.570831117499104], [-122.30647408937536, 47.570831117499104], [-122.30647408937536, 47.57532267337406], [-122.31313608548948, 47.57532267337406], [-122.31313608548948, 47.570831117499104]]]}}, {"type": "Feature", "properties": {"cell_id": "r020_c023", "congestion_score": 0.0, "transit_departures": 0.0, "target_count": 0.0, "employment_jobs": 0.0}, "geometry": {"type": "Polygon", "coordinates": [[[-122.30647408937537, 47.570831117499104], [-122.29981209326125, 47.570831117499104], [-122.29981209326125, 47.57532267337406], [-122.30647408937537, 47.57532267337406], [-122.30647408937537, 47.570831117499104]]]}}, {"type": "Feature", "properties": {"cell_id": "r020_c024", "congestion_score": 0.0, "transit_departures": 0.0, "target_count": 0.0, "employment_jobs": 0.0}, "geometry": {"type": "Polygon", "coordinates": [[[-122.29981209326125, 47.570831117499104], [-122.29315009714713, 47.570831117499104], [-122.29315009714713, 47.57532267337406], [-122.29981209326125, 47.57532267337406], [-122.29981209326125, 47.570831117499104]]]}}, {"type": "Feature", "properties": {"cell_id": "r020_c025", "congestion_score": 0.0, "transit_departures": 0.0, "target_count": 0.0, "employment_jobs": 0.0}, "geometry": {"type": "Polygon", "coordinates": [[[-122.29315009714713, 47.570831117499104], [-122.28648810103302, 47.570831117499104], [-122.28648810103302, 47.57532267337406], [-122.29315009714713, 47.57532267337406], [-122.29315009714713, 47.570831117499104]]]}}, {"type": "Feature", "properties": {"cell_id": "r020_c026", "congestion_score": 0.0, "transit_departures": 0.0, "target_count": 0.0, "employment_jobs": 0.0}, "geometry": {"type": "Polygon", "coordinates": [[[-122.28648810103302, 47.570831117499104], [-122.2798261049189, 47.570831117499104], [-122.2798261049189, 47.57532267337406], [-122.28648810103302, 47.57532267337406], [-122.28648810103302, 47.570831117499104]]]}}, {"type": "Feature", "properties": {"cell_id": "r020_c027", "congestion_score": 0.0, "transit_departures": 0.0, "target_count": 0.0, "employment_jobs": 0.0}, "geometry": {"type": "Polygon", "coordinates": [[[-122.27982610491891, 47.570831117499104], [-122.27316410880479, 47.570831117499104], [-122.27316410880479, 47.57532267337406], [-122.27982610491891, 47.57532267337406], [-122.27982610491891, 47.570831117499104]]]}}, {"type": "Feature", "properties": {"cell_id": "r020_c028", "congestion_score": 0.0, "transit_departures": 0.0, "target_count": 0.0, "employment_jobs": 0.0}, "geometry": {"type": "Polygon", "coordinates": [[[-122.27316410880479, 47.570831117499104], [-122.26650211269067, 47.570831117499104], [-122.26650211269067, 47.57532267337406], [-122.27316410880479, 47.57532267337406], [-122.27316410880479, 47.570831117499104]]]}}, {"type": "Feature", "properties": {"cell_id": "r020_c029", "congestion_score": 0.0, "transit_departures": 0.0, "target_count": 0.0, "employment_jobs": 0.0}, "geometry": {"type": "Polygon", "coordinates": [[[-122.26650211269067, 47.570831117499104], [-122.25984011657656, 47.570831117499104], [-122.25984011657656, 47.57532267337406], [-122.26650211269067, 47.57532267337406], [-122.26650211269067, 47.570831117499104]]]}}, {"type": "Feature", "properties": {"cell_id": "r020_c030", "congestion_score": 0.0, "transit_departures": 0.0, "target_count": 0.0, "employment_jobs": 0.0}, "geometry": {"type": "Polygon", "coordinates": [[[-122.25984011657657, 47.570831117499104], [-122.25317812046245, 47.570831117499104], [-122.25317812046245, 47.57532267337406], [-122.25984011657657, 47.57532267337406], [-122.25984011657657, 47.570831117499104]]]}}, {"type": "Feature", "properties": {"cell_id": "r020_c031", "congestion_score": 0.0, "transit_departures": 0.0, "target_count": 0.0, "employment_jobs": 0.0}, "geometry": {"type": "Polygon", "coordinates": [[[-122.25317812046245, 47.570831117499104], [-122.24651612434833, 47.570831117499104], [-122.24651612434833, 47.57532267337406], [-122.25317812046245, 47.57532267337406], [-122.25317812046245, 47.570831117499104]]]}}, {"type": "Feature", "properties": {"cell_id": "r020_c032", "congestion_score": 0.0, "transit_departures": 0.0, "target_count": 0.0, "employment_jobs": 0.0}, "geometry": {"type": "Polygon", "coordinates": [[[-122.24651612434833, 47.570831117499104], [-122.23985412823421, 47.570831117499104], [-122.23985412823421, 47.57532267337406], [-122.24651612434833, 47.57532267337406], [-122.24651612434833, 47.570831117499104]]]}}, {"type": "Feature", "properties": {"cell_id": "r020_c033", "congestion_score": 0.0, "transit_departures": 0.0, "target_count": 0.0, "employment_jobs": 0.0}, "geometry": {"type": "Polygon", "coordinates": [[[-122.23985412823421, 47.570831117499104], [-122.2331921321201, 47.570831117499104], [-122.2331921321201, 47.57532267337406], [-122.23985412823421, 47.57532267337406], [-122.23985412823421, 47.570831117499104]]]}}, {"type": "Feature", "properties": {"cell_id": "r020_c034", "congestion_score": 0.0, "transit_departures": 0.0, "target_count": 0.0, "employment_jobs": 0.0}, "geometry": {"type": "Polygon", "coordinates": [[[-122.23319213212011, 47.570831117499104], [-122.22653013600599, 47.570831117499104], [-122.22653013600599, 47.57532267337406], [-122.23319213212011, 47.57532267337406], [-122.23319213212011, 47.570831117499104]]]}}, {"type": "Feature", "properties": {"cell_id": "r020_c035", "congestion_score": 0.0, "transit_departures": 0.0, "target_count": 0.0, "employment_jobs": 0.0}, "geometry": {"type": "Polygon", "coordinates": [[[-122.22653013600599, 47.570831117499104], [-122.2244, 47.570831117499104], [-122.2244, 47.57532267337406], [-122.22653013600599, 47.57532267337406], [-122.22653013600599, 47.570831117499104]]]}}, {"type": "Feature", "properties": {"cell_id": "r021_c000", "congestion_score": 0.0, "transit_departures": 0.0, "target_count": 0.0, "employment_jobs": 0.0}, "geometry": {"type": "Polygon", "coordinates": [[[-122.4597, 47.57532267337406], [-122.45303800388588, 47.57532267337406], [-122.45303800388588, 47.57981422924902], [-122.4597, 47.57981422924902], [-122.4597, 47.57532267337406]]]}}, {"type": "Feature", "properties": {"cell_id": "r021_c001", "congestion_score": 0.0, "transit_departures": 0.0, "target_count": 0.0, "employment_jobs": 0.0}, "geometry": {"type": "Polygon", "coordinates": [[[-122.45303800388588, 47.57532267337406], [-122.44637600777176, 47.57532267337406], [-122.44637600777176, 47.57981422924902], [-122.45303800388588, 47.57981422924902], [-122.45303800388588, 47.57532267337406]]]}}, {"type": "Feature", "properties": {"cell_id": "r021_c002", "congestion_score": 0.0, "transit_departures": 0.0, "target_count": 0.0, "employment_jobs": 0.0}, "geometry": {"type": "Polygon", "coordinates": [[[-122.44637600777178, 47.57532267337406], [-122.43971401165766, 47.57532267337406], [-122.43971401165766, 47.57981422924902], [-122.44637600777178, 47.57981422924902], [-122.44637600777178, 47.57532267337406]]]}}, {"type": "Feature", "properties": {"cell_id": "r021_c003", "congestion_score": 0.0, "transit_departures": 0.0, "target_count": 0.0, "employment_jobs": 0.0}, "geometry": {"type": "Polygon", "coordinates": [[[-122.43971401165766, 47.57532267337406], [-122.43305201554354, 47.57532267337406], [-122.43305201554354, 47.57981422924902], [-122.43971401165766, 47.57981422924902], [-122.43971401165766, 47.57532267337406]]]}}, {"type": "Feature", "properties": {"cell_id": "r021_c004", "congestion_score": 0.0, "transit_departures": 0.0, "target_count": 0.0, "employment_jobs": 0.0}, "geometry": {"type": "Polygon", "coordinates": [[[-122.43305201554354, 47.57532267337406], [-122.42639001942942, 47.57532267337406], [-122.42639001942942, 47.57981422924902], [-122.43305201554354, 47.57981422924902], [-122.43305201554354, 47.57532267337406]]]}}, {"type": "Feature", "properties": {"cell_id": "r021_c005", "congestion_score": 0.0, "transit_departures": 0.0, "target_count": 0.0, "employment_jobs": 0.0}, "geometry": {"type": "Polygon", "coordinates": [[[-122.42639001942942, 47.57532267337406], [-122.4197280233153, 47.57532267337406], [-122.4197280233153, 47.57981422924902], [-122.42639001942942, 47.57981422924902], [-122.42639001942942, 47.57532267337406]]]}}, {"type": "Feature", "properties": {"cell_id": "r021_c006", "congestion_score": 0.0, "transit_departures": 0.0, "target_count": 0.0, "employment_jobs": 0.0}, "geometry": {"type": "Polygon", "coordinates": [[[-122.41972802331532, 47.57532267337406], [-122.4130660272012, 47.57532267337406], [-122.4130660272012, 47.57981422924902], [-122.41972802331532, 47.57981422924902], [-122.41972802331532, 47.57532267337406]]]}}, {"type": "Feature", "properties": {"cell_id": "r021_c007", "congestion_score": 0.0, "transit_departures": 0.0, "target_count": 0.0, "employment_jobs": 0.0}, "geometry": {"type": "Polygon", "coordinates": [[[-122.4130660272012, 47.57532267337406], [-122.40640403108708, 47.57532267337406], [-122.40640403108708, 47.57981422924902], [-122.4130660272012, 47.57981422924902], [-122.4130660272012, 47.57532267337406]]]}}, {"type": "Feature", "properties": {"cell_id": "r021_c008", "congestion_score": 0.0, "transit_departures": 0.0, "target_count": 0.0, "employment_jobs": 0.0}, "geometry": {"type": "Polygon", "coordinates": [[[-122.40640403108708, 47.57532267337406], [-122.39974203497296, 47.57532267337406], [-122.39974203497296, 47.57981422924902], [-122.40640403108708, 47.57981422924902], [-122.40640403108708, 47.57532267337406]]]}}, {"type": "Feature", "properties": {"cell_id": "r021_c009", "congestion_score": 0.0, "transit_departures": 0.0, "target_count": 0.0, "employment_jobs": 0.0}, "geometry": {"type": "Polygon", "coordinates": [[[-122.39974203497297, 47.57532267337406], [-122.39308003885886, 47.57532267337406], [-122.39308003885886, 47.57981422924902], [-122.39974203497297, 47.57981422924902], [-122.39974203497297, 47.57532267337406]]]}}, {"type": "Feature", "properties": {"cell_id": "r021_c010", "congestion_score": 0.0, "transit_departures": 0.0, "target_count": 0.0, "employment_jobs": 0.0}, "geometry": {"type": "Polygon", "coordinates": [[[-122.39308003885886, 47.57532267337406], [-122.38641804274474, 47.57532267337406], [-122.38641804274474, 47.57981422924902], [-122.39308003885886, 47.57981422924902], [-122.39308003885886, 47.57532267337406]]]}}, {"type": "Feature", "properties": {"cell_id": "r021_c011", "congestion_score": 0.0, "transit_departures": 0.0, "target_count": 0.0, "employment_jobs": 0.0}, "geometry": {"type": "Polygon", "coordinates": [[[-122.38641804274474, 47.57532267337406], [-122.37975604663062, 47.57532267337406], [-122.37975604663062, 47.57981422924902], [-122.38641804274474, 47.57981422924902], [-122.38641804274474, 47.57532267337406]]]}}, {"type": "Feature", "properties": {"cell_id": "r021_c012", "congestion_score": 0.0, "transit_departures": 0.0, "target_count": 0.0, "employment_jobs": 0.0}, "geometry": {"type": "Polygon", "coordinates": [[[-122.37975604663062, 47.57532267337406], [-122.3730940505165, 47.57532267337406], [-122.3730940505165, 47.57981422924902], [-122.37975604663062, 47.57981422924902], [-122.37975604663062, 47.57532267337406]]]}}, {"type": "Feature", "properties": {"cell_id": "r021_c013", "congestion_score": 0.0, "transit_departures": 0.0, "target_count": 0.0, "employment_jobs": 0.0}, "geometry": {"type": "Polygon", "coordinates": [[[-122.37309405051651, 47.57532267337406], [-122.3664320544024, 47.57532267337406], [-122.3664320544024, 47.57981422924902], [-122.37309405051651, 47.57981422924902], [-122.37309405051651, 47.57532267337406]]]}}, {"type": "Feature", "properties": {"cell_id": "r021_c014", "congestion_score": 0.0, "transit_departures": 0.0, "target_count": 0.0, "employment_jobs": 0.0}, "geometry": {"type": "Polygon", "coordinates": [[[-122.3664320544024, 47.57532267337406], [-122.35977005828828, 47.57532267337406], [-122.35977005828828, 47.57981422924902], [-122.3664320544024, 47.57981422924902], [-122.3664320544024, 47.57532267337406]]]}}, {"type": "Feature", "properties": {"cell_id": "r021_c015", "congestion_score": 0.0, "transit_departures": 0.0, "target_count": 0.0, "employment_jobs": 0.0}, "geometry": {"type": "Polygon", "coordinates": [[[-122.35977005828828, 47.57532267337406], [-122.35310806217416, 47.57532267337406], [-122.35310806217416, 47.57981422924902], [-122.35977005828828, 47.57981422924902], [-122.35977005828828, 47.57532267337406]]]}}, {"type": "Feature", "properties": {"cell_id": "r021_c016", "congestion_score": 0.0, "transit_departures": 0.0, "target_count": 0.0, "employment_jobs": 0.0}, "geometry": {"type": "Polygon", "coordinates": [[[-122.35310806217417, 47.57532267337406], [-122.34644606606005, 47.57532267337406], [-122.34644606606005, 47.57981422924902], [-122.35310806217417, 47.57981422924902], [-122.35310806217417, 47.57532267337406]]]}}, {"type": "Feature", "properties": {"cell_id": "r021_c017", "congestion_score": 0.0, "transit_departures": 0.0, "target_count": 0.0, "employment_jobs": 0.0}, "geometry": {"type": "Polygon", "coordinates": [[[-122.34644606606005, 47.57532267337406], [-122.33978406994594, 47.57532267337406], [-122.33978406994594, 47.57981422924902], [-122.34644606606005, 47.57981422924902], [-122.34644606606005, 47.57532267337406]]]}}, {"type": "Feature", "properties": {"cell_id": "r021_c018", "congestion_score": 0.0, "transit_departures": 0.0, "target_count": 0.0, "employment_jobs": 0.0}, "geometry": {"type": "Polygon", "coordinates": [[[-122.33978406994594, 47.57532267337406], [-122.33312207383182, 47.57532267337406], [-122.33312207383182, 47.57981422924902], [-122.33978406994594, 47.57981422924902], [-122.33978406994594, 47.57532267337406]]]}}, {"type": "Feature", "properties": {"cell_id": "r021_c019", "congestion_score": 0.017898, "transit_departures": 5.25, "target_count": 0.0, "employment_jobs": 0.0}, "geometry": {"type": "Polygon", "coordinates": [[[-122.33312207383182, 47.57532267337406], [-122.3264600777177, 47.57532267337406], [-122.3264600777177, 47.57981422924902], [-122.33312207383182, 47.57981422924902], [-122.33312207383182, 47.57532267337406]]]}}, {"type": "Feature", "properties": {"cell_id": "r021_c020", "congestion_score": 0.0, "transit_departures": 0.0, "target_count": 0.0, "employment_jobs": 0.0}, "geometry": {"type": "Polygon", "coordinates": [[[-122.32646007771771, 47.57532267337406], [-122.3197980816036, 47.57532267337406], [-122.3197980816036, 47.57981422924902], [-122.32646007771771, 47.57981422924902], [-122.32646007771771, 47.57532267337406]]]}}, {"type": "Feature", "properties": {"cell_id": "r021_c021", "congestion_score": 0.0, "transit_departures": 0.0, "target_count": 0.0, "employment_jobs": 0.0}, "geometry": {"type": "Polygon", "coordinates": [[[-122.3197980816036, 47.57532267337406], [-122.31313608548948, 47.57532267337406], [-122.31313608548948, 47.57981422924902], [-122.3197980816036, 47.57981422924902], [-122.3197980816036, 47.57532267337406]]]}}, {"type": "Feature", "properties": {"cell_id": "r021_c022", "congestion_score": 0.0, "transit_departures": 0.0, "target_count": 0.0, "employment_jobs": 0.0}, "geometry": {"type": "Polygon", "coordinates": [[[-122.31313608548948, 47.57532267337406], [-122.30647408937536, 47.57532267337406], [-122.30647408937536, 47.57981422924902], [-122.31313608548948, 47.57981422924902], [-122.31313608548948, 47.57532267337406]]]}}, {"type": "Feature", "properties": {"cell_id": "r021_c023", "congestion_score": 0.0, "transit_departures": 0.0, "target_count": 0.0, "employment_jobs": 0.0}, "geometry": {"type": "Polygon", "coordinates": [[[-122.30647408937537, 47.57532267337406], [-122.29981209326125, 47.57532267337406], [-122.29981209326125, 47.57981422924902], [-122.30647408937537, 47.57981422924902], [-122.30647408937537, 47.57532267337406]]]}}, {"type": "Feature", "properties": {"cell_id": "r021_c024", "congestion_score": 0.0, "transit_departures": 0.0, "target_count": 0.0, "employment_jobs": 0.0}, "geometry": {"type": "Polygon", "coordinates": [[[-122.29981209326125, 47.57532267337406], [-122.29315009714713, 47.57532267337406], [-122.29315009714713, 47.57981422924902], [-122.29981209326125, 47.57981422924902], [-122.29981209326125, 47.57532267337406]]]}}, {"type": "Feature", "properties": {"cell_id": "r021_c025", "congestion_score": 0.0, "transit_departures": 0.0, "target_count": 0.0, "employment_jobs": 0.0}, "geometry": {"type": "Polygon", "coordinates": [[[-122.29315009714713, 47.57532267337406], [-122.28648810103302, 47.57532267337406], [-122.28648810103302, 47.57981422924902], [-122.29315009714713, 47.57981422924902], [-122.29315009714713, 47.57532267337406]]]}}, {"type": "Feature", "properties": {"cell_id": "r021_c026", "congestion_score": 0.0, "transit_departures": 0.0, "target_count": 0.0, "employment_jobs": 0.0}, "geometry": {"type": "Polygon", "coordinates": [[[-122.28648810103302, 47.57532267337406], [-122.2798261049189, 47.57532267337406], [-122.2798261049189, 47.57981422924902], [-122.28648810103302, 47.57981422924902], [-122.28648810103302, 47.57532267337406]]]}}, {"type": "Feature", "properties": {"cell_id": "r021_c027", "congestion_score": 0.0, "transit_departures": 0.0, "target_count": 0.0, "employment_jobs": 0.0}, "geometry": {"type": "Polygon", "coordinates": [[[-122.27982610491891, 47.57532267337406], [-122.27316410880479, 47.57532267337406], [-122.27316410880479, 47.57981422924902], [-122.27982610491891, 47.57981422924902], [-122.27982610491891, 47.57532267337406]]]}}, {"type": "Feature", "properties": {"cell_id": "r021_c028", "congestion_score": 0.0, "transit_departures": 0.0, "target_count": 0.0, "employment_jobs": 0.0}, "geometry": {"type": "Polygon", "coordinates": [[[-122.27316410880479, 47.57532267337406], [-122.26650211269067, 47.57532267337406], [-122.26650211269067, 47.57981422924902], [-122.27316410880479, 47.57981422924902], [-122.27316410880479, 47.57532267337406]]]}}, {"type": "Feature", "properties": {"cell_id": "r021_c029", "congestion_score": 0.0, "transit_departures": 0.0, "target_count": 0.0, "employment_jobs": 0.0}, "geometry": {"type": "Polygon", "coordinates": [[[-122.26650211269067, 47.57532267337406], [-122.25984011657656, 47.57532267337406], [-122.25984011657656, 47.57981422924902], [-122.26650211269067, 47.57981422924902], [-122.26650211269067, 47.57532267337406]]]}}, {"type": "Feature", "properties": {"cell_id": "r021_c030", "congestion_score": 0.0, "transit_departures": 0.0, "target_count": 0.0, "employment_jobs": 0.0}, "geometry": {"type": "Polygon", "coordinates": [[[-122.25984011657657, 47.57532267337406], [-122.25317812046245, 47.57532267337406], [-122.25317812046245, 47.57981422924902], [-122.25984011657657, 47.57981422924902], [-122.25984011657657, 47.57532267337406]]]}}, {"type": "Feature", "properties": {"cell_id": "r021_c031", "congestion_score": 0.0, "transit_departures": 0.0, "target_count": 0.0, "employment_jobs": 0.0}, "geometry": {"type": "Polygon", "coordinates": [[[-122.25317812046245, 47.57532267337406], [-122.24651612434833, 47.57532267337406], [-122.24651612434833, 47.57981422924902], [-122.25317812046245, 47.57981422924902], [-122.25317812046245, 47.57532267337406]]]}}, {"type": "Feature", "properties": {"cell_id": "r021_c032", "congestion_score": 0.0, "transit_departures": 0.0, "target_count": 0.0, "employment_jobs": 0.0}, "geometry": {"type": "Polygon", "coordinates": [[[-122.24651612434833, 47.57532267337406], [-122.23985412823421, 47.57532267337406], [-122.23985412823421, 47.57981422924902], [-122.24651612434833, 47.57981422924902], [-122.24651612434833, 47.57532267337406]]]}}, {"type": "Feature", "properties": {"cell_id": "r021_c033", "congestion_score": 0.0, "transit_departures": 0.0, "target_count": 0.0, "employment_jobs": 0.0}, "geometry": {"type": "Polygon", "coordinates": [[[-122.23985412823421, 47.57532267337406], [-122.2331921321201, 47.57532267337406], [-122.2331921321201, 47.57981422924902], [-122.23985412823421, 47.57981422924902], [-122.23985412823421, 47.57532267337406]]]}}, {"type": "Feature", "properties": {"cell_id": "r021_c034", "congestion_score": 0.0, "transit_departures": 0.0, "target_count": 0.0, "employment_jobs": 0.0}, "geometry": {"type": "Polygon", "coordinates": [[[-122.23319213212011, 47.57532267337406], [-122.22653013600599, 47.57532267337406], [-122.22653013600599, 47.57981422924902], [-122.23319213212011, 47.57981422924902], [-122.23319213212011, 47.57532267337406]]]}}, {"type": "Feature", "properties": {"cell_id": "r021_c035", "congestion_score": 0.0, "transit_departures": 0.0, "target_count": 0.0, "employment_jobs": 0.0}, "geometry": {"type": "Polygon", "coordinates": [[[-122.22653013600599, 47.57532267337406], [-122.2244, 47.57532267337406], [-122.2244, 47.57981422924902], [-122.22653013600599, 47.57981422924902], [-122.22653013600599, 47.57532267337406]]]}}, {"type": "Feature", "properties": {"cell_id": "r022_c000", "congestion_score": 0.0, "transit_departures": 0.0, "target_count": 0.0, "employment_jobs": 0.0}, "geometry": {"type": "Polygon", "coordinates": [[[-122.4597, 47.57981422924902], [-122.45303800388588, 47.57981422924902], [-122.45303800388588, 47.58430578512397], [-122.4597, 47.58430578512397], [-122.4597, 47.57981422924902]]]}}, {"type": "Feature", "properties": {"cell_id": "r022_c001", "congestion_score": 0.0, "transit_departures": 0.0, "target_count": 0.0, "employment_jobs": 0.0}, "geometry": {"type": "Polygon", "coordinates": [[[-122.45303800388588, 47.57981422924902], [-122.44637600777176, 47.57981422924902], [-122.44637600777176, 47.58430578512397], [-122.45303800388588, 47.58430578512397], [-122.45303800388588, 47.57981422924902]]]}}, {"type": "Feature", "properties": {"cell_id": "r022_c002", "congestion_score": 0.0, "transit_departures": 0.0, "target_count": 0.0, "employment_jobs": 0.0}, "geometry": {"type": "Polygon", "coordinates": [[[-122.44637600777178, 47.57981422924902], [-122.43971401165766, 47.57981422924902], [-122.43971401165766, 47.58430578512397], [-122.44637600777178, 47.58430578512397], [-122.44637600777178, 47.57981422924902]]]}}, {"type": "Feature", "properties": {"cell_id": "r022_c003", "congestion_score": 0.0, "transit_departures": 0.0, "target_count": 0.0, "employment_jobs": 0.0}, "geometry": {"type": "Polygon", "coordinates": [[[-122.43971401165766, 47.57981422924902], [-122.43305201554354, 47.57981422924902], [-122.43305201554354, 47.58430578512397], [-122.43971401165766, 47.58430578512397], [-122.43971401165766, 47.57981422924902]]]}}, {"type": "Feature", "properties": {"cell_id": "r022_c004", "congestion_score": 0.0, "transit_departures": 0.0, "target_count": 0.0, "employment_jobs": 0.0}, "geometry": {"type": "Polygon", "coordinates": [[[-122.43305201554354, 47.57981422924902], [-122.42639001942942, 47.57981422924902], [-122.42639001942942, 47.58430578512397], [-122.43305201554354, 47.58430578512397], [-122.43305201554354, 47.57981422924902]]]}}, {"type": "Feature", "properties": {"cell_id": "r022_c005", "congestion_score": 0.0, "transit_departures": 0.0, "target_count": 0.0, "employment_jobs": 0.0}, "geometry": {"type": "Polygon", "coordinates": [[[-122.42639001942942, 47.57981422924902], [-122.4197280233153, 47.57981422924902], [-122.4197280233153, 47.58430578512397], [-122.42639001942942, 47.58430578512397], [-122.42639001942942, 47.57981422924902]]]}}, {"type": "Feature", "properties": {"cell_id": "r022_c006", "congestion_score": 0.0, "transit_departures": 0.0, "target_count": 0.0, "employment_jobs": 0.0}, "geometry": {"type": "Polygon", "coordinates": [[[-122.41972802331532, 47.57981422924902], [-122.4130660272012, 47.57981422924902], [-122.4130660272012, 47.58430578512397], [-122.41972802331532, 47.58430578512397], [-122.41972802331532, 47.57981422924902]]]}}, {"type": "Feature", "properties": {"cell_id": "r022_c007", "congestion_score": 0.0, "transit_departures": 0.0, "target_count": 0.0, "employment_jobs": 0.0}, "geometry": {"type": "Polygon", "coordinates": [[[-122.4130660272012, 47.57981422924902], [-122.40640403108708, 47.57981422924902], [-122.40640403108708, 47.58430578512397], [-122.4130660272012, 47.58430578512397], [-122.4130660272012, 47.57981422924902]]]}}, {"type": "Feature", "properties": {"cell_id": "r022_c008", "congestion_score": 0.0, "transit_departures": 0.0, "target_count": 0.0, "employment_jobs": 0.0}, "geometry": {"type": "Polygon", "coordinates": [[[-122.40640403108708, 47.57981422924902], [-122.39974203497296, 47.57981422924902], [-122.39974203497296, 47.58430578512397], [-122.40640403108708, 47.58430578512397], [-122.40640403108708, 47.57981422924902]]]}}, {"type": "Feature", "properties": {"cell_id": "r022_c009", "congestion_score": 0.0, "transit_departures": 0.0, "target_count": 0.0, "employment_jobs": 0.0}, "geometry": {"type": "Polygon", "coordinates": [[[-122.39974203497297, 47.57981422924902], [-122.39308003885886, 47.57981422924902], [-122.39308003885886, 47.58430578512397], [-122.39974203497297, 47.58430578512397], [-122.39974203497297, 47.57981422924902]]]}}, {"type": "Feature", "properties": {"cell_id": "r022_c010", "congestion_score": 0.0, "transit_departures": 0.0, "target_count": 0.0, "employment_jobs": 0.0}, "geometry": {"type": "Polygon", "coordinates": [[[-122.39308003885886, 47.57981422924902], [-122.38641804274474, 47.57981422924902], [-122.38641804274474, 47.58430578512397], [-122.39308003885886, 47.58430578512397], [-122.39308003885886, 47.57981422924902]]]}}, {"type": "Feature", "properties": {"cell_id": "r022_c011", "congestion_score": 0.0, "transit_departures": 0.0, "target_count": 0.0, "employment_jobs": 0.0}, "geometry": {"type": "Polygon", "coordinates": [[[-122.38641804274474, 47.57981422924902], [-122.37975604663062, 47.57981422924902], [-122.37975604663062, 47.58430578512397], [-122.38641804274474, 47.58430578512397], [-122.38641804274474, 47.57981422924902]]]}}, {"type": "Feature", "properties": {"cell_id": "r022_c012", "congestion_score": 0.0, "transit_departures": 0.0, "target_count": 0.0, "employment_jobs": 0.0}, "geometry": {"type": "Polygon", "coordinates": [[[-122.37975604663062, 47.57981422924902], [-122.3730940505165, 47.57981422924902], [-122.3730940505165, 47.58430578512397], [-122.37975604663062, 47.58430578512397], [-122.37975604663062, 47.57981422924902]]]}}, {"type": "Feature", "properties": {"cell_id": "r022_c013", "congestion_score": 0.0, "transit_departures": 0.0, "target_count": 0.0, "employment_jobs": 0.0}, "geometry": {"type": "Polygon", "coordinates": [[[-122.37309405051651, 47.57981422924902], [-122.3664320544024, 47.57981422924902], [-122.3664320544024, 47.58430578512397], [-122.37309405051651, 47.58430578512397], [-122.37309405051651, 47.57981422924902]]]}}, {"type": "Feature", "properties": {"cell_id": "r022_c014", "congestion_score": 0.0, "transit_departures": 0.0, "target_count": 0.0, "employment_jobs": 0.0}, "geometry": {"type": "Polygon", "coordinates": [[[-122.3664320544024, 47.57981422924902], [-122.35977005828828, 47.57981422924902], [-122.35977005828828, 47.58430578512397], [-122.3664320544024, 47.58430578512397], [-122.3664320544024, 47.57981422924902]]]}}, {"type": "Feature", "properties": {"cell_id": "r022_c015", "congestion_score": 0.0, "transit_departures": 0.0, "target_count": 0.0, "employment_jobs": 0.0}, "geometry": {"type": "Polygon", "coordinates": [[[-122.35977005828828, 47.57981422924902], [-122.35310806217416, 47.57981422924902], [-122.35310806217416, 47.58430578512397], [-122.35977005828828, 47.58430578512397], [-122.35977005828828, 47.57981422924902]]]}}, {"type": "Feature", "properties": {"cell_id": "r022_c016", "congestion_score": 0.0, "transit_departures": 0.0, "target_count": 0.0, "employment_jobs": 0.0}, "geometry": {"type": "Polygon", "coordinates": [[[-122.35310806217417, 47.57981422924902], [-122.34644606606005, 47.57981422924902], [-122.34644606606005, 47.58430578512397], [-122.35310806217417, 47.58430578512397], [-122.35310806217417, 47.57981422924902]]]}}, {"type": "Feature", "properties": {"cell_id": "r022_c017", "congestion_score": 0.0, "transit_departures": 0.0, "target_count": 0.0, "employment_jobs": 0.0}, "geometry": {"type": "Polygon", "coordinates": [[[-122.34644606606005, 47.57981422924902], [-122.33978406994594, 47.57981422924902], [-122.33978406994594, 47.58430578512397], [-122.34644606606005, 47.58430578512397], [-122.34644606606005, 47.57981422924902]]]}}, {"type": "Feature", "properties": {"cell_id": "r022_c018", "congestion_score": 0.0, "transit_departures": 0.0, "target_count": 0.0, "employment_jobs": 0.0}, "geometry": {"type": "Polygon", "coordinates": [[[-122.33978406994594, 47.57981422924902], [-122.33312207383182, 47.57981422924902], [-122.33312207383182, 47.58430578512397], [-122.33978406994594, 47.58430578512397], [-122.33978406994594, 47.57981422924902]]]}}, {"type": "Feature", "properties": {"cell_id": "r022_c019", "congestion_score": 0.017614, "transit_departures": 5.167, "target_count": 0.0, "employment_jobs": 0.0}, "geometry": {"type": "Polygon", "coordinates": [[[-122.33312207383182, 47.57981422924902], [-122.3264600777177, 47.57981422924902], [-122.3264600777177, 47.58430578512397], [-122.33312207383182, 47.58430578512397], [-122.33312207383182, 47.57981422924902]]]}}, {"type": "Feature", "properties": {"cell_id": "r022_c020", "congestion_score": 0.0, "transit_departures": 0.0, "target_count": 0.0, "employment_jobs": 0.0}, "geometry": {"type": "Polygon", "coordinates": [[[-122.32646007771771, 47.57981422924902], [-122.3197980816036, 47.57981422924902], [-122.3197980816036, 47.58430578512397], [-122.32646007771771, 47.58430578512397], [-122.32646007771771, 47.57981422924902]]]}}, {"type": "Feature", "properties": {"cell_id": "r022_c021", "congestion_score": 0.0, "transit_departures": 0.0, "target_count": 0.0, "employment_jobs": 0.0}, "geometry": {"type": "Polygon", "coordinates": [[[-122.3197980816036, 47.57981422924902], [-122.31313608548948, 47.57981422924902], [-122.31313608548948, 47.58430578512397], [-122.3197980816036, 47.58430578512397], [-122.3197980816036, 47.57981422924902]]]}}, {"type": "Feature", "properties": {"cell_id": "r022_c022", "congestion_score": 0.0, "transit_departures": 0.0, "target_count": 0.0, "employment_jobs": 0.0}, "geometry": {"type": "Polygon", "coordinates": [[[-122.31313608548948, 47.57981422924902], [-122.30647408937536, 47.57981422924902], [-122.30647408937536, 47.58430578512397], [-122.31313608548948, 47.58430578512397], [-122.31313608548948, 47.57981422924902]]]}}, {"type": "Feature", "properties": {"cell_id": "r022_c023", "congestion_score": 0.0, "transit_departures": 0.0, "target_count": 0.0, "employment_jobs": 0.0}, "geometry": {"type": "Polygon", "coordinates": [[[-122.30647408937537, 47.57981422924902], [-122.29981209326125, 47.57981422924902], [-122.29981209326125, 47.58430578512397], [-122.30647408937537, 47.58430578512397], [-122.30647408937537, 47.57981422924902]]]}}, {"type": "Feature", "properties": {"cell_id": "r022_c024", "congestion_score": 0.0, "transit_departures": 0.0, "target_count": 0.0, "employment_jobs": 0.0}, "geometry": {"type": "Polygon", "coordinates": [[[-122.29981209326125, 47.57981422924902], [-122.29315009714713, 47.57981422924902], [-122.29315009714713, 47.58430578512397], [-122.29981209326125, 47.58430578512397], [-122.29981209326125, 47.57981422924902]]]}}, {"type": "Feature", "properties": {"cell_id": "r022_c025", "congestion_score": 0.0, "transit_departures": 0.0, "target_count": 0.0, "employment_jobs": 0.0}, "geometry": {"type": "Polygon", "coordinates": [[[-122.29315009714713, 47.57981422924902], [-122.28648810103302, 47.57981422924902], [-122.28648810103302, 47.58430578512397], [-122.29315009714713, 47.58430578512397], [-122.29315009714713, 47.57981422924902]]]}}, {"type": "Feature", "properties": {"cell_id": "r022_c026", "congestion_score": 0.0, "transit_departures": 0.0, "target_count": 0.0, "employment_jobs": 0.0}, "geometry": {"type": "Polygon", "coordinates": [[[-122.28648810103302, 47.57981422924902], [-122.2798261049189, 47.57981422924902], [-122.2798261049189, 47.58430578512397], [-122.28648810103302, 47.58430578512397], [-122.28648810103302, 47.57981422924902]]]}}, {"type": "Feature", "properties": {"cell_id": "r022_c027", "congestion_score": 0.0, "transit_departures": 0.0, "target_count": 0.0, "employment_jobs": 0.0}, "geometry": {"type": "Polygon", "coordinates": [[[-122.27982610491891, 47.57981422924902], [-122.27316410880479, 47.57981422924902], [-122.27316410880479, 47.58430578512397], [-122.27982610491891, 47.58430578512397], [-122.27982610491891, 47.57981422924902]]]}}, {"type": "Feature", "properties": {"cell_id": "r022_c028", "congestion_score": 0.0, "transit_departures": 0.0, "target_count": 0.0, "employment_jobs": 0.0}, "geometry": {"type": "Polygon", "coordinates": [[[-122.27316410880479, 47.57981422924902], [-122.26650211269067, 47.57981422924902], [-122.26650211269067, 47.58430578512397], [-122.27316410880479, 47.58430578512397], [-122.27316410880479, 47.57981422924902]]]}}, {"type": "Feature", "properties": {"cell_id": "r022_c029", "congestion_score": 0.0, "transit_departures": 0.0, "target_count": 0.0, "employment_jobs": 0.0}, "geometry": {"type": "Polygon", "coordinates": [[[-122.26650211269067, 47.57981422924902], [-122.25984011657656, 47.57981422924902], [-122.25984011657656, 47.58430578512397], [-122.26650211269067, 47.58430578512397], [-122.26650211269067, 47.57981422924902]]]}}, {"type": "Feature", "properties": {"cell_id": "r022_c030", "congestion_score": 0.0, "transit_departures": 0.0, "target_count": 0.0, "employment_jobs": 0.0}, "geometry": {"type": "Polygon", "coordinates": [[[-122.25984011657657, 47.57981422924902], [-122.25317812046245, 47.57981422924902], [-122.25317812046245, 47.58430578512397], [-122.25984011657657, 47.58430578512397], [-122.25984011657657, 47.57981422924902]]]}}, {"type": "Feature", "properties": {"cell_id": "r022_c031", "congestion_score": 0.0, "transit_departures": 0.0, "target_count": 0.0, "employment_jobs": 0.0}, "geometry": {"type": "Polygon", "coordinates": [[[-122.25317812046245, 47.57981422924902], [-122.24651612434833, 47.57981422924902], [-122.24651612434833, 47.58430578512397], [-122.25317812046245, 47.58430578512397], [-122.25317812046245, 47.57981422924902]]]}}, {"type": "Feature", "properties": {"cell_id": "r022_c032", "congestion_score": 0.0, "transit_departures": 0.0, "target_count": 0.0, "employment_jobs": 0.0}, "geometry": {"type": "Polygon", "coordinates": [[[-122.24651612434833, 47.57981422924902], [-122.23985412823421, 47.57981422924902], [-122.23985412823421, 47.58430578512397], [-122.24651612434833, 47.58430578512397], [-122.24651612434833, 47.57981422924902]]]}}, {"type": "Feature", "properties": {"cell_id": "r022_c033", "congestion_score": 0.0, "transit_departures": 0.0, "target_count": 0.0, "employment_jobs": 0.0}, "geometry": {"type": "Polygon", "coordinates": [[[-122.23985412823421, 47.57981422924902], [-122.2331921321201, 47.57981422924902], [-122.2331921321201, 47.58430578512397], [-122.23985412823421, 47.58430578512397], [-122.23985412823421, 47.57981422924902]]]}}, {"type": "Feature", "properties": {"cell_id": "r022_c034", "congestion_score": 0.0, "transit_departures": 0.0, "target_count": 0.0, "employment_jobs": 0.0}, "geometry": {"type": "Polygon", "coordinates": [[[-122.23319213212011, 47.57981422924902], [-122.22653013600599, 47.57981422924902], [-122.22653013600599, 47.58430578512397], [-122.23319213212011, 47.58430578512397], [-122.23319213212011, 47.57981422924902]]]}}, {"type": "Feature", "properties": {"cell_id": "r022_c035", "congestion_score": 0.0, "transit_departures": 0.0, "target_count": 0.0, "employment_jobs": 0.0}, "geometry": {"type": "Polygon", "coordinates": [[[-122.22653013600599, 47.57981422924902], [-122.2244, 47.57981422924902], [-122.2244, 47.58430578512397], [-122.22653013600599, 47.58430578512397], [-122.22653013600599, 47.57981422924902]]]}}, {"type": "Feature", "properties": {"cell_id": "r023_c000", "congestion_score": 0.0, "transit_departures": 0.0, "target_count": 0.0, "employment_jobs": 0.0}, "geometry": {"type": "Polygon", "coordinates": [[[-122.4597, 47.584305785123966], [-122.45303800388588, 47.584305785123966], [-122.45303800388588, 47.58879734099892], [-122.4597, 47.58879734099892], [-122.4597, 47.584305785123966]]]}}, {"type": "Feature", "properties": {"cell_id": "r023_c001", "congestion_score": 0.0, "transit_departures": 0.0, "target_count": 0.0, "employment_jobs": 0.0}, "geometry": {"type": "Polygon", "coordinates": [[[-122.45303800388588, 47.584305785123966], [-122.44637600777176, 47.584305785123966], [-122.44637600777176, 47.58879734099892], [-122.45303800388588, 47.58879734099892], [-122.45303800388588, 47.584305785123966]]]}}, {"type": "Feature", "properties": {"cell_id": "r023_c002", "congestion_score": 0.0, "transit_departures": 0.0, "target_count": 0.0, "employment_jobs": 0.0}, "geometry": {"type": "Polygon", "coordinates": [[[-122.44637600777178, 47.584305785123966], [-122.43971401165766, 47.584305785123966], [-122.43971401165766, 47.58879734099892], [-122.44637600777178, 47.58879734099892], [-122.44637600777178, 47.584305785123966]]]}}, {"type": "Feature", "properties": {"cell_id": "r023_c003", "congestion_score": 0.0, "transit_departures": 0.0, "target_count": 0.0, "employment_jobs": 0.0}, "geometry": {"type": "Polygon", "coordinates": [[[-122.43971401165766, 47.584305785123966], [-122.43305201554354, 47.584305785123966], [-122.43305201554354, 47.58879734099892], [-122.43971401165766, 47.58879734099892], [-122.43971401165766, 47.584305785123966]]]}}, {"type": "Feature", "properties": {"cell_id": "r023_c004", "congestion_score": 0.0, "transit_departures": 0.0, "target_count": 0.0, "employment_jobs": 0.0}, "geometry": {"type": "Polygon", "coordinates": [[[-122.43305201554354, 47.584305785123966], [-122.42639001942942, 47.584305785123966], [-122.42639001942942, 47.58879734099892], [-122.43305201554354, 47.58879734099892], [-122.43305201554354, 47.584305785123966]]]}}, {"type": "Feature", "properties": {"cell_id": "r023_c005", "congestion_score": 0.0, "transit_departures": 0.0, "target_count": 0.0, "employment_jobs": 0.0}, "geometry": {"type": "Polygon", "coordinates": [[[-122.42639001942942, 47.584305785123966], [-122.4197280233153, 47.584305785123966], [-122.4197280233153, 47.58879734099892], [-122.42639001942942, 47.58879734099892], [-122.42639001942942, 47.584305785123966]]]}}, {"type": "Feature", "properties": {"cell_id": "r023_c006", "congestion_score": 0.0, "transit_departures": 0.0, "target_count": 0.0, "employment_jobs": 0.0}, "geometry": {"type": "Polygon", "coordinates": [[[-122.41972802331532, 47.584305785123966], [-122.4130660272012, 47.584305785123966], [-122.4130660272012, 47.58879734099892], [-122.41972802331532, 47.58879734099892], [-122.41972802331532, 47.584305785123966]]]}}, {"type": "Feature", "properties": {"cell_id": "r023_c007", "congestion_score": 0.0, "transit_departures": 0.0, "target_count": 0.0, "employment_jobs": 0.0}, "geometry": {"type": "Polygon", "coordinates": [[[-122.4130660272012, 47.584305785123966], [-122.40640403108708, 47.584305785123966], [-122.40640403108708, 47.58879734099892], [-122.4130660272012, 47.58879734099892], [-122.4130660272012, 47.584305785123966]]]}}, {"type": "Feature", "properties": {"cell_id": "r023_c008", "congestion_score": 0.0, "transit_departures": 0.0, "target_count": 0.0, "employment_jobs": 0.0}, "geometry": {"type": "Polygon", "coordinates": [[[-122.40640403108708, 47.584305785123966], [-122.39974203497296, 47.584305785123966], [-122.39974203497296, 47.58879734099892], [-122.40640403108708, 47.58879734099892], [-122.40640403108708, 47.584305785123966]]]}}, {"type": "Feature", "properties": {"cell_id": "r023_c009", "congestion_score": 0.0, "transit_departures": 0.0, "target_count": 0.0, "employment_jobs": 0.0}, "geometry": {"type": "Polygon", "coordinates": [[[-122.39974203497297, 47.584305785123966], [-122.39308003885886, 47.584305785123966], [-122.39308003885886, 47.58879734099892], [-122.39974203497297, 47.58879734099892], [-122.39974203497297, 47.584305785123966]]]}}, {"type": "Feature", "properties": {"cell_id": "r023_c010", "congestion_score": 0.0, "transit_departures": 0.0, "target_count": 0.0, "employment_jobs": 0.0}, "geometry": {"type": "Polygon", "coordinates": [[[-122.39308003885886, 47.584305785123966], [-122.38641804274474, 47.584305785123966], [-122.38641804274474, 47.58879734099892], [-122.39308003885886, 47.58879734099892], [-122.39308003885886, 47.584305785123966]]]}}, {"type": "Feature", "properties": {"cell_id": "r023_c011", "congestion_score": 0.0, "transit_departures": 0.0, "target_count": 0.0, "employment_jobs": 0.0}, "geometry": {"type": "Polygon", "coordinates": [[[-122.38641804274474, 47.584305785123966], [-122.37975604663062, 47.584305785123966], [-122.37975604663062, 47.58879734099892], [-122.38641804274474, 47.58879734099892], [-122.38641804274474, 47.584305785123966]]]}}, {"type": "Feature", "properties": {"cell_id": "r023_c012", "congestion_score": 0.0, "transit_departures": 0.0, "target_count": 0.0, "employment_jobs": 0.0}, "geometry": {"type": "Polygon", "coordinates": [[[-122.37975604663062, 47.584305785123966], [-122.3730940505165, 47.584305785123966], [-122.3730940505165, 47.58879734099892], [-122.37975604663062, 47.58879734099892], [-122.37975604663062, 47.584305785123966]]]}}, {"type": "Feature", "properties": {"cell_id": "r023_c013", "congestion_score": 0.0, "transit_departures": 0.0, "target_count": 0.0, "employment_jobs": 0.0}, "geometry": {"type": "Polygon", "coordinates": [[[-122.37309405051651, 47.584305785123966], [-122.3664320544024, 47.584305785123966], [-122.3664320544024, 47.58879734099892], [-122.37309405051651, 47.58879734099892], [-122.37309405051651, 47.584305785123966]]]}}, {"type": "Feature", "properties": {"cell_id": "r023_c014", "congestion_score": 0.0, "transit_departures": 0.0, "target_count": 0.0, "employment_jobs": 0.0}, "geometry": {"type": "Polygon", "coordinates": [[[-122.3664320544024, 47.584305785123966], [-122.35977005828828, 47.584305785123966], [-122.35977005828828, 47.58879734099892], [-122.3664320544024, 47.58879734099892], [-122.3664320544024, 47.584305785123966]]]}}, {"type": "Feature", "properties": {"cell_id": "r023_c015", "congestion_score": 0.0, "transit_departures": 0.0, "target_count": 0.0, "employment_jobs": 0.0}, "geometry": {"type": "Polygon", "coordinates": [[[-122.35977005828828, 47.584305785123966], [-122.35310806217416, 47.584305785123966], [-122.35310806217416, 47.58879734099892], [-122.35977005828828, 47.58879734099892], [-122.35977005828828, 47.584305785123966]]]}}, {"type": "Feature", "properties": {"cell_id": "r023_c016", "congestion_score": 0.0, "transit_departures": 0.0, "target_count": 0.0, "employment_jobs": 0.0}, "geometry": {"type": "Polygon", "coordinates": [[[-122.35310806217417, 47.584305785123966], [-122.34644606606005, 47.584305785123966], [-122.34644606606005, 47.58879734099892], [-122.35310806217417, 47.58879734099892], [-122.35310806217417, 47.584305785123966]]]}}, {"type": "Feature", "properties": {"cell_id": "r023_c017", "congestion_score": 0.0, "transit_departures": 0.0, "target_count": 0.0, "employment_jobs": 0.0}, "geometry": {"type": "Polygon", "coordinates": [[[-122.34644606606005, 47.584305785123966], [-122.33978406994594, 47.584305785123966], [-122.33978406994594, 47.58879734099892], [-122.34644606606005, 47.58879734099892], [-122.34644606606005, 47.584305785123966]]]}}, {"type": "Feature", "properties": {"cell_id": "r023_c018", "congestion_score": 0.0, "transit_departures": 0.0, "target_count": 0.0, "employment_jobs": 0.0}, "geometry": {"type": "Polygon", "coordinates": [[[-122.33978406994594, 47.584305785123966], [-122.33312207383182, 47.584305785123966], [-122.33312207383182, 47.58879734099892], [-122.33978406994594, 47.58879734099892], [-122.33978406994594, 47.584305785123966]]]}}, {"type": "Feature", "properties": {"cell_id": "r023_c019", "congestion_score": 0.035511, "transit_departures": 10.417, "target_count": 0.0, "employment_jobs": 0.0}, "geometry": {"type": "Polygon", "coordinates": [[[-122.33312207383182, 47.584305785123966], [-122.3264600777177, 47.584305785123966], [-122.3264600777177, 47.58879734099892], [-122.33312207383182, 47.58879734099892], [-122.33312207383182, 47.584305785123966]]]}}, {"type": "Feature", "properties": {"cell_id": "r023_c020", "congestion_score": 0.0, "transit_departures": 0.0, "target_count": 0.0, "employment_jobs": 0.0}, "geometry": {"type": "Polygon", "coordinates": [[[-122.32646007771771, 47.584305785123966], [-122.3197980816036, 47.584305785123966], [-122.3197980816036, 47.58879734099892], [-122.32646007771771, 47.58879734099892], [-122.32646007771771, 47.584305785123966]]]}}, {"type": "Feature", "properties": {"cell_id": "r023_c021", "congestion_score": 0.0, "transit_departures": 0.0, "target_count": 0.0, "employment_jobs": 0.0}, "geometry": {"type": "Polygon", "coordinates": [[[-122.3197980816036, 47.584305785123966], [-122.31313608548948, 47.584305785123966], [-122.31313608548948, 47.58879734099892], [-122.3197980816036, 47.58879734099892], [-122.3197980816036, 47.584305785123966]]]}}, {"type": "Feature", "properties": {"cell_id": "r023_c022", "congestion_score": 0.0, "transit_departures": 0.0, "target_count": 0.0, "employment_jobs": 0.0}, "geometry": {"type": "Polygon", "coordinates": [[[-122.31313608548948, 47.584305785123966], [-122.30647408937536, 47.584305785123966], [-122.30647408937536, 47.58879734099892], [-122.31313608548948, 47.58879734099892], [-122.31313608548948, 47.584305785123966]]]}}, {"type": "Feature", "properties": {"cell_id": "r023_c023", "congestion_score": 0.0, "transit_departures": 0.0, "target_count": 0.0, "employment_jobs": 0.0}, "geometry": {"type": "Polygon", "coordinates": [[[-122.30647408937537, 47.584305785123966], [-122.29981209326125, 47.584305785123966], [-122.29981209326125, 47.58879734099892], [-122.30647408937537, 47.58879734099892], [-122.30647408937537, 47.584305785123966]]]}}, {"type": "Feature", "properties": {"cell_id": "r023_c024", "congestion_score": 0.0, "transit_departures": 0.0, "target_count": 0.0, "employment_jobs": 0.0}, "geometry": {"type": "Polygon", "coordinates": [[[-122.29981209326125, 47.584305785123966], [-122.29315009714713, 47.584305785123966], [-122.29315009714713, 47.58879734099892], [-122.29981209326125, 47.58879734099892], [-122.29981209326125, 47.584305785123966]]]}}, {"type": "Feature", "properties": {"cell_id": "r023_c025", "congestion_score": 0.0, "transit_departures": 0.0, "target_count": 0.0, "employment_jobs": 0.0}, "geometry": {"type": "Polygon", "coordinates": [[[-122.29315009714713, 47.584305785123966], [-122.28648810103302, 47.584305785123966], [-122.28648810103302, 47.58879734099892], [-122.29315009714713, 47.58879734099892], [-122.29315009714713, 47.584305785123966]]]}}, {"type": "Feature", "properties": {"cell_id": "r023_c026", "congestion_score": 0.0, "transit_departures": 0.0, "target_count": 0.0, "employment_jobs": 0.0}, "geometry": {"type": "Polygon", "coordinates": [[[-122.28648810103302, 47.584305785123966], [-122.2798261049189, 47.584305785123966], [-122.2798261049189, 47.58879734099892], [-122.28648810103302, 47.58879734099892], [-122.28648810103302, 47.584305785123966]]]}}, {"type": "Feature", "properties": {"cell_id": "r023_c027", "congestion_score": 0.0, "transit_departures": 0.0, "target_count": 0.0, "employment_jobs": 0.0}, "geometry": {"type": "Polygon", "coordinates": [[[-122.27982610491891, 47.584305785123966], [-122.27316410880479, 47.584305785123966], [-122.27316410880479, 47.58879734099892], [-122.27982610491891, 47.58879734099892], [-122.27982610491891, 47.584305785123966]]]}}, {"type": "Feature", "properties": {"cell_id": "r023_c028", "congestion_score": 0.0, "transit_departures": 0.0, "target_count": 0.0, "employment_jobs": 0.0}, "geometry": {"type": "Polygon", "coordinates": [[[-122.27316410880479, 47.584305785123966], [-122.26650211269067, 47.584305785123966], [-122.26650211269067, 47.58879734099892], [-122.27316410880479, 47.58879734099892], [-122.27316410880479, 47.584305785123966]]]}}, {"type": "Feature", "properties": {"cell_id": "r023_c029", "congestion_score": 0.0, "transit_departures": 0.0, "target_count": 0.0, "employment_jobs": 0.0}, "geometry": {"type": "Polygon", "coordinates": [[[-122.26650211269067, 47.584305785123966], [-122.25984011657656, 47.584305785123966], [-122.25984011657656, 47.58879734099892], [-122.26650211269067, 47.58879734099892], [-122.26650211269067, 47.584305785123966]]]}}, {"type": "Feature", "properties": {"cell_id": "r023_c030", "congestion_score": 0.0, "transit_departures": 0.0, "target_count": 0.0, "employment_jobs": 0.0}, "geometry": {"type": "Polygon", "coordinates": [[[-122.25984011657657, 47.584305785123966], [-122.25317812046245, 47.584305785123966], [-122.25317812046245, 47.58879734099892], [-122.25984011657657, 47.58879734099892], [-122.25984011657657, 47.584305785123966]]]}}, {"type": "Feature", "properties": {"cell_id": "r023_c031", "congestion_score": 0.0, "transit_departures": 0.0, "target_count": 0.0, "employment_jobs": 0.0}, "geometry": {"type": "Polygon", "coordinates": [[[-122.25317812046245, 47.584305785123966], [-122.24651612434833, 47.584305785123966], [-122.24651612434833, 47.58879734099892], [-122.25317812046245, 47.58879734099892], [-122.25317812046245, 47.584305785123966]]]}}, {"type": "Feature", "properties": {"cell_id": "r023_c032", "congestion_score": 0.0, "transit_departures": 0.0, "target_count": 0.0, "employment_jobs": 0.0}, "geometry": {"type": "Polygon", "coordinates": [[[-122.24651612434833, 47.584305785123966], [-122.23985412823421, 47.584305785123966], [-122.23985412823421, 47.58879734099892], [-122.24651612434833, 47.58879734099892], [-122.24651612434833, 47.584305785123966]]]}}, {"type": "Feature", "properties": {"cell_id": "r023_c033", "congestion_score": 0.0, "transit_departures": 0.0, "target_count": 0.0, "employment_jobs": 0.0}, "geometry": {"type": "Polygon", "coordinates": [[[-122.23985412823421, 47.584305785123966], [-122.2331921321201, 47.584305785123966], [-122.2331921321201, 47.58879734099892], [-122.23985412823421, 47.58879734099892], [-122.23985412823421, 47.584305785123966]]]}}, {"type": "Feature", "properties": {"cell_id": "r023_c034", "congestion_score": 0.0, "transit_departures": 0.0, "target_count": 0.0, "employment_jobs": 0.0}, "geometry": {"type": "Polygon", "coordinates": [[[-122.23319213212011, 47.584305785123966], [-122.22653013600599, 47.584305785123966], [-122.22653013600599, 47.58879734099892], [-122.23319213212011, 47.58879734099892], [-122.23319213212011, 47.584305785123966]]]}}, {"type": "Feature", "properties": {"cell_id": "r023_c035", "congestion_score": 0.0, "transit_departures": 0.0, "target_count": 0.0, "employment_jobs": 0.0}, "geometry": {"type": "Polygon", "coordinates": [[[-122.22653013600599, 47.584305785123966], [-122.2244, 47.584305785123966], [-122.2244, 47.58879734099892], [-122.22653013600599, 47.58879734099892], [-122.22653013600599, 47.584305785123966]]]}}, {"type": "Feature", "properties": {"cell_id": "r024_c000", "congestion_score": 0.0, "transit_departures": 0.0, "target_count": 0.0, "employment_jobs": 0.0}, "geometry": {"type": "Polygon", "coordinates": [[[-122.4597, 47.58879734099892], [-122.45303800388588, 47.58879734099892], [-122.45303800388588, 47.59328889687388], [-122.4597, 47.59328889687388], [-122.4597, 47.58879734099892]]]}}, {"type": "Feature", "properties": {"cell_id": "r024_c001", "congestion_score": 0.0, "transit_departures": 0.0, "target_count": 0.0, "employment_jobs": 0.0}, "geometry": {"type": "Polygon", "coordinates": [[[-122.45303800388588, 47.58879734099892], [-122.44637600777176, 47.58879734099892], [-122.44637600777176, 47.59328889687388], [-122.45303800388588, 47.59328889687388], [-122.45303800388588, 47.58879734099892]]]}}, {"type": "Feature", "properties": {"cell_id": "r024_c002", "congestion_score": 0.0, "transit_departures": 0.0, "target_count": 0.0, "employment_jobs": 0.0}, "geometry": {"type": "Polygon", "coordinates": [[[-122.44637600777178, 47.58879734099892], [-122.43971401165766, 47.58879734099892], [-122.43971401165766, 47.59328889687388], [-122.44637600777178, 47.59328889687388], [-122.44637600777178, 47.58879734099892]]]}}, {"type": "Feature", "properties": {"cell_id": "r024_c003", "congestion_score": 0.0, "transit_departures": 0.0, "target_count": 0.0, "employment_jobs": 0.0}, "geometry": {"type": "Polygon", "coordinates": [[[-122.43971401165766, 47.58879734099892], [-122.43305201554354, 47.58879734099892], [-122.43305201554354, 47.59328889687388], [-122.43971401165766, 47.59328889687388], [-122.43971401165766, 47.58879734099892]]]}}, {"type": "Feature", "properties": {"cell_id": "r024_c004", "congestion_score": 0.0, "transit_departures": 0.0, "target_count": 0.0, "employment_jobs": 0.0}, "geometry": {"type": "Polygon", "coordinates": [[[-122.43305201554354, 47.58879734099892], [-122.42639001942942, 47.58879734099892], [-122.42639001942942, 47.59328889687388], [-122.43305201554354, 47.59328889687388], [-122.43305201554354, 47.58879734099892]]]}}, {"type": "Feature", "properties": {"cell_id": "r024_c005", "congestion_score": 0.0, "transit_departures": 0.0, "target_count": 0.0, "employment_jobs": 0.0}, "geometry": {"type": "Polygon", "coordinates": [[[-122.42639001942942, 47.58879734099892], [-122.4197280233153, 47.58879734099892], [-122.4197280233153, 47.59328889687388], [-122.42639001942942, 47.59328889687388], [-122.42639001942942, 47.58879734099892]]]}}, {"type": "Feature", "properties": {"cell_id": "r024_c006", "congestion_score": 0.0, "transit_departures": 0.0, "target_count": 0.0, "employment_jobs": 0.0}, "geometry": {"type": "Polygon", "coordinates": [[[-122.41972802331532, 47.58879734099892], [-122.4130660272012, 47.58879734099892], [-122.4130660272012, 47.59328889687388], [-122.41972802331532, 47.59328889687388], [-122.41972802331532, 47.58879734099892]]]}}, {"type": "Feature", "properties": {"cell_id": "r024_c007", "congestion_score": 0.0, "transit_departures": 0.0, "target_count": 0.0, "employment_jobs": 0.0}, "geometry": {"type": "Polygon", "coordinates": [[[-122.4130660272012, 47.58879734099892], [-122.40640403108708, 47.58879734099892], [-122.40640403108708, 47.59328889687388], [-122.4130660272012, 47.59328889687388], [-122.4130660272012, 47.58879734099892]]]}}, {"type": "Feature", "properties": {"cell_id": "r024_c008", "congestion_score": 0.0, "transit_departures": 0.0, "target_count": 0.0, "employment_jobs": 0.0}, "geometry": {"type": "Polygon", "coordinates": [[[-122.40640403108708, 47.58879734099892], [-122.39974203497296, 47.58879734099892], [-122.39974203497296, 47.59328889687388], [-122.40640403108708, 47.59328889687388], [-122.40640403108708, 47.58879734099892]]]}}, {"type": "Feature", "properties": {"cell_id": "r024_c009", "congestion_score": 0.0, "transit_departures": 0.0, "target_count": 0.0, "employment_jobs": 0.0}, "geometry": {"type": "Polygon", "coordinates": [[[-122.39974203497297, 47.58879734099892], [-122.39308003885886, 47.58879734099892], [-122.39308003885886, 47.59328889687388], [-122.39974203497297, 47.59328889687388], [-122.39974203497297, 47.58879734099892]]]}}, {"type": "Feature", "properties": {"cell_id": "r024_c010", "congestion_score": 0.0, "transit_departures": 0.0, "target_count": 0.0, "employment_jobs": 0.0}, "geometry": {"type": "Polygon", "coordinates": [[[-122.39308003885886, 47.58879734099892], [-122.38641804274474, 47.58879734099892], [-122.38641804274474, 47.59328889687388], [-122.39308003885886, 47.59328889687388], [-122.39308003885886, 47.58879734099892]]]}}, {"type": "Feature", "properties": {"cell_id": "r024_c011", "congestion_score": 0.0, "transit_departures": 0.0, "target_count": 0.0, "employment_jobs": 0.0}, "geometry": {"type": "Polygon", "coordinates": [[[-122.38641804274474, 47.58879734099892], [-122.37975604663062, 47.58879734099892], [-122.37975604663062, 47.59328889687388], [-122.38641804274474, 47.59328889687388], [-122.38641804274474, 47.58879734099892]]]}}, {"type": "Feature", "properties": {"cell_id": "r024_c012", "congestion_score": 0.0, "transit_departures": 0.0, "target_count": 0.0, "employment_jobs": 0.0}, "geometry": {"type": "Polygon", "coordinates": [[[-122.37975604663062, 47.58879734099892], [-122.3730940505165, 47.58879734099892], [-122.3730940505165, 47.59328889687388], [-122.37975604663062, 47.59328889687388], [-122.37975604663062, 47.58879734099892]]]}}, {"type": "Feature", "properties": {"cell_id": "r024_c013", "congestion_score": 0.0, "transit_departures": 0.0, "target_count": 0.0, "employment_jobs": 0.0}, "geometry": {"type": "Polygon", "coordinates": [[[-122.37309405051651, 47.58879734099892], [-122.3664320544024, 47.58879734099892], [-122.3664320544024, 47.59328889687388], [-122.37309405051651, 47.59328889687388], [-122.37309405051651, 47.58879734099892]]]}}, {"type": "Feature", "properties": {"cell_id": "r024_c014", "congestion_score": 0.0, "transit_departures": 0.0, "target_count": 0.0, "employment_jobs": 0.0}, "geometry": {"type": "Polygon", "coordinates": [[[-122.3664320544024, 47.58879734099892], [-122.35977005828828, 47.58879734099892], [-122.35977005828828, 47.59328889687388], [-122.3664320544024, 47.59328889687388], [-122.3664320544024, 47.58879734099892]]]}}, {"type": "Feature", "properties": {"cell_id": "r024_c015", "congestion_score": 0.0, "transit_departures": 0.0, "target_count": 0.0, "employment_jobs": 0.0}, "geometry": {"type": "Polygon", "coordinates": [[[-122.35977005828828, 47.58879734099892], [-122.35310806217416, 47.58879734099892], [-122.35310806217416, 47.59328889687388], [-122.35977005828828, 47.59328889687388], [-122.35977005828828, 47.58879734099892]]]}}, {"type": "Feature", "properties": {"cell_id": "r024_c016", "congestion_score": 0.0, "transit_departures": 0.0, "target_count": 0.0, "employment_jobs": 0.0}, "geometry": {"type": "Polygon", "coordinates": [[[-122.35310806217417, 47.58879734099892], [-122.34644606606005, 47.58879734099892], [-122.34644606606005, 47.59328889687388], [-122.35310806217417, 47.59328889687388], [-122.35310806217417, 47.58879734099892]]]}}, {"type": "Feature", "properties": {"cell_id": "r024_c017", "congestion_score": 0.0, "transit_departures": 0.0, "target_count": 0.0, "employment_jobs": 0.0}, "geometry": {"type": "Polygon", "coordinates": [[[-122.34644606606005, 47.58879734099892], [-122.33978406994594, 47.58879734099892], [-122.33978406994594, 47.59328889687388], [-122.34644606606005, 47.59328889687388], [-122.34644606606005, 47.58879734099892]]]}}, {"type": "Feature", "properties": {"cell_id": "r024_c018", "congestion_score": 0.0, "transit_departures": 0.0, "target_count": 0.0, "employment_jobs": 0.0}, "geometry": {"type": "Polygon", "coordinates": [[[-122.33978406994594, 47.58879734099892], [-122.33312207383182, 47.58879734099892], [-122.33312207383182, 47.59328889687388], [-122.33978406994594, 47.59328889687388], [-122.33978406994594, 47.58879734099892]]]}}, {"type": "Feature", "properties": {"cell_id": "r024_c019", "congestion_score": 0.035511, "transit_departures": 10.417, "target_count": 0.0, "employment_jobs": 0.0}, "geometry": {"type": "Polygon", "coordinates": [[[-122.33312207383182, 47.58879734099892], [-122.3264600777177, 47.58879734099892], [-122.3264600777177, 47.59328889687388], [-122.33312207383182, 47.59328889687388], [-122.33312207383182, 47.58879734099892]]]}}, {"type": "Feature", "properties": {"cell_id": "r024_c020", "congestion_score": 0.0, "transit_departures": 0.0, "target_count": 0.0, "employment_jobs": 0.0}, "geometry": {"type": "Polygon", "coordinates": [[[-122.32646007771771, 47.58879734099892], [-122.3197980816036, 47.58879734099892], [-122.3197980816036, 47.59328889687388], [-122.32646007771771, 47.59328889687388], [-122.32646007771771, 47.58879734099892]]]}}, {"type": "Feature", "properties": {"cell_id": "r024_c021", "congestion_score": 0.0, "transit_departures": 0.0, "target_count": 0.0, "employment_jobs": 0.0}, "geometry": {"type": "Polygon", "coordinates": [[[-122.3197980816036, 47.58879734099892], [-122.31313608548948, 47.58879734099892], [-122.31313608548948, 47.59328889687388], [-122.3197980816036, 47.59328889687388], [-122.3197980816036, 47.58879734099892]]]}}, {"type": "Feature", "properties": {"cell_id": "r024_c022", "congestion_score": 0.0, "transit_departures": 0.0, "target_count": 0.0, "employment_jobs": 0.0}, "geometry": {"type": "Polygon", "coordinates": [[[-122.31313608548948, 47.58879734099892], [-122.30647408937536, 47.58879734099892], [-122.30647408937536, 47.59328889687388], [-122.31313608548948, 47.59328889687388], [-122.31313608548948, 47.58879734099892]]]}}, {"type": "Feature", "properties": {"cell_id": "r024_c023", "congestion_score": 0.0, "transit_departures": 0.0, "target_count": 0.0, "employment_jobs": 0.0}, "geometry": {"type": "Polygon", "coordinates": [[[-122.30647408937537, 47.58879734099892], [-122.29981209326125, 47.58879734099892], [-122.29981209326125, 47.59328889687388], [-122.30647408937537, 47.59328889687388], [-122.30647408937537, 47.58879734099892]]]}}, {"type": "Feature", "properties": {"cell_id": "r024_c024", "congestion_score": 0.0, "transit_departures": 0.0, "target_count": 0.0, "employment_jobs": 0.0}, "geometry": {"type": "Polygon", "coordinates": [[[-122.29981209326125, 47.58879734099892], [-122.29315009714713, 47.58879734099892], [-122.29315009714713, 47.59328889687388], [-122.29981209326125, 47.59328889687388], [-122.29981209326125, 47.58879734099892]]]}}, {"type": "Feature", "properties": {"cell_id": "r024_c025", "congestion_score": 0.0, "transit_departures": 0.0, "target_count": 0.0, "employment_jobs": 0.0}, "geometry": {"type": "Polygon", "coordinates": [[[-122.29315009714713, 47.58879734099892], [-122.28648810103302, 47.58879734099892], [-122.28648810103302, 47.59328889687388], [-122.29315009714713, 47.59328889687388], [-122.29315009714713, 47.58879734099892]]]}}, {"type": "Feature", "properties": {"cell_id": "r024_c026", "congestion_score": 0.0, "transit_departures": 0.0, "target_count": 0.0, "employment_jobs": 0.0}, "geometry": {"type": "Polygon", "coordinates": [[[-122.28648810103302, 47.58879734099892], [-122.2798261049189, 47.58879734099892], [-122.2798261049189, 47.59328889687388], [-122.28648810103302, 47.59328889687388], [-122.28648810103302, 47.58879734099892]]]}}, {"type": "Feature", "properties": {"cell_id": "r024_c027", "congestion_score": 0.0, "transit_departures": 0.0, "target_count": 0.0, "employment_jobs": 0.0}, "geometry": {"type": "Polygon", "coordinates": [[[-122.27982610491891, 47.58879734099892], [-122.27316410880479, 47.58879734099892], [-122.27316410880479, 47.59328889687388], [-122.27982610491891, 47.59328889687388], [-122.27982610491891, 47.58879734099892]]]}}, {"type": "Feature", "properties": {"cell_id": "r024_c028", "congestion_score": 0.0, "transit_departures": 0.0, "target_count": 0.0, "employment_jobs": 0.0}, "geometry": {"type": "Polygon", "coordinates": [[[-122.27316410880479, 47.58879734099892], [-122.26650211269067, 47.58879734099892], [-122.26650211269067, 47.59328889687388], [-122.27316410880479, 47.59328889687388], [-122.27316410880479, 47.58879734099892]]]}}, {"type": "Feature", "properties": {"cell_id": "r024_c029", "congestion_score": 0.0, "transit_departures": 0.0, "target_count": 0.0, "employment_jobs": 0.0}, "geometry": {"type": "Polygon", "coordinates": [[[-122.26650211269067, 47.58879734099892], [-122.25984011657656, 47.58879734099892], [-122.25984011657656, 47.59328889687388], [-122.26650211269067, 47.59328889687388], [-122.26650211269067, 47.58879734099892]]]}}, {"type": "Feature", "properties": {"cell_id": "r024_c030", "congestion_score": 0.0, "transit_departures": 0.0, "target_count": 0.0, "employment_jobs": 0.0}, "geometry": {"type": "Polygon", "coordinates": [[[-122.25984011657657, 47.58879734099892], [-122.25317812046245, 47.58879734099892], [-122.25317812046245, 47.59328889687388], [-122.25984011657657, 47.59328889687388], [-122.25984011657657, 47.58879734099892]]]}}, {"type": "Feature", "properties": {"cell_id": "r024_c031", "congestion_score": 0.0, "transit_departures": 0.0, "target_count": 0.0, "employment_jobs": 0.0}, "geometry": {"type": "Polygon", "coordinates": [[[-122.25317812046245, 47.58879734099892], [-122.24651612434833, 47.58879734099892], [-122.24651612434833, 47.59328889687388], [-122.25317812046245, 47.59328889687388], [-122.25317812046245, 47.58879734099892]]]}}, {"type": "Feature", "properties": {"cell_id": "r024_c032", "congestion_score": 0.0, "transit_departures": 0.0, "target_count": 0.0, "employment_jobs": 0.0}, "geometry": {"type": "Polygon", "coordinates": [[[-122.24651612434833, 47.58879734099892], [-122.23985412823421, 47.58879734099892], [-122.23985412823421, 47.59328889687388], [-122.24651612434833, 47.59328889687388], [-122.24651612434833, 47.58879734099892]]]}}, {"type": "Feature", "properties": {"cell_id": "r024_c033", "congestion_score": 0.0, "transit_departures": 0.0, "target_count": 0.0, "employment_jobs": 0.0}, "geometry": {"type": "Polygon", "coordinates": [[[-122.23985412823421, 47.58879734099892], [-122.2331921321201, 47.58879734099892], [-122.2331921321201, 47.59328889687388], [-122.23985412823421, 47.59328889687388], [-122.23985412823421, 47.58879734099892]]]}}, {"type": "Feature", "properties": {"cell_id": "r024_c034", "congestion_score": 0.0, "transit_departures": 0.0, "target_count": 0.0, "employment_jobs": 0.0}, "geometry": {"type": "Polygon", "coordinates": [[[-122.23319213212011, 47.58879734099892], [-122.22653013600599, 47.58879734099892], [-122.22653013600599, 47.59328889687388], [-122.23319213212011, 47.59328889687388], [-122.23319213212011, 47.58879734099892]]]}}, {"type": "Feature", "properties": {"cell_id": "r024_c035", "congestion_score": 0.0, "transit_departures": 0.0, "target_count": 0.0, "employment_jobs": 0.0}, "geometry": {"type": "Polygon", "coordinates": [[[-122.22653013600599, 47.58879734099892], [-122.2244, 47.58879734099892], [-122.2244, 47.59328889687388], [-122.22653013600599, 47.59328889687388], [-122.22653013600599, 47.58879734099892]]]}}, {"type": "Feature", "properties": {"cell_id": "r025_c000", "congestion_score": 0.0, "transit_departures": 0.0, "target_count": 0.0, "employment_jobs": 0.0}, "geometry": {"type": "Polygon", "coordinates": [[[-122.4597, 47.59328889687388], [-122.45303800388588, 47.59328889687388], [-122.45303800388588, 47.597780452748836], [-122.4597, 47.597780452748836], [-122.4597, 47.59328889687388]]]}}, {"type": "Feature", "properties": {"cell_id": "r025_c001", "congestion_score": 0.0, "transit_departures": 0.0, "target_count": 0.0, "employment_jobs": 0.0}, "geometry": {"type": "Polygon", "coordinates": [[[-122.45303800388588, 47.59328889687388], [-122.44637600777176, 47.59328889687388], [-122.44637600777176, 47.597780452748836], [-122.45303800388588, 47.597780452748836], [-122.45303800388588, 47.59328889687388]]]}}, {"type": "Feature", "properties": {"cell_id": "r025_c002", "congestion_score": 0.0, "transit_departures": 0.0, "target_count": 0.0, "employment_jobs": 0.0}, "geometry": {"type": "Polygon", "coordinates": [[[-122.44637600777178, 47.59328889687388], [-122.43971401165766, 47.59328889687388], [-122.43971401165766, 47.597780452748836], [-122.44637600777178, 47.597780452748836], [-122.44637600777178, 47.59328889687388]]]}}, {"type": "Feature", "properties": {"cell_id": "r025_c003", "congestion_score": 0.0, "transit_departures": 0.0, "target_count": 0.0, "employment_jobs": 0.0}, "geometry": {"type": "Polygon", "coordinates": [[[-122.43971401165766, 47.59328889687388], [-122.43305201554354, 47.59328889687388], [-122.43305201554354, 47.597780452748836], [-122.43971401165766, 47.597780452748836], [-122.43971401165766, 47.59328889687388]]]}}, {"type": "Feature", "properties": {"cell_id": "r025_c004", "congestion_score": 0.0, "transit_departures": 0.0, "target_count": 0.0, "employment_jobs": 0.0}, "geometry": {"type": "Polygon", "coordinates": [[[-122.43305201554354, 47.59328889687388], [-122.42639001942942, 47.59328889687388], [-122.42639001942942, 47.597780452748836], [-122.43305201554354, 47.597780452748836], [-122.43305201554354, 47.59328889687388]]]}}, {"type": "Feature", "properties": {"cell_id": "r025_c005", "congestion_score": 0.0, "transit_departures": 0.0, "target_count": 0.0, "employment_jobs": 0.0}, "geometry": {"type": "Polygon", "coordinates": [[[-122.42639001942942, 47.59328889687388], [-122.4197280233153, 47.59328889687388], [-122.4197280233153, 47.597780452748836], [-122.42639001942942, 47.597780452748836], [-122.42639001942942, 47.59328889687388]]]}}, {"type": "Feature", "properties": {"cell_id": "r025_c006", "congestion_score": 0.0, "transit_departures": 0.0, "target_count": 0.0, "employment_jobs": 0.0}, "geometry": {"type": "Polygon", "coordinates": [[[-122.41972802331532, 47.59328889687388], [-122.4130660272012, 47.59328889687388], [-122.4130660272012, 47.597780452748836], [-122.41972802331532, 47.597780452748836], [-122.41972802331532, 47.59328889687388]]]}}, {"type": "Feature", "properties": {"cell_id": "r025_c007", "congestion_score": 0.0, "transit_departures": 0.0, "target_count": 0.0, "employment_jobs": 0.0}, "geometry": {"type": "Polygon", "coordinates": [[[-122.4130660272012, 47.59328889687388], [-122.40640403108708, 47.59328889687388], [-122.40640403108708, 47.597780452748836], [-122.4130660272012, 47.597780452748836], [-122.4130660272012, 47.59328889687388]]]}}, {"type": "Feature", "properties": {"cell_id": "r025_c008", "congestion_score": 0.0, "transit_departures": 0.0, "target_count": 0.0, "employment_jobs": 0.0}, "geometry": {"type": "Polygon", "coordinates": [[[-122.40640403108708, 47.59328889687388], [-122.39974203497296, 47.59328889687388], [-122.39974203497296, 47.597780452748836], [-122.40640403108708, 47.597780452748836], [-122.40640403108708, 47.59328889687388]]]}}, {"type": "Feature", "properties": {"cell_id": "r025_c009", "congestion_score": 0.0, "transit_departures": 0.0, "target_count": 0.0, "employment_jobs": 0.0}, "geometry": {"type": "Polygon", "coordinates": [[[-122.39974203497297, 47.59328889687388], [-122.39308003885886, 47.59328889687388], [-122.39308003885886, 47.597780452748836], [-122.39974203497297, 47.597780452748836], [-122.39974203497297, 47.59328889687388]]]}}, {"type": "Feature", "properties": {"cell_id": "r025_c010", "congestion_score": 0.0, "transit_departures": 0.0, "target_count": 0.0, "employment_jobs": 0.0}, "geometry": {"type": "Polygon", "coordinates": [[[-122.39308003885886, 47.59328889687388], [-122.38641804274474, 47.59328889687388], [-122.38641804274474, 47.597780452748836], [-122.39308003885886, 47.597780452748836], [-122.39308003885886, 47.59328889687388]]]}}, {"type": "Feature", "properties": {"cell_id": "r025_c011", "congestion_score": 0.0, "transit_departures": 0.0, "target_count": 0.0, "employment_jobs": 0.0}, "geometry": {"type": "Polygon", "coordinates": [[[-122.38641804274474, 47.59328889687388], [-122.37975604663062, 47.59328889687388], [-122.37975604663062, 47.597780452748836], [-122.38641804274474, 47.597780452748836], [-122.38641804274474, 47.59328889687388]]]}}, {"type": "Feature", "properties": {"cell_id": "r025_c012", "congestion_score": 0.0, "transit_departures": 0.0, "target_count": 0.0, "employment_jobs": 0.0}, "geometry": {"type": "Polygon", "coordinates": [[[-122.37975604663062, 47.59328889687388], [-122.3730940505165, 47.59328889687388], [-122.3730940505165, 47.597780452748836], [-122.37975604663062, 47.597780452748836], [-122.37975604663062, 47.59328889687388]]]}}, {"type": "Feature", "properties": {"cell_id": "r025_c013", "congestion_score": 0.0, "transit_departures": 0.0, "target_count": 0.0, "employment_jobs": 0.0}, "geometry": {"type": "Polygon", "coordinates": [[[-122.37309405051651, 47.59328889687388], [-122.3664320544024, 47.59328889687388], [-122.3664320544024, 47.597780452748836], [-122.37309405051651, 47.597780452748836], [-122.37309405051651, 47.59328889687388]]]}}, {"type": "Feature", "properties": {"cell_id": "r025_c014", "congestion_score": 0.0, "transit_departures": 0.0, "target_count": 0.0, "employment_jobs": 0.0}, "geometry": {"type": "Polygon", "coordinates": [[[-122.3664320544024, 47.59328889687388], [-122.35977005828828, 47.59328889687388], [-122.35977005828828, 47.597780452748836], [-122.3664320544024, 47.597780452748836], [-122.3664320544024, 47.59328889687388]]]}}, {"type": "Feature", "properties": {"cell_id": "r025_c015", "congestion_score": 0.0, "transit_departures": 0.0, "target_count": 0.0, "employment_jobs": 0.0}, "geometry": {"type": "Polygon", "coordinates": [[[-122.35977005828828, 47.59328889687388], [-122.35310806217416, 47.59328889687388], [-122.35310806217416, 47.597780452748836], [-122.35977005828828, 47.597780452748836], [-122.35977005828828, 47.59328889687388]]]}}, {"type": "Feature", "properties": {"cell_id": "r025_c016", "congestion_score": 0.0, "transit_departures": 0.0, "target_count": 0.0, "employment_jobs": 0.0}, "geometry": {"type": "Polygon", "coordinates": [[[-122.35310806217417, 47.59328889687388], [-122.34644606606005, 47.59328889687388], [-122.34644606606005, 47.597780452748836], [-122.35310806217417, 47.597780452748836], [-122.35310806217417, 47.59328889687388]]]}}, {"type": "Feature", "properties": {"cell_id": "r025_c017", "congestion_score": 0.0, "transit_departures": 0.0, "target_count": 0.0, "employment_jobs": 0.0}, "geometry": {"type": "Polygon", "coordinates": [[[-122.34644606606005, 47.59328889687388], [-122.33978406994594, 47.59328889687388], [-122.33978406994594, 47.597780452748836], [-122.34644606606005, 47.597780452748836], [-122.34644606606005, 47.59328889687388]]]}}, {"type": "Feature", "properties": {"cell_id": "r025_c018", "congestion_score": 0.0, "transit_departures": 0.0, "target_count": 0.0, "employment_jobs": 0.0}, "geometry": {"type": "Polygon", "coordinates": [[[-122.33978406994594, 47.59328889687388], [-122.33312207383182, 47.59328889687388], [-122.33312207383182, 47.597780452748836], [-122.33978406994594, 47.597780452748836], [-122.33978406994594, 47.59328889687388]]]}}, {"type": "Feature", "properties": {"cell_id": "r025_c019", "congestion_score": 0.0, "transit_departures": 0.0, "target_count": 0.0, "employment_jobs": 0.0}, "geometry": {"type": "Polygon", "coordinates": [[[-122.33312207383182, 47.59328889687388], [-122.3264600777177, 47.59328889687388], [-122.3264600777177, 47.597780452748836], [-122.33312207383182, 47.597780452748836], [-122.33312207383182, 47.59328889687388]]]}}, {"type": "Feature", "properties": {"cell_id": "r025_c020", "congestion_score": 0.0, "transit_departures": 0.0, "target_count": 0.0, "employment_jobs": 0.0}, "geometry": {"type": "Polygon", "coordinates": [[[-122.32646007771771, 47.59328889687388], [-122.3197980816036, 47.59328889687388], [-122.3197980816036, 47.597780452748836], [-122.32646007771771, 47.597780452748836], [-122.32646007771771, 47.59328889687388]]]}}, {"type": "Feature", "properties": {"cell_id": "r025_c021", "congestion_score": 0.0, "transit_departures": 0.0, "target_count": 0.0, "employment_jobs": 0.0}, "geometry": {"type": "Polygon", "coordinates": [[[-122.3197980816036, 47.59328889687388], [-122.31313608548948, 47.59328889687388], [-122.31313608548948, 47.597780452748836], [-122.3197980816036, 47.597780452748836], [-122.3197980816036, 47.59328889687388]]]}}, {"type": "Feature", "properties": {"cell_id": "r025_c022", "congestion_score": 0.0, "transit_departures": 0.0, "target_count": 0.0, "employment_jobs": 0.0}, "geometry": {"type": "Polygon", "coordinates": [[[-122.31313608548948, 47.59328889687388], [-122.30647408937536, 47.59328889687388], [-122.30647408937536, 47.597780452748836], [-122.31313608548948, 47.597780452748836], [-122.31313608548948, 47.59328889687388]]]}}, {"type": "Feature", "properties": {"cell_id": "r025_c023", "congestion_score": 0.0, "transit_departures": 0.0, "target_count": 0.0, "employment_jobs": 0.0}, "geometry": {"type": "Polygon", "coordinates": [[[-122.30647408937537, 47.59328889687388], [-122.29981209326125, 47.59328889687388], [-122.29981209326125, 47.597780452748836], [-122.30647408937537, 47.597780452748836], [-122.30647408937537, 47.59328889687388]]]}}, {"type": "Feature", "properties": {"cell_id": "r025_c024", "congestion_score": 0.0, "transit_departures": 0.0, "target_count": 0.0, "employment_jobs": 0.0}, "geometry": {"type": "Polygon", "coordinates": [[[-122.29981209326125, 47.59328889687388], [-122.29315009714713, 47.59328889687388], [-122.29315009714713, 47.597780452748836], [-122.29981209326125, 47.597780452748836], [-122.29981209326125, 47.59328889687388]]]}}, {"type": "Feature", "properties": {"cell_id": "r025_c025", "congestion_score": 0.0, "transit_departures": 0.0, "target_count": 0.0, "employment_jobs": 0.0}, "geometry": {"type": "Polygon", "coordinates": [[[-122.29315009714713, 47.59328889687388], [-122.28648810103302, 47.59328889687388], [-122.28648810103302, 47.597780452748836], [-122.29315009714713, 47.597780452748836], [-122.29315009714713, 47.59328889687388]]]}}, {"type": "Feature", "properties": {"cell_id": "r025_c026", "congestion_score": 0.0, "transit_departures": 0.0, "target_count": 0.0, "employment_jobs": 0.0}, "geometry": {"type": "Polygon", "coordinates": [[[-122.28648810103302, 47.59328889687388], [-122.2798261049189, 47.59328889687388], [-122.2798261049189, 47.597780452748836], [-122.28648810103302, 47.597780452748836], [-122.28648810103302, 47.59328889687388]]]}}, {"type": "Feature", "properties": {"cell_id": "r025_c027", "congestion_score": 0.0, "transit_departures": 0.0, "target_count": 0.0, "employment_jobs": 0.0}, "geometry": {"type": "Polygon", "coordinates": [[[-122.27982610491891, 47.59328889687388], [-122.27316410880479, 47.59328889687388], [-122.27316410880479, 47.597780452748836], [-122.27982610491891, 47.597780452748836], [-122.27982610491891, 47.59328889687388]]]}}, {"type": "Feature", "properties": {"cell_id": "r025_c028", "congestion_score": 0.0, "transit_departures": 0.0, "target_count": 0.0, "employment_jobs": 0.0}, "geometry": {"type": "Polygon", "coordinates": [[[-122.27316410880479, 47.59328889687388], [-122.26650211269067, 47.59328889687388], [-122.26650211269067, 47.597780452748836], [-122.27316410880479, 47.597780452748836], [-122.27316410880479, 47.59328889687388]]]}}, {"type": "Feature", "properties": {"cell_id": "r025_c029", "congestion_score": 0.0, "transit_departures": 0.0, "target_count": 0.0, "employment_jobs": 0.0}, "geometry": {"type": "Polygon", "coordinates": [[[-122.26650211269067, 47.59328889687388], [-122.25984011657656, 47.59328889687388], [-122.25984011657656, 47.597780452748836], [-122.26650211269067, 47.597780452748836], [-122.26650211269067, 47.59328889687388]]]}}, {"type": "Feature", "properties": {"cell_id": "r025_c030", "congestion_score": 0.0, "transit_departures": 0.0, "target_count": 0.0, "employment_jobs": 0.0}, "geometry": {"type": "Polygon", "coordinates": [[[-122.25984011657657, 47.59328889687388], [-122.25317812046245, 47.59328889687388], [-122.25317812046245, 47.597780452748836], [-122.25984011657657, 47.597780452748836], [-122.25984011657657, 47.59328889687388]]]}}, {"type": "Feature", "properties": {"cell_id": "r025_c031", "congestion_score": 0.0, "transit_departures": 0.0, "target_count": 0.0, "employment_jobs": 0.0}, "geometry": {"type": "Polygon", "coordinates": [[[-122.25317812046245, 47.59328889687388], [-122.24651612434833, 47.59328889687388], [-122.24651612434833, 47.597780452748836], [-122.25317812046245, 47.597780452748836], [-122.25317812046245, 47.59328889687388]]]}}, {"type": "Feature", "properties": {"cell_id": "r025_c032", "congestion_score": 0.0, "transit_departures": 0.0, "target_count": 0.0, "employment_jobs": 0.0}, "geometry": {"type": "Polygon", "coordinates": [[[-122.24651612434833, 47.59328889687388], [-122.23985412823421, 47.59328889687388], [-122.23985412823421, 47.597780452748836], [-122.24651612434833, 47.597780452748836], [-122.24651612434833, 47.59328889687388]]]}}, {"type": "Feature", "properties": {"cell_id": "r025_c033", "congestion_score": 0.0, "transit_departures": 0.0, "target_count": 0.0, "employment_jobs": 0.0}, "geometry": {"type": "Polygon", "coordinates": [[[-122.23985412823421, 47.59328889687388], [-122.2331921321201, 47.59328889687388], [-122.2331921321201, 47.597780452748836], [-122.23985412823421, 47.597780452748836], [-122.23985412823421, 47.59328889687388]]]}}, {"type": "Feature", "properties": {"cell_id": "r025_c034", "congestion_score": 0.0, "transit_departures": 0.0, "target_count": 0.0, "employment_jobs": 0.0}, "geometry": {"type": "Polygon", "coordinates": [[[-122.23319213212011, 47.59328889687388], [-122.22653013600599, 47.59328889687388], [-122.22653013600599, 47.597780452748836], [-122.23319213212011, 47.597780452748836], [-122.23319213212011, 47.59328889687388]]]}}, {"type": "Feature", "properties": {"cell_id": "r025_c035", "congestion_score": 0.0, "transit_departures": 0.0, "target_count": 0.0, "employment_jobs": 0.0}, "geometry": {"type": "Polygon", "coordinates": [[[-122.22653013600599, 47.59328889687388], [-122.2244, 47.59328889687388], [-122.2244, 47.597780452748836], [-122.22653013600599, 47.597780452748836], [-122.22653013600599, 47.59328889687388]]]}}, {"type": "Feature", "properties": {"cell_id": "r026_c000", "congestion_score": 0.0, "transit_departures": 0.0, "target_count": 0.0, "employment_jobs": 0.0}, "geometry": {"type": "Polygon", "coordinates": [[[-122.4597, 47.597780452748836], [-122.45303800388588, 47.597780452748836], [-122.45303800388588, 47.60227200862379], [-122.4597, 47.60227200862379], [-122.4597, 47.597780452748836]]]}}, {"type": "Feature", "properties": {"cell_id": "r026_c001", "congestion_score": 0.0, "transit_departures": 0.0, "target_count": 0.0, "employment_jobs": 0.0}, "geometry": {"type": "Polygon", "coordinates": [[[-122.45303800388588, 47.597780452748836], [-122.44637600777176, 47.597780452748836], [-122.44637600777176, 47.60227200862379], [-122.45303800388588, 47.60227200862379], [-122.45303800388588, 47.597780452748836]]]}}, {"type": "Feature", "properties": {"cell_id": "r026_c002", "congestion_score": 0.0, "transit_departures": 0.0, "target_count": 0.0, "employment_jobs": 0.0}, "geometry": {"type": "Polygon", "coordinates": [[[-122.44637600777178, 47.597780452748836], [-122.43971401165766, 47.597780452748836], [-122.43971401165766, 47.60227200862379], [-122.44637600777178, 47.60227200862379], [-122.44637600777178, 47.597780452748836]]]}}, {"type": "Feature", "properties": {"cell_id": "r026_c003", "congestion_score": 0.0, "transit_departures": 0.0, "target_count": 0.0, "employment_jobs": 0.0}, "geometry": {"type": "Polygon", "coordinates": [[[-122.43971401165766, 47.597780452748836], [-122.43305201554354, 47.597780452748836], [-122.43305201554354, 47.60227200862379], [-122.43971401165766, 47.60227200862379], [-122.43971401165766, 47.597780452748836]]]}}, {"type": "Feature", "properties": {"cell_id": "r026_c004", "congestion_score": 0.0, "transit_departures": 0.0, "target_count": 0.0, "employment_jobs": 0.0}, "geometry": {"type": "Polygon", "coordinates": [[[-122.43305201554354, 47.597780452748836], [-122.42639001942942, 47.597780452748836], [-122.42639001942942, 47.60227200862379], [-122.43305201554354, 47.60227200862379], [-122.43305201554354, 47.597780452748836]]]}}, {"type": "Feature", "properties": {"cell_id": "r026_c005", "congestion_score": 0.0, "transit_departures": 0.0, "target_count": 0.0, "employment_jobs": 0.0}, "geometry": {"type": "Polygon", "coordinates": [[[-122.42639001942942, 47.597780452748836], [-122.4197280233153, 47.597780452748836], [-122.4197280233153, 47.60227200862379], [-122.42639001942942, 47.60227200862379], [-122.42639001942942, 47.597780452748836]]]}}, {"type": "Feature", "properties": {"cell_id": "r026_c006", "congestion_score": 0.0, "transit_departures": 0.0, "target_count": 0.0, "employment_jobs": 0.0}, "geometry": {"type": "Polygon", "coordinates": [[[-122.41972802331532, 47.597780452748836], [-122.4130660272012, 47.597780452748836], [-122.4130660272012, 47.60227200862379], [-122.41972802331532, 47.60227200862379], [-122.41972802331532, 47.597780452748836]]]}}, {"type": "Feature", "properties": {"cell_id": "r026_c007", "congestion_score": 0.0, "transit_departures": 0.0, "target_count": 0.0, "employment_jobs": 0.0}, "geometry": {"type": "Polygon", "coordinates": [[[-122.4130660272012, 47.597780452748836], [-122.40640403108708, 47.597780452748836], [-122.40640403108708, 47.60227200862379], [-122.4130660272012, 47.60227200862379], [-122.4130660272012, 47.597780452748836]]]}}, {"type": "Feature", "properties": {"cell_id": "r026_c008", "congestion_score": 0.0, "transit_departures": 0.0, "target_count": 0.0, "employment_jobs": 0.0}, "geometry": {"type": "Polygon", "coordinates": [[[-122.40640403108708, 47.597780452748836], [-122.39974203497296, 47.597780452748836], [-122.39974203497296, 47.60227200862379], [-122.40640403108708, 47.60227200862379], [-122.40640403108708, 47.597780452748836]]]}}, {"type": "Feature", "properties": {"cell_id": "r026_c009", "congestion_score": 0.0, "transit_departures": 0.0, "target_count": 0.0, "employment_jobs": 0.0}, "geometry": {"type": "Polygon", "coordinates": [[[-122.39974203497297, 47.597780452748836], [-122.39308003885886, 47.597780452748836], [-122.39308003885886, 47.60227200862379], [-122.39974203497297, 47.60227200862379], [-122.39974203497297, 47.597780452748836]]]}}, {"type": "Feature", "properties": {"cell_id": "r026_c010", "congestion_score": 0.0, "transit_departures": 0.0, "target_count": 0.0, "employment_jobs": 0.0}, "geometry": {"type": "Polygon", "coordinates": [[[-122.39308003885886, 47.597780452748836], [-122.38641804274474, 47.597780452748836], [-122.38641804274474, 47.60227200862379], [-122.39308003885886, 47.60227200862379], [-122.39308003885886, 47.597780452748836]]]}}, {"type": "Feature", "properties": {"cell_id": "r026_c011", "congestion_score": 0.0, "transit_departures": 0.0, "target_count": 0.0, "employment_jobs": 0.0}, "geometry": {"type": "Polygon", "coordinates": [[[-122.38641804274474, 47.597780452748836], [-122.37975604663062, 47.597780452748836], [-122.37975604663062, 47.60227200862379], [-122.38641804274474, 47.60227200862379], [-122.38641804274474, 47.597780452748836]]]}}, {"type": "Feature", "properties": {"cell_id": "r026_c012", "congestion_score": 0.0, "transit_departures": 0.0, "target_count": 0.0, "employment_jobs": 0.0}, "geometry": {"type": "Polygon", "coordinates": [[[-122.37975604663062, 47.597780452748836], [-122.3730940505165, 47.597780452748836], [-122.3730940505165, 47.60227200862379], [-122.37975604663062, 47.60227200862379], [-122.37975604663062, 47.597780452748836]]]}}, {"type": "Feature", "properties": {"cell_id": "r026_c013", "congestion_score": 0.0, "transit_departures": 0.0, "target_count": 0.0, "employment_jobs": 0.0}, "geometry": {"type": "Polygon", "coordinates": [[[-122.37309405051651, 47.597780452748836], [-122.3664320544024, 47.597780452748836], [-122.3664320544024, 47.60227200862379], [-122.37309405051651, 47.60227200862379], [-122.37309405051651, 47.597780452748836]]]}}, {"type": "Feature", "properties": {"cell_id": "r026_c014", "congestion_score": 0.0, "transit_departures": 0.0, "target_count": 0.0, "employment_jobs": 0.0}, "geometry": {"type": "Polygon", "coordinates": [[[-122.3664320544024, 47.597780452748836], [-122.35977005828828, 47.597780452748836], [-122.35977005828828, 47.60227200862379], [-122.3664320544024, 47.60227200862379], [-122.3664320544024, 47.597780452748836]]]}}, {"type": "Feature", "properties": {"cell_id": "r026_c015", "congestion_score": 0.0, "transit_departures": 0.0, "target_count": 0.0, "employment_jobs": 0.0}, "geometry": {"type": "Polygon", "coordinates": [[[-122.35977005828828, 47.597780452748836], [-122.35310806217416, 47.597780452748836], [-122.35310806217416, 47.60227200862379], [-122.35977005828828, 47.60227200862379], [-122.35977005828828, 47.597780452748836]]]}}, {"type": "Feature", "properties": {"cell_id": "r026_c016", "congestion_score": 0.0, "transit_departures": 0.0, "target_count": 0.0, "employment_jobs": 0.0}, "geometry": {"type": "Polygon", "coordinates": [[[-122.35310806217417, 47.597780452748836], [-122.34644606606005, 47.597780452748836], [-122.34644606606005, 47.60227200862379], [-122.35310806217417, 47.60227200862379], [-122.35310806217417, 47.597780452748836]]]}}, {"type": "Feature", "properties": {"cell_id": "r026_c017", "congestion_score": 0.0, "transit_departures": 0.0, "target_count": 0.0, "employment_jobs": 0.0}, "geometry": {"type": "Polygon", "coordinates": [[[-122.34644606606005, 47.597780452748836], [-122.33978406994594, 47.597780452748836], [-122.33978406994594, 47.60227200862379], [-122.34644606606005, 47.60227200862379], [-122.34644606606005, 47.597780452748836]]]}}, {"type": "Feature", "properties": {"cell_id": "r026_c018", "congestion_score": 0.0, "transit_departures": 0.0, "target_count": 0.0, "employment_jobs": 0.0}, "geometry": {"type": "Polygon", "coordinates": [[[-122.33978406994594, 47.597780452748836], [-122.33312207383182, 47.597780452748836], [-122.33312207383182, 47.60227200862379], [-122.33978406994594, 47.60227200862379], [-122.33978406994594, 47.597780452748836]]]}}, {"type": "Feature", "properties": {"cell_id": "r026_c019", "congestion_score": 0.071307, "transit_departures": 20.917, "target_count": 0.0, "employment_jobs": 0.0}, "geometry": {"type": "Polygon", "coordinates": [[[-122.33312207383182, 47.597780452748836], [-122.3264600777177, 47.597780452748836], [-122.3264600777177, 47.60227200862379], [-122.33312207383182, 47.60227200862379], [-122.33312207383182, 47.597780452748836]]]}}, {"type": "Feature", "properties": {"cell_id": "r026_c020", "congestion_score": 0.0, "transit_departures": 0.0, "target_count": 0.0, "employment_jobs": 0.0}, "geometry": {"type": "Polygon", "coordinates": [[[-122.32646007771771, 47.597780452748836], [-122.3197980816036, 47.597780452748836], [-122.3197980816036, 47.60227200862379], [-122.32646007771771, 47.60227200862379], [-122.32646007771771, 47.597780452748836]]]}}, {"type": "Feature", "properties": {"cell_id": "r026_c021", "congestion_score": 0.0, "transit_departures": 0.0, "target_count": 0.0, "employment_jobs": 0.0}, "geometry": {"type": "Polygon", "coordinates": [[[-122.3197980816036, 47.597780452748836], [-122.31313608548948, 47.597780452748836], [-122.31313608548948, 47.60227200862379], [-122.3197980816036, 47.60227200862379], [-122.3197980816036, 47.597780452748836]]]}}, {"type": "Feature", "properties": {"cell_id": "r026_c022", "congestion_score": 0.0, "transit_departures": 0.0, "target_count": 0.0, "employment_jobs": 0.0}, "geometry": {"type": "Polygon", "coordinates": [[[-122.31313608548948, 47.597780452748836], [-122.30647408937536, 47.597780452748836], [-122.30647408937536, 47.60227200862379], [-122.31313608548948, 47.60227200862379], [-122.31313608548948, 47.597780452748836]]]}}, {"type": "Feature", "properties": {"cell_id": "r026_c023", "congestion_score": 0.0, "transit_departures": 0.0, "target_count": 0.0, "employment_jobs": 0.0}, "geometry": {"type": "Polygon", "coordinates": [[[-122.30647408937537, 47.597780452748836], [-122.29981209326125, 47.597780452748836], [-122.29981209326125, 47.60227200862379], [-122.30647408937537, 47.60227200862379], [-122.30647408937537, 47.597780452748836]]]}}, {"type": "Feature", "properties": {"cell_id": "r026_c024", "congestion_score": 0.0, "transit_departures": 0.0, "target_count": 0.0, "employment_jobs": 0.0}, "geometry": {"type": "Polygon", "coordinates": [[[-122.29981209326125, 47.597780452748836], [-122.29315009714713, 47.597780452748836], [-122.29315009714713, 47.60227200862379], [-122.29981209326125, 47.60227200862379], [-122.29981209326125, 47.597780452748836]]]}}, {"type": "Feature", "properties": {"cell_id": "r026_c025", "congestion_score": 0.0, "transit_departures": 0.0, "target_count": 0.0, "employment_jobs": 0.0}, "geometry": {"type": "Polygon", "coordinates": [[[-122.29315009714713, 47.597780452748836], [-122.28648810103302, 47.597780452748836], [-122.28648810103302, 47.60227200862379], [-122.29315009714713, 47.60227200862379], [-122.29315009714713, 47.597780452748836]]]}}, {"type": "Feature", "properties": {"cell_id": "r026_c026", "congestion_score": 0.0, "transit_departures": 0.0, "target_count": 0.0, "employment_jobs": 0.0}, "geometry": {"type": "Polygon", "coordinates": [[[-122.28648810103302, 47.597780452748836], [-122.2798261049189, 47.597780452748836], [-122.2798261049189, 47.60227200862379], [-122.28648810103302, 47.60227200862379], [-122.28648810103302, 47.597780452748836]]]}}, {"type": "Feature", "properties": {"cell_id": "r026_c027", "congestion_score": 0.0, "transit_departures": 0.0, "target_count": 0.0, "employment_jobs": 0.0}, "geometry": {"type": "Polygon", "coordinates": [[[-122.27982610491891, 47.597780452748836], [-122.27316410880479, 47.597780452748836], [-122.27316410880479, 47.60227200862379], [-122.27982610491891, 47.60227200862379], [-122.27982610491891, 47.597780452748836]]]}}, {"type": "Feature", "properties": {"cell_id": "r026_c028", "congestion_score": 0.0, "transit_departures": 0.0, "target_count": 0.0, "employment_jobs": 0.0}, "geometry": {"type": "Polygon", "coordinates": [[[-122.27316410880479, 47.597780452748836], [-122.26650211269067, 47.597780452748836], [-122.26650211269067, 47.60227200862379], [-122.27316410880479, 47.60227200862379], [-122.27316410880479, 47.597780452748836]]]}}, {"type": "Feature", "properties": {"cell_id": "r026_c029", "congestion_score": 0.0, "transit_departures": 0.0, "target_count": 0.0, "employment_jobs": 0.0}, "geometry": {"type": "Polygon", "coordinates": [[[-122.26650211269067, 47.597780452748836], [-122.25984011657656, 47.597780452748836], [-122.25984011657656, 47.60227200862379], [-122.26650211269067, 47.60227200862379], [-122.26650211269067, 47.597780452748836]]]}}, {"type": "Feature", "properties": {"cell_id": "r026_c030", "congestion_score": 0.0, "transit_departures": 0.0, "target_count": 0.0, "employment_jobs": 0.0}, "geometry": {"type": "Polygon", "coordinates": [[[-122.25984011657657, 47.597780452748836], [-122.25317812046245, 47.597780452748836], [-122.25317812046245, 47.60227200862379], [-122.25984011657657, 47.60227200862379], [-122.25984011657657, 47.597780452748836]]]}}, {"type": "Feature", "properties": {"cell_id": "r026_c031", "congestion_score": 0.0, "transit_departures": 0.0, "target_count": 0.0, "employment_jobs": 0.0}, "geometry": {"type": "Polygon", "coordinates": [[[-122.25317812046245, 47.597780452748836], [-122.24651612434833, 47.597780452748836], [-122.24651612434833, 47.60227200862379], [-122.25317812046245, 47.60227200862379], [-122.25317812046245, 47.597780452748836]]]}}, {"type": "Feature", "properties": {"cell_id": "r026_c032", "congestion_score": 0.0, "transit_departures": 0.0, "target_count": 0.0, "employment_jobs": 0.0}, "geometry": {"type": "Polygon", "coordinates": [[[-122.24651612434833, 47.597780452748836], [-122.23985412823421, 47.597780452748836], [-122.23985412823421, 47.60227200862379], [-122.24651612434833, 47.60227200862379], [-122.24651612434833, 47.597780452748836]]]}}, {"type": "Feature", "properties": {"cell_id": "r026_c033", "congestion_score": 0.0, "transit_departures": 0.0, "target_count": 0.0, "employment_jobs": 0.0}, "geometry": {"type": "Polygon", "coordinates": [[[-122.23985412823421, 47.597780452748836], [-122.2331921321201, 47.597780452748836], [-122.2331921321201, 47.60227200862379], [-122.23985412823421, 47.60227200862379], [-122.23985412823421, 47.597780452748836]]]}}, {"type": "Feature", "properties": {"cell_id": "r026_c034", "congestion_score": 0.0, "transit_departures": 0.0, "target_count": 0.0, "employment_jobs": 0.0}, "geometry": {"type": "Polygon", "coordinates": [[[-122.23319213212011, 47.597780452748836], [-122.22653013600599, 47.597780452748836], [-122.22653013600599, 47.60227200862379], [-122.23319213212011, 47.60227200862379], [-122.23319213212011, 47.597780452748836]]]}}, {"type": "Feature", "properties": {"cell_id": "r026_c035", "congestion_score": 0.0, "transit_departures": 0.0, "target_count": 0.0, "employment_jobs": 0.0}, "geometry": {"type": "Polygon", "coordinates": [[[-122.22653013600599, 47.597780452748836], [-122.2244, 47.597780452748836], [-122.2244, 47.60227200862379], [-122.22653013600599, 47.60227200862379], [-122.22653013600599, 47.597780452748836]]]}}, {"type": "Feature", "properties": {"cell_id": "r027_c000", "congestion_score": 0.0, "transit_departures": 0.0, "target_count": 0.0, "employment_jobs": 0.0}, "geometry": {"type": "Polygon", "coordinates": [[[-122.4597, 47.602272008623785], [-122.45303800388588, 47.602272008623785], [-122.45303800388588, 47.60676356449874], [-122.4597, 47.60676356449874], [-122.4597, 47.602272008623785]]]}}, {"type": "Feature", "properties": {"cell_id": "r027_c001", "congestion_score": 0.0, "transit_departures": 0.0, "target_count": 0.0, "employment_jobs": 0.0}, "geometry": {"type": "Polygon", "coordinates": [[[-122.45303800388588, 47.602272008623785], [-122.44637600777176, 47.602272008623785], [-122.44637600777176, 47.60676356449874], [-122.45303800388588, 47.60676356449874], [-122.45303800388588, 47.602272008623785]]]}}, {"type": "Feature", "properties": {"cell_id": "r027_c002", "congestion_score": 0.0, "transit_departures": 0.0, "target_count": 0.0, "employment_jobs": 0.0}, "geometry": {"type": "Polygon", "coordinates": [[[-122.44637600777178, 47.602272008623785], [-122.43971401165766, 47.602272008623785], [-122.43971401165766, 47.60676356449874], [-122.44637600777178, 47.60676356449874], [-122.44637600777178, 47.602272008623785]]]}}, {"type": "Feature", "properties": {"cell_id": "r027_c003", "congestion_score": 0.0, "transit_departures": 0.0, "target_count": 0.0, "employment_jobs": 0.0}, "geometry": {"type": "Polygon", "coordinates": [[[-122.43971401165766, 47.602272008623785], [-122.43305201554354, 47.602272008623785], [-122.43305201554354, 47.60676356449874], [-122.43971401165766, 47.60676356449874], [-122.43971401165766, 47.602272008623785]]]}}, {"type": "Feature", "properties": {"cell_id": "r027_c004", "congestion_score": 0.0, "transit_departures": 0.0, "target_count": 0.0, "employment_jobs": 0.0}, "geometry": {"type": "Polygon", "coordinates": [[[-122.43305201554354, 47.602272008623785], [-122.42639001942942, 47.602272008623785], [-122.42639001942942, 47.60676356449874], [-122.43305201554354, 47.60676356449874], [-122.43305201554354, 47.602272008623785]]]}}, {"type": "Feature", "properties": {"cell_id": "r027_c005", "congestion_score": 0.0, "transit_departures": 0.0, "target_count": 0.0, "employment_jobs": 0.0}, "geometry": {"type": "Polygon", "coordinates": [[[-122.42639001942942, 47.602272008623785], [-122.4197280233153, 47.602272008623785], [-122.4197280233153, 47.60676356449874], [-122.42639001942942, 47.60676356449874], [-122.42639001942942, 47.602272008623785]]]}}, {"type": "Feature", "properties": {"cell_id": "r027_c006", "congestion_score": 0.0, "transit_departures": 0.0, "target_count": 0.0, "employment_jobs": 0.0}, "geometry": {"type": "Polygon", "coordinates": [[[-122.41972802331532, 47.602272008623785], [-122.4130660272012, 47.602272008623785], [-122.4130660272012, 47.60676356449874], [-122.41972802331532, 47.60676356449874], [-122.41972802331532, 47.602272008623785]]]}}, {"type": "Feature", "properties": {"cell_id": "r027_c007", "congestion_score": 0.0, "transit_departures": 0.0, "target_count": 0.0, "employment_jobs": 0.0}, "geometry": {"type": "Polygon", "coordinates": [[[-122.4130660272012, 47.602272008623785], [-122.40640403108708, 47.602272008623785], [-122.40640403108708, 47.60676356449874], [-122.4130660272012, 47.60676356449874], [-122.4130660272012, 47.602272008623785]]]}}, {"type": "Feature", "properties": {"cell_id": "r027_c008", "congestion_score": 0.0, "transit_departures": 0.0, "target_count": 0.0, "employment_jobs": 0.0}, "geometry": {"type": "Polygon", "coordinates": [[[-122.40640403108708, 47.602272008623785], [-122.39974203497296, 47.602272008623785], [-122.39974203497296, 47.60676356449874], [-122.40640403108708, 47.60676356449874], [-122.40640403108708, 47.602272008623785]]]}}, {"type": "Feature", "properties": {"cell_id": "r027_c009", "congestion_score": 0.0, "transit_departures": 0.0, "target_count": 0.0, "employment_jobs": 0.0}, "geometry": {"type": "Polygon", "coordinates": [[[-122.39974203497297, 47.602272008623785], [-122.39308003885886, 47.602272008623785], [-122.39308003885886, 47.60676356449874], [-122.39974203497297, 47.60676356449874], [-122.39974203497297, 47.602272008623785]]]}}, {"type": "Feature", "properties": {"cell_id": "r027_c010", "congestion_score": 0.0, "transit_departures": 0.0, "target_count": 0.0, "employment_jobs": 0.0}, "geometry": {"type": "Polygon", "coordinates": [[[-122.39308003885886, 47.602272008623785], [-122.38641804274474, 47.602272008623785], [-122.38641804274474, 47.60676356449874], [-122.39308003885886, 47.60676356449874], [-122.39308003885886, 47.602272008623785]]]}}, {"type": "Feature", "properties": {"cell_id": "r027_c011", "congestion_score": 0.0, "transit_departures": 0.0, "target_count": 0.0, "employment_jobs": 0.0}, "geometry": {"type": "Polygon", "coordinates": [[[-122.38641804274474, 47.602272008623785], [-122.37975604663062, 47.602272008623785], [-122.37975604663062, 47.60676356449874], [-122.38641804274474, 47.60676356449874], [-122.38641804274474, 47.602272008623785]]]}}, {"type": "Feature", "properties": {"cell_id": "r027_c012", "congestion_score": 0.0, "transit_departures": 0.0, "target_count": 0.0, "employment_jobs": 0.0}, "geometry": {"type": "Polygon", "coordinates": [[[-122.37975604663062, 47.602272008623785], [-122.3730940505165, 47.602272008623785], [-122.3730940505165, 47.60676356449874], [-122.37975604663062, 47.60676356449874], [-122.37975604663062, 47.602272008623785]]]}}, {"type": "Feature", "properties": {"cell_id": "r027_c013", "congestion_score": 0.0, "transit_departures": 0.0, "target_count": 0.0, "employment_jobs": 0.0}, "geometry": {"type": "Polygon", "coordinates": [[[-122.37309405051651, 47.602272008623785], [-122.3664320544024, 47.602272008623785], [-122.3664320544024, 47.60676356449874], [-122.37309405051651, 47.60676356449874], [-122.37309405051651, 47.602272008623785]]]}}, {"type": "Feature", "properties": {"cell_id": "r027_c014", "congestion_score": 0.0, "transit_departures": 0.0, "target_count": 0.0, "employment_jobs": 0.0}, "geometry": {"type": "Polygon", "coordinates": [[[-122.3664320544024, 47.602272008623785], [-122.35977005828828, 47.602272008623785], [-122.35977005828828, 47.60676356449874], [-122.3664320544024, 47.60676356449874], [-122.3664320544024, 47.602272008623785]]]}}, {"type": "Feature", "properties": {"cell_id": "r027_c015", "congestion_score": 0.0, "transit_departures": 0.0, "target_count": 0.0, "employment_jobs": 0.0}, "geometry": {"type": "Polygon", "coordinates": [[[-122.35977005828828, 47.602272008623785], [-122.35310806217416, 47.602272008623785], [-122.35310806217416, 47.60676356449874], [-122.35977005828828, 47.60676356449874], [-122.35977005828828, 47.602272008623785]]]}}, {"type": "Feature", "properties": {"cell_id": "r027_c016", "congestion_score": 0.0, "transit_departures": 0.0, "target_count": 0.0, "employment_jobs": 0.0}, "geometry": {"type": "Polygon", "coordinates": [[[-122.35310806217417, 47.602272008623785], [-122.34644606606005, 47.602272008623785], [-122.34644606606005, 47.60676356449874], [-122.35310806217417, 47.60676356449874], [-122.35310806217417, 47.602272008623785]]]}}, {"type": "Feature", "properties": {"cell_id": "r027_c017", "congestion_score": 0.0, "transit_departures": 0.0, "target_count": 0.0, "employment_jobs": 0.0}, "geometry": {"type": "Polygon", "coordinates": [[[-122.34644606606005, 47.602272008623785], [-122.33978406994594, 47.602272008623785], [-122.33978406994594, 47.60676356449874], [-122.34644606606005, 47.60676356449874], [-122.34644606606005, 47.602272008623785]]]}}, {"type": "Feature", "properties": {"cell_id": "r027_c018", "congestion_score": 0.055256, "transit_departures": 16.208, "target_count": 0.0, "employment_jobs": 0.0}, "geometry": {"type": "Polygon", "coordinates": [[[-122.33978406994594, 47.602272008623785], [-122.33312207383182, 47.602272008623785], [-122.33312207383182, 47.60676356449874], [-122.33978406994594, 47.60676356449874], [-122.33978406994594, 47.602272008623785]]]}}, {"type": "Feature", "properties": {"cell_id": "r027_c019", "congestion_score": 0.034517, "transit_departures": 10.125, "target_count": 0.0, "employment_jobs": 0.0}, "geometry": {"type": "Polygon", "coordinates": [[[-122.33312207383182, 47.602272008623785], [-122.3264600777177, 47.602272008623785], [-122.3264600777177, 47.60676356449874], [-122.33312207383182, 47.60676356449874], [-122.33312207383182, 47.602272008623785]]]}}, {"type": "Feature", "properties": {"cell_id": "r027_c020", "congestion_score": 0.0, "transit_departures": 0.0, "target_count": 0.0, "employment_jobs": 0.0}, "geometry": {"type": "Polygon", "coordinates": [[[-122.32646007771771, 47.602272008623785], [-122.3197980816036, 47.602272008623785], [-122.3197980816036, 47.60676356449874], [-122.32646007771771, 47.60676356449874], [-122.32646007771771, 47.602272008623785]]]}}, {"type": "Feature", "properties": {"cell_id": "r027_c021", "congestion_score": 0.0, "transit_departures": 0.0, "target_count": 0.0, "employment_jobs": 0.0}, "geometry": {"type": "Polygon", "coordinates": [[[-122.3197980816036, 47.602272008623785], [-122.31313608548948, 47.602272008623785], [-122.31313608548948, 47.60676356449874], [-122.3197980816036, 47.60676356449874], [-122.3197980816036, 47.602272008623785]]]}}, {"type": "Feature", "properties": {"cell_id": "r027_c022", "congestion_score": 0.0, "transit_departures": 0.0, "target_count": 0.0, "employment_jobs": 0.0}, "geometry": {"type": "Polygon", "coordinates": [[[-122.31313608548948, 47.602272008623785], [-122.30647408937536, 47.602272008623785], [-122.30647408937536, 47.60676356449874], [-122.31313608548948, 47.60676356449874], [-122.31313608548948, 47.602272008623785]]]}}, {"type": "Feature", "properties": {"cell_id": "r027_c023", "congestion_score": 0.0, "transit_departures": 0.0, "target_count": 0.0, "employment_jobs": 0.0}, "geometry": {"type": "Polygon", "coordinates": [[[-122.30647408937537, 47.602272008623785], [-122.29981209326125, 47.602272008623785], [-122.29981209326125, 47.60676356449874], [-122.30647408937537, 47.60676356449874], [-122.30647408937537, 47.602272008623785]]]}}, {"type": "Feature", "properties": {"cell_id": "r027_c024", "congestion_score": 0.0, "transit_departures": 0.0, "target_count": 0.0, "employment_jobs": 0.0}, "geometry": {"type": "Polygon", "coordinates": [[[-122.29981209326125, 47.602272008623785], [-122.29315009714713, 47.602272008623785], [-122.29315009714713, 47.60676356449874], [-122.29981209326125, 47.60676356449874], [-122.29981209326125, 47.602272008623785]]]}}, {"type": "Feature", "properties": {"cell_id": "r027_c025", "congestion_score": 0.0, "transit_departures": 0.0, "target_count": 0.0, "employment_jobs": 0.0}, "geometry": {"type": "Polygon", "coordinates": [[[-122.29315009714713, 47.602272008623785], [-122.28648810103302, 47.602272008623785], [-122.28648810103302, 47.60676356449874], [-122.29315009714713, 47.60676356449874], [-122.29315009714713, 47.602272008623785]]]}}, {"type": "Feature", "properties": {"cell_id": "r027_c026", "congestion_score": 0.0, "transit_departures": 0.0, "target_count": 0.0, "employment_jobs": 0.0}, "geometry": {"type": "Polygon", "coordinates": [[[-122.28648810103302, 47.602272008623785], [-122.2798261049189, 47.602272008623785], [-122.2798261049189, 47.60676356449874], [-122.28648810103302, 47.60676356449874], [-122.28648810103302, 47.602272008623785]]]}}, {"type": "Feature", "properties": {"cell_id": "r027_c027", "congestion_score": 0.0, "transit_departures": 0.0, "target_count": 0.0, "employment_jobs": 0.0}, "geometry": {"type": "Polygon", "coordinates": [[[-122.27982610491891, 47.602272008623785], [-122.27316410880479, 47.602272008623785], [-122.27316410880479, 47.60676356449874], [-122.27982610491891, 47.60676356449874], [-122.27982610491891, 47.602272008623785]]]}}, {"type": "Feature", "properties": {"cell_id": "r027_c028", "congestion_score": 0.0, "transit_departures": 0.0, "target_count": 0.0, "employment_jobs": 0.0}, "geometry": {"type": "Polygon", "coordinates": [[[-122.27316410880479, 47.602272008623785], [-122.26650211269067, 47.602272008623785], [-122.26650211269067, 47.60676356449874], [-122.27316410880479, 47.60676356449874], [-122.27316410880479, 47.602272008623785]]]}}, {"type": "Feature", "properties": {"cell_id": "r027_c029", "congestion_score": 0.0, "transit_departures": 0.0, "target_count": 0.0, "employment_jobs": 0.0}, "geometry": {"type": "Polygon", "coordinates": [[[-122.26650211269067, 47.602272008623785], [-122.25984011657656, 47.602272008623785], [-122.25984011657656, 47.60676356449874], [-122.26650211269067, 47.60676356449874], [-122.26650211269067, 47.602272008623785]]]}}, {"type": "Feature", "properties": {"cell_id": "r027_c030", "congestion_score": 0.0, "transit_departures": 0.0, "target_count": 0.0, "employment_jobs": 0.0}, "geometry": {"type": "Polygon", "coordinates": [[[-122.25984011657657, 47.602272008623785], [-122.25317812046245, 47.602272008623785], [-122.25317812046245, 47.60676356449874], [-122.25984011657657, 47.60676356449874], [-122.25984011657657, 47.602272008623785]]]}}, {"type": "Feature", "properties": {"cell_id": "r027_c031", "congestion_score": 0.0, "transit_departures": 0.0, "target_count": 0.0, "employment_jobs": 0.0}, "geometry": {"type": "Polygon", "coordinates": [[[-122.25317812046245, 47.602272008623785], [-122.24651612434833, 47.602272008623785], [-122.24651612434833, 47.60676356449874], [-122.25317812046245, 47.60676356449874], [-122.25317812046245, 47.602272008623785]]]}}, {"type": "Feature", "properties": {"cell_id": "r027_c032", "congestion_score": 0.0, "transit_departures": 0.0, "target_count": 0.0, "employment_jobs": 0.0}, "geometry": {"type": "Polygon", "coordinates": [[[-122.24651612434833, 47.602272008623785], [-122.23985412823421, 47.602272008623785], [-122.23985412823421, 47.60676356449874], [-122.24651612434833, 47.60676356449874], [-122.24651612434833, 47.602272008623785]]]}}, {"type": "Feature", "properties": {"cell_id": "r027_c033", "congestion_score": 0.0, "transit_departures": 0.0, "target_count": 0.0, "employment_jobs": 0.0}, "geometry": {"type": "Polygon", "coordinates": [[[-122.23985412823421, 47.602272008623785], [-122.2331921321201, 47.602272008623785], [-122.2331921321201, 47.60676356449874], [-122.23985412823421, 47.60676356449874], [-122.23985412823421, 47.602272008623785]]]}}, {"type": "Feature", "properties": {"cell_id": "r027_c034", "congestion_score": 0.0, "transit_departures": 0.0, "target_count": 0.0, "employment_jobs": 0.0}, "geometry": {"type": "Polygon", "coordinates": [[[-122.23319213212011, 47.602272008623785], [-122.22653013600599, 47.602272008623785], [-122.22653013600599, 47.60676356449874], [-122.23319213212011, 47.60676356449874], [-122.23319213212011, 47.602272008623785]]]}}, {"type": "Feature", "properties": {"cell_id": "r027_c035", "congestion_score": 0.0, "transit_departures": 0.0, "target_count": 0.0, "employment_jobs": 0.0}, "geometry": {"type": "Polygon", "coordinates": [[[-122.22653013600599, 47.602272008623785], [-122.2244, 47.602272008623785], [-122.2244, 47.60676356449874], [-122.22653013600599, 47.60676356449874], [-122.22653013600599, 47.602272008623785]]]}}, {"type": "Feature", "properties": {"cell_id": "r028_c000", "congestion_score": 0.0, "transit_departures": 0.0, "target_count": 0.0, "employment_jobs": 0.0}, "geometry": {"type": "Polygon", "coordinates": [[[-122.4597, 47.60676356449874], [-122.45303800388588, 47.60676356449874], [-122.45303800388588, 47.6112551203737], [-122.4597, 47.6112551203737], [-122.4597, 47.60676356449874]]]}}, {"type": "Feature", "properties": {"cell_id": "r028_c001", "congestion_score": 0.0, "transit_departures": 0.0, "target_count": 0.0, "employment_jobs": 0.0}, "geometry": {"type": "Polygon", "coordinates": [[[-122.45303800388588, 47.60676356449874], [-122.44637600777176, 47.60676356449874], [-122.44637600777176, 47.6112551203737], [-122.45303800388588, 47.6112551203737], [-122.45303800388588, 47.60676356449874]]]}}, {"type": "Feature", "properties": {"cell_id": "r028_c002", "congestion_score": 0.0, "transit_departures": 0.0, "target_count": 0.0, "employment_jobs": 0.0}, "geometry": {"type": "Polygon", "coordinates": [[[-122.44637600777178, 47.60676356449874], [-122.43971401165766, 47.60676356449874], [-122.43971401165766, 47.6112551203737], [-122.44637600777178, 47.6112551203737], [-122.44637600777178, 47.60676356449874]]]}}, {"type": "Feature", "properties": {"cell_id": "r028_c003", "congestion_score": 0.0, "transit_departures": 0.0, "target_count": 0.0, "employment_jobs": 0.0}, "geometry": {"type": "Polygon", "coordinates": [[[-122.43971401165766, 47.60676356449874], [-122.43305201554354, 47.60676356449874], [-122.43305201554354, 47.6112551203737], [-122.43971401165766, 47.6112551203737], [-122.43971401165766, 47.60676356449874]]]}}, {"type": "Feature", "properties": {"cell_id": "r028_c004", "congestion_score": 0.0, "transit_departures": 0.0, "target_count": 0.0, "employment_jobs": 0.0}, "geometry": {"type": "Polygon", "coordinates": [[[-122.43305201554354, 47.60676356449874], [-122.42639001942942, 47.60676356449874], [-122.42639001942942, 47.6112551203737], [-122.43305201554354, 47.6112551203737], [-122.43305201554354, 47.60676356449874]]]}}, {"type": "Feature", "properties": {"cell_id": "r028_c005", "congestion_score": 0.0, "transit_departures": 0.0, "target_count": 0.0, "employment_jobs": 0.0}, "geometry": {"type": "Polygon", "coordinates": [[[-122.42639001942942, 47.60676356449874], [-122.4197280233153, 47.60676356449874], [-122.4197280233153, 47.6112551203737], [-122.42639001942942, 47.6112551203737], [-122.42639001942942, 47.60676356449874]]]}}, {"type": "Feature", "properties": {"cell_id": "r028_c006", "congestion_score": 0.0, "transit_departures": 0.0, "target_count": 0.0, "employment_jobs": 0.0}, "geometry": {"type": "Polygon", "coordinates": [[[-122.41972802331532, 47.60676356449874], [-122.4130660272012, 47.60676356449874], [-122.4130660272012, 47.6112551203737], [-122.41972802331532, 47.6112551203737], [-122.41972802331532, 47.60676356449874]]]}}, {"type": "Feature", "properties": {"cell_id": "r028_c007", "congestion_score": 0.0, "transit_departures": 0.0, "target_count": 0.0, "employment_jobs": 0.0}, "geometry": {"type": "Polygon", "coordinates": [[[-122.4130660272012, 47.60676356449874], [-122.40640403108708, 47.60676356449874], [-122.40640403108708, 47.6112551203737], [-122.4130660272012, 47.6112551203737], [-122.4130660272012, 47.60676356449874]]]}}, {"type": "Feature", "properties": {"cell_id": "r028_c008", "congestion_score": 0.0, "transit_departures": 0.0, "target_count": 0.0, "employment_jobs": 0.0}, "geometry": {"type": "Polygon", "coordinates": [[[-122.40640403108708, 47.60676356449874], [-122.39974203497296, 47.60676356449874], [-122.39974203497296, 47.6112551203737], [-122.40640403108708, 47.6112551203737], [-122.40640403108708, 47.60676356449874]]]}}, {"type": "Feature", "properties": {"cell_id": "r028_c009", "congestion_score": 0.0, "transit_departures": 0.0, "target_count": 0.0, "employment_jobs": 0.0}, "geometry": {"type": "Polygon", "coordinates": [[[-122.39974203497297, 47.60676356449874], [-122.39308003885886, 47.60676356449874], [-122.39308003885886, 47.6112551203737], [-122.39974203497297, 47.6112551203737], [-122.39974203497297, 47.60676356449874]]]}}, {"type": "Feature", "properties": {"cell_id": "r028_c010", "congestion_score": 0.0, "transit_departures": 0.0, "target_count": 0.0, "employment_jobs": 0.0}, "geometry": {"type": "Polygon", "coordinates": [[[-122.39308003885886, 47.60676356449874], [-122.38641804274474, 47.60676356449874], [-122.38641804274474, 47.6112551203737], [-122.39308003885886, 47.6112551203737], [-122.39308003885886, 47.60676356449874]]]}}, {"type": "Feature", "properties": {"cell_id": "r028_c011", "congestion_score": 0.0, "transit_departures": 0.0, "target_count": 0.0, "employment_jobs": 0.0}, "geometry": {"type": "Polygon", "coordinates": [[[-122.38641804274474, 47.60676356449874], [-122.37975604663062, 47.60676356449874], [-122.37975604663062, 47.6112551203737], [-122.38641804274474, 47.6112551203737], [-122.38641804274474, 47.60676356449874]]]}}, {"type": "Feature", "properties": {"cell_id": "r028_c012", "congestion_score": 0.0, "transit_departures": 0.0, "target_count": 0.0, "employment_jobs": 0.0}, "geometry": {"type": "Polygon", "coordinates": [[[-122.37975604663062, 47.60676356449874], [-122.3730940505165, 47.60676356449874], [-122.3730940505165, 47.6112551203737], [-122.37975604663062, 47.6112551203737], [-122.37975604663062, 47.60676356449874]]]}}, {"type": "Feature", "properties": {"cell_id": "r028_c013", "congestion_score": 0.0, "transit_departures": 0.0, "target_count": 0.0, "employment_jobs": 0.0}, "geometry": {"type": "Polygon", "coordinates": [[[-122.37309405051651, 47.60676356449874], [-122.3664320544024, 47.60676356449874], [-122.3664320544024, 47.6112551203737], [-122.37309405051651, 47.6112551203737], [-122.37309405051651, 47.60676356449874]]]}}, {"type": "Feature", "properties": {"cell_id": "r028_c014", "congestion_score": 0.0, "transit_departures": 0.0, "target_count": 0.0, "employment_jobs": 0.0}, "geometry": {"type": "Polygon", "coordinates": [[[-122.3664320544024, 47.60676356449874], [-122.35977005828828, 47.60676356449874], [-122.35977005828828, 47.6112551203737], [-122.3664320544024, 47.6112551203737], [-122.3664320544024, 47.60676356449874]]]}}, {"type": "Feature", "properties": {"cell_id": "r028_c015", "congestion_score": 0.0, "transit_departures": 0.0, "target_count": 0.0, "employment_jobs": 0.0}, "geometry": {"type": "Polygon", "coordinates": [[[-122.35977005828828, 47.60676356449874], [-122.35310806217416, 47.60676356449874], [-122.35310806217416, 47.6112551203737], [-122.35977005828828, 47.6112551203737], [-122.35977005828828, 47.60676356449874]]]}}, {"type": "Feature", "properties": {"cell_id": "r028_c016", "congestion_score": 0.0, "transit_departures": 0.0, "target_count": 0.0, "employment_jobs": 0.0}, "geometry": {"type": "Polygon", "coordinates": [[[-122.35310806217417, 47.60676356449874], [-122.34644606606005, 47.60676356449874], [-122.34644606606005, 47.6112551203737], [-122.35310806217417, 47.6112551203737], [-122.35310806217417, 47.60676356449874]]]}}, {"type": "Feature", "properties": {"cell_id": "r028_c017", "congestion_score": 0.019176, "transit_departures": 5.625, "target_count": 0.0, "employment_jobs": 0.0}, "geometry": {"type": "Polygon", "coordinates": [[[-122.34644606606005, 47.60676356449874], [-122.33978406994594, 47.60676356449874], [-122.33978406994594, 47.6112551203737], [-122.34644606606005, 47.6112551203737], [-122.34644606606005, 47.60676356449874]]]}}, {"type": "Feature", "properties": {"cell_id": "r028_c018", "congestion_score": 0.083807, "transit_departures": 24.583, "target_count": 0.0, "employment_jobs": 0.0}, "geometry": {"type": "Polygon", "coordinates": [[[-122.33978406994594, 47.60676356449874], [-122.33312207383182, 47.60676356449874], [-122.33312207383182, 47.6112551203737], [-122.33978406994594, 47.6112551203737], [-122.33978406994594, 47.60676356449874]]]}}, {"type": "Feature", "properties": {"cell_id": "r028_c019", "congestion_score": 0.004261, "transit_departures": 1.25, "target_count": 0.0, "employment_jobs": 0.0}, "geometry": {"type": "Polygon", "coordinates": [[[-122.33312207383182, 47.60676356449874], [-122.3264600777177, 47.60676356449874], [-122.3264600777177, 47.6112551203737], [-122.33312207383182, 47.6112551203737], [-122.33312207383182, 47.60676356449874]]]}}, {"type": "Feature", "properties": {"cell_id": "r028_c020", "congestion_score": 0.0, "transit_departures": 0.0, "target_count": 0.0, "employment_jobs": 0.0}, "geometry": {"type": "Polygon", "coordinates": [[[-122.32646007771771, 47.60676356449874], [-122.3197980816036, 47.60676356449874], [-122.3197980816036, 47.6112551203737], [-122.32646007771771, 47.6112551203737], [-122.32646007771771, 47.60676356449874]]]}}, {"type": "Feature", "properties": {"cell_id": "r028_c021", "congestion_score": 0.0, "transit_departures": 0.0, "target_count": 0.0, "employment_jobs": 0.0}, "geometry": {"type": "Polygon", "coordinates": [[[-122.3197980816036, 47.60676356449874], [-122.31313608548948, 47.60676356449874], [-122.31313608548948, 47.6112551203737], [-122.3197980816036, 47.6112551203737], [-122.3197980816036, 47.60676356449874]]]}}, {"type": "Feature", "properties": {"cell_id": "r028_c022", "congestion_score": 0.0, "transit_departures": 0.0, "target_count": 0.0, "employment_jobs": 0.0}, "geometry": {"type": "Polygon", "coordinates": [[[-122.31313608548948, 47.60676356449874], [-122.30647408937536, 47.60676356449874], [-122.30647408937536, 47.6112551203737], [-122.31313608548948, 47.6112551203737], [-122.31313608548948, 47.60676356449874]]]}}, {"type": "Feature", "properties": {"cell_id": "r028_c023", "congestion_score": 0.0, "transit_departures": 0.0, "target_count": 0.0, "employment_jobs": 0.0}, "geometry": {"type": "Polygon", "coordinates": [[[-122.30647408937537, 47.60676356449874], [-122.29981209326125, 47.60676356449874], [-122.29981209326125, 47.6112551203737], [-122.30647408937537, 47.6112551203737], [-122.30647408937537, 47.60676356449874]]]}}, {"type": "Feature", "properties": {"cell_id": "r028_c024", "congestion_score": 0.0, "transit_departures": 0.0, "target_count": 0.0, "employment_jobs": 0.0}, "geometry": {"type": "Polygon", "coordinates": [[[-122.29981209326125, 47.60676356449874], [-122.29315009714713, 47.60676356449874], [-122.29315009714713, 47.6112551203737], [-122.29981209326125, 47.6112551203737], [-122.29981209326125, 47.60676356449874]]]}}, {"type": "Feature", "properties": {"cell_id": "r028_c025", "congestion_score": 0.0, "transit_departures": 0.0, "target_count": 0.0, "employment_jobs": 0.0}, "geometry": {"type": "Polygon", "coordinates": [[[-122.29315009714713, 47.60676356449874], [-122.28648810103302, 47.60676356449874], [-122.28648810103302, 47.6112551203737], [-122.29315009714713, 47.6112551203737], [-122.29315009714713, 47.60676356449874]]]}}, {"type": "Feature", "properties": {"cell_id": "r028_c026", "congestion_score": 0.0, "transit_departures": 0.0, "target_count": 0.0, "employment_jobs": 0.0}, "geometry": {"type": "Polygon", "coordinates": [[[-122.28648810103302, 47.60676356449874], [-122.2798261049189, 47.60676356449874], [-122.2798261049189, 47.6112551203737], [-122.28648810103302, 47.6112551203737], [-122.28648810103302, 47.60676356449874]]]}}, {"type": "Feature", "properties": {"cell_id": "r028_c027", "congestion_score": 0.0, "transit_departures": 0.0, "target_count": 0.0, "employment_jobs": 0.0}, "geometry": {"type": "Polygon", "coordinates": [[[-122.27982610491891, 47.60676356449874], [-122.27316410880479, 47.60676356449874], [-122.27316410880479, 47.6112551203737], [-122.27982610491891, 47.6112551203737], [-122.27982610491891, 47.60676356449874]]]}}, {"type": "Feature", "properties": {"cell_id": "r028_c028", "congestion_score": 0.0, "transit_departures": 0.0, "target_count": 0.0, "employment_jobs": 0.0}, "geometry": {"type": "Polygon", "coordinates": [[[-122.27316410880479, 47.60676356449874], [-122.26650211269067, 47.60676356449874], [-122.26650211269067, 47.6112551203737], [-122.27316410880479, 47.6112551203737], [-122.27316410880479, 47.60676356449874]]]}}, {"type": "Feature", "properties": {"cell_id": "r028_c029", "congestion_score": 0.0, "transit_departures": 0.0, "target_count": 0.0, "employment_jobs": 0.0}, "geometry": {"type": "Polygon", "coordinates": [[[-122.26650211269067, 47.60676356449874], [-122.25984011657656, 47.60676356449874], [-122.25984011657656, 47.6112551203737], [-122.26650211269067, 47.6112551203737], [-122.26650211269067, 47.60676356449874]]]}}, {"type": "Feature", "properties": {"cell_id": "r028_c030", "congestion_score": 0.0, "transit_departures": 0.0, "target_count": 0.0, "employment_jobs": 0.0}, "geometry": {"type": "Polygon", "coordinates": [[[-122.25984011657657, 47.60676356449874], [-122.25317812046245, 47.60676356449874], [-122.25317812046245, 47.6112551203737], [-122.25984011657657, 47.6112551203737], [-122.25984011657657, 47.60676356449874]]]}}, {"type": "Feature", "properties": {"cell_id": "r028_c031", "congestion_score": 0.0, "transit_departures": 0.0, "target_count": 0.0, "employment_jobs": 0.0}, "geometry": {"type": "Polygon", "coordinates": [[[-122.25317812046245, 47.60676356449874], [-122.24651612434833, 47.60676356449874], [-122.24651612434833, 47.6112551203737], [-122.25317812046245, 47.6112551203737], [-122.25317812046245, 47.60676356449874]]]}}, {"type": "Feature", "properties": {"cell_id": "r028_c032", "congestion_score": 0.0, "transit_departures": 0.0, "target_count": 0.0, "employment_jobs": 0.0}, "geometry": {"type": "Polygon", "coordinates": [[[-122.24651612434833, 47.60676356449874], [-122.23985412823421, 47.60676356449874], [-122.23985412823421, 47.6112551203737], [-122.24651612434833, 47.6112551203737], [-122.24651612434833, 47.60676356449874]]]}}, {"type": "Feature", "properties": {"cell_id": "r028_c033", "congestion_score": 0.0, "transit_departures": 0.0, "target_count": 0.0, "employment_jobs": 0.0}, "geometry": {"type": "Polygon", "coordinates": [[[-122.23985412823421, 47.60676356449874], [-122.2331921321201, 47.60676356449874], [-122.2331921321201, 47.6112551203737], [-122.23985412823421, 47.6112551203737], [-122.23985412823421, 47.60676356449874]]]}}, {"type": "Feature", "properties": {"cell_id": "r028_c034", "congestion_score": 0.0, "transit_departures": 0.0, "target_count": 0.0, "employment_jobs": 0.0}, "geometry": {"type": "Polygon", "coordinates": [[[-122.23319213212011, 47.60676356449874], [-122.22653013600599, 47.60676356449874], [-122.22653013600599, 47.6112551203737], [-122.23319213212011, 47.6112551203737], [-122.23319213212011, 47.60676356449874]]]}}, {"type": "Feature", "properties": {"cell_id": "r028_c035", "congestion_score": 0.0, "transit_departures": 0.0, "target_count": 0.0, "employment_jobs": 0.0}, "geometry": {"type": "Polygon", "coordinates": [[[-122.22653013600599, 47.60676356449874], [-122.2244, 47.60676356449874], [-122.2244, 47.6112551203737], [-122.22653013600599, 47.6112551203737], [-122.22653013600599, 47.60676356449874]]]}}, {"type": "Feature", "properties": {"cell_id": "r029_c000", "congestion_score": 0.0, "transit_departures": 0.0, "target_count": 0.0, "employment_jobs": 0.0}, "geometry": {"type": "Polygon", "coordinates": [[[-122.4597, 47.6112551203737], [-122.45303800388588, 47.6112551203737], [-122.45303800388588, 47.615746676248655], [-122.4597, 47.615746676248655], [-122.4597, 47.6112551203737]]]}}, {"type": "Feature", "properties": {"cell_id": "r029_c001", "congestion_score": 0.0, "transit_departures": 0.0, "target_count": 0.0, "employment_jobs": 0.0}, "geometry": {"type": "Polygon", "coordinates": [[[-122.45303800388588, 47.6112551203737], [-122.44637600777176, 47.6112551203737], [-122.44637600777176, 47.615746676248655], [-122.45303800388588, 47.615746676248655], [-122.45303800388588, 47.6112551203737]]]}}, {"type": "Feature", "properties": {"cell_id": "r029_c002", "congestion_score": 0.0, "transit_departures": 0.0, "target_count": 0.0, "employment_jobs": 0.0}, "geometry": {"type": "Polygon", "coordinates": [[[-122.44637600777178, 47.6112551203737], [-122.43971401165766, 47.6112551203737], [-122.43971401165766, 47.615746676248655], [-122.44637600777178, 47.615746676248655], [-122.44637600777178, 47.6112551203737]]]}}, {"type": "Feature", "properties": {"cell_id": "r029_c003", "congestion_score": 0.0, "transit_departures": 0.0, "target_count": 0.0, "employment_jobs": 0.0}, "geometry": {"type": "Polygon", "coordinates": [[[-122.43971401165766, 47.6112551203737], [-122.43305201554354, 47.6112551203737], [-122.43305201554354, 47.615746676248655], [-122.43971401165766, 47.615746676248655], [-122.43971401165766, 47.6112551203737]]]}}, {"type": "Feature", "properties": {"cell_id": "r029_c004", "congestion_score": 0.0, "transit_departures": 0.0, "target_count": 0.0, "employment_jobs": 0.0}, "geometry": {"type": "Polygon", "coordinates": [[[-122.43305201554354, 47.6112551203737], [-122.42639001942942, 47.6112551203737], [-122.42639001942942, 47.615746676248655], [-122.43305201554354, 47.615746676248655], [-122.43305201554354, 47.6112551203737]]]}}, {"type": "Feature", "properties": {"cell_id": "r029_c005", "congestion_score": 0.0, "transit_departures": 0.0, "target_count": 0.0, "employment_jobs": 0.0}, "geometry": {"type": "Polygon", "coordinates": [[[-122.42639001942942, 47.6112551203737], [-122.4197280233153, 47.6112551203737], [-122.4197280233153, 47.615746676248655], [-122.42639001942942, 47.615746676248655], [-122.42639001942942, 47.6112551203737]]]}}, {"type": "Feature", "properties": {"cell_id": "r029_c006", "congestion_score": 0.0, "transit_departures": 0.0, "target_count": 0.0, "employment_jobs": 0.0}, "geometry": {"type": "Polygon", "coordinates": [[[-122.41972802331532, 47.6112551203737], [-122.4130660272012, 47.6112551203737], [-122.4130660272012, 47.615746676248655], [-122.41972802331532, 47.615746676248655], [-122.41972802331532, 47.6112551203737]]]}}, {"type": "Feature", "properties": {"cell_id": "r029_c007", "congestion_score": 0.0, "transit_departures": 0.0, "target_count": 0.0, "employment_jobs": 0.0}, "geometry": {"type": "Polygon", "coordinates": [[[-122.4130660272012, 47.6112551203737], [-122.40640403108708, 47.6112551203737], [-122.40640403108708, 47.615746676248655], [-122.4130660272012, 47.615746676248655], [-122.4130660272012, 47.6112551203737]]]}}, {"type": "Feature", "properties": {"cell_id": "r029_c008", "congestion_score": 0.0, "transit_departures": 0.0, "target_count": 0.0, "employment_jobs": 0.0}, "geometry": {"type": "Polygon", "coordinates": [[[-122.40640403108708, 47.6112551203737], [-122.39974203497296, 47.6112551203737], [-122.39974203497296, 47.615746676248655], [-122.40640403108708, 47.615746676248655], [-122.40640403108708, 47.6112551203737]]]}}, {"type": "Feature", "properties": {"cell_id": "r029_c009", "congestion_score": 0.0, "transit_departures": 0.0, "target_count": 0.0, "employment_jobs": 0.0}, "geometry": {"type": "Polygon", "coordinates": [[[-122.39974203497297, 47.6112551203737], [-122.39308003885886, 47.6112551203737], [-122.39308003885886, 47.615746676248655], [-122.39974203497297, 47.615746676248655], [-122.39974203497297, 47.6112551203737]]]}}, {"type": "Feature", "properties": {"cell_id": "r029_c010", "congestion_score": 0.0, "transit_departures": 0.0, "target_count": 0.0, "employment_jobs": 0.0}, "geometry": {"type": "Polygon", "coordinates": [[[-122.39308003885886, 47.6112551203737], [-122.38641804274474, 47.6112551203737], [-122.38641804274474, 47.615746676248655], [-122.39308003885886, 47.615746676248655], [-122.39308003885886, 47.6112551203737]]]}}, {"type": "Feature", "properties": {"cell_id": "r029_c011", "congestion_score": 0.0, "transit_departures": 0.0, "target_count": 0.0, "employment_jobs": 0.0}, "geometry": {"type": "Polygon", "coordinates": [[[-122.38641804274474, 47.6112551203737], [-122.37975604663062, 47.6112551203737], [-122.37975604663062, 47.615746676248655], [-122.38641804274474, 47.615746676248655], [-122.38641804274474, 47.6112551203737]]]}}, {"type": "Feature", "properties": {"cell_id": "r029_c012", "congestion_score": 0.0, "transit_departures": 0.0, "target_count": 0.0, "employment_jobs": 0.0}, "geometry": {"type": "Polygon", "coordinates": [[[-122.37975604663062, 47.6112551203737], [-122.3730940505165, 47.6112551203737], [-122.3730940505165, 47.615746676248655], [-122.37975604663062, 47.615746676248655], [-122.37975604663062, 47.6112551203737]]]}}, {"type": "Feature", "properties": {"cell_id": "r029_c013", "congestion_score": 0.0, "transit_departures": 0.0, "target_count": 0.0, "employment_jobs": 0.0}, "geometry": {"type": "Polygon", "coordinates": [[[-122.37309405051651, 47.6112551203737], [-122.3664320544024, 47.6112551203737], [-122.3664320544024, 47.615746676248655], [-122.37309405051651, 47.615746676248655], [-122.37309405051651, 47.6112551203737]]]}}, {"type": "Feature", "properties": {"cell_id": "r029_c014", "congestion_score": 0.0, "transit_departures": 0.0, "target_count": 0.0, "employment_jobs": 0.0}, "geometry": {"type": "Polygon", "coordinates": [[[-122.3664320544024, 47.6112551203737], [-122.35977005828828, 47.6112551203737], [-122.35977005828828, 47.615746676248655], [-122.3664320544024, 47.615746676248655], [-122.3664320544024, 47.6112551203737]]]}}, {"type": "Feature", "properties": {"cell_id": "r029_c015", "congestion_score": 0.0, "transit_departures": 0.0, "target_count": 0.0, "employment_jobs": 0.0}, "geometry": {"type": "Polygon", "coordinates": [[[-122.35977005828828, 47.6112551203737], [-122.35310806217416, 47.6112551203737], [-122.35310806217416, 47.615746676248655], [-122.35977005828828, 47.615746676248655], [-122.35977005828828, 47.6112551203737]]]}}, {"type": "Feature", "properties": {"cell_id": "r029_c016", "congestion_score": 0.0, "transit_departures": 0.0, "target_count": 0.0, "employment_jobs": 0.0}, "geometry": {"type": "Polygon", "coordinates": [[[-122.35310806217417, 47.6112551203737], [-122.34644606606005, 47.6112551203737], [-122.34644606606005, 47.615746676248655], [-122.35310806217417, 47.615746676248655], [-122.35310806217417, 47.6112551203737]]]}}, {"type": "Feature", "properties": {"cell_id": "r029_c017", "congestion_score": 0.0, "transit_departures": 0.0, "target_count": 0.0, "employment_jobs": 0.0}, "geometry": {"type": "Polygon", "coordinates": [[[-122.34644606606005, 47.6112551203737], [-122.33978406994594, 47.6112551203737], [-122.33978406994594, 47.615746676248655], [-122.34644606606005, 47.615746676248655], [-122.34644606606005, 47.6112551203737]]]}}, {"type": "Feature", "properties": {"cell_id": "r029_c018", "congestion_score": 0.17642, "transit_departures": 51.75, "target_count": 0.0, "employment_jobs": 0.0}, "geometry": {"type": "Polygon", "coordinates": [[[-122.33978406994594, 47.6112551203737], [-122.33312207383182, 47.6112551203737], [-122.33312207383182, 47.615746676248655], [-122.33978406994594, 47.615746676248655], [-122.33978406994594, 47.6112551203737]]]}}, {"type": "Feature", "properties": {"cell_id": "r029_c019", "congestion_score": 0.0, "transit_departures": 0.0, "target_count": 0.0, "employment_jobs": 0.0}, "geometry": {"type": "Polygon", "coordinates": [[[-122.33312207383182, 47.6112551203737], [-122.3264600777177, 47.6112551203737], [-122.3264600777177, 47.615746676248655], [-122.33312207383182, 47.615746676248655], [-122.33312207383182, 47.6112551203737]]]}}, {"type": "Feature", "properties": {"cell_id": "r029_c020", "congestion_score": 0.0, "transit_departures": 0.0, "target_count": 0.0, "employment_jobs": 0.0}, "geometry": {"type": "Polygon", "coordinates": [[[-122.32646007771771, 47.6112551203737], [-122.3197980816036, 47.6112551203737], [-122.3197980816036, 47.615746676248655], [-122.32646007771771, 47.615746676248655], [-122.32646007771771, 47.6112551203737]]]}}, {"type": "Feature", "properties": {"cell_id": "r029_c021", "congestion_score": 0.0, "transit_departures": 0.0, "target_count": 0.0, "employment_jobs": 0.0}, "geometry": {"type": "Polygon", "coordinates": [[[-122.3197980816036, 47.6112551203737], [-122.31313608548948, 47.6112551203737], [-122.31313608548948, 47.615746676248655], [-122.3197980816036, 47.615746676248655], [-122.3197980816036, 47.6112551203737]]]}}, {"type": "Feature", "properties": {"cell_id": "r029_c022", "congestion_score": 0.0, "transit_departures": 0.0, "target_count": 0.0, "employment_jobs": 0.0}, "geometry": {"type": "Polygon", "coordinates": [[[-122.31313608548948, 47.6112551203737], [-122.30647408937536, 47.6112551203737], [-122.30647408937536, 47.615746676248655], [-122.31313608548948, 47.615746676248655], [-122.31313608548948, 47.6112551203737]]]}}, {"type": "Feature", "properties": {"cell_id": "r029_c023", "congestion_score": 0.0, "transit_departures": 0.0, "target_count": 0.0, "employment_jobs": 0.0}, "geometry": {"type": "Polygon", "coordinates": [[[-122.30647408937537, 47.6112551203737], [-122.29981209326125, 47.6112551203737], [-122.29981209326125, 47.615746676248655], [-122.30647408937537, 47.615746676248655], [-122.30647408937537, 47.6112551203737]]]}}, {"type": "Feature", "properties": {"cell_id": "r029_c024", "congestion_score": 0.0, "transit_departures": 0.0, "target_count": 0.0, "employment_jobs": 0.0}, "geometry": {"type": "Polygon", "coordinates": [[[-122.29981209326125, 47.6112551203737], [-122.29315009714713, 47.6112551203737], [-122.29315009714713, 47.615746676248655], [-122.29981209326125, 47.615746676248655], [-122.29981209326125, 47.6112551203737]]]}}, {"type": "Feature", "properties": {"cell_id": "r029_c025", "congestion_score": 0.0, "transit_departures": 0.0, "target_count": 0.0, "employment_jobs": 0.0}, "geometry": {"type": "Polygon", "coordinates": [[[-122.29315009714713, 47.6112551203737], [-122.28648810103302, 47.6112551203737], [-122.28648810103302, 47.615746676248655], [-122.29315009714713, 47.615746676248655], [-122.29315009714713, 47.6112551203737]]]}}, {"type": "Feature", "properties": {"cell_id": "r029_c026", "congestion_score": 0.0, "transit_departures": 0.0, "target_count": 0.0, "employment_jobs": 0.0}, "geometry": {"type": "Polygon", "coordinates": [[[-122.28648810103302, 47.6112551203737], [-122.2798261049189, 47.6112551203737], [-122.2798261049189, 47.615746676248655], [-122.28648810103302, 47.615746676248655], [-122.28648810103302, 47.6112551203737]]]}}, {"type": "Feature", "properties": {"cell_id": "r029_c027", "congestion_score": 0.0, "transit_departures": 0.0, "target_count": 0.0, "employment_jobs": 0.0}, "geometry": {"type": "Polygon", "coordinates": [[[-122.27982610491891, 47.6112551203737], [-122.27316410880479, 47.6112551203737], [-122.27316410880479, 47.615746676248655], [-122.27982610491891, 47.615746676248655], [-122.27982610491891, 47.6112551203737]]]}}, {"type": "Feature", "properties": {"cell_id": "r029_c028", "congestion_score": 0.0, "transit_departures": 0.0, "target_count": 0.0, "employment_jobs": 0.0}, "geometry": {"type": "Polygon", "coordinates": [[[-122.27316410880479, 47.6112551203737], [-122.26650211269067, 47.6112551203737], [-122.26650211269067, 47.615746676248655], [-122.27316410880479, 47.615746676248655], [-122.27316410880479, 47.6112551203737]]]}}, {"type": "Feature", "properties": {"cell_id": "r029_c029", "congestion_score": 0.0, "transit_departures": 0.0, "target_count": 0.0, "employment_jobs": 0.0}, "geometry": {"type": "Polygon", "coordinates": [[[-122.26650211269067, 47.6112551203737], [-122.25984011657656, 47.6112551203737], [-122.25984011657656, 47.615746676248655], [-122.26650211269067, 47.615746676248655], [-122.26650211269067, 47.6112551203737]]]}}, {"type": "Feature", "properties": {"cell_id": "r029_c030", "congestion_score": 0.0, "transit_departures": 0.0, "target_count": 0.0, "employment_jobs": 0.0}, "geometry": {"type": "Polygon", "coordinates": [[[-122.25984011657657, 47.6112551203737], [-122.25317812046245, 47.6112551203737], [-122.25317812046245, 47.615746676248655], [-122.25984011657657, 47.615746676248655], [-122.25984011657657, 47.6112551203737]]]}}, {"type": "Feature", "properties": {"cell_id": "r029_c031", "congestion_score": 0.0, "transit_departures": 0.0, "target_count": 0.0, "employment_jobs": 0.0}, "geometry": {"type": "Polygon", "coordinates": [[[-122.25317812046245, 47.6112551203737], [-122.24651612434833, 47.6112551203737], [-122.24651612434833, 47.615746676248655], [-122.25317812046245, 47.615746676248655], [-122.25317812046245, 47.6112551203737]]]}}, {"type": "Feature", "properties": {"cell_id": "r029_c032", "congestion_score": 0.0, "transit_departures": 0.0, "target_count": 0.0, "employment_jobs": 0.0}, "geometry": {"type": "Polygon", "coordinates": [[[-122.24651612434833, 47.6112551203737], [-122.23985412823421, 47.6112551203737], [-122.23985412823421, 47.615746676248655], [-122.24651612434833, 47.615746676248655], [-122.24651612434833, 47.6112551203737]]]}}, {"type": "Feature", "properties": {"cell_id": "r029_c033", "congestion_score": 0.0, "transit_departures": 0.0, "target_count": 0.0, "employment_jobs": 0.0}, "geometry": {"type": "Polygon", "coordinates": [[[-122.23985412823421, 47.6112551203737], [-122.2331921321201, 47.6112551203737], [-122.2331921321201, 47.615746676248655], [-122.23985412823421, 47.615746676248655], [-122.23985412823421, 47.6112551203737]]]}}, {"type": "Feature", "properties": {"cell_id": "r029_c034", "congestion_score": 0.0, "transit_departures": 0.0, "target_count": 0.0, "employment_jobs": 0.0}, "geometry": {"type": "Polygon", "coordinates": [[[-122.23319213212011, 47.6112551203737], [-122.22653013600599, 47.6112551203737], [-122.22653013600599, 47.615746676248655], [-122.23319213212011, 47.615746676248655], [-122.23319213212011, 47.6112551203737]]]}}, {"type": "Feature", "properties": {"cell_id": "r029_c035", "congestion_score": 0.0, "transit_departures": 0.0, "target_count": 0.0, "employment_jobs": 0.0}, "geometry": {"type": "Polygon", "coordinates": [[[-122.22653013600599, 47.6112551203737], [-122.2244, 47.6112551203737], [-122.2244, 47.615746676248655], [-122.22653013600599, 47.615746676248655], [-122.22653013600599, 47.6112551203737]]]}}, {"type": "Feature", "properties": {"cell_id": "r030_c000", "congestion_score": 0.0, "transit_departures": 0.0, "target_count": 0.0, "employment_jobs": 0.0}, "geometry": {"type": "Polygon", "coordinates": [[[-122.4597, 47.615746676248655], [-122.45303800388588, 47.615746676248655], [-122.45303800388588, 47.62023823212361], [-122.4597, 47.62023823212361], [-122.4597, 47.615746676248655]]]}}, {"type": "Feature", "properties": {"cell_id": "r030_c001", "congestion_score": 0.0, "transit_departures": 0.0, "target_count": 0.0, "employment_jobs": 0.0}, "geometry": {"type": "Polygon", "coordinates": [[[-122.45303800388588, 47.615746676248655], [-122.44637600777176, 47.615746676248655], [-122.44637600777176, 47.62023823212361], [-122.45303800388588, 47.62023823212361], [-122.45303800388588, 47.615746676248655]]]}}, {"type": "Feature", "properties": {"cell_id": "r030_c002", "congestion_score": 0.0, "transit_departures": 0.0, "target_count": 0.0, "employment_jobs": 0.0}, "geometry": {"type": "Polygon", "coordinates": [[[-122.44637600777178, 47.615746676248655], [-122.43971401165766, 47.615746676248655], [-122.43971401165766, 47.62023823212361], [-122.44637600777178, 47.62023823212361], [-122.44637600777178, 47.615746676248655]]]}}, {"type": "Feature", "properties": {"cell_id": "r030_c003", "congestion_score": 0.0, "transit_departures": 0.0, "target_count": 0.0, "employment_jobs": 0.0}, "geometry": {"type": "Polygon", "coordinates": [[[-122.43971401165766, 47.615746676248655], [-122.43305201554354, 47.615746676248655], [-122.43305201554354, 47.62023823212361], [-122.43971401165766, 47.62023823212361], [-122.43971401165766, 47.615746676248655]]]}}, {"type": "Feature", "properties": {"cell_id": "r030_c004", "congestion_score": 0.0, "transit_departures": 0.0, "target_count": 0.0, "employment_jobs": 0.0}, "geometry": {"type": "Polygon", "coordinates": [[[-122.43305201554354, 47.615746676248655], [-122.42639001942942, 47.615746676248655], [-122.42639001942942, 47.62023823212361], [-122.43305201554354, 47.62023823212361], [-122.43305201554354, 47.615746676248655]]]}}, {"type": "Feature", "properties": {"cell_id": "r030_c005", "congestion_score": 0.0, "transit_departures": 0.0, "target_count": 0.0, "employment_jobs": 0.0}, "geometry": {"type": "Polygon", "coordinates": [[[-122.42639001942942, 47.615746676248655], [-122.4197280233153, 47.615746676248655], [-122.4197280233153, 47.62023823212361], [-122.42639001942942, 47.62023823212361], [-122.42639001942942, 47.615746676248655]]]}}, {"type": "Feature", "properties": {"cell_id": "r030_c006", "congestion_score": 0.0, "transit_departures": 0.0, "target_count": 0.0, "employment_jobs": 0.0}, "geometry": {"type": "Polygon", "coordinates": [[[-122.41972802331532, 47.615746676248655], [-122.4130660272012, 47.615746676248655], [-122.4130660272012, 47.62023823212361], [-122.41972802331532, 47.62023823212361], [-122.41972802331532, 47.615746676248655]]]}}, {"type": "Feature", "properties": {"cell_id": "r030_c007", "congestion_score": 0.0, "transit_departures": 0.0, "target_count": 0.0, "employment_jobs": 0.0}, "geometry": {"type": "Polygon", "coordinates": [[[-122.4130660272012, 47.615746676248655], [-122.40640403108708, 47.615746676248655], [-122.40640403108708, 47.62023823212361], [-122.4130660272012, 47.62023823212361], [-122.4130660272012, 47.615746676248655]]]}}, {"type": "Feature", "properties": {"cell_id": "r030_c008", "congestion_score": 0.0, "transit_departures": 0.0, "target_count": 0.0, "employment_jobs": 0.0}, "geometry": {"type": "Polygon", "coordinates": [[[-122.40640403108708, 47.615746676248655], [-122.39974203497296, 47.615746676248655], [-122.39974203497296, 47.62023823212361], [-122.40640403108708, 47.62023823212361], [-122.40640403108708, 47.615746676248655]]]}}, {"type": "Feature", "properties": {"cell_id": "r030_c009", "congestion_score": 0.0, "transit_departures": 0.0, "target_count": 0.0, "employment_jobs": 0.0}, "geometry": {"type": "Polygon", "coordinates": [[[-122.39974203497297, 47.615746676248655], [-122.39308003885886, 47.615746676248655], [-122.39308003885886, 47.62023823212361], [-122.39974203497297, 47.62023823212361], [-122.39974203497297, 47.615746676248655]]]}}, {"type": "Feature", "properties": {"cell_id": "r030_c010", "congestion_score": 0.0, "transit_departures": 0.0, "target_count": 0.0, "employment_jobs": 0.0}, "geometry": {"type": "Polygon", "coordinates": [[[-122.39308003885886, 47.615746676248655], [-122.38641804274474, 47.615746676248655], [-122.38641804274474, 47.62023823212361], [-122.39308003885886, 47.62023823212361], [-122.39308003885886, 47.615746676248655]]]}}, {"type": "Feature", "properties": {"cell_id": "r030_c011", "congestion_score": 0.0, "transit_departures": 0.0, "target_count": 0.0, "employment_jobs": 0.0}, "geometry": {"type": "Polygon", "coordinates": [[[-122.38641804274474, 47.615746676248655], [-122.37975604663062, 47.615746676248655], [-122.37975604663062, 47.62023823212361], [-122.38641804274474, 47.62023823212361], [-122.38641804274474, 47.615746676248655]]]}}, {"type": "Feature", "properties": {"cell_id": "r030_c012", "congestion_score": 0.0, "transit_departures": 0.0, "target_count": 0.0, "employment_jobs": 0.0}, "geometry": {"type": "Polygon", "coordinates": [[[-122.37975604663062, 47.615746676248655], [-122.3730940505165, 47.615746676248655], [-122.3730940505165, 47.62023823212361], [-122.37975604663062, 47.62023823212361], [-122.37975604663062, 47.615746676248655]]]}}, {"type": "Feature", "properties": {"cell_id": "r030_c013", "congestion_score": 0.0, "transit_departures": 0.0, "target_count": 0.0, "employment_jobs": 0.0}, "geometry": {"type": "Polygon", "coordinates": [[[-122.37309405051651, 47.615746676248655], [-122.3664320544024, 47.615746676248655], [-122.3664320544024, 47.62023823212361], [-122.37309405051651, 47.62023823212361], [-122.37309405051651, 47.615746676248655]]]}}, {"type": "Feature", "properties": {"cell_id": "r030_c014", "congestion_score": 0.0, "transit_departures": 0.0, "target_count": 0.0, "employment_jobs": 0.0}, "geometry": {"type": "Polygon", "coordinates": [[[-122.3664320544024, 47.615746676248655], [-122.35977005828828, 47.615746676248655], [-122.35977005828828, 47.62023823212361], [-122.3664320544024, 47.62023823212361], [-122.3664320544024, 47.615746676248655]]]}}, {"type": "Feature", "properties": {"cell_id": "r030_c015", "congestion_score": 0.0, "transit_departures": 0.0, "target_count": 0.0, "employment_jobs": 0.0}, "geometry": {"type": "Polygon", "coordinates": [[[-122.35977005828828, 47.615746676248655], [-122.35310806217416, 47.615746676248655], [-122.35310806217416, 47.62023823212361], [-122.35977005828828, 47.62023823212361], [-122.35977005828828, 47.615746676248655]]]}}, {"type": "Feature", "properties": {"cell_id": "r030_c016", "congestion_score": 0.0, "transit_departures": 0.0, "target_count": 0.0, "employment_jobs": 0.0}, "geometry": {"type": "Polygon", "coordinates": [[[-122.35310806217417, 47.615746676248655], [-122.34644606606005, 47.615746676248655], [-122.34644606606005, 47.62023823212361], [-122.35310806217417, 47.62023823212361], [-122.35310806217417, 47.615746676248655]]]}}, {"type": "Feature", "properties": {"cell_id": "r030_c017", "congestion_score": 0.0, "transit_departures": 0.0, "target_count": 0.0, "employment_jobs": 0.0}, "geometry": {"type": "Polygon", "coordinates": [[[-122.34644606606005, 47.615746676248655], [-122.33978406994594, 47.615746676248655], [-122.33978406994594, 47.62023823212361], [-122.34644606606005, 47.62023823212361], [-122.34644606606005, 47.615746676248655]]]}}, {"type": "Feature", "properties": {"cell_id": "r030_c018", "congestion_score": 0.016903, "transit_departures": 4.958, "target_count": 0.0, "employment_jobs": 0.0}, "geometry": {"type": "Polygon", "coordinates": [[[-122.33978406994594, 47.615746676248655], [-122.33312207383182, 47.615746676248655], [-122.33312207383182, 47.62023823212361], [-122.33978406994594, 47.62023823212361], [-122.33978406994594, 47.615746676248655]]]}}, {"type": "Feature", "properties": {"cell_id": "r030_c019", "congestion_score": 0.087358, "transit_departures": 25.625, "target_count": 0.0, "employment_jobs": 0.0}, "geometry": {"type": "Polygon", "coordinates": [[[-122.33312207383182, 47.615746676248655], [-122.3264600777177, 47.615746676248655], [-122.3264600777177, 47.62023823212361], [-122.33312207383182, 47.62023823212361], [-122.33312207383182, 47.615746676248655]]]}}, {"type": "Feature", "properties": {"cell_id": "r030_c020", "congestion_score": 0.0, "transit_departures": 0.0, "target_count": 0.0, "employment_jobs": 0.0}, "geometry": {"type": "Polygon", "coordinates": [[[-122.32646007771771, 47.615746676248655], [-122.3197980816036, 47.615746676248655], [-122.3197980816036, 47.62023823212361], [-122.32646007771771, 47.62023823212361], [-122.32646007771771, 47.615746676248655]]]}}, {"type": "Feature", "properties": {"cell_id": "r030_c021", "congestion_score": 0.0, "transit_departures": 0.0, "target_count": 0.0, "employment_jobs": 0.0}, "geometry": {"type": "Polygon", "coordinates": [[[-122.3197980816036, 47.615746676248655], [-122.31313608548948, 47.615746676248655], [-122.31313608548948, 47.62023823212361], [-122.3197980816036, 47.62023823212361], [-122.3197980816036, 47.615746676248655]]]}}, {"type": "Feature", "properties": {"cell_id": "r030_c022", "congestion_score": 0.0, "transit_departures": 0.0, "target_count": 0.0, "employment_jobs": 0.0}, "geometry": {"type": "Polygon", "coordinates": [[[-122.31313608548948, 47.615746676248655], [-122.30647408937536, 47.615746676248655], [-122.30647408937536, 47.62023823212361], [-122.31313608548948, 47.62023823212361], [-122.31313608548948, 47.615746676248655]]]}}, {"type": "Feature", "properties": {"cell_id": "r030_c023", "congestion_score": 0.0, "transit_departures": 0.0, "target_count": 0.0, "employment_jobs": 0.0}, "geometry": {"type": "Polygon", "coordinates": [[[-122.30647408937537, 47.615746676248655], [-122.29981209326125, 47.615746676248655], [-122.29981209326125, 47.62023823212361], [-122.30647408937537, 47.62023823212361], [-122.30647408937537, 47.615746676248655]]]}}, {"type": "Feature", "properties": {"cell_id": "r030_c024", "congestion_score": 0.0, "transit_departures": 0.0, "target_count": 0.0, "employment_jobs": 0.0}, "geometry": {"type": "Polygon", "coordinates": [[[-122.29981209326125, 47.615746676248655], [-122.29315009714713, 47.615746676248655], [-122.29315009714713, 47.62023823212361], [-122.29981209326125, 47.62023823212361], [-122.29981209326125, 47.615746676248655]]]}}, {"type": "Feature", "properties": {"cell_id": "r030_c025", "congestion_score": 0.0, "transit_departures": 0.0, "target_count": 0.0, "employment_jobs": 0.0}, "geometry": {"type": "Polygon", "coordinates": [[[-122.29315009714713, 47.615746676248655], [-122.28648810103302, 47.615746676248655], [-122.28648810103302, 47.62023823212361], [-122.29315009714713, 47.62023823212361], [-122.29315009714713, 47.615746676248655]]]}}, {"type": "Feature", "properties": {"cell_id": "r030_c026", "congestion_score": 0.0, "transit_departures": 0.0, "target_count": 0.0, "employment_jobs": 0.0}, "geometry": {"type": "Polygon", "coordinates": [[[-122.28648810103302, 47.615746676248655], [-122.2798261049189, 47.615746676248655], [-122.2798261049189, 47.62023823212361], [-122.28648810103302, 47.62023823212361], [-122.28648810103302, 47.615746676248655]]]}}, {"type": "Feature", "properties": {"cell_id": "r030_c027", "congestion_score": 0.0, "transit_departures": 0.0, "target_count": 0.0, "employment_jobs": 0.0}, "geometry": {"type": "Polygon", "coordinates": [[[-122.27982610491891, 47.615746676248655], [-122.27316410880479, 47.615746676248655], [-122.27316410880479, 47.62023823212361], [-122.27982610491891, 47.62023823212361], [-122.27982610491891, 47.615746676248655]]]}}, {"type": "Feature", "properties": {"cell_id": "r030_c028", "congestion_score": 0.0, "transit_departures": 0.0, "target_count": 0.0, "employment_jobs": 0.0}, "geometry": {"type": "Polygon", "coordinates": [[[-122.27316410880479, 47.615746676248655], [-122.26650211269067, 47.615746676248655], [-122.26650211269067, 47.62023823212361], [-122.27316410880479, 47.62023823212361], [-122.27316410880479, 47.615746676248655]]]}}, {"type": "Feature", "properties": {"cell_id": "r030_c029", "congestion_score": 0.0, "transit_departures": 0.0, "target_count": 0.0, "employment_jobs": 0.0}, "geometry": {"type": "Polygon", "coordinates": [[[-122.26650211269067, 47.615746676248655], [-122.25984011657656, 47.615746676248655], [-122.25984011657656, 47.62023823212361], [-122.26650211269067, 47.62023823212361], [-122.26650211269067, 47.615746676248655]]]}}, {"type": "Feature", "properties": {"cell_id": "r030_c030", "congestion_score": 0.0, "transit_departures": 0.0, "target_count": 0.0, "employment_jobs": 0.0}, "geometry": {"type": "Polygon", "coordinates": [[[-122.25984011657657, 47.615746676248655], [-122.25317812046245, 47.615746676248655], [-122.25317812046245, 47.62023823212361], [-122.25984011657657, 47.62023823212361], [-122.25984011657657, 47.615746676248655]]]}}, {"type": "Feature", "properties": {"cell_id": "r030_c031", "congestion_score": 0.0, "transit_departures": 0.0, "target_count": 0.0, "employment_jobs": 0.0}, "geometry": {"type": "Polygon", "coordinates": [[[-122.25317812046245, 47.615746676248655], [-122.24651612434833, 47.615746676248655], [-122.24651612434833, 47.62023823212361], [-122.25317812046245, 47.62023823212361], [-122.25317812046245, 47.615746676248655]]]}}, {"type": "Feature", "properties": {"cell_id": "r030_c032", "congestion_score": 0.0, "transit_departures": 0.0, "target_count": 0.0, "employment_jobs": 0.0}, "geometry": {"type": "Polygon", "coordinates": [[[-122.24651612434833, 47.615746676248655], [-122.23985412823421, 47.615746676248655], [-122.23985412823421, 47.62023823212361], [-122.24651612434833, 47.62023823212361], [-122.24651612434833, 47.615746676248655]]]}}, {"type": "Feature", "properties": {"cell_id": "r030_c033", "congestion_score": 0.0, "transit_departures": 0.0, "target_count": 0.0, "employment_jobs": 0.0}, "geometry": {"type": "Polygon", "coordinates": [[[-122.23985412823421, 47.615746676248655], [-122.2331921321201, 47.615746676248655], [-122.2331921321201, 47.62023823212361], [-122.23985412823421, 47.62023823212361], [-122.23985412823421, 47.615746676248655]]]}}, {"type": "Feature", "properties": {"cell_id": "r030_c034", "congestion_score": 0.0, "transit_departures": 0.0, "target_count": 0.0, "employment_jobs": 0.0}, "geometry": {"type": "Polygon", "coordinates": [[[-122.23319213212011, 47.615746676248655], [-122.22653013600599, 47.615746676248655], [-122.22653013600599, 47.62023823212361], [-122.23319213212011, 47.62023823212361], [-122.23319213212011, 47.615746676248655]]]}}, {"type": "Feature", "properties": {"cell_id": "r030_c035", "congestion_score": 0.0, "transit_departures": 0.0, "target_count": 0.0, "employment_jobs": 0.0}, "geometry": {"type": "Polygon", "coordinates": [[[-122.22653013600599, 47.615746676248655], [-122.2244, 47.615746676248655], [-122.2244, 47.62023823212361], [-122.22653013600599, 47.62023823212361], [-122.22653013600599, 47.615746676248655]]]}}, {"type": "Feature", "properties": {"cell_id": "r031_c000", "congestion_score": 0.0, "transit_departures": 0.0, "target_count": 0.0, "employment_jobs": 0.0}, "geometry": {"type": "Polygon", "coordinates": [[[-122.4597, 47.62023823212361], [-122.45303800388588, 47.62023823212361], [-122.45303800388588, 47.62472978799857], [-122.4597, 47.62472978799857], [-122.4597, 47.62023823212361]]]}}, {"type": "Feature", "properties": {"cell_id": "r031_c001", "congestion_score": 0.0, "transit_departures": 0.0, "target_count": 0.0, "employment_jobs": 0.0}, "geometry": {"type": "Polygon", "coordinates": [[[-122.45303800388588, 47.62023823212361], [-122.44637600777176, 47.62023823212361], [-122.44637600777176, 47.62472978799857], [-122.45303800388588, 47.62472978799857], [-122.45303800388588, 47.62023823212361]]]}}, {"type": "Feature", "properties": {"cell_id": "r031_c002", "congestion_score": 0.0, "transit_departures": 0.0, "target_count": 0.0, "employment_jobs": 0.0}, "geometry": {"type": "Polygon", "coordinates": [[[-122.44637600777178, 47.62023823212361], [-122.43971401165766, 47.62023823212361], [-122.43971401165766, 47.62472978799857], [-122.44637600777178, 47.62472978799857], [-122.44637600777178, 47.62023823212361]]]}}, {"type": "Feature", "properties": {"cell_id": "r031_c003", "congestion_score": 0.0, "transit_departures": 0.0, "target_count": 0.0, "employment_jobs": 0.0}, "geometry": {"type": "Polygon", "coordinates": [[[-122.43971401165766, 47.62023823212361], [-122.43305201554354, 47.62023823212361], [-122.43305201554354, 47.62472978799857], [-122.43971401165766, 47.62472978799857], [-122.43971401165766, 47.62023823212361]]]}}, {"type": "Feature", "properties": {"cell_id": "r031_c004", "congestion_score": 0.0, "transit_departures": 0.0, "target_count": 0.0, "employment_jobs": 0.0}, "geometry": {"type": "Polygon", "coordinates": [[[-122.43305201554354, 47.62023823212361], [-122.42639001942942, 47.62023823212361], [-122.42639001942942, 47.62472978799857], [-122.43305201554354, 47.62472978799857], [-122.43305201554354, 47.62023823212361]]]}}, {"type": "Feature", "properties": {"cell_id": "r031_c005", "congestion_score": 0.0, "transit_departures": 0.0, "target_count": 0.0, "employment_jobs": 0.0}, "geometry": {"type": "Polygon", "coordinates": [[[-122.42639001942942, 47.62023823212361], [-122.4197280233153, 47.62023823212361], [-122.4197280233153, 47.62472978799857], [-122.42639001942942, 47.62472978799857], [-122.42639001942942, 47.62023823212361]]]}}, {"type": "Feature", "properties": {"cell_id": "r031_c006", "congestion_score": 0.0, "transit_departures": 0.0, "target_count": 0.0, "employment_jobs": 0.0}, "geometry": {"type": "Polygon", "coordinates": [[[-122.41972802331532, 47.62023823212361], [-122.4130660272012, 47.62023823212361], [-122.4130660272012, 47.62472978799857], [-122.41972802331532, 47.62472978799857], [-122.41972802331532, 47.62023823212361]]]}}, {"type": "Feature", "properties": {"cell_id": "r031_c007", "congestion_score": 0.0, "transit_departures": 0.0, "target_count": 0.0, "employment_jobs": 0.0}, "geometry": {"type": "Polygon", "coordinates": [[[-122.4130660272012, 47.62023823212361], [-122.40640403108708, 47.62023823212361], [-122.40640403108708, 47.62472978799857], [-122.4130660272012, 47.62472978799857], [-122.4130660272012, 47.62023823212361]]]}}, {"type": "Feature", "properties": {"cell_id": "r031_c008", "congestion_score": 0.0, "transit_departures": 0.0, "target_count": 0.0, "employment_jobs": 0.0}, "geometry": {"type": "Polygon", "coordinates": [[[-122.40640403108708, 47.62023823212361], [-122.39974203497296, 47.62023823212361], [-122.39974203497296, 47.62472978799857], [-122.40640403108708, 47.62472978799857], [-122.40640403108708, 47.62023823212361]]]}}, {"type": "Feature", "properties": {"cell_id": "r031_c009", "congestion_score": 0.0, "transit_departures": 0.0, "target_count": 0.0, "employment_jobs": 0.0}, "geometry": {"type": "Polygon", "coordinates": [[[-122.39974203497297, 47.62023823212361], [-122.39308003885886, 47.62023823212361], [-122.39308003885886, 47.62472978799857], [-122.39974203497297, 47.62472978799857], [-122.39974203497297, 47.62023823212361]]]}}, {"type": "Feature", "properties": {"cell_id": "r031_c010", "congestion_score": 0.0, "transit_departures": 0.0, "target_count": 0.0, "employment_jobs": 0.0}, "geometry": {"type": "Polygon", "coordinates": [[[-122.39308003885886, 47.62023823212361], [-122.38641804274474, 47.62023823212361], [-122.38641804274474, 47.62472978799857], [-122.39308003885886, 47.62472978799857], [-122.39308003885886, 47.62023823212361]]]}}, {"type": "Feature", "properties": {"cell_id": "r031_c011", "congestion_score": 0.0, "transit_departures": 0.0, "target_count": 0.0, "employment_jobs": 0.0}, "geometry": {"type": "Polygon", "coordinates": [[[-122.38641804274474, 47.62023823212361], [-122.37975604663062, 47.62023823212361], [-122.37975604663062, 47.62472978799857], [-122.38641804274474, 47.62472978799857], [-122.38641804274474, 47.62023823212361]]]}}, {"type": "Feature", "properties": {"cell_id": "r031_c012", "congestion_score": 0.0, "transit_departures": 0.0, "target_count": 0.0, "employment_jobs": 0.0}, "geometry": {"type": "Polygon", "coordinates": [[[-122.37975604663062, 47.62023823212361], [-122.3730940505165, 47.62023823212361], [-122.3730940505165, 47.62472978799857], [-122.37975604663062, 47.62472978799857], [-122.37975604663062, 47.62023823212361]]]}}, {"type": "Feature", "properties": {"cell_id": "r031_c013", "congestion_score": 0.0, "transit_departures": 0.0, "target_count": 0.0, "employment_jobs": 0.0}, "geometry": {"type": "Polygon", "coordinates": [[[-122.37309405051651, 47.62023823212361], [-122.3664320544024, 47.62023823212361], [-122.3664320544024, 47.62472978799857], [-122.37309405051651, 47.62472978799857], [-122.37309405051651, 47.62023823212361]]]}}, {"type": "Feature", "properties": {"cell_id": "r031_c014", "congestion_score": 0.0, "transit_departures": 0.0, "target_count": 0.0, "employment_jobs": 0.0}, "geometry": {"type": "Polygon", "coordinates": [[[-122.3664320544024, 47.62023823212361], [-122.35977005828828, 47.62023823212361], [-122.35977005828828, 47.62472978799857], [-122.3664320544024, 47.62472978799857], [-122.3664320544024, 47.62023823212361]]]}}, {"type": "Feature", "properties": {"cell_id": "r031_c015", "congestion_score": 0.0, "transit_departures": 0.0, "target_count": 0.0, "employment_jobs": 0.0}, "geometry": {"type": "Polygon", "coordinates": [[[-122.35977005828828, 47.62023823212361], [-122.35310806217416, 47.62023823212361], [-122.35310806217416, 47.62472978799857], [-122.35977005828828, 47.62472978799857], [-122.35977005828828, 47.62023823212361]]]}}, {"type": "Feature", "properties": {"cell_id": "r031_c016", "congestion_score": 0.0, "transit_departures": 0.0, "target_count": 0.0, "employment_jobs": 0.0}, "geometry": {"type": "Polygon", "coordinates": [[[-122.35310806217417, 47.62023823212361], [-122.34644606606005, 47.62023823212361], [-122.34644606606005, 47.62472978799857], [-122.35310806217417, 47.62472978799857], [-122.35310806217417, 47.62023823212361]]]}}, {"type": "Feature", "properties": {"cell_id": "r031_c017", "congestion_score": 0.0, "transit_departures": 0.0, "target_count": 0.0, "employment_jobs": 0.0}, "geometry": {"type": "Polygon", "coordinates": [[[-122.34644606606005, 47.62023823212361], [-122.33978406994594, 47.62023823212361], [-122.33978406994594, 47.62472978799857], [-122.34644606606005, 47.62472978799857], [-122.34644606606005, 47.62023823212361]]]}}, {"type": "Feature", "properties": {"cell_id": "r031_c018", "congestion_score": 0.016903, "transit_departures": 4.958, "target_count": 0.0, "employment_jobs": 0.0}, "geometry": {"type": "Polygon", "coordinates": [[[-122.33978406994594, 47.62023823212361], [-122.33312207383182, 47.62023823212361], [-122.33312207383182, 47.62472978799857], [-122.33978406994594, 47.62472978799857], [-122.33978406994594, 47.62023823212361]]]}}, {"type": "Feature", "properties": {"cell_id": "r031_c019", "congestion_score": 0.0, "transit_departures": 0.0, "target_count": 0.0, "employment_jobs": 0.0}, "geometry": {"type": "Polygon", "coordinates": [[[-122.33312207383182, 47.62023823212361], [-122.3264600777177, 47.62023823212361], [-122.3264600777177, 47.62472978799857], [-122.33312207383182, 47.62472978799857], [-122.33312207383182, 47.62023823212361]]]}}, {"type": "Feature", "properties": {"cell_id": "r031_c020", "congestion_score": 0.0, "transit_departures": 0.0, "target_count": 0.0, "employment_jobs": 0.0}, "geometry": {"type": "Polygon", "coordinates": [[[-122.32646007771771, 47.62023823212361], [-122.3197980816036, 47.62023823212361], [-122.3197980816036, 47.62472978799857], [-122.32646007771771, 47.62472978799857], [-122.32646007771771, 47.62023823212361]]]}}, {"type": "Feature", "properties": {"cell_id": "r031_c021", "congestion_score": 0.0, "transit_departures": 0.0, "target_count": 0.0, "employment_jobs": 0.0}, "geometry": {"type": "Polygon", "coordinates": [[[-122.3197980816036, 47.62023823212361], [-122.31313608548948, 47.62023823212361], [-122.31313608548948, 47.62472978799857], [-122.3197980816036, 47.62472978799857], [-122.3197980816036, 47.62023823212361]]]}}, {"type": "Feature", "properties": {"cell_id": "r031_c022", "congestion_score": 0.0, "transit_departures": 0.0, "target_count": 0.0, "employment_jobs": 0.0}, "geometry": {"type": "Polygon", "coordinates": [[[-122.31313608548948, 47.62023823212361], [-122.30647408937536, 47.62023823212361], [-122.30647408937536, 47.62472978799857], [-122.31313608548948, 47.62472978799857], [-122.31313608548948, 47.62023823212361]]]}}, {"type": "Feature", "properties": {"cell_id": "r031_c023", "congestion_score": 0.0, "transit_departures": 0.0, "target_count": 0.0, "employment_jobs": 0.0}, "geometry": {"type": "Polygon", "coordinates": [[[-122.30647408937537, 47.62023823212361], [-122.29981209326125, 47.62023823212361], [-122.29981209326125, 47.62472978799857], [-122.30647408937537, 47.62472978799857], [-122.30647408937537, 47.62023823212361]]]}}, {"type": "Feature", "properties": {"cell_id": "r031_c024", "congestion_score": 0.0, "transit_departures": 0.0, "target_count": 0.0, "employment_jobs": 0.0}, "geometry": {"type": "Polygon", "coordinates": [[[-122.29981209326125, 47.62023823212361], [-122.29315009714713, 47.62023823212361], [-122.29315009714713, 47.62472978799857], [-122.29981209326125, 47.62472978799857], [-122.29981209326125, 47.62023823212361]]]}}, {"type": "Feature", "properties": {"cell_id": "r031_c025", "congestion_score": 0.0, "transit_departures": 0.0, "target_count": 0.0, "employment_jobs": 0.0}, "geometry": {"type": "Polygon", "coordinates": [[[-122.29315009714713, 47.62023823212361], [-122.28648810103302, 47.62023823212361], [-122.28648810103302, 47.62472978799857], [-122.29315009714713, 47.62472978799857], [-122.29315009714713, 47.62023823212361]]]}}, {"type": "Feature", "properties": {"cell_id": "r031_c026", "congestion_score": 0.0, "transit_departures": 0.0, "target_count": 0.0, "employment_jobs": 0.0}, "geometry": {"type": "Polygon", "coordinates": [[[-122.28648810103302, 47.62023823212361], [-122.2798261049189, 47.62023823212361], [-122.2798261049189, 47.62472978799857], [-122.28648810103302, 47.62472978799857], [-122.28648810103302, 47.62023823212361]]]}}, {"type": "Feature", "properties": {"cell_id": "r031_c027", "congestion_score": 0.0, "transit_departures": 0.0, "target_count": 0.0, "employment_jobs": 0.0}, "geometry": {"type": "Polygon", "coordinates": [[[-122.27982610491891, 47.62023823212361], [-122.27316410880479, 47.62023823212361], [-122.27316410880479, 47.62472978799857], [-122.27982610491891, 47.62472978799857], [-122.27982610491891, 47.62023823212361]]]}}, {"type": "Feature", "properties": {"cell_id": "r031_c028", "congestion_score": 0.0, "transit_departures": 0.0, "target_count": 0.0, "employment_jobs": 0.0}, "geometry": {"type": "Polygon", "coordinates": [[[-122.27316410880479, 47.62023823212361], [-122.26650211269067, 47.62023823212361], [-122.26650211269067, 47.62472978799857], [-122.27316410880479, 47.62472978799857], [-122.27316410880479, 47.62023823212361]]]}}, {"type": "Feature", "properties": {"cell_id": "r031_c029", "congestion_score": 0.0, "transit_departures": 0.0, "target_count": 0.0, "employment_jobs": 0.0}, "geometry": {"type": "Polygon", "coordinates": [[[-122.26650211269067, 47.62023823212361], [-122.25984011657656, 47.62023823212361], [-122.25984011657656, 47.62472978799857], [-122.26650211269067, 47.62472978799857], [-122.26650211269067, 47.62023823212361]]]}}, {"type": "Feature", "properties": {"cell_id": "r031_c030", "congestion_score": 0.0, "transit_departures": 0.0, "target_count": 0.0, "employment_jobs": 0.0}, "geometry": {"type": "Polygon", "coordinates": [[[-122.25984011657657, 47.62023823212361], [-122.25317812046245, 47.62023823212361], [-122.25317812046245, 47.62472978799857], [-122.25984011657657, 47.62472978799857], [-122.25984011657657, 47.62023823212361]]]}}, {"type": "Feature", "properties": {"cell_id": "r031_c031", "congestion_score": 0.0, "transit_departures": 0.0, "target_count": 0.0, "employment_jobs": 0.0}, "geometry": {"type": "Polygon", "coordinates": [[[-122.25317812046245, 47.62023823212361], [-122.24651612434833, 47.62023823212361], [-122.24651612434833, 47.62472978799857], [-122.25317812046245, 47.62472978799857], [-122.25317812046245, 47.62023823212361]]]}}, {"type": "Feature", "properties": {"cell_id": "r031_c032", "congestion_score": 0.0, "transit_departures": 0.0, "target_count": 0.0, "employment_jobs": 0.0}, "geometry": {"type": "Polygon", "coordinates": [[[-122.24651612434833, 47.62023823212361], [-122.23985412823421, 47.62023823212361], [-122.23985412823421, 47.62472978799857], [-122.24651612434833, 47.62472978799857], [-122.24651612434833, 47.62023823212361]]]}}, {"type": "Feature", "properties": {"cell_id": "r031_c033", "congestion_score": 0.0, "transit_departures": 0.0, "target_count": 0.0, "employment_jobs": 0.0}, "geometry": {"type": "Polygon", "coordinates": [[[-122.23985412823421, 47.62023823212361], [-122.2331921321201, 47.62023823212361], [-122.2331921321201, 47.62472978799857], [-122.23985412823421, 47.62472978799857], [-122.23985412823421, 47.62023823212361]]]}}, {"type": "Feature", "properties": {"cell_id": "r031_c034", "congestion_score": 0.0, "transit_departures": 0.0, "target_count": 0.0, "employment_jobs": 0.0}, "geometry": {"type": "Polygon", "coordinates": [[[-122.23319213212011, 47.62023823212361], [-122.22653013600599, 47.62023823212361], [-122.22653013600599, 47.62472978799857], [-122.23319213212011, 47.62472978799857], [-122.23319213212011, 47.62023823212361]]]}}, {"type": "Feature", "properties": {"cell_id": "r031_c035", "congestion_score": 0.0, "transit_departures": 0.0, "target_count": 0.0, "employment_jobs": 0.0}, "geometry": {"type": "Polygon", "coordinates": [[[-122.22653013600599, 47.62023823212361], [-122.2244, 47.62023823212361], [-122.2244, 47.62472978799857], [-122.22653013600599, 47.62472978799857], [-122.22653013600599, 47.62023823212361]]]}}, {"type": "Feature", "properties": {"cell_id": "r032_c000", "congestion_score": 0.0, "transit_departures": 0.0, "target_count": 0.0, "employment_jobs": 0.0}, "geometry": {"type": "Polygon", "coordinates": [[[-122.4597, 47.62472978799856], [-122.45303800388588, 47.62472978799856], [-122.45303800388588, 47.62922134387352], [-122.4597, 47.62922134387352], [-122.4597, 47.62472978799856]]]}}, {"type": "Feature", "properties": {"cell_id": "r032_c001", "congestion_score": 0.0, "transit_departures": 0.0, "target_count": 0.0, "employment_jobs": 0.0}, "geometry": {"type": "Polygon", "coordinates": [[[-122.45303800388588, 47.62472978799856], [-122.44637600777176, 47.62472978799856], [-122.44637600777176, 47.62922134387352], [-122.45303800388588, 47.62922134387352], [-122.45303800388588, 47.62472978799856]]]}}, {"type": "Feature", "properties": {"cell_id": "r032_c002", "congestion_score": 0.0, "transit_departures": 0.0, "target_count": 0.0, "employment_jobs": 0.0}, "geometry": {"type": "Polygon", "coordinates": [[[-122.44637600777178, 47.62472978799856], [-122.43971401165766, 47.62472978799856], [-122.43971401165766, 47.62922134387352], [-122.44637600777178, 47.62922134387352], [-122.44637600777178, 47.62472978799856]]]}}, {"type": "Feature", "properties": {"cell_id": "r032_c003", "congestion_score": 0.0, "transit_departures": 0.0, "target_count": 0.0, "employment_jobs": 0.0}, "geometry": {"type": "Polygon", "coordinates": [[[-122.43971401165766, 47.62472978799856], [-122.43305201554354, 47.62472978799856], [-122.43305201554354, 47.62922134387352], [-122.43971401165766, 47.62922134387352], [-122.43971401165766, 47.62472978799856]]]}}, {"type": "Feature", "properties": {"cell_id": "r032_c004", "congestion_score": 0.0, "transit_departures": 0.0, "target_count": 0.0, "employment_jobs": 0.0}, "geometry": {"type": "Polygon", "coordinates": [[[-122.43305201554354, 47.62472978799856], [-122.42639001942942, 47.62472978799856], [-122.42639001942942, 47.62922134387352], [-122.43305201554354, 47.62922134387352], [-122.43305201554354, 47.62472978799856]]]}}, {"type": "Feature", "properties": {"cell_id": "r032_c005", "congestion_score": 0.0, "transit_departures": 0.0, "target_count": 0.0, "employment_jobs": 0.0}, "geometry": {"type": "Polygon", "coordinates": [[[-122.42639001942942, 47.62472978799856], [-122.4197280233153, 47.62472978799856], [-122.4197280233153, 47.62922134387352], [-122.42639001942942, 47.62922134387352], [-122.42639001942942, 47.62472978799856]]]}}, {"type": "Feature", "properties": {"cell_id": "r032_c006", "congestion_score": 0.0, "transit_departures": 0.0, "target_count": 0.0, "employment_jobs": 0.0}, "geometry": {"type": "Polygon", "coordinates": [[[-122.41972802331532, 47.62472978799856], [-122.4130660272012, 47.62472978799856], [-122.4130660272012, 47.62922134387352], [-122.41972802331532, 47.62922134387352], [-122.41972802331532, 47.62472978799856]]]}}, {"type": "Feature", "properties": {"cell_id": "r032_c007", "congestion_score": 0.0, "transit_departures": 0.0, "target_count": 0.0, "employment_jobs": 0.0}, "geometry": {"type": "Polygon", "coordinates": [[[-122.4130660272012, 47.62472978799856], [-122.40640403108708, 47.62472978799856], [-122.40640403108708, 47.62922134387352], [-122.4130660272012, 47.62922134387352], [-122.4130660272012, 47.62472978799856]]]}}, {"type": "Feature", "properties": {"cell_id": "r032_c008", "congestion_score": 0.0, "transit_departures": 0.0, "target_count": 0.0, "employment_jobs": 0.0}, "geometry": {"type": "Polygon", "coordinates": [[[-122.40640403108708, 47.62472978799856], [-122.39974203497296, 47.62472978799856], [-122.39974203497296, 47.62922134387352], [-122.40640403108708, 47.62922134387352], [-122.40640403108708, 47.62472978799856]]]}}, {"type": "Feature", "properties": {"cell_id": "r032_c009", "congestion_score": 0.0, "transit_departures": 0.0, "target_count": 0.0, "employment_jobs": 0.0}, "geometry": {"type": "Polygon", "coordinates": [[[-122.39974203497297, 47.62472978799856], [-122.39308003885886, 47.62472978799856], [-122.39308003885886, 47.62922134387352], [-122.39974203497297, 47.62922134387352], [-122.39974203497297, 47.62472978799856]]]}}, {"type": "Feature", "properties": {"cell_id": "r032_c010", "congestion_score": 0.0, "transit_departures": 0.0, "target_count": 0.0, "employment_jobs": 0.0}, "geometry": {"type": "Polygon", "coordinates": [[[-122.39308003885886, 47.62472978799856], [-122.38641804274474, 47.62472978799856], [-122.38641804274474, 47.62922134387352], [-122.39308003885886, 47.62922134387352], [-122.39308003885886, 47.62472978799856]]]}}, {"type": "Feature", "properties": {"cell_id": "r032_c011", "congestion_score": 0.0, "transit_departures": 0.0, "target_count": 0.0, "employment_jobs": 0.0}, "geometry": {"type": "Polygon", "coordinates": [[[-122.38641804274474, 47.62472978799856], [-122.37975604663062, 47.62472978799856], [-122.37975604663062, 47.62922134387352], [-122.38641804274474, 47.62922134387352], [-122.38641804274474, 47.62472978799856]]]}}, {"type": "Feature", "properties": {"cell_id": "r032_c012", "congestion_score": 0.0, "transit_departures": 0.0, "target_count": 0.0, "employment_jobs": 0.0}, "geometry": {"type": "Polygon", "coordinates": [[[-122.37975604663062, 47.62472978799856], [-122.3730940505165, 47.62472978799856], [-122.3730940505165, 47.62922134387352], [-122.37975604663062, 47.62922134387352], [-122.37975604663062, 47.62472978799856]]]}}, {"type": "Feature", "properties": {"cell_id": "r032_c013", "congestion_score": 0.0, "transit_departures": 0.0, "target_count": 0.0, "employment_jobs": 0.0}, "geometry": {"type": "Polygon", "coordinates": [[[-122.37309405051651, 47.62472978799856], [-122.3664320544024, 47.62472978799856], [-122.3664320544024, 47.62922134387352], [-122.37309405051651, 47.62922134387352], [-122.37309405051651, 47.62472978799856]]]}}, {"type": "Feature", "properties": {"cell_id": "r032_c014", "congestion_score": 0.0, "transit_departures": 0.0, "target_count": 0.0, "employment_jobs": 0.0}, "geometry": {"type": "Polygon", "coordinates": [[[-122.3664320544024, 47.62472978799856], [-122.35977005828828, 47.62472978799856], [-122.35977005828828, 47.62922134387352], [-122.3664320544024, 47.62922134387352], [-122.3664320544024, 47.62472978799856]]]}}, {"type": "Feature", "properties": {"cell_id": "r032_c015", "congestion_score": 0.0, "transit_departures": 0.0, "target_count": 0.0, "employment_jobs": 0.0}, "geometry": {"type": "Polygon", "coordinates": [[[-122.35977005828828, 47.62472978799856], [-122.35310806217416, 47.62472978799856], [-122.35310806217416, 47.62922134387352], [-122.35977005828828, 47.62922134387352], [-122.35977005828828, 47.62472978799856]]]}}, {"type": "Feature", "properties": {"cell_id": "r032_c016", "congestion_score": 0.0, "transit_departures": 0.0, "target_count": 0.0, "employment_jobs": 0.0}, "geometry": {"type": "Polygon", "coordinates": [[[-122.35310806217417, 47.62472978799856], [-122.34644606606005, 47.62472978799856], [-122.34644606606005, 47.62922134387352], [-122.35310806217417, 47.62922134387352], [-122.35310806217417, 47.62472978799856]]]}}, {"type": "Feature", "properties": {"cell_id": "r032_c017", "congestion_score": 0.0, "transit_departures": 0.0, "target_count": 0.0, "employment_jobs": 0.0}, "geometry": {"type": "Polygon", "coordinates": [[[-122.34644606606005, 47.62472978799856], [-122.33978406994594, 47.62472978799856], [-122.33978406994594, 47.62922134387352], [-122.34644606606005, 47.62922134387352], [-122.34644606606005, 47.62472978799856]]]}}, {"type": "Feature", "properties": {"cell_id": "r032_c018", "congestion_score": 0.0, "transit_departures": 0.0, "target_count": 0.0, "employment_jobs": 0.0}, "geometry": {"type": "Polygon", "coordinates": [[[-122.33978406994594, 47.62472978799856], [-122.33312207383182, 47.62472978799856], [-122.33312207383182, 47.62922134387352], [-122.33978406994594, 47.62922134387352], [-122.33978406994594, 47.62472978799856]]]}}, {"type": "Feature", "properties": {"cell_id": "r032_c019", "congestion_score": 0.0, "transit_departures": 0.0, "target_count": 0.0, "employment_jobs": 0.0}, "geometry": {"type": "Polygon", "coordinates": [[[-122.33312207383182, 47.62472978799856], [-122.3264600777177, 47.62472978799856], [-122.3264600777177, 47.62922134387352], [-122.33312207383182, 47.62922134387352], [-122.33312207383182, 47.62472978799856]]]}}, {"type": "Feature", "properties": {"cell_id": "r032_c020", "congestion_score": 0.0, "transit_departures": 0.0, "target_count": 0.0, "employment_jobs": 0.0}, "geometry": {"type": "Polygon", "coordinates": [[[-122.32646007771771, 47.62472978799856], [-122.3197980816036, 47.62472978799856], [-122.3197980816036, 47.62922134387352], [-122.32646007771771, 47.62922134387352], [-122.32646007771771, 47.62472978799856]]]}}, {"type": "Feature", "properties": {"cell_id": "r032_c021", "congestion_score": 0.0, "transit_departures": 0.0, "target_count": 0.0, "employment_jobs": 0.0}, "geometry": {"type": "Polygon", "coordinates": [[[-122.3197980816036, 47.62472978799856], [-122.31313608548948, 47.62472978799856], [-122.31313608548948, 47.62922134387352], [-122.3197980816036, 47.62922134387352], [-122.3197980816036, 47.62472978799856]]]}}, {"type": "Feature", "properties": {"cell_id": "r032_c022", "congestion_score": 0.0, "transit_departures": 0.0, "target_count": 0.0, "employment_jobs": 0.0}, "geometry": {"type": "Polygon", "coordinates": [[[-122.31313608548948, 47.62472978799856], [-122.30647408937536, 47.62472978799856], [-122.30647408937536, 47.62922134387352], [-122.31313608548948, 47.62922134387352], [-122.31313608548948, 47.62472978799856]]]}}, {"type": "Feature", "properties": {"cell_id": "r032_c023", "congestion_score": 0.0, "transit_departures": 0.0, "target_count": 0.0, "employment_jobs": 0.0}, "geometry": {"type": "Polygon", "coordinates": [[[-122.30647408937537, 47.62472978799856], [-122.29981209326125, 47.62472978799856], [-122.29981209326125, 47.62922134387352], [-122.30647408937537, 47.62922134387352], [-122.30647408937537, 47.62472978799856]]]}}, {"type": "Feature", "properties": {"cell_id": "r032_c024", "congestion_score": 0.0, "transit_departures": 0.0, "target_count": 0.0, "employment_jobs": 0.0}, "geometry": {"type": "Polygon", "coordinates": [[[-122.29981209326125, 47.62472978799856], [-122.29315009714713, 47.62472978799856], [-122.29315009714713, 47.62922134387352], [-122.29981209326125, 47.62922134387352], [-122.29981209326125, 47.62472978799856]]]}}, {"type": "Feature", "properties": {"cell_id": "r032_c025", "congestion_score": 0.0, "transit_departures": 0.0, "target_count": 0.0, "employment_jobs": 0.0}, "geometry": {"type": "Polygon", "coordinates": [[[-122.29315009714713, 47.62472978799856], [-122.28648810103302, 47.62472978799856], [-122.28648810103302, 47.62922134387352], [-122.29315009714713, 47.62922134387352], [-122.29315009714713, 47.62472978799856]]]}}, {"type": "Feature", "properties": {"cell_id": "r032_c026", "congestion_score": 0.0, "transit_departures": 0.0, "target_count": 0.0, "employment_jobs": 0.0}, "geometry": {"type": "Polygon", "coordinates": [[[-122.28648810103302, 47.62472978799856], [-122.2798261049189, 47.62472978799856], [-122.2798261049189, 47.62922134387352], [-122.28648810103302, 47.62922134387352], [-122.28648810103302, 47.62472978799856]]]}}, {"type": "Feature", "properties": {"cell_id": "r032_c027", "congestion_score": 0.0, "transit_departures": 0.0, "target_count": 0.0, "employment_jobs": 0.0}, "geometry": {"type": "Polygon", "coordinates": [[[-122.27982610491891, 47.62472978799856], [-122.27316410880479, 47.62472978799856], [-122.27316410880479, 47.62922134387352], [-122.27982610491891, 47.62922134387352], [-122.27982610491891, 47.62472978799856]]]}}, {"type": "Feature", "properties": {"cell_id": "r032_c028", "congestion_score": 0.0, "transit_departures": 0.0, "target_count": 0.0, "employment_jobs": 0.0}, "geometry": {"type": "Polygon", "coordinates": [[[-122.27316410880479, 47.62472978799856], [-122.26650211269067, 47.62472978799856], [-122.26650211269067, 47.62922134387352], [-122.27316410880479, 47.62922134387352], [-122.27316410880479, 47.62472978799856]]]}}, {"type": "Feature", "properties": {"cell_id": "r032_c029", "congestion_score": 0.0, "transit_departures": 0.0, "target_count": 0.0, "employment_jobs": 0.0}, "geometry": {"type": "Polygon", "coordinates": [[[-122.26650211269067, 47.62472978799856], [-122.25984011657656, 47.62472978799856], [-122.25984011657656, 47.62922134387352], [-122.26650211269067, 47.62922134387352], [-122.26650211269067, 47.62472978799856]]]}}, {"type": "Feature", "properties": {"cell_id": "r032_c030", "congestion_score": 0.0, "transit_departures": 0.0, "target_count": 0.0, "employment_jobs": 0.0}, "geometry": {"type": "Polygon", "coordinates": [[[-122.25984011657657, 47.62472978799856], [-122.25317812046245, 47.62472978799856], [-122.25317812046245, 47.62922134387352], [-122.25984011657657, 47.62922134387352], [-122.25984011657657, 47.62472978799856]]]}}, {"type": "Feature", "properties": {"cell_id": "r032_c031", "congestion_score": 0.0, "transit_departures": 0.0, "target_count": 0.0, "employment_jobs": 0.0}, "geometry": {"type": "Polygon", "coordinates": [[[-122.25317812046245, 47.62472978799856], [-122.24651612434833, 47.62472978799856], [-122.24651612434833, 47.62922134387352], [-122.25317812046245, 47.62922134387352], [-122.25317812046245, 47.62472978799856]]]}}, {"type": "Feature", "properties": {"cell_id": "r032_c032", "congestion_score": 0.0, "transit_departures": 0.0, "target_count": 0.0, "employment_jobs": 0.0}, "geometry": {"type": "Polygon", "coordinates": [[[-122.24651612434833, 47.62472978799856], [-122.23985412823421, 47.62472978799856], [-122.23985412823421, 47.62922134387352], [-122.24651612434833, 47.62922134387352], [-122.24651612434833, 47.62472978799856]]]}}, {"type": "Feature", "properties": {"cell_id": "r032_c033", "congestion_score": 0.0, "transit_departures": 0.0, "target_count": 0.0, "employment_jobs": 0.0}, "geometry": {"type": "Polygon", "coordinates": [[[-122.23985412823421, 47.62472978799856], [-122.2331921321201, 47.62472978799856], [-122.2331921321201, 47.62922134387352], [-122.23985412823421, 47.62922134387352], [-122.23985412823421, 47.62472978799856]]]}}, {"type": "Feature", "properties": {"cell_id": "r032_c034", "congestion_score": 0.0, "transit_departures": 0.0, "target_count": 0.0, "employment_jobs": 0.0}, "geometry": {"type": "Polygon", "coordinates": [[[-122.23319213212011, 47.62472978799856], [-122.22653013600599, 47.62472978799856], [-122.22653013600599, 47.62922134387352], [-122.23319213212011, 47.62922134387352], [-122.23319213212011, 47.62472978799856]]]}}, {"type": "Feature", "properties": {"cell_id": "r032_c035", "congestion_score": 0.0, "transit_departures": 0.0, "target_count": 0.0, "employment_jobs": 0.0}, "geometry": {"type": "Polygon", "coordinates": [[[-122.22653013600599, 47.62472978799856], [-122.2244, 47.62472978799856], [-122.2244, 47.62922134387352], [-122.22653013600599, 47.62922134387352], [-122.22653013600599, 47.62472978799856]]]}}, {"type": "Feature", "properties": {"cell_id": "r033_c000", "congestion_score": 0.0, "transit_departures": 0.0, "target_count": 0.0, "employment_jobs": 0.0}, "geometry": {"type": "Polygon", "coordinates": [[[-122.4597, 47.62922134387352], [-122.45303800388588, 47.62922134387352], [-122.45303800388588, 47.633712899748474], [-122.4597, 47.633712899748474], [-122.4597, 47.62922134387352]]]}}, {"type": "Feature", "properties": {"cell_id": "r033_c001", "congestion_score": 0.0, "transit_departures": 0.0, "target_count": 0.0, "employment_jobs": 0.0}, "geometry": {"type": "Polygon", "coordinates": [[[-122.45303800388588, 47.62922134387352], [-122.44637600777176, 47.62922134387352], [-122.44637600777176, 47.633712899748474], [-122.45303800388588, 47.633712899748474], [-122.45303800388588, 47.62922134387352]]]}}, {"type": "Feature", "properties": {"cell_id": "r033_c002", "congestion_score": 0.0, "transit_departures": 0.0, "target_count": 0.0, "employment_jobs": 0.0}, "geometry": {"type": "Polygon", "coordinates": [[[-122.44637600777178, 47.62922134387352], [-122.43971401165766, 47.62922134387352], [-122.43971401165766, 47.633712899748474], [-122.44637600777178, 47.633712899748474], [-122.44637600777178, 47.62922134387352]]]}}, {"type": "Feature", "properties": {"cell_id": "r033_c003", "congestion_score": 0.0, "transit_departures": 0.0, "target_count": 0.0, "employment_jobs": 0.0}, "geometry": {"type": "Polygon", "coordinates": [[[-122.43971401165766, 47.62922134387352], [-122.43305201554354, 47.62922134387352], [-122.43305201554354, 47.633712899748474], [-122.43971401165766, 47.633712899748474], [-122.43971401165766, 47.62922134387352]]]}}, {"type": "Feature", "properties": {"cell_id": "r033_c004", "congestion_score": 0.0, "transit_departures": 0.0, "target_count": 0.0, "employment_jobs": 0.0}, "geometry": {"type": "Polygon", "coordinates": [[[-122.43305201554354, 47.62922134387352], [-122.42639001942942, 47.62922134387352], [-122.42639001942942, 47.633712899748474], [-122.43305201554354, 47.633712899748474], [-122.43305201554354, 47.62922134387352]]]}}, {"type": "Feature", "properties": {"cell_id": "r033_c005", "congestion_score": 0.0, "transit_departures": 0.0, "target_count": 0.0, "employment_jobs": 0.0}, "geometry": {"type": "Polygon", "coordinates": [[[-122.42639001942942, 47.62922134387352], [-122.4197280233153, 47.62922134387352], [-122.4197280233153, 47.633712899748474], [-122.42639001942942, 47.633712899748474], [-122.42639001942942, 47.62922134387352]]]}}, {"type": "Feature", "properties": {"cell_id": "r033_c006", "congestion_score": 0.0, "transit_departures": 0.0, "target_count": 0.0, "employment_jobs": 0.0}, "geometry": {"type": "Polygon", "coordinates": [[[-122.41972802331532, 47.62922134387352], [-122.4130660272012, 47.62922134387352], [-122.4130660272012, 47.633712899748474], [-122.41972802331532, 47.633712899748474], [-122.41972802331532, 47.62922134387352]]]}}, {"type": "Feature", "properties": {"cell_id": "r033_c007", "congestion_score": 0.0, "transit_departures": 0.0, "target_count": 0.0, "employment_jobs": 0.0}, "geometry": {"type": "Polygon", "coordinates": [[[-122.4130660272012, 47.62922134387352], [-122.40640403108708, 47.62922134387352], [-122.40640403108708, 47.633712899748474], [-122.4130660272012, 47.633712899748474], [-122.4130660272012, 47.62922134387352]]]}}, {"type": "Feature", "properties": {"cell_id": "r033_c008", "congestion_score": 0.0, "transit_departures": 0.0, "target_count": 0.0, "employment_jobs": 0.0}, "geometry": {"type": "Polygon", "coordinates": [[[-122.40640403108708, 47.62922134387352], [-122.39974203497296, 47.62922134387352], [-122.39974203497296, 47.633712899748474], [-122.40640403108708, 47.633712899748474], [-122.40640403108708, 47.62922134387352]]]}}, {"type": "Feature", "properties": {"cell_id": "r033_c009", "congestion_score": 0.0, "transit_departures": 0.0, "target_count": 0.0, "employment_jobs": 0.0}, "geometry": {"type": "Polygon", "coordinates": [[[-122.39974203497297, 47.62922134387352], [-122.39308003885886, 47.62922134387352], [-122.39308003885886, 47.633712899748474], [-122.39974203497297, 47.633712899748474], [-122.39974203497297, 47.62922134387352]]]}}, {"type": "Feature", "properties": {"cell_id": "r033_c010", "congestion_score": 0.0, "transit_departures": 0.0, "target_count": 0.0, "employment_jobs": 0.0}, "geometry": {"type": "Polygon", "coordinates": [[[-122.39308003885886, 47.62922134387352], [-122.38641804274474, 47.62922134387352], [-122.38641804274474, 47.633712899748474], [-122.39308003885886, 47.633712899748474], [-122.39308003885886, 47.62922134387352]]]}}, {"type": "Feature", "properties": {"cell_id": "r033_c011", "congestion_score": 0.0, "transit_departures": 0.0, "target_count": 0.0, "employment_jobs": 0.0}, "geometry": {"type": "Polygon", "coordinates": [[[-122.38641804274474, 47.62922134387352], [-122.37975604663062, 47.62922134387352], [-122.37975604663062, 47.633712899748474], [-122.38641804274474, 47.633712899748474], [-122.38641804274474, 47.62922134387352]]]}}, {"type": "Feature", "properties": {"cell_id": "r033_c012", "congestion_score": 0.0, "transit_departures": 0.0, "target_count": 0.0, "employment_jobs": 0.0}, "geometry": {"type": "Polygon", "coordinates": [[[-122.37975604663062, 47.62922134387352], [-122.3730940505165, 47.62922134387352], [-122.3730940505165, 47.633712899748474], [-122.37975604663062, 47.633712899748474], [-122.37975604663062, 47.62922134387352]]]}}, {"type": "Feature", "properties": {"cell_id": "r033_c013", "congestion_score": 0.0, "transit_departures": 0.0, "target_count": 0.0, "employment_jobs": 0.0}, "geometry": {"type": "Polygon", "coordinates": [[[-122.37309405051651, 47.62922134387352], [-122.3664320544024, 47.62922134387352], [-122.3664320544024, 47.633712899748474], [-122.37309405051651, 47.633712899748474], [-122.37309405051651, 47.62922134387352]]]}}, {"type": "Feature", "properties": {"cell_id": "r033_c014", "congestion_score": 0.0, "transit_departures": 0.0, "target_count": 0.0, "employment_jobs": 0.0}, "geometry": {"type": "Polygon", "coordinates": [[[-122.3664320544024, 47.62922134387352], [-122.35977005828828, 47.62922134387352], [-122.35977005828828, 47.633712899748474], [-122.3664320544024, 47.633712899748474], [-122.3664320544024, 47.62922134387352]]]}}, {"type": "Feature", "properties": {"cell_id": "r033_c015", "congestion_score": 0.0, "transit_departures": 0.0, "target_count": 0.0, "employment_jobs": 0.0}, "geometry": {"type": "Polygon", "coordinates": [[[-122.35977005828828, 47.62922134387352], [-122.35310806217416, 47.62922134387352], [-122.35310806217416, 47.633712899748474], [-122.35977005828828, 47.633712899748474], [-122.35977005828828, 47.62922134387352]]]}}, {"type": "Feature", "properties": {"cell_id": "r033_c016", "congestion_score": 0.0, "transit_departures": 0.0, "target_count": 0.0, "employment_jobs": 0.0}, "geometry": {"type": "Polygon", "coordinates": [[[-122.35310806217417, 47.62922134387352], [-122.34644606606005, 47.62922134387352], [-122.34644606606005, 47.633712899748474], [-122.35310806217417, 47.633712899748474], [-122.35310806217417, 47.62922134387352]]]}}, {"type": "Feature", "properties": {"cell_id": "r033_c017", "congestion_score": 0.0, "transit_departures": 0.0, "target_count": 0.0, "employment_jobs": 0.0}, "geometry": {"type": "Polygon", "coordinates": [[[-122.34644606606005, 47.62922134387352], [-122.33978406994594, 47.62922134387352], [-122.33978406994594, 47.633712899748474], [-122.34644606606005, 47.633712899748474], [-122.34644606606005, 47.62922134387352]]]}}, {"type": "Feature", "properties": {"cell_id": "r033_c018", "congestion_score": 0.0, "transit_departures": 0.0, "target_count": 0.0, "employment_jobs": 0.0}, "geometry": {"type": "Polygon", "coordinates": [[[-122.33978406994594, 47.62922134387352], [-122.33312207383182, 47.62922134387352], [-122.33312207383182, 47.633712899748474], [-122.33978406994594, 47.633712899748474], [-122.33978406994594, 47.62922134387352]]]}}, {"type": "Feature", "properties": {"cell_id": "r033_c019", "congestion_score": 0.0, "transit_departures": 0.0, "target_count": 0.0, "employment_jobs": 0.0}, "geometry": {"type": "Polygon", "coordinates": [[[-122.33312207383182, 47.62922134387352], [-122.3264600777177, 47.62922134387352], [-122.3264600777177, 47.633712899748474], [-122.33312207383182, 47.633712899748474], [-122.33312207383182, 47.62922134387352]]]}}, {"type": "Feature", "properties": {"cell_id": "r033_c020", "congestion_score": 0.0, "transit_departures": 0.0, "target_count": 0.0, "employment_jobs": 0.0}, "geometry": {"type": "Polygon", "coordinates": [[[-122.32646007771771, 47.62922134387352], [-122.3197980816036, 47.62922134387352], [-122.3197980816036, 47.633712899748474], [-122.32646007771771, 47.633712899748474], [-122.32646007771771, 47.62922134387352]]]}}, {"type": "Feature", "properties": {"cell_id": "r033_c021", "congestion_score": 0.0, "transit_departures": 0.0, "target_count": 0.0, "employment_jobs": 0.0}, "geometry": {"type": "Polygon", "coordinates": [[[-122.3197980816036, 47.62922134387352], [-122.31313608548948, 47.62922134387352], [-122.31313608548948, 47.633712899748474], [-122.3197980816036, 47.633712899748474], [-122.3197980816036, 47.62922134387352]]]}}, {"type": "Feature", "properties": {"cell_id": "r033_c022", "congestion_score": 0.0, "transit_departures": 0.0, "target_count": 0.0, "employment_jobs": 0.0}, "geometry": {"type": "Polygon", "coordinates": [[[-122.31313608548948, 47.62922134387352], [-122.30647408937536, 47.62922134387352], [-122.30647408937536, 47.633712899748474], [-122.31313608548948, 47.633712899748474], [-122.31313608548948, 47.62922134387352]]]}}, {"type": "Feature", "properties": {"cell_id": "r033_c023", "congestion_score": 0.0, "transit_departures": 0.0, "target_count": 0.0, "employment_jobs": 0.0}, "geometry": {"type": "Polygon", "coordinates": [[[-122.30647408937537, 47.62922134387352], [-122.29981209326125, 47.62922134387352], [-122.29981209326125, 47.633712899748474], [-122.30647408937537, 47.633712899748474], [-122.30647408937537, 47.62922134387352]]]}}, {"type": "Feature", "properties": {"cell_id": "r033_c024", "congestion_score": 0.0, "transit_departures": 0.0, "target_count": 0.0, "employment_jobs": 0.0}, "geometry": {"type": "Polygon", "coordinates": [[[-122.29981209326125, 47.62922134387352], [-122.29315009714713, 47.62922134387352], [-122.29315009714713, 47.633712899748474], [-122.29981209326125, 47.633712899748474], [-122.29981209326125, 47.62922134387352]]]}}, {"type": "Feature", "properties": {"cell_id": "r033_c025", "congestion_score": 0.0, "transit_departures": 0.0, "target_count": 0.0, "employment_jobs": 0.0}, "geometry": {"type": "Polygon", "coordinates": [[[-122.29315009714713, 47.62922134387352], [-122.28648810103302, 47.62922134387352], [-122.28648810103302, 47.633712899748474], [-122.29315009714713, 47.633712899748474], [-122.29315009714713, 47.62922134387352]]]}}, {"type": "Feature", "properties": {"cell_id": "r033_c026", "congestion_score": 0.0, "transit_departures": 0.0, "target_count": 0.0, "employment_jobs": 0.0}, "geometry": {"type": "Polygon", "coordinates": [[[-122.28648810103302, 47.62922134387352], [-122.2798261049189, 47.62922134387352], [-122.2798261049189, 47.633712899748474], [-122.28648810103302, 47.633712899748474], [-122.28648810103302, 47.62922134387352]]]}}, {"type": "Feature", "properties": {"cell_id": "r033_c027", "congestion_score": 0.0, "transit_departures": 0.0, "target_count": 0.0, "employment_jobs": 0.0}, "geometry": {"type": "Polygon", "coordinates": [[[-122.27982610491891, 47.62922134387352], [-122.27316410880479, 47.62922134387352], [-122.27316410880479, 47.633712899748474], [-122.27982610491891, 47.633712899748474], [-122.27982610491891, 47.62922134387352]]]}}, {"type": "Feature", "properties": {"cell_id": "r033_c028", "congestion_score": 0.0, "transit_departures": 0.0, "target_count": 0.0, "employment_jobs": 0.0}, "geometry": {"type": "Polygon", "coordinates": [[[-122.27316410880479, 47.62922134387352], [-122.26650211269067, 47.62922134387352], [-122.26650211269067, 47.633712899748474], [-122.27316410880479, 47.633712899748474], [-122.27316410880479, 47.62922134387352]]]}}, {"type": "Feature", "properties": {"cell_id": "r033_c029", "congestion_score": 0.0, "transit_departures": 0.0, "target_count": 0.0, "employment_jobs": 0.0}, "geometry": {"type": "Polygon", "coordinates": [[[-122.26650211269067, 47.62922134387352], [-122.25984011657656, 47.62922134387352], [-122.25984011657656, 47.633712899748474], [-122.26650211269067, 47.633712899748474], [-122.26650211269067, 47.62922134387352]]]}}, {"type": "Feature", "properties": {"cell_id": "r033_c030", "congestion_score": 0.0, "transit_departures": 0.0, "target_count": 0.0, "employment_jobs": 0.0}, "geometry": {"type": "Polygon", "coordinates": [[[-122.25984011657657, 47.62922134387352], [-122.25317812046245, 47.62922134387352], [-122.25317812046245, 47.633712899748474], [-122.25984011657657, 47.633712899748474], [-122.25984011657657, 47.62922134387352]]]}}, {"type": "Feature", "properties": {"cell_id": "r033_c031", "congestion_score": 0.0, "transit_departures": 0.0, "target_count": 0.0, "employment_jobs": 0.0}, "geometry": {"type": "Polygon", "coordinates": [[[-122.25317812046245, 47.62922134387352], [-122.24651612434833, 47.62922134387352], [-122.24651612434833, 47.633712899748474], [-122.25317812046245, 47.633712899748474], [-122.25317812046245, 47.62922134387352]]]}}, {"type": "Feature", "properties": {"cell_id": "r033_c032", "congestion_score": 0.0, "transit_departures": 0.0, "target_count": 0.0, "employment_jobs": 0.0}, "geometry": {"type": "Polygon", "coordinates": [[[-122.24651612434833, 47.62922134387352], [-122.23985412823421, 47.62922134387352], [-122.23985412823421, 47.633712899748474], [-122.24651612434833, 47.633712899748474], [-122.24651612434833, 47.62922134387352]]]}}, {"type": "Feature", "properties": {"cell_id": "r033_c033", "congestion_score": 0.0, "transit_departures": 0.0, "target_count": 0.0, "employment_jobs": 0.0}, "geometry": {"type": "Polygon", "coordinates": [[[-122.23985412823421, 47.62922134387352], [-122.2331921321201, 47.62922134387352], [-122.2331921321201, 47.633712899748474], [-122.23985412823421, 47.633712899748474], [-122.23985412823421, 47.62922134387352]]]}}, {"type": "Feature", "properties": {"cell_id": "r033_c034", "congestion_score": 0.0, "transit_departures": 0.0, "target_count": 0.0, "employment_jobs": 0.0}, "geometry": {"type": "Polygon", "coordinates": [[[-122.23319213212011, 47.62922134387352], [-122.22653013600599, 47.62922134387352], [-122.22653013600599, 47.633712899748474], [-122.23319213212011, 47.633712899748474], [-122.23319213212011, 47.62922134387352]]]}}, {"type": "Feature", "properties": {"cell_id": "r033_c035", "congestion_score": 0.0, "transit_departures": 0.0, "target_count": 0.0, "employment_jobs": 0.0}, "geometry": {"type": "Polygon", "coordinates": [[[-122.22653013600599, 47.62922134387352], [-122.2244, 47.62922134387352], [-122.2244, 47.633712899748474], [-122.22653013600599, 47.633712899748474], [-122.22653013600599, 47.62922134387352]]]}}, {"type": "Feature", "properties": {"cell_id": "r034_c000", "congestion_score": 0.0, "transit_departures": 0.0, "target_count": 0.0, "employment_jobs": 0.0}, "geometry": {"type": "Polygon", "coordinates": [[[-122.4597, 47.633712899748474], [-122.45303800388588, 47.633712899748474], [-122.45303800388588, 47.63820445562343], [-122.4597, 47.63820445562343], [-122.4597, 47.633712899748474]]]}}, {"type": "Feature", "properties": {"cell_id": "r034_c001", "congestion_score": 0.0, "transit_departures": 0.0, "target_count": 0.0, "employment_jobs": 0.0}, "geometry": {"type": "Polygon", "coordinates": [[[-122.45303800388588, 47.633712899748474], [-122.44637600777176, 47.633712899748474], [-122.44637600777176, 47.63820445562343], [-122.45303800388588, 47.63820445562343], [-122.45303800388588, 47.633712899748474]]]}}, {"type": "Feature", "properties": {"cell_id": "r034_c002", "congestion_score": 0.0, "transit_departures": 0.0, "target_count": 0.0, "employment_jobs": 0.0}, "geometry": {"type": "Polygon", "coordinates": [[[-122.44637600777178, 47.633712899748474], [-122.43971401165766, 47.633712899748474], [-122.43971401165766, 47.63820445562343], [-122.44637600777178, 47.63820445562343], [-122.44637600777178, 47.633712899748474]]]}}, {"type": "Feature", "properties": {"cell_id": "r034_c003", "congestion_score": 0.0, "transit_departures": 0.0, "target_count": 0.0, "employment_jobs": 0.0}, "geometry": {"type": "Polygon", "coordinates": [[[-122.43971401165766, 47.633712899748474], [-122.43305201554354, 47.633712899748474], [-122.43305201554354, 47.63820445562343], [-122.43971401165766, 47.63820445562343], [-122.43971401165766, 47.633712899748474]]]}}, {"type": "Feature", "properties": {"cell_id": "r034_c004", "congestion_score": 0.0, "transit_departures": 0.0, "target_count": 0.0, "employment_jobs": 0.0}, "geometry": {"type": "Polygon", "coordinates": [[[-122.43305201554354, 47.633712899748474], [-122.42639001942942, 47.633712899748474], [-122.42639001942942, 47.63820445562343], [-122.43305201554354, 47.63820445562343], [-122.43305201554354, 47.633712899748474]]]}}, {"type": "Feature", "properties": {"cell_id": "r034_c005", "congestion_score": 0.0, "transit_departures": 0.0, "target_count": 0.0, "employment_jobs": 0.0}, "geometry": {"type": "Polygon", "coordinates": [[[-122.42639001942942, 47.633712899748474], [-122.4197280233153, 47.633712899748474], [-122.4197280233153, 47.63820445562343], [-122.42639001942942, 47.63820445562343], [-122.42639001942942, 47.633712899748474]]]}}, {"type": "Feature", "properties": {"cell_id": "r034_c006", "congestion_score": 0.0, "transit_departures": 0.0, "target_count": 0.0, "employment_jobs": 0.0}, "geometry": {"type": "Polygon", "coordinates": [[[-122.41972802331532, 47.633712899748474], [-122.4130660272012, 47.633712899748474], [-122.4130660272012, 47.63820445562343], [-122.41972802331532, 47.63820445562343], [-122.41972802331532, 47.633712899748474]]]}}, {"type": "Feature", "properties": {"cell_id": "r034_c007", "congestion_score": 0.0, "transit_departures": 0.0, "target_count": 0.0, "employment_jobs": 0.0}, "geometry": {"type": "Polygon", "coordinates": [[[-122.4130660272012, 47.633712899748474], [-122.40640403108708, 47.633712899748474], [-122.40640403108708, 47.63820445562343], [-122.4130660272012, 47.63820445562343], [-122.4130660272012, 47.633712899748474]]]}}, {"type": "Feature", "properties": {"cell_id": "r034_c008", "congestion_score": 0.0, "transit_departures": 0.0, "target_count": 0.0, "employment_jobs": 0.0}, "geometry": {"type": "Polygon", "coordinates": [[[-122.40640403108708, 47.633712899748474], [-122.39974203497296, 47.633712899748474], [-122.39974203497296, 47.63820445562343], [-122.40640403108708, 47.63820445562343], [-122.40640403108708, 47.633712899748474]]]}}, {"type": "Feature", "properties": {"cell_id": "r034_c009", "congestion_score": 0.0, "transit_departures": 0.0, "target_count": 0.0, "employment_jobs": 0.0}, "geometry": {"type": "Polygon", "coordinates": [[[-122.39974203497297, 47.633712899748474], [-122.39308003885886, 47.633712899748474], [-122.39308003885886, 47.63820445562343], [-122.39974203497297, 47.63820445562343], [-122.39974203497297, 47.633712899748474]]]}}, {"type": "Feature", "properties": {"cell_id": "r034_c010", "congestion_score": 0.0, "transit_departures": 0.0, "target_count": 0.0, "employment_jobs": 0.0}, "geometry": {"type": "Polygon", "coordinates": [[[-122.39308003885886, 47.633712899748474], [-122.38641804274474, 47.633712899748474], [-122.38641804274474, 47.63820445562343], [-122.39308003885886, 47.63820445562343], [-122.39308003885886, 47.633712899748474]]]}}, {"type": "Feature", "properties": {"cell_id": "r034_c011", "congestion_score": 0.0, "transit_departures": 0.0, "target_count": 0.0, "employment_jobs": 0.0}, "geometry": {"type": "Polygon", "coordinates": [[[-122.38641804274474, 47.633712899748474], [-122.37975604663062, 47.633712899748474], [-122.37975604663062, 47.63820445562343], [-122.38641804274474, 47.63820445562343], [-122.38641804274474, 47.633712899748474]]]}}, {"type": "Feature", "properties": {"cell_id": "r034_c012", "congestion_score": 0.0, "transit_departures": 0.0, "target_count": 0.0, "employment_jobs": 0.0}, "geometry": {"type": "Polygon", "coordinates": [[[-122.37975604663062, 47.633712899748474], [-122.3730940505165, 47.633712899748474], [-122.3730940505165, 47.63820445562343], [-122.37975604663062, 47.63820445562343], [-122.37975604663062, 47.633712899748474]]]}}, {"type": "Feature", "properties": {"cell_id": "r034_c013", "congestion_score": 0.0, "transit_departures": 0.0, "target_count": 0.0, "employment_jobs": 0.0}, "geometry": {"type": "Polygon", "coordinates": [[[-122.37309405051651, 47.633712899748474], [-122.3664320544024, 47.633712899748474], [-122.3664320544024, 47.63820445562343], [-122.37309405051651, 47.63820445562343], [-122.37309405051651, 47.633712899748474]]]}}, {"type": "Feature", "properties": {"cell_id": "r034_c014", "congestion_score": 0.0, "transit_departures": 0.0, "target_count": 0.0, "employment_jobs": 0.0}, "geometry": {"type": "Polygon", "coordinates": [[[-122.3664320544024, 47.633712899748474], [-122.35977005828828, 47.633712899748474], [-122.35977005828828, 47.63820445562343], [-122.3664320544024, 47.63820445562343], [-122.3664320544024, 47.633712899748474]]]}}, {"type": "Feature", "properties": {"cell_id": "r034_c015", "congestion_score": 0.0, "transit_departures": 0.0, "target_count": 0.0, "employment_jobs": 0.0}, "geometry": {"type": "Polygon", "coordinates": [[[-122.35977005828828, 47.633712899748474], [-122.35310806217416, 47.633712899748474], [-122.35310806217416, 47.63820445562343], [-122.35977005828828, 47.63820445562343], [-122.35977005828828, 47.633712899748474]]]}}, {"type": "Feature", "properties": {"cell_id": "r034_c016", "congestion_score": 0.0, "transit_departures": 0.0, "target_count": 0.0, "employment_jobs": 0.0}, "geometry": {"type": "Polygon", "coordinates": [[[-122.35310806217417, 47.633712899748474], [-122.34644606606005, 47.633712899748474], [-122.34644606606005, 47.63820445562343], [-122.35310806217417, 47.63820445562343], [-122.35310806217417, 47.633712899748474]]]}}, {"type": "Feature", "properties": {"cell_id": "r034_c017", "congestion_score": 0.0, "transit_departures": 0.0, "target_count": 0.0, "employment_jobs": 0.0}, "geometry": {"type": "Polygon", "coordinates": [[[-122.34644606606005, 47.633712899748474], [-122.33978406994594, 47.633712899748474], [-122.33978406994594, 47.63820445562343], [-122.34644606606005, 47.63820445562343], [-122.34644606606005, 47.633712899748474]]]}}, {"type": "Feature", "properties": {"cell_id": "r034_c018", "congestion_score": 0.0, "transit_departures": 0.0, "target_count": 0.0, "employment_jobs": 0.0}, "geometry": {"type": "Polygon", "coordinates": [[[-122.33978406994594, 47.633712899748474], [-122.33312207383182, 47.633712899748474], [-122.33312207383182, 47.63820445562343], [-122.33978406994594, 47.63820445562343], [-122.33978406994594, 47.633712899748474]]]}}, {"type": "Feature", "properties": {"cell_id": "r034_c019", "congestion_score": 0.0, "transit_departures": 0.0, "target_count": 0.0, "employment_jobs": 0.0}, "geometry": {"type": "Polygon", "coordinates": [[[-122.33312207383182, 47.633712899748474], [-122.3264600777177, 47.633712899748474], [-122.3264600777177, 47.63820445562343], [-122.33312207383182, 47.63820445562343], [-122.33312207383182, 47.633712899748474]]]}}, {"type": "Feature", "properties": {"cell_id": "r034_c020", "congestion_score": 0.0, "transit_departures": 0.0, "target_count": 0.0, "employment_jobs": 0.0}, "geometry": {"type": "Polygon", "coordinates": [[[-122.32646007771771, 47.633712899748474], [-122.3197980816036, 47.633712899748474], [-122.3197980816036, 47.63820445562343], [-122.32646007771771, 47.63820445562343], [-122.32646007771771, 47.633712899748474]]]}}, {"type": "Feature", "properties": {"cell_id": "r034_c021", "congestion_score": 0.0, "transit_departures": 0.0, "target_count": 0.0, "employment_jobs": 0.0}, "geometry": {"type": "Polygon", "coordinates": [[[-122.3197980816036, 47.633712899748474], [-122.31313608548948, 47.633712899748474], [-122.31313608548948, 47.63820445562343], [-122.3197980816036, 47.63820445562343], [-122.3197980816036, 47.633712899748474]]]}}, {"type": "Feature", "properties": {"cell_id": "r034_c022", "congestion_score": 0.0, "transit_departures": 0.0, "target_count": 0.0, "employment_jobs": 0.0}, "geometry": {"type": "Polygon", "coordinates": [[[-122.31313608548948, 47.633712899748474], [-122.30647408937536, 47.633712899748474], [-122.30647408937536, 47.63820445562343], [-122.31313608548948, 47.63820445562343], [-122.31313608548948, 47.633712899748474]]]}}, {"type": "Feature", "properties": {"cell_id": "r034_c023", "congestion_score": 0.0, "transit_departures": 0.0, "target_count": 0.0, "employment_jobs": 0.0}, "geometry": {"type": "Polygon", "coordinates": [[[-122.30647408937537, 47.633712899748474], [-122.29981209326125, 47.633712899748474], [-122.29981209326125, 47.63820445562343], [-122.30647408937537, 47.63820445562343], [-122.30647408937537, 47.633712899748474]]]}}, {"type": "Feature", "properties": {"cell_id": "r034_c024", "congestion_score": 0.0, "transit_departures": 0.0, "target_count": 0.0, "employment_jobs": 0.0}, "geometry": {"type": "Polygon", "coordinates": [[[-122.29981209326125, 47.633712899748474], [-122.29315009714713, 47.633712899748474], [-122.29315009714713, 47.63820445562343], [-122.29981209326125, 47.63820445562343], [-122.29981209326125, 47.633712899748474]]]}}, {"type": "Feature", "properties": {"cell_id": "r034_c025", "congestion_score": 0.0, "transit_departures": 0.0, "target_count": 0.0, "employment_jobs": 0.0}, "geometry": {"type": "Polygon", "coordinates": [[[-122.29315009714713, 47.633712899748474], [-122.28648810103302, 47.633712899748474], [-122.28648810103302, 47.63820445562343], [-122.29315009714713, 47.63820445562343], [-122.29315009714713, 47.633712899748474]]]}}, {"type": "Feature", "properties": {"cell_id": "r034_c026", "congestion_score": 0.0, "transit_departures": 0.0, "target_count": 0.0, "employment_jobs": 0.0}, "geometry": {"type": "Polygon", "coordinates": [[[-122.28648810103302, 47.633712899748474], [-122.2798261049189, 47.633712899748474], [-122.2798261049189, 47.63820445562343], [-122.28648810103302, 47.63820445562343], [-122.28648810103302, 47.633712899748474]]]}}, {"type": "Feature", "properties": {"cell_id": "r034_c027", "congestion_score": 0.0, "transit_departures": 0.0, "target_count": 0.0, "employment_jobs": 0.0}, "geometry": {"type": "Polygon", "coordinates": [[[-122.27982610491891, 47.633712899748474], [-122.27316410880479, 47.633712899748474], [-122.27316410880479, 47.63820445562343], [-122.27982610491891, 47.63820445562343], [-122.27982610491891, 47.633712899748474]]]}}, {"type": "Feature", "properties": {"cell_id": "r034_c028", "congestion_score": 0.0, "transit_departures": 0.0, "target_count": 0.0, "employment_jobs": 0.0}, "geometry": {"type": "Polygon", "coordinates": [[[-122.27316410880479, 47.633712899748474], [-122.26650211269067, 47.633712899748474], [-122.26650211269067, 47.63820445562343], [-122.27316410880479, 47.63820445562343], [-122.27316410880479, 47.633712899748474]]]}}, {"type": "Feature", "properties": {"cell_id": "r034_c029", "congestion_score": 0.0, "transit_departures": 0.0, "target_count": 0.0, "employment_jobs": 0.0}, "geometry": {"type": "Polygon", "coordinates": [[[-122.26650211269067, 47.633712899748474], [-122.25984011657656, 47.633712899748474], [-122.25984011657656, 47.63820445562343], [-122.26650211269067, 47.63820445562343], [-122.26650211269067, 47.633712899748474]]]}}, {"type": "Feature", "properties": {"cell_id": "r034_c030", "congestion_score": 0.0, "transit_departures": 0.0, "target_count": 0.0, "employment_jobs": 0.0}, "geometry": {"type": "Polygon", "coordinates": [[[-122.25984011657657, 47.633712899748474], [-122.25317812046245, 47.633712899748474], [-122.25317812046245, 47.63820445562343], [-122.25984011657657, 47.63820445562343], [-122.25984011657657, 47.633712899748474]]]}}, {"type": "Feature", "properties": {"cell_id": "r034_c031", "congestion_score": 0.0, "transit_departures": 0.0, "target_count": 0.0, "employment_jobs": 0.0}, "geometry": {"type": "Polygon", "coordinates": [[[-122.25317812046245, 47.633712899748474], [-122.24651612434833, 47.633712899748474], [-122.24651612434833, 47.63820445562343], [-122.25317812046245, 47.63820445562343], [-122.25317812046245, 47.633712899748474]]]}}, {"type": "Feature", "properties": {"cell_id": "r034_c032", "congestion_score": 0.0, "transit_departures": 0.0, "target_count": 0.0, "employment_jobs": 0.0}, "geometry": {"type": "Polygon", "coordinates": [[[-122.24651612434833, 47.633712899748474], [-122.23985412823421, 47.633712899748474], [-122.23985412823421, 47.63820445562343], [-122.24651612434833, 47.63820445562343], [-122.24651612434833, 47.633712899748474]]]}}, {"type": "Feature", "properties": {"cell_id": "r034_c033", "congestion_score": 0.0, "transit_departures": 0.0, "target_count": 0.0, "employment_jobs": 0.0}, "geometry": {"type": "Polygon", "coordinates": [[[-122.23985412823421, 47.633712899748474], [-122.2331921321201, 47.633712899748474], [-122.2331921321201, 47.63820445562343], [-122.23985412823421, 47.63820445562343], [-122.23985412823421, 47.633712899748474]]]}}, {"type": "Feature", "properties": {"cell_id": "r034_c034", "congestion_score": 0.0, "transit_departures": 0.0, "target_count": 0.0, "employment_jobs": 0.0}, "geometry": {"type": "Polygon", "coordinates": [[[-122.23319213212011, 47.633712899748474], [-122.22653013600599, 47.633712899748474], [-122.22653013600599, 47.63820445562343], [-122.23319213212011, 47.63820445562343], [-122.23319213212011, 47.633712899748474]]]}}, {"type": "Feature", "properties": {"cell_id": "r034_c035", "congestion_score": 0.0, "transit_departures": 0.0, "target_count": 0.0, "employment_jobs": 0.0}, "geometry": {"type": "Polygon", "coordinates": [[[-122.22653013600599, 47.633712899748474], [-122.2244, 47.633712899748474], [-122.2244, 47.63820445562343], [-122.22653013600599, 47.63820445562343], [-122.22653013600599, 47.633712899748474]]]}}, {"type": "Feature", "properties": {"cell_id": "r035_c000", "congestion_score": 0.0, "transit_departures": 0.0, "target_count": 0.0, "employment_jobs": 0.0}, "geometry": {"type": "Polygon", "coordinates": [[[-122.4597, 47.63820445562343], [-122.45303800388588, 47.63820445562343], [-122.45303800388588, 47.64269601149839], [-122.4597, 47.64269601149839], [-122.4597, 47.63820445562343]]]}}, {"type": "Feature", "properties": {"cell_id": "r035_c001", "congestion_score": 0.0, "transit_departures": 0.0, "target_count": 0.0, "employment_jobs": 0.0}, "geometry": {"type": "Polygon", "coordinates": [[[-122.45303800388588, 47.63820445562343], [-122.44637600777176, 47.63820445562343], [-122.44637600777176, 47.64269601149839], [-122.45303800388588, 47.64269601149839], [-122.45303800388588, 47.63820445562343]]]}}, {"type": "Feature", "properties": {"cell_id": "r035_c002", "congestion_score": 0.0, "transit_departures": 0.0, "target_count": 0.0, "employment_jobs": 0.0}, "geometry": {"type": "Polygon", "coordinates": [[[-122.44637600777178, 47.63820445562343], [-122.43971401165766, 47.63820445562343], [-122.43971401165766, 47.64269601149839], [-122.44637600777178, 47.64269601149839], [-122.44637600777178, 47.63820445562343]]]}}, {"type": "Feature", "properties": {"cell_id": "r035_c003", "congestion_score": 0.0, "transit_departures": 0.0, "target_count": 0.0, "employment_jobs": 0.0}, "geometry": {"type": "Polygon", "coordinates": [[[-122.43971401165766, 47.63820445562343], [-122.43305201554354, 47.63820445562343], [-122.43305201554354, 47.64269601149839], [-122.43971401165766, 47.64269601149839], [-122.43971401165766, 47.63820445562343]]]}}, {"type": "Feature", "properties": {"cell_id": "r035_c004", "congestion_score": 0.0, "transit_departures": 0.0, "target_count": 0.0, "employment_jobs": 0.0}, "geometry": {"type": "Polygon", "coordinates": [[[-122.43305201554354, 47.63820445562343], [-122.42639001942942, 47.63820445562343], [-122.42639001942942, 47.64269601149839], [-122.43305201554354, 47.64269601149839], [-122.43305201554354, 47.63820445562343]]]}}, {"type": "Feature", "properties": {"cell_id": "r035_c005", "congestion_score": 0.0, "transit_departures": 0.0, "target_count": 0.0, "employment_jobs": 0.0}, "geometry": {"type": "Polygon", "coordinates": [[[-122.42639001942942, 47.63820445562343], [-122.4197280233153, 47.63820445562343], [-122.4197280233153, 47.64269601149839], [-122.42639001942942, 47.64269601149839], [-122.42639001942942, 47.63820445562343]]]}}, {"type": "Feature", "properties": {"cell_id": "r035_c006", "congestion_score": 0.0, "transit_departures": 0.0, "target_count": 0.0, "employment_jobs": 0.0}, "geometry": {"type": "Polygon", "coordinates": [[[-122.41972802331532, 47.63820445562343], [-122.4130660272012, 47.63820445562343], [-122.4130660272012, 47.64269601149839], [-122.41972802331532, 47.64269601149839], [-122.41972802331532, 47.63820445562343]]]}}, {"type": "Feature", "properties": {"cell_id": "r035_c007", "congestion_score": 0.0, "transit_departures": 0.0, "target_count": 0.0, "employment_jobs": 0.0}, "geometry": {"type": "Polygon", "coordinates": [[[-122.4130660272012, 47.63820445562343], [-122.40640403108708, 47.63820445562343], [-122.40640403108708, 47.64269601149839], [-122.4130660272012, 47.64269601149839], [-122.4130660272012, 47.63820445562343]]]}}, {"type": "Feature", "properties": {"cell_id": "r035_c008", "congestion_score": 0.0, "transit_departures": 0.0, "target_count": 0.0, "employment_jobs": 0.0}, "geometry": {"type": "Polygon", "coordinates": [[[-122.40640403108708, 47.63820445562343], [-122.39974203497296, 47.63820445562343], [-122.39974203497296, 47.64269601149839], [-122.40640403108708, 47.64269601149839], [-122.40640403108708, 47.63820445562343]]]}}, {"type": "Feature", "properties": {"cell_id": "r035_c009", "congestion_score": 0.0, "transit_departures": 0.0, "target_count": 0.0, "employment_jobs": 0.0}, "geometry": {"type": "Polygon", "coordinates": [[[-122.39974203497297, 47.63820445562343], [-122.39308003885886, 47.63820445562343], [-122.39308003885886, 47.64269601149839], [-122.39974203497297, 47.64269601149839], [-122.39974203497297, 47.63820445562343]]]}}, {"type": "Feature", "properties": {"cell_id": "r035_c010", "congestion_score": 0.0, "transit_departures": 0.0, "target_count": 0.0, "employment_jobs": 0.0}, "geometry": {"type": "Polygon", "coordinates": [[[-122.39308003885886, 47.63820445562343], [-122.38641804274474, 47.63820445562343], [-122.38641804274474, 47.64269601149839], [-122.39308003885886, 47.64269601149839], [-122.39308003885886, 47.63820445562343]]]}}, {"type": "Feature", "properties": {"cell_id": "r035_c011", "congestion_score": 0.0, "transit_departures": 0.0, "target_count": 0.0, "employment_jobs": 0.0}, "geometry": {"type": "Polygon", "coordinates": [[[-122.38641804274474, 47.63820445562343], [-122.37975604663062, 47.63820445562343], [-122.37975604663062, 47.64269601149839], [-122.38641804274474, 47.64269601149839], [-122.38641804274474, 47.63820445562343]]]}}, {"type": "Feature", "properties": {"cell_id": "r035_c012", "congestion_score": 0.0, "transit_departures": 0.0, "target_count": 0.0, "employment_jobs": 0.0}, "geometry": {"type": "Polygon", "coordinates": [[[-122.37975604663062, 47.63820445562343], [-122.3730940505165, 47.63820445562343], [-122.3730940505165, 47.64269601149839], [-122.37975604663062, 47.64269601149839], [-122.37975604663062, 47.63820445562343]]]}}, {"type": "Feature", "properties": {"cell_id": "r035_c013", "congestion_score": 0.0, "transit_departures": 0.0, "target_count": 0.0, "employment_jobs": 0.0}, "geometry": {"type": "Polygon", "coordinates": [[[-122.37309405051651, 47.63820445562343], [-122.3664320544024, 47.63820445562343], [-122.3664320544024, 47.64269601149839], [-122.37309405051651, 47.64269601149839], [-122.37309405051651, 47.63820445562343]]]}}, {"type": "Feature", "properties": {"cell_id": "r035_c014", "congestion_score": 0.0, "transit_departures": 0.0, "target_count": 0.0, "employment_jobs": 0.0}, "geometry": {"type": "Polygon", "coordinates": [[[-122.3664320544024, 47.63820445562343], [-122.35977005828828, 47.63820445562343], [-122.35977005828828, 47.64269601149839], [-122.3664320544024, 47.64269601149839], [-122.3664320544024, 47.63820445562343]]]}}, {"type": "Feature", "properties": {"cell_id": "r035_c015", "congestion_score": 0.0, "transit_departures": 0.0, "target_count": 0.0, "employment_jobs": 0.0}, "geometry": {"type": "Polygon", "coordinates": [[[-122.35977005828828, 47.63820445562343], [-122.35310806217416, 47.63820445562343], [-122.35310806217416, 47.64269601149839], [-122.35977005828828, 47.64269601149839], [-122.35977005828828, 47.63820445562343]]]}}, {"type": "Feature", "properties": {"cell_id": "r035_c016", "congestion_score": 0.0, "transit_departures": 0.0, "target_count": 0.0, "employment_jobs": 0.0}, "geometry": {"type": "Polygon", "coordinates": [[[-122.35310806217417, 47.63820445562343], [-122.34644606606005, 47.63820445562343], [-122.34644606606005, 47.64269601149839], [-122.35310806217417, 47.64269601149839], [-122.35310806217417, 47.63820445562343]]]}}, {"type": "Feature", "properties": {"cell_id": "r035_c017", "congestion_score": 0.0, "transit_departures": 0.0, "target_count": 0.0, "employment_jobs": 0.0}, "geometry": {"type": "Polygon", "coordinates": [[[-122.34644606606005, 47.63820445562343], [-122.33978406994594, 47.63820445562343], [-122.33978406994594, 47.64269601149839], [-122.34644606606005, 47.64269601149839], [-122.34644606606005, 47.63820445562343]]]}}, {"type": "Feature", "properties": {"cell_id": "r035_c018", "congestion_score": 0.0, "transit_departures": 0.0, "target_count": 0.0, "employment_jobs": 0.0}, "geometry": {"type": "Polygon", "coordinates": [[[-122.33978406994594, 47.63820445562343], [-122.33312207383182, 47.63820445562343], [-122.33312207383182, 47.64269601149839], [-122.33978406994594, 47.64269601149839], [-122.33978406994594, 47.63820445562343]]]}}, {"type": "Feature", "properties": {"cell_id": "r035_c019", "congestion_score": 0.0, "transit_departures": 0.0, "target_count": 0.0, "employment_jobs": 0.0}, "geometry": {"type": "Polygon", "coordinates": [[[-122.33312207383182, 47.63820445562343], [-122.3264600777177, 47.63820445562343], [-122.3264600777177, 47.64269601149839], [-122.33312207383182, 47.64269601149839], [-122.33312207383182, 47.63820445562343]]]}}, {"type": "Feature", "properties": {"cell_id": "r035_c020", "congestion_score": 0.0, "transit_departures": 0.0, "target_count": 0.0, "employment_jobs": 0.0}, "geometry": {"type": "Polygon", "coordinates": [[[-122.32646007771771, 47.63820445562343], [-122.3197980816036, 47.63820445562343], [-122.3197980816036, 47.64269601149839], [-122.32646007771771, 47.64269601149839], [-122.32646007771771, 47.63820445562343]]]}}, {"type": "Feature", "properties": {"cell_id": "r035_c021", "congestion_score": 0.0, "transit_departures": 0.0, "target_count": 0.0, "employment_jobs": 0.0}, "geometry": {"type": "Polygon", "coordinates": [[[-122.3197980816036, 47.63820445562343], [-122.31313608548948, 47.63820445562343], [-122.31313608548948, 47.64269601149839], [-122.3197980816036, 47.64269601149839], [-122.3197980816036, 47.63820445562343]]]}}, {"type": "Feature", "properties": {"cell_id": "r035_c022", "congestion_score": 0.0, "transit_departures": 0.0, "target_count": 0.0, "employment_jobs": 0.0}, "geometry": {"type": "Polygon", "coordinates": [[[-122.31313608548948, 47.63820445562343], [-122.30647408937536, 47.63820445562343], [-122.30647408937536, 47.64269601149839], [-122.31313608548948, 47.64269601149839], [-122.31313608548948, 47.63820445562343]]]}}, {"type": "Feature", "properties": {"cell_id": "r035_c023", "congestion_score": 0.0, "transit_departures": 0.0, "target_count": 0.0, "employment_jobs": 0.0}, "geometry": {"type": "Polygon", "coordinates": [[[-122.30647408937537, 47.63820445562343], [-122.29981209326125, 47.63820445562343], [-122.29981209326125, 47.64269601149839], [-122.30647408937537, 47.64269601149839], [-122.30647408937537, 47.63820445562343]]]}}, {"type": "Feature", "properties": {"cell_id": "r035_c024", "congestion_score": 0.0, "transit_departures": 0.0, "target_count": 0.0, "employment_jobs": 0.0}, "geometry": {"type": "Polygon", "coordinates": [[[-122.29981209326125, 47.63820445562343], [-122.29315009714713, 47.63820445562343], [-122.29315009714713, 47.64269601149839], [-122.29981209326125, 47.64269601149839], [-122.29981209326125, 47.63820445562343]]]}}, {"type": "Feature", "properties": {"cell_id": "r035_c025", "congestion_score": 0.0, "transit_departures": 0.0, "target_count": 0.0, "employment_jobs": 0.0}, "geometry": {"type": "Polygon", "coordinates": [[[-122.29315009714713, 47.63820445562343], [-122.28648810103302, 47.63820445562343], [-122.28648810103302, 47.64269601149839], [-122.29315009714713, 47.64269601149839], [-122.29315009714713, 47.63820445562343]]]}}, {"type": "Feature", "properties": {"cell_id": "r035_c026", "congestion_score": 0.0, "transit_departures": 0.0, "target_count": 0.0, "employment_jobs": 0.0}, "geometry": {"type": "Polygon", "coordinates": [[[-122.28648810103302, 47.63820445562343], [-122.2798261049189, 47.63820445562343], [-122.2798261049189, 47.64269601149839], [-122.28648810103302, 47.64269601149839], [-122.28648810103302, 47.63820445562343]]]}}, {"type": "Feature", "properties": {"cell_id": "r035_c027", "congestion_score": 0.0, "transit_departures": 0.0, "target_count": 0.0, "employment_jobs": 0.0}, "geometry": {"type": "Polygon", "coordinates": [[[-122.27982610491891, 47.63820445562343], [-122.27316410880479, 47.63820445562343], [-122.27316410880479, 47.64269601149839], [-122.27982610491891, 47.64269601149839], [-122.27982610491891, 47.63820445562343]]]}}, {"type": "Feature", "properties": {"cell_id": "r035_c028", "congestion_score": 0.0, "transit_departures": 0.0, "target_count": 0.0, "employment_jobs": 0.0}, "geometry": {"type": "Polygon", "coordinates": [[[-122.27316410880479, 47.63820445562343], [-122.26650211269067, 47.63820445562343], [-122.26650211269067, 47.64269601149839], [-122.27316410880479, 47.64269601149839], [-122.27316410880479, 47.63820445562343]]]}}, {"type": "Feature", "properties": {"cell_id": "r035_c029", "congestion_score": 0.0, "transit_departures": 0.0, "target_count": 0.0, "employment_jobs": 0.0}, "geometry": {"type": "Polygon", "coordinates": [[[-122.26650211269067, 47.63820445562343], [-122.25984011657656, 47.63820445562343], [-122.25984011657656, 47.64269601149839], [-122.26650211269067, 47.64269601149839], [-122.26650211269067, 47.63820445562343]]]}}, {"type": "Feature", "properties": {"cell_id": "r035_c030", "congestion_score": 0.0, "transit_departures": 0.0, "target_count": 0.0, "employment_jobs": 0.0}, "geometry": {"type": "Polygon", "coordinates": [[[-122.25984011657657, 47.63820445562343], [-122.25317812046245, 47.63820445562343], [-122.25317812046245, 47.64269601149839], [-122.25984011657657, 47.64269601149839], [-122.25984011657657, 47.63820445562343]]]}}, {"type": "Feature", "properties": {"cell_id": "r035_c031", "congestion_score": 0.0, "transit_departures": 0.0, "target_count": 0.0, "employment_jobs": 0.0}, "geometry": {"type": "Polygon", "coordinates": [[[-122.25317812046245, 47.63820445562343], [-122.24651612434833, 47.63820445562343], [-122.24651612434833, 47.64269601149839], [-122.25317812046245, 47.64269601149839], [-122.25317812046245, 47.63820445562343]]]}}, {"type": "Feature", "properties": {"cell_id": "r035_c032", "congestion_score": 0.0, "transit_departures": 0.0, "target_count": 0.0, "employment_jobs": 0.0}, "geometry": {"type": "Polygon", "coordinates": [[[-122.24651612434833, 47.63820445562343], [-122.23985412823421, 47.63820445562343], [-122.23985412823421, 47.64269601149839], [-122.24651612434833, 47.64269601149839], [-122.24651612434833, 47.63820445562343]]]}}, {"type": "Feature", "properties": {"cell_id": "r035_c033", "congestion_score": 0.0, "transit_departures": 0.0, "target_count": 0.0, "employment_jobs": 0.0}, "geometry": {"type": "Polygon", "coordinates": [[[-122.23985412823421, 47.63820445562343], [-122.2331921321201, 47.63820445562343], [-122.2331921321201, 47.64269601149839], [-122.23985412823421, 47.64269601149839], [-122.23985412823421, 47.63820445562343]]]}}, {"type": "Feature", "properties": {"cell_id": "r035_c034", "congestion_score": 0.0, "transit_departures": 0.0, "target_count": 0.0, "employment_jobs": 0.0}, "geometry": {"type": "Polygon", "coordinates": [[[-122.23319213212011, 47.63820445562343], [-122.22653013600599, 47.63820445562343], [-122.22653013600599, 47.64269601149839], [-122.23319213212011, 47.64269601149839], [-122.23319213212011, 47.63820445562343]]]}}, {"type": "Feature", "properties": {"cell_id": "r035_c035", "congestion_score": 0.0, "transit_departures": 0.0, "target_count": 0.0, "employment_jobs": 0.0}, "geometry": {"type": "Polygon", "coordinates": [[[-122.22653013600599, 47.63820445562343], [-122.2244, 47.63820445562343], [-122.2244, 47.64269601149839], [-122.22653013600599, 47.64269601149839], [-122.22653013600599, 47.63820445562343]]]}}, {"type": "Feature", "properties": {"cell_id": "r036_c000", "congestion_score": 0.0, "transit_departures": 0.0, "target_count": 0.0, "employment_jobs": 0.0}, "geometry": {"type": "Polygon", "coordinates": [[[-122.4597, 47.64269601149839], [-122.45303800388588, 47.64269601149839], [-122.45303800388588, 47.647187567373344], [-122.4597, 47.647187567373344], [-122.4597, 47.64269601149839]]]}}, {"type": "Feature", "properties": {"cell_id": "r036_c001", "congestion_score": 0.0, "transit_departures": 0.0, "target_count": 0.0, "employment_jobs": 0.0}, "geometry": {"type": "Polygon", "coordinates": [[[-122.45303800388588, 47.64269601149839], [-122.44637600777176, 47.64269601149839], [-122.44637600777176, 47.647187567373344], [-122.45303800388588, 47.647187567373344], [-122.45303800388588, 47.64269601149839]]]}}, {"type": "Feature", "properties": {"cell_id": "r036_c002", "congestion_score": 0.0, "transit_departures": 0.0, "target_count": 0.0, "employment_jobs": 0.0}, "geometry": {"type": "Polygon", "coordinates": [[[-122.44637600777178, 47.64269601149839], [-122.43971401165766, 47.64269601149839], [-122.43971401165766, 47.647187567373344], [-122.44637600777178, 47.647187567373344], [-122.44637600777178, 47.64269601149839]]]}}, {"type": "Feature", "properties": {"cell_id": "r036_c003", "congestion_score": 0.0, "transit_departures": 0.0, "target_count": 0.0, "employment_jobs": 0.0}, "geometry": {"type": "Polygon", "coordinates": [[[-122.43971401165766, 47.64269601149839], [-122.43305201554354, 47.64269601149839], [-122.43305201554354, 47.647187567373344], [-122.43971401165766, 47.647187567373344], [-122.43971401165766, 47.64269601149839]]]}}, {"type": "Feature", "properties": {"cell_id": "r036_c004", "congestion_score": 0.0, "transit_departures": 0.0, "target_count": 0.0, "employment_jobs": 0.0}, "geometry": {"type": "Polygon", "coordinates": [[[-122.43305201554354, 47.64269601149839], [-122.42639001942942, 47.64269601149839], [-122.42639001942942, 47.647187567373344], [-122.43305201554354, 47.647187567373344], [-122.43305201554354, 47.64269601149839]]]}}, {"type": "Feature", "properties": {"cell_id": "r036_c005", "congestion_score": 0.0, "transit_departures": 0.0, "target_count": 0.0, "employment_jobs": 0.0}, "geometry": {"type": "Polygon", "coordinates": [[[-122.42639001942942, 47.64269601149839], [-122.4197280233153, 47.64269601149839], [-122.4197280233153, 47.647187567373344], [-122.42639001942942, 47.647187567373344], [-122.42639001942942, 47.64269601149839]]]}}, {"type": "Feature", "properties": {"cell_id": "r036_c006", "congestion_score": 0.0, "transit_departures": 0.0, "target_count": 0.0, "employment_jobs": 0.0}, "geometry": {"type": "Polygon", "coordinates": [[[-122.41972802331532, 47.64269601149839], [-122.4130660272012, 47.64269601149839], [-122.4130660272012, 47.647187567373344], [-122.41972802331532, 47.647187567373344], [-122.41972802331532, 47.64269601149839]]]}}, {"type": "Feature", "properties": {"cell_id": "r036_c007", "congestion_score": 0.0, "transit_departures": 0.0, "target_count": 0.0, "employment_jobs": 0.0}, "geometry": {"type": "Polygon", "coordinates": [[[-122.4130660272012, 47.64269601149839], [-122.40640403108708, 47.64269601149839], [-122.40640403108708, 47.647187567373344], [-122.4130660272012, 47.647187567373344], [-122.4130660272012, 47.64269601149839]]]}}, {"type": "Feature", "properties": {"cell_id": "r036_c008", "congestion_score": 0.0, "transit_departures": 0.0, "target_count": 0.0, "employment_jobs": 0.0}, "geometry": {"type": "Polygon", "coordinates": [[[-122.40640403108708, 47.64269601149839], [-122.39974203497296, 47.64269601149839], [-122.39974203497296, 47.647187567373344], [-122.40640403108708, 47.647187567373344], [-122.40640403108708, 47.64269601149839]]]}}, {"type": "Feature", "properties": {"cell_id": "r036_c009", "congestion_score": 0.0, "transit_departures": 0.0, "target_count": 0.0, "employment_jobs": 0.0}, "geometry": {"type": "Polygon", "coordinates": [[[-122.39974203497297, 47.64269601149839], [-122.39308003885886, 47.64269601149839], [-122.39308003885886, 47.647187567373344], [-122.39974203497297, 47.647187567373344], [-122.39974203497297, 47.64269601149839]]]}}, {"type": "Feature", "properties": {"cell_id": "r036_c010", "congestion_score": 0.0, "transit_departures": 0.0, "target_count": 0.0, "employment_jobs": 0.0}, "geometry": {"type": "Polygon", "coordinates": [[[-122.39308003885886, 47.64269601149839], [-122.38641804274474, 47.64269601149839], [-122.38641804274474, 47.647187567373344], [-122.39308003885886, 47.647187567373344], [-122.39308003885886, 47.64269601149839]]]}}, {"type": "Feature", "properties": {"cell_id": "r036_c011", "congestion_score": 0.0, "transit_departures": 0.0, "target_count": 0.0, "employment_jobs": 0.0}, "geometry": {"type": "Polygon", "coordinates": [[[-122.38641804274474, 47.64269601149839], [-122.37975604663062, 47.64269601149839], [-122.37975604663062, 47.647187567373344], [-122.38641804274474, 47.647187567373344], [-122.38641804274474, 47.64269601149839]]]}}, {"type": "Feature", "properties": {"cell_id": "r036_c012", "congestion_score": 0.0, "transit_departures": 0.0, "target_count": 0.0, "employment_jobs": 0.0}, "geometry": {"type": "Polygon", "coordinates": [[[-122.37975604663062, 47.64269601149839], [-122.3730940505165, 47.64269601149839], [-122.3730940505165, 47.647187567373344], [-122.37975604663062, 47.647187567373344], [-122.37975604663062, 47.64269601149839]]]}}, {"type": "Feature", "properties": {"cell_id": "r036_c013", "congestion_score": 0.0, "transit_departures": 0.0, "target_count": 0.0, "employment_jobs": 0.0}, "geometry": {"type": "Polygon", "coordinates": [[[-122.37309405051651, 47.64269601149839], [-122.3664320544024, 47.64269601149839], [-122.3664320544024, 47.647187567373344], [-122.37309405051651, 47.647187567373344], [-122.37309405051651, 47.64269601149839]]]}}, {"type": "Feature", "properties": {"cell_id": "r036_c014", "congestion_score": 0.0, "transit_departures": 0.0, "target_count": 0.0, "employment_jobs": 0.0}, "geometry": {"type": "Polygon", "coordinates": [[[-122.3664320544024, 47.64269601149839], [-122.35977005828828, 47.64269601149839], [-122.35977005828828, 47.647187567373344], [-122.3664320544024, 47.647187567373344], [-122.3664320544024, 47.64269601149839]]]}}, {"type": "Feature", "properties": {"cell_id": "r036_c015", "congestion_score": 0.0, "transit_departures": 0.0, "target_count": 0.0, "employment_jobs": 0.0}, "geometry": {"type": "Polygon", "coordinates": [[[-122.35977005828828, 47.64269601149839], [-122.35310806217416, 47.64269601149839], [-122.35310806217416, 47.647187567373344], [-122.35977005828828, 47.647187567373344], [-122.35977005828828, 47.64269601149839]]]}}, {"type": "Feature", "properties": {"cell_id": "r036_c016", "congestion_score": 0.0, "transit_departures": 0.0, "target_count": 0.0, "employment_jobs": 0.0}, "geometry": {"type": "Polygon", "coordinates": [[[-122.35310806217417, 47.64269601149839], [-122.34644606606005, 47.64269601149839], [-122.34644606606005, 47.647187567373344], [-122.35310806217417, 47.647187567373344], [-122.35310806217417, 47.64269601149839]]]}}, {"type": "Feature", "properties": {"cell_id": "r036_c017", "congestion_score": 0.0, "transit_departures": 0.0, "target_count": 0.0, "employment_jobs": 0.0}, "geometry": {"type": "Polygon", "coordinates": [[[-122.34644606606005, 47.64269601149839], [-122.33978406994594, 47.64269601149839], [-122.33978406994594, 47.647187567373344], [-122.34644606606005, 47.647187567373344], [-122.34644606606005, 47.64269601149839]]]}}, {"type": "Feature", "properties": {"cell_id": "r036_c018", "congestion_score": 0.0, "transit_departures": 0.0, "target_count": 0.0, "employment_jobs": 0.0}, "geometry": {"type": "Polygon", "coordinates": [[[-122.33978406994594, 47.64269601149839], [-122.33312207383182, 47.64269601149839], [-122.33312207383182, 47.647187567373344], [-122.33978406994594, 47.647187567373344], [-122.33978406994594, 47.64269601149839]]]}}, {"type": "Feature", "properties": {"cell_id": "r036_c019", "congestion_score": 0.0, "transit_departures": 0.0, "target_count": 0.0, "employment_jobs": 0.0}, "geometry": {"type": "Polygon", "coordinates": [[[-122.33312207383182, 47.64269601149839], [-122.3264600777177, 47.64269601149839], [-122.3264600777177, 47.647187567373344], [-122.33312207383182, 47.647187567373344], [-122.33312207383182, 47.64269601149839]]]}}, {"type": "Feature", "properties": {"cell_id": "r036_c020", "congestion_score": 0.0, "transit_departures": 0.0, "target_count": 0.0, "employment_jobs": 0.0}, "geometry": {"type": "Polygon", "coordinates": [[[-122.32646007771771, 47.64269601149839], [-122.3197980816036, 47.64269601149839], [-122.3197980816036, 47.647187567373344], [-122.32646007771771, 47.647187567373344], [-122.32646007771771, 47.64269601149839]]]}}, {"type": "Feature", "properties": {"cell_id": "r036_c021", "congestion_score": 0.0, "transit_departures": 0.0, "target_count": 0.0, "employment_jobs": 0.0}, "geometry": {"type": "Polygon", "coordinates": [[[-122.3197980816036, 47.64269601149839], [-122.31313608548948, 47.64269601149839], [-122.31313608548948, 47.647187567373344], [-122.3197980816036, 47.647187567373344], [-122.3197980816036, 47.64269601149839]]]}}, {"type": "Feature", "properties": {"cell_id": "r036_c022", "congestion_score": 0.0, "transit_departures": 0.0, "target_count": 0.0, "employment_jobs": 0.0}, "geometry": {"type": "Polygon", "coordinates": [[[-122.31313608548948, 47.64269601149839], [-122.30647408937536, 47.64269601149839], [-122.30647408937536, 47.647187567373344], [-122.31313608548948, 47.647187567373344], [-122.31313608548948, 47.64269601149839]]]}}, {"type": "Feature", "properties": {"cell_id": "r036_c023", "congestion_score": 0.0, "transit_departures": 0.0, "target_count": 0.0, "employment_jobs": 0.0}, "geometry": {"type": "Polygon", "coordinates": [[[-122.30647408937537, 47.64269601149839], [-122.29981209326125, 47.64269601149839], [-122.29981209326125, 47.647187567373344], [-122.30647408937537, 47.647187567373344], [-122.30647408937537, 47.64269601149839]]]}}, {"type": "Feature", "properties": {"cell_id": "r036_c024", "congestion_score": 0.0, "transit_departures": 0.0, "target_count": 0.0, "employment_jobs": 0.0}, "geometry": {"type": "Polygon", "coordinates": [[[-122.29981209326125, 47.64269601149839], [-122.29315009714713, 47.64269601149839], [-122.29315009714713, 47.647187567373344], [-122.29981209326125, 47.647187567373344], [-122.29981209326125, 47.64269601149839]]]}}, {"type": "Feature", "properties": {"cell_id": "r036_c025", "congestion_score": 0.0, "transit_departures": 0.0, "target_count": 0.0, "employment_jobs": 0.0}, "geometry": {"type": "Polygon", "coordinates": [[[-122.29315009714713, 47.64269601149839], [-122.28648810103302, 47.64269601149839], [-122.28648810103302, 47.647187567373344], [-122.29315009714713, 47.647187567373344], [-122.29315009714713, 47.64269601149839]]]}}, {"type": "Feature", "properties": {"cell_id": "r036_c026", "congestion_score": 0.0, "transit_departures": 0.0, "target_count": 0.0, "employment_jobs": 0.0}, "geometry": {"type": "Polygon", "coordinates": [[[-122.28648810103302, 47.64269601149839], [-122.2798261049189, 47.64269601149839], [-122.2798261049189, 47.647187567373344], [-122.28648810103302, 47.647187567373344], [-122.28648810103302, 47.64269601149839]]]}}, {"type": "Feature", "properties": {"cell_id": "r036_c027", "congestion_score": 0.0, "transit_departures": 0.0, "target_count": 0.0, "employment_jobs": 0.0}, "geometry": {"type": "Polygon", "coordinates": [[[-122.27982610491891, 47.64269601149839], [-122.27316410880479, 47.64269601149839], [-122.27316410880479, 47.647187567373344], [-122.27982610491891, 47.647187567373344], [-122.27982610491891, 47.64269601149839]]]}}, {"type": "Feature", "properties": {"cell_id": "r036_c028", "congestion_score": 0.0, "transit_departures": 0.0, "target_count": 0.0, "employment_jobs": 0.0}, "geometry": {"type": "Polygon", "coordinates": [[[-122.27316410880479, 47.64269601149839], [-122.26650211269067, 47.64269601149839], [-122.26650211269067, 47.647187567373344], [-122.27316410880479, 47.647187567373344], [-122.27316410880479, 47.64269601149839]]]}}, {"type": "Feature", "properties": {"cell_id": "r036_c029", "congestion_score": 0.0, "transit_departures": 0.0, "target_count": 0.0, "employment_jobs": 0.0}, "geometry": {"type": "Polygon", "coordinates": [[[-122.26650211269067, 47.64269601149839], [-122.25984011657656, 47.64269601149839], [-122.25984011657656, 47.647187567373344], [-122.26650211269067, 47.647187567373344], [-122.26650211269067, 47.64269601149839]]]}}, {"type": "Feature", "properties": {"cell_id": "r036_c030", "congestion_score": 0.0, "transit_departures": 0.0, "target_count": 0.0, "employment_jobs": 0.0}, "geometry": {"type": "Polygon", "coordinates": [[[-122.25984011657657, 47.64269601149839], [-122.25317812046245, 47.64269601149839], [-122.25317812046245, 47.647187567373344], [-122.25984011657657, 47.647187567373344], [-122.25984011657657, 47.64269601149839]]]}}, {"type": "Feature", "properties": {"cell_id": "r036_c031", "congestion_score": 0.0, "transit_departures": 0.0, "target_count": 0.0, "employment_jobs": 0.0}, "geometry": {"type": "Polygon", "coordinates": [[[-122.25317812046245, 47.64269601149839], [-122.24651612434833, 47.64269601149839], [-122.24651612434833, 47.647187567373344], [-122.25317812046245, 47.647187567373344], [-122.25317812046245, 47.64269601149839]]]}}, {"type": "Feature", "properties": {"cell_id": "r036_c032", "congestion_score": 0.0, "transit_departures": 0.0, "target_count": 0.0, "employment_jobs": 0.0}, "geometry": {"type": "Polygon", "coordinates": [[[-122.24651612434833, 47.64269601149839], [-122.23985412823421, 47.64269601149839], [-122.23985412823421, 47.647187567373344], [-122.24651612434833, 47.647187567373344], [-122.24651612434833, 47.64269601149839]]]}}, {"type": "Feature", "properties": {"cell_id": "r036_c033", "congestion_score": 0.0, "transit_departures": 0.0, "target_count": 0.0, "employment_jobs": 0.0}, "geometry": {"type": "Polygon", "coordinates": [[[-122.23985412823421, 47.64269601149839], [-122.2331921321201, 47.64269601149839], [-122.2331921321201, 47.647187567373344], [-122.23985412823421, 47.647187567373344], [-122.23985412823421, 47.64269601149839]]]}}, {"type": "Feature", "properties": {"cell_id": "r036_c034", "congestion_score": 0.0, "transit_departures": 0.0, "target_count": 0.0, "employment_jobs": 0.0}, "geometry": {"type": "Polygon", "coordinates": [[[-122.23319213212011, 47.64269601149839], [-122.22653013600599, 47.64269601149839], [-122.22653013600599, 47.647187567373344], [-122.23319213212011, 47.647187567373344], [-122.23319213212011, 47.64269601149839]]]}}, {"type": "Feature", "properties": {"cell_id": "r036_c035", "congestion_score": 0.0, "transit_departures": 0.0, "target_count": 0.0, "employment_jobs": 0.0}, "geometry": {"type": "Polygon", "coordinates": [[[-122.22653013600599, 47.64269601149839], [-122.2244, 47.64269601149839], [-122.2244, 47.647187567373344], [-122.22653013600599, 47.647187567373344], [-122.22653013600599, 47.64269601149839]]]}}, {"type": "Feature", "properties": {"cell_id": "r037_c000", "congestion_score": 0.0, "transit_departures": 0.0, "target_count": 0.0, "employment_jobs": 0.0}, "geometry": {"type": "Polygon", "coordinates": [[[-122.4597, 47.64718756737334], [-122.45303800388588, 47.64718756737334], [-122.45303800388588, 47.65167912324829], [-122.4597, 47.65167912324829], [-122.4597, 47.64718756737334]]]}}, {"type": "Feature", "properties": {"cell_id": "r037_c001", "congestion_score": 0.0, "transit_departures": 0.0, "target_count": 0.0, "employment_jobs": 0.0}, "geometry": {"type": "Polygon", "coordinates": [[[-122.45303800388588, 47.64718756737334], [-122.44637600777176, 47.64718756737334], [-122.44637600777176, 47.65167912324829], [-122.45303800388588, 47.65167912324829], [-122.45303800388588, 47.64718756737334]]]}}, {"type": "Feature", "properties": {"cell_id": "r037_c002", "congestion_score": 0.0, "transit_departures": 0.0, "target_count": 0.0, "employment_jobs": 0.0}, "geometry": {"type": "Polygon", "coordinates": [[[-122.44637600777178, 47.64718756737334], [-122.43971401165766, 47.64718756737334], [-122.43971401165766, 47.65167912324829], [-122.44637600777178, 47.65167912324829], [-122.44637600777178, 47.64718756737334]]]}}, {"type": "Feature", "properties": {"cell_id": "r037_c003", "congestion_score": 0.0, "transit_departures": 0.0, "target_count": 0.0, "employment_jobs": 0.0}, "geometry": {"type": "Polygon", "coordinates": [[[-122.43971401165766, 47.64718756737334], [-122.43305201554354, 47.64718756737334], [-122.43305201554354, 47.65167912324829], [-122.43971401165766, 47.65167912324829], [-122.43971401165766, 47.64718756737334]]]}}, {"type": "Feature", "properties": {"cell_id": "r037_c004", "congestion_score": 0.0, "transit_departures": 0.0, "target_count": 0.0, "employment_jobs": 0.0}, "geometry": {"type": "Polygon", "coordinates": [[[-122.43305201554354, 47.64718756737334], [-122.42639001942942, 47.64718756737334], [-122.42639001942942, 47.65167912324829], [-122.43305201554354, 47.65167912324829], [-122.43305201554354, 47.64718756737334]]]}}, {"type": "Feature", "properties": {"cell_id": "r037_c005", "congestion_score": 0.0, "transit_departures": 0.0, "target_count": 0.0, "employment_jobs": 0.0}, "geometry": {"type": "Polygon", "coordinates": [[[-122.42639001942942, 47.64718756737334], [-122.4197280233153, 47.64718756737334], [-122.4197280233153, 47.65167912324829], [-122.42639001942942, 47.65167912324829], [-122.42639001942942, 47.64718756737334]]]}}, {"type": "Feature", "properties": {"cell_id": "r037_c006", "congestion_score": 0.0, "transit_departures": 0.0, "target_count": 0.0, "employment_jobs": 0.0}, "geometry": {"type": "Polygon", "coordinates": [[[-122.41972802331532, 47.64718756737334], [-122.4130660272012, 47.64718756737334], [-122.4130660272012, 47.65167912324829], [-122.41972802331532, 47.65167912324829], [-122.41972802331532, 47.64718756737334]]]}}, {"type": "Feature", "properties": {"cell_id": "r037_c007", "congestion_score": 0.0, "transit_departures": 0.0, "target_count": 0.0, "employment_jobs": 0.0}, "geometry": {"type": "Polygon", "coordinates": [[[-122.4130660272012, 47.64718756737334], [-122.40640403108708, 47.64718756737334], [-122.40640403108708, 47.65167912324829], [-122.4130660272012, 47.65167912324829], [-122.4130660272012, 47.64718756737334]]]}}, {"type": "Feature", "properties": {"cell_id": "r037_c008", "congestion_score": 0.0, "transit_departures": 0.0, "target_count": 0.0, "employment_jobs": 0.0}, "geometry": {"type": "Polygon", "coordinates": [[[-122.40640403108708, 47.64718756737334], [-122.39974203497296, 47.64718756737334], [-122.39974203497296, 47.65167912324829], [-122.40640403108708, 47.65167912324829], [-122.40640403108708, 47.64718756737334]]]}}, {"type": "Feature", "properties": {"cell_id": "r037_c009", "congestion_score": 0.0, "transit_departures": 0.0, "target_count": 0.0, "employment_jobs": 0.0}, "geometry": {"type": "Polygon", "coordinates": [[[-122.39974203497297, 47.64718756737334], [-122.39308003885886, 47.64718756737334], [-122.39308003885886, 47.65167912324829], [-122.39974203497297, 47.65167912324829], [-122.39974203497297, 47.64718756737334]]]}}, {"type": "Feature", "properties": {"cell_id": "r037_c010", "congestion_score": 0.0, "transit_departures": 0.0, "target_count": 0.0, "employment_jobs": 0.0}, "geometry": {"type": "Polygon", "coordinates": [[[-122.39308003885886, 47.64718756737334], [-122.38641804274474, 47.64718756737334], [-122.38641804274474, 47.65167912324829], [-122.39308003885886, 47.65167912324829], [-122.39308003885886, 47.64718756737334]]]}}, {"type": "Feature", "properties": {"cell_id": "r037_c011", "congestion_score": 0.0, "transit_departures": 0.0, "target_count": 0.0, "employment_jobs": 0.0}, "geometry": {"type": "Polygon", "coordinates": [[[-122.38641804274474, 47.64718756737334], [-122.37975604663062, 47.64718756737334], [-122.37975604663062, 47.65167912324829], [-122.38641804274474, 47.65167912324829], [-122.38641804274474, 47.64718756737334]]]}}, {"type": "Feature", "properties": {"cell_id": "r037_c012", "congestion_score": 0.0, "transit_departures": 0.0, "target_count": 0.0, "employment_jobs": 0.0}, "geometry": {"type": "Polygon", "coordinates": [[[-122.37975604663062, 47.64718756737334], [-122.3730940505165, 47.64718756737334], [-122.3730940505165, 47.65167912324829], [-122.37975604663062, 47.65167912324829], [-122.37975604663062, 47.64718756737334]]]}}, {"type": "Feature", "properties": {"cell_id": "r037_c013", "congestion_score": 0.0, "transit_departures": 0.0, "target_count": 0.0, "employment_jobs": 0.0}, "geometry": {"type": "Polygon", "coordinates": [[[-122.37309405051651, 47.64718756737334], [-122.3664320544024, 47.64718756737334], [-122.3664320544024, 47.65167912324829], [-122.37309405051651, 47.65167912324829], [-122.37309405051651, 47.64718756737334]]]}}, {"type": "Feature", "properties": {"cell_id": "r037_c014", "congestion_score": 0.0, "transit_departures": 0.0, "target_count": 0.0, "employment_jobs": 0.0}, "geometry": {"type": "Polygon", "coordinates": [[[-122.3664320544024, 47.64718756737334], [-122.35977005828828, 47.64718756737334], [-122.35977005828828, 47.65167912324829], [-122.3664320544024, 47.65167912324829], [-122.3664320544024, 47.64718756737334]]]}}, {"type": "Feature", "properties": {"cell_id": "r037_c015", "congestion_score": 0.0, "transit_departures": 0.0, "target_count": 0.0, "employment_jobs": 0.0}, "geometry": {"type": "Polygon", "coordinates": [[[-122.35977005828828, 47.64718756737334], [-122.35310806217416, 47.64718756737334], [-122.35310806217416, 47.65167912324829], [-122.35977005828828, 47.65167912324829], [-122.35977005828828, 47.64718756737334]]]}}, {"type": "Feature", "properties": {"cell_id": "r037_c016", "congestion_score": 0.095398, "transit_departures": 0.0, "target_count": 99.589, "employment_jobs": 0.0}, "geometry": {"type": "Polygon", "coordinates": [[[-122.35310806217417, 47.64718756737334], [-122.34644606606005, 47.64718756737334], [-122.34644606606005, 47.65167912324829], [-122.35310806217417, 47.65167912324829], [-122.35310806217417, 47.64718756737334]]]}}, {"type": "Feature", "properties": {"cell_id": "r037_c017", "congestion_score": 0.0, "transit_departures": 0.0, "target_count": 0.0, "employment_jobs": 0.0}, "geometry": {"type": "Polygon", "coordinates": [[[-122.34644606606005, 47.64718756737334], [-122.33978406994594, 47.64718756737334], [-122.33978406994594, 47.65167912324829], [-122.34644606606005, 47.65167912324829], [-122.34644606606005, 47.64718756737334]]]}}, {"type": "Feature", "properties": {"cell_id": "r037_c018", "congestion_score": 0.0, "transit_departures": 0.0, "target_count": 0.0, "employment_jobs": 0.0}, "geometry": {"type": "Polygon", "coordinates": [[[-122.33978406994594, 47.64718756737334], [-122.33312207383182, 47.64718756737334], [-122.33312207383182, 47.65167912324829], [-122.33978406994594, 47.65167912324829], [-122.33978406994594, 47.64718756737334]]]}}, {"type": "Feature", "properties": {"cell_id": "r037_c019", "congestion_score": 0.0, "transit_departures": 0.0, "target_count": 0.0, "employment_jobs": 0.0}, "geometry": {"type": "Polygon", "coordinates": [[[-122.33312207383182, 47.64718756737334], [-122.3264600777177, 47.64718756737334], [-122.3264600777177, 47.65167912324829], [-122.33312207383182, 47.65167912324829], [-122.33312207383182, 47.64718756737334]]]}}, {"type": "Feature", "properties": {"cell_id": "r037_c020", "congestion_score": 0.0, "transit_departures": 0.0, "target_count": 0.0, "employment_jobs": 0.0}, "geometry": {"type": "Polygon", "coordinates": [[[-122.32646007771771, 47.64718756737334], [-122.3197980816036, 47.64718756737334], [-122.3197980816036, 47.65167912324829], [-122.32646007771771, 47.65167912324829], [-122.32646007771771, 47.64718756737334]]]}}, {"type": "Feature", "properties": {"cell_id": "r037_c021", "congestion_score": 0.0, "transit_departures": 0.0, "target_count": 0.0, "employment_jobs": 0.0}, "geometry": {"type": "Polygon", "coordinates": [[[-122.3197980816036, 47.64718756737334], [-122.31313608548948, 47.64718756737334], [-122.31313608548948, 47.65167912324829], [-122.3197980816036, 47.65167912324829], [-122.3197980816036, 47.64718756737334]]]}}, {"type": "Feature", "properties": {"cell_id": "r037_c022", "congestion_score": 0.0, "transit_departures": 0.0, "target_count": 0.0, "employment_jobs": 0.0}, "geometry": {"type": "Polygon", "coordinates": [[[-122.31313608548948, 47.64718756737334], [-122.30647408937536, 47.64718756737334], [-122.30647408937536, 47.65167912324829], [-122.31313608548948, 47.65167912324829], [-122.31313608548948, 47.64718756737334]]]}}, {"type": "Feature", "properties": {"cell_id": "r037_c023", "congestion_score": 0.001989, "transit_departures": 0.583, "target_count": 0.0, "employment_jobs": 0.0}, "geometry": {"type": "Polygon", "coordinates": [[[-122.30647408937537, 47.64718756737334], [-122.29981209326125, 47.64718756737334], [-122.29981209326125, 47.65167912324829], [-122.30647408937537, 47.65167912324829], [-122.30647408937537, 47.64718756737334]]]}}, {"type": "Feature", "properties": {"cell_id": "r037_c024", "congestion_score": 0.0, "transit_departures": 0.0, "target_count": 0.0, "employment_jobs": 0.0}, "geometry": {"type": "Polygon", "coordinates": [[[-122.29981209326125, 47.64718756737334], [-122.29315009714713, 47.64718756737334], [-122.29315009714713, 47.65167912324829], [-122.29981209326125, 47.65167912324829], [-122.29981209326125, 47.64718756737334]]]}}, {"type": "Feature", "properties": {"cell_id": "r037_c025", "congestion_score": 0.0, "transit_departures": 0.0, "target_count": 0.0, "employment_jobs": 0.0}, "geometry": {"type": "Polygon", "coordinates": [[[-122.29315009714713, 47.64718756737334], [-122.28648810103302, 47.64718756737334], [-122.28648810103302, 47.65167912324829], [-122.29315009714713, 47.65167912324829], [-122.29315009714713, 47.64718756737334]]]}}, {"type": "Feature", "properties": {"cell_id": "r037_c026", "congestion_score": 0.0, "transit_departures": 0.0, "target_count": 0.0, "employment_jobs": 0.0}, "geometry": {"type": "Polygon", "coordinates": [[[-122.28648810103302, 47.64718756737334], [-122.2798261049189, 47.64718756737334], [-122.2798261049189, 47.65167912324829], [-122.28648810103302, 47.65167912324829], [-122.28648810103302, 47.64718756737334]]]}}, {"type": "Feature", "properties": {"cell_id": "r037_c027", "congestion_score": 0.0, "transit_departures": 0.0, "target_count": 0.0, "employment_jobs": 0.0}, "geometry": {"type": "Polygon", "coordinates": [[[-122.27982610491891, 47.64718756737334], [-122.27316410880479, 47.64718756737334], [-122.27316410880479, 47.65167912324829], [-122.27982610491891, 47.65167912324829], [-122.27982610491891, 47.64718756737334]]]}}, {"type": "Feature", "properties": {"cell_id": "r037_c028", "congestion_score": 0.0, "transit_departures": 0.0, "target_count": 0.0, "employment_jobs": 0.0}, "geometry": {"type": "Polygon", "coordinates": [[[-122.27316410880479, 47.64718756737334], [-122.26650211269067, 47.64718756737334], [-122.26650211269067, 47.65167912324829], [-122.27316410880479, 47.65167912324829], [-122.27316410880479, 47.64718756737334]]]}}, {"type": "Feature", "properties": {"cell_id": "r037_c029", "congestion_score": 0.0, "transit_departures": 0.0, "target_count": 0.0, "employment_jobs": 0.0}, "geometry": {"type": "Polygon", "coordinates": [[[-122.26650211269067, 47.64718756737334], [-122.25984011657656, 47.64718756737334], [-122.25984011657656, 47.65167912324829], [-122.26650211269067, 47.65167912324829], [-122.26650211269067, 47.64718756737334]]]}}, {"type": "Feature", "properties": {"cell_id": "r037_c030", "congestion_score": 0.0, "transit_departures": 0.0, "target_count": 0.0, "employment_jobs": 0.0}, "geometry": {"type": "Polygon", "coordinates": [[[-122.25984011657657, 47.64718756737334], [-122.25317812046245, 47.64718756737334], [-122.25317812046245, 47.65167912324829], [-122.25984011657657, 47.65167912324829], [-122.25984011657657, 47.64718756737334]]]}}, {"type": "Feature", "properties": {"cell_id": "r037_c031", "congestion_score": 0.0, "transit_departures": 0.0, "target_count": 0.0, "employment_jobs": 0.0}, "geometry": {"type": "Polygon", "coordinates": [[[-122.25317812046245, 47.64718756737334], [-122.24651612434833, 47.64718756737334], [-122.24651612434833, 47.65167912324829], [-122.25317812046245, 47.65167912324829], [-122.25317812046245, 47.64718756737334]]]}}, {"type": "Feature", "properties": {"cell_id": "r037_c032", "congestion_score": 0.0, "transit_departures": 0.0, "target_count": 0.0, "employment_jobs": 0.0}, "geometry": {"type": "Polygon", "coordinates": [[[-122.24651612434833, 47.64718756737334], [-122.23985412823421, 47.64718756737334], [-122.23985412823421, 47.65167912324829], [-122.24651612434833, 47.65167912324829], [-122.24651612434833, 47.64718756737334]]]}}, {"type": "Feature", "properties": {"cell_id": "r037_c033", "congestion_score": 0.0, "transit_departures": 0.0, "target_count": 0.0, "employment_jobs": 0.0}, "geometry": {"type": "Polygon", "coordinates": [[[-122.23985412823421, 47.64718756737334], [-122.2331921321201, 47.64718756737334], [-122.2331921321201, 47.65167912324829], [-122.23985412823421, 47.65167912324829], [-122.23985412823421, 47.64718756737334]]]}}, {"type": "Feature", "properties": {"cell_id": "r037_c034", "congestion_score": 0.0, "transit_departures": 0.0, "target_count": 0.0, "employment_jobs": 0.0}, "geometry": {"type": "Polygon", "coordinates": [[[-122.23319213212011, 47.64718756737334], [-122.22653013600599, 47.64718756737334], [-122.22653013600599, 47.65167912324829], [-122.23319213212011, 47.65167912324829], [-122.23319213212011, 47.64718756737334]]]}}, {"type": "Feature", "properties": {"cell_id": "r037_c035", "congestion_score": 0.0, "transit_departures": 0.0, "target_count": 0.0, "employment_jobs": 0.0}, "geometry": {"type": "Polygon", "coordinates": [[[-122.22653013600599, 47.64718756737334], [-122.2244, 47.64718756737334], [-122.2244, 47.65167912324829], [-122.22653013600599, 47.65167912324829], [-122.22653013600599, 47.64718756737334]]]}}, {"type": "Feature", "properties": {"cell_id": "r038_c000", "congestion_score": 0.0, "transit_departures": 0.0, "target_count": 0.0, "employment_jobs": 0.0}, "geometry": {"type": "Polygon", "coordinates": [[[-122.4597, 47.65167912324829], [-122.45303800388588, 47.65167912324829], [-122.45303800388588, 47.65617067912325], [-122.4597, 47.65617067912325], [-122.4597, 47.65167912324829]]]}}, {"type": "Feature", "properties": {"cell_id": "r038_c001", "congestion_score": 0.0, "transit_departures": 0.0, "target_count": 0.0, "employment_jobs": 0.0}, "geometry": {"type": "Polygon", "coordinates": [[[-122.45303800388588, 47.65167912324829], [-122.44637600777176, 47.65167912324829], [-122.44637600777176, 47.65617067912325], [-122.45303800388588, 47.65617067912325], [-122.45303800388588, 47.65167912324829]]]}}, {"type": "Feature", "properties": {"cell_id": "r038_c002", "congestion_score": 0.0, "transit_departures": 0.0, "target_count": 0.0, "employment_jobs": 0.0}, "geometry": {"type": "Polygon", "coordinates": [[[-122.44637600777178, 47.65167912324829], [-122.43971401165766, 47.65167912324829], [-122.43971401165766, 47.65617067912325], [-122.44637600777178, 47.65617067912325], [-122.44637600777178, 47.65167912324829]]]}}, {"type": "Feature", "properties": {"cell_id": "r038_c003", "congestion_score": 0.0, "transit_departures": 0.0, "target_count": 0.0, "employment_jobs": 0.0}, "geometry": {"type": "Polygon", "coordinates": [[[-122.43971401165766, 47.65167912324829], [-122.43305201554354, 47.65167912324829], [-122.43305201554354, 47.65617067912325], [-122.43971401165766, 47.65617067912325], [-122.43971401165766, 47.65167912324829]]]}}, {"type": "Feature", "properties": {"cell_id": "r038_c004", "congestion_score": 0.0, "transit_departures": 0.0, "target_count": 0.0, "employment_jobs": 0.0}, "geometry": {"type": "Polygon", "coordinates": [[[-122.43305201554354, 47.65167912324829], [-122.42639001942942, 47.65167912324829], [-122.42639001942942, 47.65617067912325], [-122.43305201554354, 47.65617067912325], [-122.43305201554354, 47.65167912324829]]]}}, {"type": "Feature", "properties": {"cell_id": "r038_c005", "congestion_score": 0.0, "transit_departures": 0.0, "target_count": 0.0, "employment_jobs": 0.0}, "geometry": {"type": "Polygon", "coordinates": [[[-122.42639001942942, 47.65167912324829], [-122.4197280233153, 47.65167912324829], [-122.4197280233153, 47.65617067912325], [-122.42639001942942, 47.65617067912325], [-122.42639001942942, 47.65167912324829]]]}}, {"type": "Feature", "properties": {"cell_id": "r038_c006", "congestion_score": 0.0, "transit_departures": 0.0, "target_count": 0.0, "employment_jobs": 0.0}, "geometry": {"type": "Polygon", "coordinates": [[[-122.41972802331532, 47.65167912324829], [-122.4130660272012, 47.65167912324829], [-122.4130660272012, 47.65617067912325], [-122.41972802331532, 47.65617067912325], [-122.41972802331532, 47.65167912324829]]]}}, {"type": "Feature", "properties": {"cell_id": "r038_c007", "congestion_score": 0.0, "transit_departures": 0.0, "target_count": 0.0, "employment_jobs": 0.0}, "geometry": {"type": "Polygon", "coordinates": [[[-122.4130660272012, 47.65167912324829], [-122.40640403108708, 47.65167912324829], [-122.40640403108708, 47.65617067912325], [-122.4130660272012, 47.65617067912325], [-122.4130660272012, 47.65167912324829]]]}}, {"type": "Feature", "properties": {"cell_id": "r038_c008", "congestion_score": 0.0, "transit_departures": 0.0, "target_count": 0.0, "employment_jobs": 0.0}, "geometry": {"type": "Polygon", "coordinates": [[[-122.40640403108708, 47.65167912324829], [-122.39974203497296, 47.65167912324829], [-122.39974203497296, 47.65617067912325], [-122.40640403108708, 47.65617067912325], [-122.40640403108708, 47.65167912324829]]]}}, {"type": "Feature", "properties": {"cell_id": "r038_c009", "congestion_score": 0.0, "transit_departures": 0.0, "target_count": 0.0, "employment_jobs": 0.0}, "geometry": {"type": "Polygon", "coordinates": [[[-122.39974203497297, 47.65167912324829], [-122.39308003885886, 47.65167912324829], [-122.39308003885886, 47.65617067912325], [-122.39974203497297, 47.65617067912325], [-122.39974203497297, 47.65167912324829]]]}}, {"type": "Feature", "properties": {"cell_id": "r038_c010", "congestion_score": 0.0, "transit_departures": 0.0, "target_count": 0.0, "employment_jobs": 0.0}, "geometry": {"type": "Polygon", "coordinates": [[[-122.39308003885886, 47.65167912324829], [-122.38641804274474, 47.65167912324829], [-122.38641804274474, 47.65617067912325], [-122.39308003885886, 47.65617067912325], [-122.39308003885886, 47.65167912324829]]]}}, {"type": "Feature", "properties": {"cell_id": "r038_c011", "congestion_score": 0.0, "transit_departures": 0.0, "target_count": 0.0, "employment_jobs": 0.0}, "geometry": {"type": "Polygon", "coordinates": [[[-122.38641804274474, 47.65167912324829], [-122.37975604663062, 47.65167912324829], [-122.37975604663062, 47.65617067912325], [-122.38641804274474, 47.65617067912325], [-122.38641804274474, 47.65167912324829]]]}}, {"type": "Feature", "properties": {"cell_id": "r038_c012", "congestion_score": 0.0, "transit_departures": 0.0, "target_count": 0.0, "employment_jobs": 0.0}, "geometry": {"type": "Polygon", "coordinates": [[[-122.37975604663062, 47.65167912324829], [-122.3730940505165, 47.65167912324829], [-122.3730940505165, 47.65617067912325], [-122.37975604663062, 47.65617067912325], [-122.37975604663062, 47.65167912324829]]]}}, {"type": "Feature", "properties": {"cell_id": "r038_c013", "congestion_score": 0.0, "transit_departures": 0.0, "target_count": 0.0, "employment_jobs": 0.0}, "geometry": {"type": "Polygon", "coordinates": [[[-122.37309405051651, 47.65167912324829], [-122.3664320544024, 47.65167912324829], [-122.3664320544024, 47.65617067912325], [-122.37309405051651, 47.65617067912325], [-122.37309405051651, 47.65167912324829]]]}}, {"type": "Feature", "properties": {"cell_id": "r038_c014", "congestion_score": 0.0, "transit_departures": 0.0, "target_count": 0.0, "employment_jobs": 0.0}, "geometry": {"type": "Polygon", "coordinates": [[[-122.3664320544024, 47.65167912324829], [-122.35977005828828, 47.65167912324829], [-122.35977005828828, 47.65617067912325], [-122.3664320544024, 47.65617067912325], [-122.3664320544024, 47.65167912324829]]]}}, {"type": "Feature", "properties": {"cell_id": "r038_c015", "congestion_score": 0.0, "transit_departures": 0.0, "target_count": 0.0, "employment_jobs": 0.0}, "geometry": {"type": "Polygon", "coordinates": [[[-122.35977005828828, 47.65167912324829], [-122.35310806217416, 47.65167912324829], [-122.35310806217416, 47.65617067912325], [-122.35977005828828, 47.65617067912325], [-122.35977005828828, 47.65167912324829]]]}}, {"type": "Feature", "properties": {"cell_id": "r038_c016", "congestion_score": 0.0, "transit_departures": 0.0, "target_count": 0.0, "employment_jobs": 0.0}, "geometry": {"type": "Polygon", "coordinates": [[[-122.35310806217417, 47.65167912324829], [-122.34644606606005, 47.65167912324829], [-122.34644606606005, 47.65617067912325], [-122.35310806217417, 47.65617067912325], [-122.35310806217417, 47.65167912324829]]]}}, {"type": "Feature", "properties": {"cell_id": "r038_c017", "congestion_score": 0.0, "transit_departures": 0.0, "target_count": 0.0, "employment_jobs": 0.0}, "geometry": {"type": "Polygon", "coordinates": [[[-122.34644606606005, 47.65167912324829], [-122.33978406994594, 47.65167912324829], [-122.33978406994594, 47.65617067912325], [-122.34644606606005, 47.65617067912325], [-122.34644606606005, 47.65167912324829]]]}}, {"type": "Feature", "properties": {"cell_id": "r038_c018", "congestion_score": 0.0, "transit_departures": 0.0, "target_count": 0.0, "employment_jobs": 0.0}, "geometry": {"type": "Polygon", "coordinates": [[[-122.33978406994594, 47.65167912324829], [-122.33312207383182, 47.65167912324829], [-122.33312207383182, 47.65617067912325], [-122.33978406994594, 47.65617067912325], [-122.33978406994594, 47.65167912324829]]]}}, {"type": "Feature", "properties": {"cell_id": "r038_c019", "congestion_score": 0.0, "transit_departures": 0.0, "target_count": 0.0, "employment_jobs": 0.0}, "geometry": {"type": "Polygon", "coordinates": [[[-122.33312207383182, 47.65167912324829], [-122.3264600777177, 47.65167912324829], [-122.3264600777177, 47.65617067912325], [-122.33312207383182, 47.65617067912325], [-122.33312207383182, 47.65167912324829]]]}}, {"type": "Feature", "properties": {"cell_id": "r038_c020", "congestion_score": 0.0, "transit_departures": 0.0, "target_count": 0.0, "employment_jobs": 0.0}, "geometry": {"type": "Polygon", "coordinates": [[[-122.32646007771771, 47.65167912324829], [-122.3197980816036, 47.65167912324829], [-122.3197980816036, 47.65617067912325], [-122.32646007771771, 47.65617067912325], [-122.32646007771771, 47.65167912324829]]]}}, {"type": "Feature", "properties": {"cell_id": "r038_c021", "congestion_score": 0.0, "transit_departures": 0.0, "target_count": 0.0, "employment_jobs": 0.0}, "geometry": {"type": "Polygon", "coordinates": [[[-122.3197980816036, 47.65167912324829], [-122.31313608548948, 47.65167912324829], [-122.31313608548948, 47.65617067912325], [-122.3197980816036, 47.65617067912325], [-122.3197980816036, 47.65167912324829]]]}}, {"type": "Feature", "properties": {"cell_id": "r038_c022", "congestion_score": 0.003977, "transit_departures": 1.167, "target_count": 0.0, "employment_jobs": 0.0}, "geometry": {"type": "Polygon", "coordinates": [[[-122.31313608548948, 47.65167912324829], [-122.30647408937536, 47.65167912324829], [-122.30647408937536, 47.65617067912325], [-122.31313608548948, 47.65617067912325], [-122.31313608548948, 47.65167912324829]]]}}, {"type": "Feature", "properties": {"cell_id": "r038_c023", "congestion_score": 0.0, "transit_departures": 0.0, "target_count": 0.0, "employment_jobs": 0.0}, "geometry": {"type": "Polygon", "coordinates": [[[-122.30647408937537, 47.65167912324829], [-122.29981209326125, 47.65167912324829], [-122.29981209326125, 47.65617067912325], [-122.30647408937537, 47.65617067912325], [-122.30647408937537, 47.65167912324829]]]}}, {"type": "Feature", "properties": {"cell_id": "r038_c024", "congestion_score": 0.0, "transit_departures": 0.0, "target_count": 0.0, "employment_jobs": 0.0}, "geometry": {"type": "Polygon", "coordinates": [[[-122.29981209326125, 47.65167912324829], [-122.29315009714713, 47.65167912324829], [-122.29315009714713, 47.65617067912325], [-122.29981209326125, 47.65617067912325], [-122.29981209326125, 47.65167912324829]]]}}, {"type": "Feature", "properties": {"cell_id": "r038_c025", "congestion_score": 0.0, "transit_departures": 0.0, "target_count": 0.0, "employment_jobs": 0.0}, "geometry": {"type": "Polygon", "coordinates": [[[-122.29315009714713, 47.65167912324829], [-122.28648810103302, 47.65167912324829], [-122.28648810103302, 47.65617067912325], [-122.29315009714713, 47.65617067912325], [-122.29315009714713, 47.65167912324829]]]}}, {"type": "Feature", "properties": {"cell_id": "r038_c026", "congestion_score": 0.0, "transit_departures": 0.0, "target_count": 0.0, "employment_jobs": 0.0}, "geometry": {"type": "Polygon", "coordinates": [[[-122.28648810103302, 47.65167912324829], [-122.2798261049189, 47.65167912324829], [-122.2798261049189, 47.65617067912325], [-122.28648810103302, 47.65617067912325], [-122.28648810103302, 47.65167912324829]]]}}, {"type": "Feature", "properties": {"cell_id": "r038_c027", "congestion_score": 0.0, "transit_departures": 0.0, "target_count": 0.0, "employment_jobs": 0.0}, "geometry": {"type": "Polygon", "coordinates": [[[-122.27982610491891, 47.65167912324829], [-122.27316410880479, 47.65167912324829], [-122.27316410880479, 47.65617067912325], [-122.27982610491891, 47.65617067912325], [-122.27982610491891, 47.65167912324829]]]}}, {"type": "Feature", "properties": {"cell_id": "r038_c028", "congestion_score": 0.0, "transit_departures": 0.0, "target_count": 0.0, "employment_jobs": 0.0}, "geometry": {"type": "Polygon", "coordinates": [[[-122.27316410880479, 47.65167912324829], [-122.26650211269067, 47.65167912324829], [-122.26650211269067, 47.65617067912325], [-122.27316410880479, 47.65617067912325], [-122.27316410880479, 47.65167912324829]]]}}, {"type": "Feature", "properties": {"cell_id": "r038_c029", "congestion_score": 0.0, "transit_departures": 0.0, "target_count": 0.0, "employment_jobs": 0.0}, "geometry": {"type": "Polygon", "coordinates": [[[-122.26650211269067, 47.65167912324829], [-122.25984011657656, 47.65167912324829], [-122.25984011657656, 47.65617067912325], [-122.26650211269067, 47.65617067912325], [-122.26650211269067, 47.65167912324829]]]}}, {"type": "Feature", "properties": {"cell_id": "r038_c030", "congestion_score": 0.0, "transit_departures": 0.0, "target_count": 0.0, "employment_jobs": 0.0}, "geometry": {"type": "Polygon", "coordinates": [[[-122.25984011657657, 47.65167912324829], [-122.25317812046245, 47.65167912324829], [-122.25317812046245, 47.65617067912325], [-122.25984011657657, 47.65617067912325], [-122.25984011657657, 47.65167912324829]]]}}, {"type": "Feature", "properties": {"cell_id": "r038_c031", "congestion_score": 0.0, "transit_departures": 0.0, "target_count": 0.0, "employment_jobs": 0.0}, "geometry": {"type": "Polygon", "coordinates": [[[-122.25317812046245, 47.65167912324829], [-122.24651612434833, 47.65167912324829], [-122.24651612434833, 47.65617067912325], [-122.25317812046245, 47.65617067912325], [-122.25317812046245, 47.65167912324829]]]}}, {"type": "Feature", "properties": {"cell_id": "r038_c032", "congestion_score": 0.0, "transit_departures": 0.0, "target_count": 0.0, "employment_jobs": 0.0}, "geometry": {"type": "Polygon", "coordinates": [[[-122.24651612434833, 47.65167912324829], [-122.23985412823421, 47.65167912324829], [-122.23985412823421, 47.65617067912325], [-122.24651612434833, 47.65617067912325], [-122.24651612434833, 47.65167912324829]]]}}, {"type": "Feature", "properties": {"cell_id": "r038_c033", "congestion_score": 0.0, "transit_departures": 0.0, "target_count": 0.0, "employment_jobs": 0.0}, "geometry": {"type": "Polygon", "coordinates": [[[-122.23985412823421, 47.65167912324829], [-122.2331921321201, 47.65167912324829], [-122.2331921321201, 47.65617067912325], [-122.23985412823421, 47.65617067912325], [-122.23985412823421, 47.65167912324829]]]}}, {"type": "Feature", "properties": {"cell_id": "r038_c034", "congestion_score": 0.0, "transit_departures": 0.0, "target_count": 0.0, "employment_jobs": 0.0}, "geometry": {"type": "Polygon", "coordinates": [[[-122.23319213212011, 47.65167912324829], [-122.22653013600599, 47.65167912324829], [-122.22653013600599, 47.65617067912325], [-122.23319213212011, 47.65617067912325], [-122.23319213212011, 47.65167912324829]]]}}, {"type": "Feature", "properties": {"cell_id": "r038_c035", "congestion_score": 0.0, "transit_departures": 0.0, "target_count": 0.0, "employment_jobs": 0.0}, "geometry": {"type": "Polygon", "coordinates": [[[-122.22653013600599, 47.65167912324829], [-122.2244, 47.65167912324829], [-122.2244, 47.65617067912325], [-122.22653013600599, 47.65617067912325], [-122.22653013600599, 47.65167912324829]]]}}, {"type": "Feature", "properties": {"cell_id": "r039_c000", "congestion_score": 0.0, "transit_departures": 0.0, "target_count": 0.0, "employment_jobs": 0.0}, "geometry": {"type": "Polygon", "coordinates": [[[-122.4597, 47.65617067912325], [-122.45303800388588, 47.65617067912325], [-122.45303800388588, 47.660662234998206], [-122.4597, 47.660662234998206], [-122.4597, 47.65617067912325]]]}}, {"type": "Feature", "properties": {"cell_id": "r039_c001", "congestion_score": 0.0, "transit_departures": 0.0, "target_count": 0.0, "employment_jobs": 0.0}, "geometry": {"type": "Polygon", "coordinates": [[[-122.45303800388588, 47.65617067912325], [-122.44637600777176, 47.65617067912325], [-122.44637600777176, 47.660662234998206], [-122.45303800388588, 47.660662234998206], [-122.45303800388588, 47.65617067912325]]]}}, {"type": "Feature", "properties": {"cell_id": "r039_c002", "congestion_score": 0.0, "transit_departures": 0.0, "target_count": 0.0, "employment_jobs": 0.0}, "geometry": {"type": "Polygon", "coordinates": [[[-122.44637600777178, 47.65617067912325], [-122.43971401165766, 47.65617067912325], [-122.43971401165766, 47.660662234998206], [-122.44637600777178, 47.660662234998206], [-122.44637600777178, 47.65617067912325]]]}}, {"type": "Feature", "properties": {"cell_id": "r039_c003", "congestion_score": 0.0, "transit_departures": 0.0, "target_count": 0.0, "employment_jobs": 0.0}, "geometry": {"type": "Polygon", "coordinates": [[[-122.43971401165766, 47.65617067912325], [-122.43305201554354, 47.65617067912325], [-122.43305201554354, 47.660662234998206], [-122.43971401165766, 47.660662234998206], [-122.43971401165766, 47.65617067912325]]]}}, {"type": "Feature", "properties": {"cell_id": "r039_c004", "congestion_score": 0.0, "transit_departures": 0.0, "target_count": 0.0, "employment_jobs": 0.0}, "geometry": {"type": "Polygon", "coordinates": [[[-122.43305201554354, 47.65617067912325], [-122.42639001942942, 47.65617067912325], [-122.42639001942942, 47.660662234998206], [-122.43305201554354, 47.660662234998206], [-122.43305201554354, 47.65617067912325]]]}}, {"type": "Feature", "properties": {"cell_id": "r039_c005", "congestion_score": 0.0, "transit_departures": 0.0, "target_count": 0.0, "employment_jobs": 0.0}, "geometry": {"type": "Polygon", "coordinates": [[[-122.42639001942942, 47.65617067912325], [-122.4197280233153, 47.65617067912325], [-122.4197280233153, 47.660662234998206], [-122.42639001942942, 47.660662234998206], [-122.42639001942942, 47.65617067912325]]]}}, {"type": "Feature", "properties": {"cell_id": "r039_c006", "congestion_score": 0.0, "transit_departures": 0.0, "target_count": 0.0, "employment_jobs": 0.0}, "geometry": {"type": "Polygon", "coordinates": [[[-122.41972802331532, 47.65617067912325], [-122.4130660272012, 47.65617067912325], [-122.4130660272012, 47.660662234998206], [-122.41972802331532, 47.660662234998206], [-122.41972802331532, 47.65617067912325]]]}}, {"type": "Feature", "properties": {"cell_id": "r039_c007", "congestion_score": 0.0, "transit_departures": 0.0, "target_count": 0.0, "employment_jobs": 0.0}, "geometry": {"type": "Polygon", "coordinates": [[[-122.4130660272012, 47.65617067912325], [-122.40640403108708, 47.65617067912325], [-122.40640403108708, 47.660662234998206], [-122.4130660272012, 47.660662234998206], [-122.4130660272012, 47.65617067912325]]]}}, {"type": "Feature", "properties": {"cell_id": "r039_c008", "congestion_score": 0.0, "transit_departures": 0.0, "target_count": 0.0, "employment_jobs": 0.0}, "geometry": {"type": "Polygon", "coordinates": [[[-122.40640403108708, 47.65617067912325], [-122.39974203497296, 47.65617067912325], [-122.39974203497296, 47.660662234998206], [-122.40640403108708, 47.660662234998206], [-122.40640403108708, 47.65617067912325]]]}}, {"type": "Feature", "properties": {"cell_id": "r039_c009", "congestion_score": 0.0, "transit_departures": 0.0, "target_count": 0.0, "employment_jobs": 0.0}, "geometry": {"type": "Polygon", "coordinates": [[[-122.39974203497297, 47.65617067912325], [-122.39308003885886, 47.65617067912325], [-122.39308003885886, 47.660662234998206], [-122.39974203497297, 47.660662234998206], [-122.39974203497297, 47.65617067912325]]]}}, {"type": "Feature", "properties": {"cell_id": "r039_c010", "congestion_score": 0.0, "transit_departures": 0.0, "target_count": 0.0, "employment_jobs": 0.0}, "geometry": {"type": "Polygon", "coordinates": [[[-122.39308003885886, 47.65617067912325], [-122.38641804274474, 47.65617067912325], [-122.38641804274474, 47.660662234998206], [-122.39308003885886, 47.660662234998206], [-122.39308003885886, 47.65617067912325]]]}}, {"type": "Feature", "properties": {"cell_id": "r039_c011", "congestion_score": 0.0, "transit_departures": 0.0, "target_count": 0.0, "employment_jobs": 0.0}, "geometry": {"type": "Polygon", "coordinates": [[[-122.38641804274474, 47.65617067912325], [-122.37975604663062, 47.65617067912325], [-122.37975604663062, 47.660662234998206], [-122.38641804274474, 47.660662234998206], [-122.38641804274474, 47.65617067912325]]]}}, {"type": "Feature", "properties": {"cell_id": "r039_c012", "congestion_score": 0.0, "transit_departures": 0.0, "target_count": 0.0, "employment_jobs": 0.0}, "geometry": {"type": "Polygon", "coordinates": [[[-122.37975604663062, 47.65617067912325], [-122.3730940505165, 47.65617067912325], [-122.3730940505165, 47.660662234998206], [-122.37975604663062, 47.660662234998206], [-122.37975604663062, 47.65617067912325]]]}}, {"type": "Feature", "properties": {"cell_id": "r039_c013", "congestion_score": 0.0, "transit_departures": 0.0, "target_count": 0.0, "employment_jobs": 0.0}, "geometry": {"type": "Polygon", "coordinates": [[[-122.37309405051651, 47.65617067912325], [-122.3664320544024, 47.65617067912325], [-122.3664320544024, 47.660662234998206], [-122.37309405051651, 47.660662234998206], [-122.37309405051651, 47.65617067912325]]]}}, {"type": "Feature", "properties": {"cell_id": "r039_c014", "congestion_score": 0.0, "transit_departures": 0.0, "target_count": 0.0, "employment_jobs": 0.0}, "geometry": {"type": "Polygon", "coordinates": [[[-122.3664320544024, 47.65617067912325], [-122.35977005828828, 47.65617067912325], [-122.35977005828828, 47.660662234998206], [-122.3664320544024, 47.660662234998206], [-122.3664320544024, 47.65617067912325]]]}}, {"type": "Feature", "properties": {"cell_id": "r039_c015", "congestion_score": 0.0, "transit_departures": 0.0, "target_count": 0.0, "employment_jobs": 0.0}, "geometry": {"type": "Polygon", "coordinates": [[[-122.35977005828828, 47.65617067912325], [-122.35310806217416, 47.65617067912325], [-122.35310806217416, 47.660662234998206], [-122.35977005828828, 47.660662234998206], [-122.35977005828828, 47.65617067912325]]]}}, {"type": "Feature", "properties": {"cell_id": "r039_c016", "congestion_score": 0.0, "transit_departures": 0.0, "target_count": 0.0, "employment_jobs": 0.0}, "geometry": {"type": "Polygon", "coordinates": [[[-122.35310806217417, 47.65617067912325], [-122.34644606606005, 47.65617067912325], [-122.34644606606005, 47.660662234998206], [-122.35310806217417, 47.660662234998206], [-122.35310806217417, 47.65617067912325]]]}}, {"type": "Feature", "properties": {"cell_id": "r039_c017", "congestion_score": 0.0, "transit_departures": 0.0, "target_count": 0.0, "employment_jobs": 0.0}, "geometry": {"type": "Polygon", "coordinates": [[[-122.34644606606005, 47.65617067912325], [-122.33978406994594, 47.65617067912325], [-122.33978406994594, 47.660662234998206], [-122.34644606606005, 47.660662234998206], [-122.34644606606005, 47.65617067912325]]]}}, {"type": "Feature", "properties": {"cell_id": "r039_c018", "congestion_score": 0.0, "transit_departures": 0.0, "target_count": 0.0, "employment_jobs": 0.0}, "geometry": {"type": "Polygon", "coordinates": [[[-122.33978406994594, 47.65617067912325], [-122.33312207383182, 47.65617067912325], [-122.33312207383182, 47.660662234998206], [-122.33978406994594, 47.660662234998206], [-122.33978406994594, 47.65617067912325]]]}}, {"type": "Feature", "properties": {"cell_id": "r039_c019", "congestion_score": 0.0, "transit_departures": 0.0, "target_count": 0.0, "employment_jobs": 0.0}, "geometry": {"type": "Polygon", "coordinates": [[[-122.33312207383182, 47.65617067912325], [-122.3264600777177, 47.65617067912325], [-122.3264600777177, 47.660662234998206], [-122.33312207383182, 47.660662234998206], [-122.33312207383182, 47.65617067912325]]]}}, {"type": "Feature", "properties": {"cell_id": "r039_c020", "congestion_score": 0.0, "transit_departures": 0.0, "target_count": 0.0, "employment_jobs": 0.0}, "geometry": {"type": "Polygon", "coordinates": [[[-122.32646007771771, 47.65617067912325], [-122.3197980816036, 47.65617067912325], [-122.3197980816036, 47.660662234998206], [-122.32646007771771, 47.660662234998206], [-122.32646007771771, 47.65617067912325]]]}}, {"type": "Feature", "properties": {"cell_id": "r039_c021", "congestion_score": 0.0, "transit_departures": 0.0, "target_count": 0.0, "employment_jobs": 0.0}, "geometry": {"type": "Polygon", "coordinates": [[[-122.3197980816036, 47.65617067912325], [-122.31313608548948, 47.65617067912325], [-122.31313608548948, 47.660662234998206], [-122.3197980816036, 47.660662234998206], [-122.3197980816036, 47.65617067912325]]]}}, {"type": "Feature", "properties": {"cell_id": "r039_c022", "congestion_score": 0.003977, "transit_departures": 1.167, "target_count": 0.0, "employment_jobs": 0.0}, "geometry": {"type": "Polygon", "coordinates": [[[-122.31313608548948, 47.65617067912325], [-122.30647408937536, 47.65617067912325], [-122.30647408937536, 47.660662234998206], [-122.31313608548948, 47.660662234998206], [-122.31313608548948, 47.65617067912325]]]}}, {"type": "Feature", "properties": {"cell_id": "r039_c023", "congestion_score": 0.0, "transit_departures": 0.0, "target_count": 0.0, "employment_jobs": 0.0}, "geometry": {"type": "Polygon", "coordinates": [[[-122.30647408937537, 47.65617067912325], [-122.29981209326125, 47.65617067912325], [-122.29981209326125, 47.660662234998206], [-122.30647408937537, 47.660662234998206], [-122.30647408937537, 47.65617067912325]]]}}, {"type": "Feature", "properties": {"cell_id": "r039_c024", "congestion_score": 0.0, "transit_departures": 0.0, "target_count": 0.0, "employment_jobs": 0.0}, "geometry": {"type": "Polygon", "coordinates": [[[-122.29981209326125, 47.65617067912325], [-122.29315009714713, 47.65617067912325], [-122.29315009714713, 47.660662234998206], [-122.29981209326125, 47.660662234998206], [-122.29981209326125, 47.65617067912325]]]}}, {"type": "Feature", "properties": {"cell_id": "r039_c025", "congestion_score": 0.0, "transit_departures": 0.0, "target_count": 0.0, "employment_jobs": 0.0}, "geometry": {"type": "Polygon", "coordinates": [[[-122.29315009714713, 47.65617067912325], [-122.28648810103302, 47.65617067912325], [-122.28648810103302, 47.660662234998206], [-122.29315009714713, 47.660662234998206], [-122.29315009714713, 47.65617067912325]]]}}, {"type": "Feature", "properties": {"cell_id": "r039_c026", "congestion_score": 0.0, "transit_departures": 0.0, "target_count": 0.0, "employment_jobs": 0.0}, "geometry": {"type": "Polygon", "coordinates": [[[-122.28648810103302, 47.65617067912325], [-122.2798261049189, 47.65617067912325], [-122.2798261049189, 47.660662234998206], [-122.28648810103302, 47.660662234998206], [-122.28648810103302, 47.65617067912325]]]}}, {"type": "Feature", "properties": {"cell_id": "r039_c027", "congestion_score": 0.0, "transit_departures": 0.0, "target_count": 0.0, "employment_jobs": 0.0}, "geometry": {"type": "Polygon", "coordinates": [[[-122.27982610491891, 47.65617067912325], [-122.27316410880479, 47.65617067912325], [-122.27316410880479, 47.660662234998206], [-122.27982610491891, 47.660662234998206], [-122.27982610491891, 47.65617067912325]]]}}, {"type": "Feature", "properties": {"cell_id": "r039_c028", "congestion_score": 0.0, "transit_departures": 0.0, "target_count": 0.0, "employment_jobs": 0.0}, "geometry": {"type": "Polygon", "coordinates": [[[-122.27316410880479, 47.65617067912325], [-122.26650211269067, 47.65617067912325], [-122.26650211269067, 47.660662234998206], [-122.27316410880479, 47.660662234998206], [-122.27316410880479, 47.65617067912325]]]}}, {"type": "Feature", "properties": {"cell_id": "r039_c029", "congestion_score": 0.0, "transit_departures": 0.0, "target_count": 0.0, "employment_jobs": 0.0}, "geometry": {"type": "Polygon", "coordinates": [[[-122.26650211269067, 47.65617067912325], [-122.25984011657656, 47.65617067912325], [-122.25984011657656, 47.660662234998206], [-122.26650211269067, 47.660662234998206], [-122.26650211269067, 47.65617067912325]]]}}, {"type": "Feature", "properties": {"cell_id": "r039_c030", "congestion_score": 0.0, "transit_departures": 0.0, "target_count": 0.0, "employment_jobs": 0.0}, "geometry": {"type": "Polygon", "coordinates": [[[-122.25984011657657, 47.65617067912325], [-122.25317812046245, 47.65617067912325], [-122.25317812046245, 47.660662234998206], [-122.25984011657657, 47.660662234998206], [-122.25984011657657, 47.65617067912325]]]}}, {"type": "Feature", "properties": {"cell_id": "r039_c031", "congestion_score": 0.0, "transit_departures": 0.0, "target_count": 0.0, "employment_jobs": 0.0}, "geometry": {"type": "Polygon", "coordinates": [[[-122.25317812046245, 47.65617067912325], [-122.24651612434833, 47.65617067912325], [-122.24651612434833, 47.660662234998206], [-122.25317812046245, 47.660662234998206], [-122.25317812046245, 47.65617067912325]]]}}, {"type": "Feature", "properties": {"cell_id": "r039_c032", "congestion_score": 0.0, "transit_departures": 0.0, "target_count": 0.0, "employment_jobs": 0.0}, "geometry": {"type": "Polygon", "coordinates": [[[-122.24651612434833, 47.65617067912325], [-122.23985412823421, 47.65617067912325], [-122.23985412823421, 47.660662234998206], [-122.24651612434833, 47.660662234998206], [-122.24651612434833, 47.65617067912325]]]}}, {"type": "Feature", "properties": {"cell_id": "r039_c033", "congestion_score": 0.0, "transit_departures": 0.0, "target_count": 0.0, "employment_jobs": 0.0}, "geometry": {"type": "Polygon", "coordinates": [[[-122.23985412823421, 47.65617067912325], [-122.2331921321201, 47.65617067912325], [-122.2331921321201, 47.660662234998206], [-122.23985412823421, 47.660662234998206], [-122.23985412823421, 47.65617067912325]]]}}, {"type": "Feature", "properties": {"cell_id": "r039_c034", "congestion_score": 0.0, "transit_departures": 0.0, "target_count": 0.0, "employment_jobs": 0.0}, "geometry": {"type": "Polygon", "coordinates": [[[-122.23319213212011, 47.65617067912325], [-122.22653013600599, 47.65617067912325], [-122.22653013600599, 47.660662234998206], [-122.23319213212011, 47.660662234998206], [-122.23319213212011, 47.65617067912325]]]}}, {"type": "Feature", "properties": {"cell_id": "r039_c035", "congestion_score": 0.0, "transit_departures": 0.0, "target_count": 0.0, "employment_jobs": 0.0}, "geometry": {"type": "Polygon", "coordinates": [[[-122.22653013600599, 47.65617067912325], [-122.2244, 47.65617067912325], [-122.2244, 47.660662234998206], [-122.22653013600599, 47.660662234998206], [-122.22653013600599, 47.65617067912325]]]}}, {"type": "Feature", "properties": {"cell_id": "r040_c000", "congestion_score": 0.0, "transit_departures": 0.0, "target_count": 0.0, "employment_jobs": 0.0}, "geometry": {"type": "Polygon", "coordinates": [[[-122.4597, 47.660662234998206], [-122.45303800388588, 47.660662234998206], [-122.45303800388588, 47.66515379087316], [-122.4597, 47.66515379087316], [-122.4597, 47.660662234998206]]]}}, {"type": "Feature", "properties": {"cell_id": "r040_c001", "congestion_score": 0.0, "transit_departures": 0.0, "target_count": 0.0, "employment_jobs": 0.0}, "geometry": {"type": "Polygon", "coordinates": [[[-122.45303800388588, 47.660662234998206], [-122.44637600777176, 47.660662234998206], [-122.44637600777176, 47.66515379087316], [-122.45303800388588, 47.66515379087316], [-122.45303800388588, 47.660662234998206]]]}}, {"type": "Feature", "properties": {"cell_id": "r040_c002", "congestion_score": 0.0, "transit_departures": 0.0, "target_count": 0.0, "employment_jobs": 0.0}, "geometry": {"type": "Polygon", "coordinates": [[[-122.44637600777178, 47.660662234998206], [-122.43971401165766, 47.660662234998206], [-122.43971401165766, 47.66515379087316], [-122.44637600777178, 47.66515379087316], [-122.44637600777178, 47.660662234998206]]]}}, {"type": "Feature", "properties": {"cell_id": "r040_c003", "congestion_score": 0.0, "transit_departures": 0.0, "target_count": 0.0, "employment_jobs": 0.0}, "geometry": {"type": "Polygon", "coordinates": [[[-122.43971401165766, 47.660662234998206], [-122.43305201554354, 47.660662234998206], [-122.43305201554354, 47.66515379087316], [-122.43971401165766, 47.66515379087316], [-122.43971401165766, 47.660662234998206]]]}}, {"type": "Feature", "properties": {"cell_id": "r040_c004", "congestion_score": 0.0, "transit_departures": 0.0, "target_count": 0.0, "employment_jobs": 0.0}, "geometry": {"type": "Polygon", "coordinates": [[[-122.43305201554354, 47.660662234998206], [-122.42639001942942, 47.660662234998206], [-122.42639001942942, 47.66515379087316], [-122.43305201554354, 47.66515379087316], [-122.43305201554354, 47.660662234998206]]]}}, {"type": "Feature", "properties": {"cell_id": "r040_c005", "congestion_score": 0.0, "transit_departures": 0.0, "target_count": 0.0, "employment_jobs": 0.0}, "geometry": {"type": "Polygon", "coordinates": [[[-122.42639001942942, 47.660662234998206], [-122.4197280233153, 47.660662234998206], [-122.4197280233153, 47.66515379087316], [-122.42639001942942, 47.66515379087316], [-122.42639001942942, 47.660662234998206]]]}}, {"type": "Feature", "properties": {"cell_id": "r040_c006", "congestion_score": 0.0, "transit_departures": 0.0, "target_count": 0.0, "employment_jobs": 0.0}, "geometry": {"type": "Polygon", "coordinates": [[[-122.41972802331532, 47.660662234998206], [-122.4130660272012, 47.660662234998206], [-122.4130660272012, 47.66515379087316], [-122.41972802331532, 47.66515379087316], [-122.41972802331532, 47.660662234998206]]]}}, {"type": "Feature", "properties": {"cell_id": "r040_c007", "congestion_score": 0.0, "transit_departures": 0.0, "target_count": 0.0, "employment_jobs": 0.0}, "geometry": {"type": "Polygon", "coordinates": [[[-122.4130660272012, 47.660662234998206], [-122.40640403108708, 47.660662234998206], [-122.40640403108708, 47.66515379087316], [-122.4130660272012, 47.66515379087316], [-122.4130660272012, 47.660662234998206]]]}}, {"type": "Feature", "properties": {"cell_id": "r040_c008", "congestion_score": 0.0, "transit_departures": 0.0, "target_count": 0.0, "employment_jobs": 0.0}, "geometry": {"type": "Polygon", "coordinates": [[[-122.40640403108708, 47.660662234998206], [-122.39974203497296, 47.660662234998206], [-122.39974203497296, 47.66515379087316], [-122.40640403108708, 47.66515379087316], [-122.40640403108708, 47.660662234998206]]]}}, {"type": "Feature", "properties": {"cell_id": "r040_c009", "congestion_score": 0.0, "transit_departures": 0.0, "target_count": 0.0, "employment_jobs": 0.0}, "geometry": {"type": "Polygon", "coordinates": [[[-122.39974203497297, 47.660662234998206], [-122.39308003885886, 47.660662234998206], [-122.39308003885886, 47.66515379087316], [-122.39974203497297, 47.66515379087316], [-122.39974203497297, 47.660662234998206]]]}}, {"type": "Feature", "properties": {"cell_id": "r040_c010", "congestion_score": 0.0, "transit_departures": 0.0, "target_count": 0.0, "employment_jobs": 0.0}, "geometry": {"type": "Polygon", "coordinates": [[[-122.39308003885886, 47.660662234998206], [-122.38641804274474, 47.660662234998206], [-122.38641804274474, 47.66515379087316], [-122.39308003885886, 47.66515379087316], [-122.39308003885886, 47.660662234998206]]]}}, {"type": "Feature", "properties": {"cell_id": "r040_c011", "congestion_score": 0.0, "transit_departures": 0.0, "target_count": 0.0, "employment_jobs": 0.0}, "geometry": {"type": "Polygon", "coordinates": [[[-122.38641804274474, 47.660662234998206], [-122.37975604663062, 47.660662234998206], [-122.37975604663062, 47.66515379087316], [-122.38641804274474, 47.66515379087316], [-122.38641804274474, 47.660662234998206]]]}}, {"type": "Feature", "properties": {"cell_id": "r040_c012", "congestion_score": 0.0, "transit_departures": 0.0, "target_count": 0.0, "employment_jobs": 0.0}, "geometry": {"type": "Polygon", "coordinates": [[[-122.37975604663062, 47.660662234998206], [-122.3730940505165, 47.660662234998206], [-122.3730940505165, 47.66515379087316], [-122.37975604663062, 47.66515379087316], [-122.37975604663062, 47.660662234998206]]]}}, {"type": "Feature", "properties": {"cell_id": "r040_c013", "congestion_score": 0.0, "transit_departures": 0.0, "target_count": 0.0, "employment_jobs": 0.0}, "geometry": {"type": "Polygon", "coordinates": [[[-122.37309405051651, 47.660662234998206], [-122.3664320544024, 47.660662234998206], [-122.3664320544024, 47.66515379087316], [-122.37309405051651, 47.66515379087316], [-122.37309405051651, 47.660662234998206]]]}}, {"type": "Feature", "properties": {"cell_id": "r040_c014", "congestion_score": 0.0, "transit_departures": 0.0, "target_count": 0.0, "employment_jobs": 0.0}, "geometry": {"type": "Polygon", "coordinates": [[[-122.3664320544024, 47.660662234998206], [-122.35977005828828, 47.660662234998206], [-122.35977005828828, 47.66515379087316], [-122.3664320544024, 47.66515379087316], [-122.3664320544024, 47.660662234998206]]]}}, {"type": "Feature", "properties": {"cell_id": "r040_c015", "congestion_score": 0.0, "transit_departures": 0.0, "target_count": 0.0, "employment_jobs": 0.0}, "geometry": {"type": "Polygon", "coordinates": [[[-122.35977005828828, 47.660662234998206], [-122.35310806217416, 47.660662234998206], [-122.35310806217416, 47.66515379087316], [-122.35977005828828, 47.66515379087316], [-122.35977005828828, 47.660662234998206]]]}}, {"type": "Feature", "properties": {"cell_id": "r040_c016", "congestion_score": 0.0, "transit_departures": 0.0, "target_count": 0.0, "employment_jobs": 0.0}, "geometry": {"type": "Polygon", "coordinates": [[[-122.35310806217417, 47.660662234998206], [-122.34644606606005, 47.660662234998206], [-122.34644606606005, 47.66515379087316], [-122.35310806217417, 47.66515379087316], [-122.35310806217417, 47.660662234998206]]]}}, {"type": "Feature", "properties": {"cell_id": "r040_c017", "congestion_score": 0.0, "transit_departures": 0.0, "target_count": 0.0, "employment_jobs": 0.0}, "geometry": {"type": "Polygon", "coordinates": [[[-122.34644606606005, 47.660662234998206], [-122.33978406994594, 47.660662234998206], [-122.33978406994594, 47.66515379087316], [-122.34644606606005, 47.66515379087316], [-122.34644606606005, 47.660662234998206]]]}}, {"type": "Feature", "properties": {"cell_id": "r040_c018", "congestion_score": 0.0, "transit_departures": 0.0, "target_count": 0.0, "employment_jobs": 0.0}, "geometry": {"type": "Polygon", "coordinates": [[[-122.33978406994594, 47.660662234998206], [-122.33312207383182, 47.660662234998206], [-122.33312207383182, 47.66515379087316], [-122.33978406994594, 47.66515379087316], [-122.33978406994594, 47.660662234998206]]]}}, {"type": "Feature", "properties": {"cell_id": "r040_c019", "congestion_score": 0.0, "transit_departures": 0.0, "target_count": 0.0, "employment_jobs": 0.0}, "geometry": {"type": "Polygon", "coordinates": [[[-122.33312207383182, 47.660662234998206], [-122.3264600777177, 47.660662234998206], [-122.3264600777177, 47.66515379087316], [-122.33312207383182, 47.66515379087316], [-122.33312207383182, 47.660662234998206]]]}}, {"type": "Feature", "properties": {"cell_id": "r040_c020", "congestion_score": 0.0, "transit_departures": 0.0, "target_count": 0.0, "employment_jobs": 0.0}, "geometry": {"type": "Polygon", "coordinates": [[[-122.32646007771771, 47.660662234998206], [-122.3197980816036, 47.660662234998206], [-122.3197980816036, 47.66515379087316], [-122.32646007771771, 47.66515379087316], [-122.32646007771771, 47.660662234998206]]]}}, {"type": "Feature", "properties": {"cell_id": "r040_c021", "congestion_score": 0.003977, "transit_departures": 1.167, "target_count": 0.0, "employment_jobs": 0.0}, "geometry": {"type": "Polygon", "coordinates": [[[-122.3197980816036, 47.660662234998206], [-122.31313608548948, 47.660662234998206], [-122.31313608548948, 47.66515379087316], [-122.3197980816036, 47.66515379087316], [-122.3197980816036, 47.660662234998206]]]}}, {"type": "Feature", "properties": {"cell_id": "r040_c022", "congestion_score": 0.0, "transit_departures": 0.0, "target_count": 0.0, "employment_jobs": 0.0}, "geometry": {"type": "Polygon", "coordinates": [[[-122.31313608548948, 47.660662234998206], [-122.30647408937536, 47.660662234998206], [-122.30647408937536, 47.66515379087316], [-122.31313608548948, 47.66515379087316], [-122.31313608548948, 47.660662234998206]]]}}, {"type": "Feature", "properties": {"cell_id": "r040_c023", "congestion_score": 0.0, "transit_departures": 0.0, "target_count": 0.0, "employment_jobs": 0.0}, "geometry": {"type": "Polygon", "coordinates": [[[-122.30647408937537, 47.660662234998206], [-122.29981209326125, 47.660662234998206], [-122.29981209326125, 47.66515379087316], [-122.30647408937537, 47.66515379087316], [-122.30647408937537, 47.660662234998206]]]}}, {"type": "Feature", "properties": {"cell_id": "r040_c024", "congestion_score": 0.0, "transit_departures": 0.0, "target_count": 0.0, "employment_jobs": 0.0}, "geometry": {"type": "Polygon", "coordinates": [[[-122.29981209326125, 47.660662234998206], [-122.29315009714713, 47.660662234998206], [-122.29315009714713, 47.66515379087316], [-122.29981209326125, 47.66515379087316], [-122.29981209326125, 47.660662234998206]]]}}, {"type": "Feature", "properties": {"cell_id": "r040_c025", "congestion_score": 0.0, "transit_departures": 0.0, "target_count": 0.0, "employment_jobs": 0.0}, "geometry": {"type": "Polygon", "coordinates": [[[-122.29315009714713, 47.660662234998206], [-122.28648810103302, 47.660662234998206], [-122.28648810103302, 47.66515379087316], [-122.29315009714713, 47.66515379087316], [-122.29315009714713, 47.660662234998206]]]}}, {"type": "Feature", "properties": {"cell_id": "r040_c026", "congestion_score": 0.0, "transit_departures": 0.0, "target_count": 0.0, "employment_jobs": 0.0}, "geometry": {"type": "Polygon", "coordinates": [[[-122.28648810103302, 47.660662234998206], [-122.2798261049189, 47.660662234998206], [-122.2798261049189, 47.66515379087316], [-122.28648810103302, 47.66515379087316], [-122.28648810103302, 47.660662234998206]]]}}, {"type": "Feature", "properties": {"cell_id": "r040_c027", "congestion_score": 0.0, "transit_departures": 0.0, "target_count": 0.0, "employment_jobs": 0.0}, "geometry": {"type": "Polygon", "coordinates": [[[-122.27982610491891, 47.660662234998206], [-122.27316410880479, 47.660662234998206], [-122.27316410880479, 47.66515379087316], [-122.27982610491891, 47.66515379087316], [-122.27982610491891, 47.660662234998206]]]}}, {"type": "Feature", "properties": {"cell_id": "r040_c028", "congestion_score": 0.0, "transit_departures": 0.0, "target_count": 0.0, "employment_jobs": 0.0}, "geometry": {"type": "Polygon", "coordinates": [[[-122.27316410880479, 47.660662234998206], [-122.26650211269067, 47.660662234998206], [-122.26650211269067, 47.66515379087316], [-122.27316410880479, 47.66515379087316], [-122.27316410880479, 47.660662234998206]]]}}, {"type": "Feature", "properties": {"cell_id": "r040_c029", "congestion_score": 0.0, "transit_departures": 0.0, "target_count": 0.0, "employment_jobs": 0.0}, "geometry": {"type": "Polygon", "coordinates": [[[-122.26650211269067, 47.660662234998206], [-122.25984011657656, 47.660662234998206], [-122.25984011657656, 47.66515379087316], [-122.26650211269067, 47.66515379087316], [-122.26650211269067, 47.660662234998206]]]}}, {"type": "Feature", "properties": {"cell_id": "r040_c030", "congestion_score": 0.0, "transit_departures": 0.0, "target_count": 0.0, "employment_jobs": 0.0}, "geometry": {"type": "Polygon", "coordinates": [[[-122.25984011657657, 47.660662234998206], [-122.25317812046245, 47.660662234998206], [-122.25317812046245, 47.66515379087316], [-122.25984011657657, 47.66515379087316], [-122.25984011657657, 47.660662234998206]]]}}, {"type": "Feature", "properties": {"cell_id": "r040_c031", "congestion_score": 0.0, "transit_departures": 0.0, "target_count": 0.0, "employment_jobs": 0.0}, "geometry": {"type": "Polygon", "coordinates": [[[-122.25317812046245, 47.660662234998206], [-122.24651612434833, 47.660662234998206], [-122.24651612434833, 47.66515379087316], [-122.25317812046245, 47.66515379087316], [-122.25317812046245, 47.660662234998206]]]}}, {"type": "Feature", "properties": {"cell_id": "r040_c032", "congestion_score": 0.0, "transit_departures": 0.0, "target_count": 0.0, "employment_jobs": 0.0}, "geometry": {"type": "Polygon", "coordinates": [[[-122.24651612434833, 47.660662234998206], [-122.23985412823421, 47.660662234998206], [-122.23985412823421, 47.66515379087316], [-122.24651612434833, 47.66515379087316], [-122.24651612434833, 47.660662234998206]]]}}, {"type": "Feature", "properties": {"cell_id": "r040_c033", "congestion_score": 0.0, "transit_departures": 0.0, "target_count": 0.0, "employment_jobs": 0.0}, "geometry": {"type": "Polygon", "coordinates": [[[-122.23985412823421, 47.660662234998206], [-122.2331921321201, 47.660662234998206], [-122.2331921321201, 47.66515379087316], [-122.23985412823421, 47.66515379087316], [-122.23985412823421, 47.660662234998206]]]}}, {"type": "Feature", "properties": {"cell_id": "r040_c034", "congestion_score": 0.0, "transit_departures": 0.0, "target_count": 0.0, "employment_jobs": 0.0}, "geometry": {"type": "Polygon", "coordinates": [[[-122.23319213212011, 47.660662234998206], [-122.22653013600599, 47.660662234998206], [-122.22653013600599, 47.66515379087316], [-122.23319213212011, 47.66515379087316], [-122.23319213212011, 47.660662234998206]]]}}, {"type": "Feature", "properties": {"cell_id": "r040_c035", "congestion_score": 0.0, "transit_departures": 0.0, "target_count": 0.0, "employment_jobs": 0.0}, "geometry": {"type": "Polygon", "coordinates": [[[-122.22653013600599, 47.660662234998206], [-122.2244, 47.660662234998206], [-122.2244, 47.66515379087316], [-122.22653013600599, 47.66515379087316], [-122.22653013600599, 47.660662234998206]]]}}, {"type": "Feature", "properties": {"cell_id": "r041_c000", "congestion_score": 0.0, "transit_departures": 0.0, "target_count": 0.0, "employment_jobs": 0.0}, "geometry": {"type": "Polygon", "coordinates": [[[-122.4597, 47.66515379087316], [-122.45303800388588, 47.66515379087316], [-122.45303800388588, 47.66964534674812], [-122.4597, 47.66964534674812], [-122.4597, 47.66515379087316]]]}}, {"type": "Feature", "properties": {"cell_id": "r041_c001", "congestion_score": 0.0, "transit_departures": 0.0, "target_count": 0.0, "employment_jobs": 0.0}, "geometry": {"type": "Polygon", "coordinates": [[[-122.45303800388588, 47.66515379087316], [-122.44637600777176, 47.66515379087316], [-122.44637600777176, 47.66964534674812], [-122.45303800388588, 47.66964534674812], [-122.45303800388588, 47.66515379087316]]]}}, {"type": "Feature", "properties": {"cell_id": "r041_c002", "congestion_score": 0.0, "transit_departures": 0.0, "target_count": 0.0, "employment_jobs": 0.0}, "geometry": {"type": "Polygon", "coordinates": [[[-122.44637600777178, 47.66515379087316], [-122.43971401165766, 47.66515379087316], [-122.43971401165766, 47.66964534674812], [-122.44637600777178, 47.66964534674812], [-122.44637600777178, 47.66515379087316]]]}}, {"type": "Feature", "properties": {"cell_id": "r041_c003", "congestion_score": 0.0, "transit_departures": 0.0, "target_count": 0.0, "employment_jobs": 0.0}, "geometry": {"type": "Polygon", "coordinates": [[[-122.43971401165766, 47.66515379087316], [-122.43305201554354, 47.66515379087316], [-122.43305201554354, 47.66964534674812], [-122.43971401165766, 47.66964534674812], [-122.43971401165766, 47.66515379087316]]]}}, {"type": "Feature", "properties": {"cell_id": "r041_c004", "congestion_score": 0.0, "transit_departures": 0.0, "target_count": 0.0, "employment_jobs": 0.0}, "geometry": {"type": "Polygon", "coordinates": [[[-122.43305201554354, 47.66515379087316], [-122.42639001942942, 47.66515379087316], [-122.42639001942942, 47.66964534674812], [-122.43305201554354, 47.66964534674812], [-122.43305201554354, 47.66515379087316]]]}}, {"type": "Feature", "properties": {"cell_id": "r041_c005", "congestion_score": 0.0, "transit_departures": 0.0, "target_count": 0.0, "employment_jobs": 0.0}, "geometry": {"type": "Polygon", "coordinates": [[[-122.42639001942942, 47.66515379087316], [-122.4197280233153, 47.66515379087316], [-122.4197280233153, 47.66964534674812], [-122.42639001942942, 47.66964534674812], [-122.42639001942942, 47.66515379087316]]]}}, {"type": "Feature", "properties": {"cell_id": "r041_c006", "congestion_score": 0.0, "transit_departures": 0.0, "target_count": 0.0, "employment_jobs": 0.0}, "geometry": {"type": "Polygon", "coordinates": [[[-122.41972802331532, 47.66515379087316], [-122.4130660272012, 47.66515379087316], [-122.4130660272012, 47.66964534674812], [-122.41972802331532, 47.66964534674812], [-122.41972802331532, 47.66515379087316]]]}}, {"type": "Feature", "properties": {"cell_id": "r041_c007", "congestion_score": 0.0, "transit_departures": 0.0, "target_count": 0.0, "employment_jobs": 0.0}, "geometry": {"type": "Polygon", "coordinates": [[[-122.4130660272012, 47.66515379087316], [-122.40640403108708, 47.66515379087316], [-122.40640403108708, 47.66964534674812], [-122.4130660272012, 47.66964534674812], [-122.4130660272012, 47.66515379087316]]]}}, {"type": "Feature", "properties": {"cell_id": "r041_c008", "congestion_score": 0.0, "transit_departures": 0.0, "target_count": 0.0, "employment_jobs": 0.0}, "geometry": {"type": "Polygon", "coordinates": [[[-122.40640403108708, 47.66515379087316], [-122.39974203497296, 47.66515379087316], [-122.39974203497296, 47.66964534674812], [-122.40640403108708, 47.66964534674812], [-122.40640403108708, 47.66515379087316]]]}}, {"type": "Feature", "properties": {"cell_id": "r041_c009", "congestion_score": 0.0, "transit_departures": 0.0, "target_count": 0.0, "employment_jobs": 0.0}, "geometry": {"type": "Polygon", "coordinates": [[[-122.39974203497297, 47.66515379087316], [-122.39308003885886, 47.66515379087316], [-122.39308003885886, 47.66964534674812], [-122.39974203497297, 47.66964534674812], [-122.39974203497297, 47.66515379087316]]]}}, {"type": "Feature", "properties": {"cell_id": "r041_c010", "congestion_score": 0.0, "transit_departures": 0.0, "target_count": 0.0, "employment_jobs": 0.0}, "geometry": {"type": "Polygon", "coordinates": [[[-122.39308003885886, 47.66515379087316], [-122.38641804274474, 47.66515379087316], [-122.38641804274474, 47.66964534674812], [-122.39308003885886, 47.66964534674812], [-122.39308003885886, 47.66515379087316]]]}}, {"type": "Feature", "properties": {"cell_id": "r041_c011", "congestion_score": 0.0, "transit_departures": 0.0, "target_count": 0.0, "employment_jobs": 0.0}, "geometry": {"type": "Polygon", "coordinates": [[[-122.38641804274474, 47.66515379087316], [-122.37975604663062, 47.66515379087316], [-122.37975604663062, 47.66964534674812], [-122.38641804274474, 47.66964534674812], [-122.38641804274474, 47.66515379087316]]]}}, {"type": "Feature", "properties": {"cell_id": "r041_c012", "congestion_score": 0.0, "transit_departures": 0.0, "target_count": 0.0, "employment_jobs": 0.0}, "geometry": {"type": "Polygon", "coordinates": [[[-122.37975604663062, 47.66515379087316], [-122.3730940505165, 47.66515379087316], [-122.3730940505165, 47.66964534674812], [-122.37975604663062, 47.66964534674812], [-122.37975604663062, 47.66515379087316]]]}}, {"type": "Feature", "properties": {"cell_id": "r041_c013", "congestion_score": 0.0, "transit_departures": 0.0, "target_count": 0.0, "employment_jobs": 0.0}, "geometry": {"type": "Polygon", "coordinates": [[[-122.37309405051651, 47.66515379087316], [-122.3664320544024, 47.66515379087316], [-122.3664320544024, 47.66964534674812], [-122.37309405051651, 47.66964534674812], [-122.37309405051651, 47.66515379087316]]]}}, {"type": "Feature", "properties": {"cell_id": "r041_c014", "congestion_score": 0.0, "transit_departures": 0.0, "target_count": 0.0, "employment_jobs": 0.0}, "geometry": {"type": "Polygon", "coordinates": [[[-122.3664320544024, 47.66515379087316], [-122.35977005828828, 47.66515379087316], [-122.35977005828828, 47.66964534674812], [-122.3664320544024, 47.66964534674812], [-122.3664320544024, 47.66515379087316]]]}}, {"type": "Feature", "properties": {"cell_id": "r041_c015", "congestion_score": 0.0, "transit_departures": 0.0, "target_count": 0.0, "employment_jobs": 0.0}, "geometry": {"type": "Polygon", "coordinates": [[[-122.35977005828828, 47.66515379087316], [-122.35310806217416, 47.66515379087316], [-122.35310806217416, 47.66964534674812], [-122.35977005828828, 47.66964534674812], [-122.35977005828828, 47.66515379087316]]]}}, {"type": "Feature", "properties": {"cell_id": "r041_c016", "congestion_score": 0.0, "transit_departures": 0.0, "target_count": 0.0, "employment_jobs": 0.0}, "geometry": {"type": "Polygon", "coordinates": [[[-122.35310806217417, 47.66515379087316], [-122.34644606606005, 47.66515379087316], [-122.34644606606005, 47.66964534674812], [-122.35310806217417, 47.66964534674812], [-122.35310806217417, 47.66515379087316]]]}}, {"type": "Feature", "properties": {"cell_id": "r041_c017", "congestion_score": 0.0, "transit_departures": 0.0, "target_count": 0.0, "employment_jobs": 0.0}, "geometry": {"type": "Polygon", "coordinates": [[[-122.34644606606005, 47.66515379087316], [-122.33978406994594, 47.66515379087316], [-122.33978406994594, 47.66964534674812], [-122.34644606606005, 47.66964534674812], [-122.34644606606005, 47.66515379087316]]]}}, {"type": "Feature", "properties": {"cell_id": "r041_c018", "congestion_score": 0.0, "transit_departures": 0.0, "target_count": 0.0, "employment_jobs": 0.0}, "geometry": {"type": "Polygon", "coordinates": [[[-122.33978406994594, 47.66515379087316], [-122.33312207383182, 47.66515379087316], [-122.33312207383182, 47.66964534674812], [-122.33978406994594, 47.66964534674812], [-122.33978406994594, 47.66515379087316]]]}}, {"type": "Feature", "properties": {"cell_id": "r041_c019", "congestion_score": 0.0, "transit_departures": 0.0, "target_count": 0.0, "employment_jobs": 0.0}, "geometry": {"type": "Polygon", "coordinates": [[[-122.33312207383182, 47.66515379087316], [-122.3264600777177, 47.66515379087316], [-122.3264600777177, 47.66964534674812], [-122.33312207383182, 47.66964534674812], [-122.33312207383182, 47.66515379087316]]]}}, {"type": "Feature", "properties": {"cell_id": "r041_c020", "congestion_score": 0.0, "transit_departures": 0.0, "target_count": 0.0, "employment_jobs": 0.0}, "geometry": {"type": "Polygon", "coordinates": [[[-122.32646007771771, 47.66515379087316], [-122.3197980816036, 47.66515379087316], [-122.3197980816036, 47.66964534674812], [-122.32646007771771, 47.66964534674812], [-122.32646007771771, 47.66515379087316]]]}}, {"type": "Feature", "properties": {"cell_id": "r041_c021", "congestion_score": 0.0, "transit_departures": 0.0, "target_count": 0.0, "employment_jobs": 0.0}, "geometry": {"type": "Polygon", "coordinates": [[[-122.3197980816036, 47.66515379087316], [-122.31313608548948, 47.66515379087316], [-122.31313608548948, 47.66964534674812], [-122.3197980816036, 47.66964534674812], [-122.3197980816036, 47.66515379087316]]]}}, {"type": "Feature", "properties": {"cell_id": "r041_c022", "congestion_score": 0.0, "transit_departures": 0.0, "target_count": 0.0, "employment_jobs": 0.0}, "geometry": {"type": "Polygon", "coordinates": [[[-122.31313608548948, 47.66515379087316], [-122.30647408937536, 47.66515379087316], [-122.30647408937536, 47.66964534674812], [-122.31313608548948, 47.66964534674812], [-122.31313608548948, 47.66515379087316]]]}}, {"type": "Feature", "properties": {"cell_id": "r041_c023", "congestion_score": 0.0, "transit_departures": 0.0, "target_count": 0.0, "employment_jobs": 0.0}, "geometry": {"type": "Polygon", "coordinates": [[[-122.30647408937537, 47.66515379087316], [-122.29981209326125, 47.66515379087316], [-122.29981209326125, 47.66964534674812], [-122.30647408937537, 47.66964534674812], [-122.30647408937537, 47.66515379087316]]]}}, {"type": "Feature", "properties": {"cell_id": "r041_c024", "congestion_score": 0.0, "transit_departures": 0.0, "target_count": 0.0, "employment_jobs": 0.0}, "geometry": {"type": "Polygon", "coordinates": [[[-122.29981209326125, 47.66515379087316], [-122.29315009714713, 47.66515379087316], [-122.29315009714713, 47.66964534674812], [-122.29981209326125, 47.66964534674812], [-122.29981209326125, 47.66515379087316]]]}}, {"type": "Feature", "properties": {"cell_id": "r041_c025", "congestion_score": 0.0, "transit_departures": 0.0, "target_count": 0.0, "employment_jobs": 0.0}, "geometry": {"type": "Polygon", "coordinates": [[[-122.29315009714713, 47.66515379087316], [-122.28648810103302, 47.66515379087316], [-122.28648810103302, 47.66964534674812], [-122.29315009714713, 47.66964534674812], [-122.29315009714713, 47.66515379087316]]]}}, {"type": "Feature", "properties": {"cell_id": "r041_c026", "congestion_score": 0.0, "transit_departures": 0.0, "target_count": 0.0, "employment_jobs": 0.0}, "geometry": {"type": "Polygon", "coordinates": [[[-122.28648810103302, 47.66515379087316], [-122.2798261049189, 47.66515379087316], [-122.2798261049189, 47.66964534674812], [-122.28648810103302, 47.66964534674812], [-122.28648810103302, 47.66515379087316]]]}}, {"type": "Feature", "properties": {"cell_id": "r041_c027", "congestion_score": 0.0, "transit_departures": 0.0, "target_count": 0.0, "employment_jobs": 0.0}, "geometry": {"type": "Polygon", "coordinates": [[[-122.27982610491891, 47.66515379087316], [-122.27316410880479, 47.66515379087316], [-122.27316410880479, 47.66964534674812], [-122.27982610491891, 47.66964534674812], [-122.27982610491891, 47.66515379087316]]]}}, {"type": "Feature", "properties": {"cell_id": "r041_c028", "congestion_score": 0.0, "transit_departures": 0.0, "target_count": 0.0, "employment_jobs": 0.0}, "geometry": {"type": "Polygon", "coordinates": [[[-122.27316410880479, 47.66515379087316], [-122.26650211269067, 47.66515379087316], [-122.26650211269067, 47.66964534674812], [-122.27316410880479, 47.66964534674812], [-122.27316410880479, 47.66515379087316]]]}}, {"type": "Feature", "properties": {"cell_id": "r041_c029", "congestion_score": 0.0, "transit_departures": 0.0, "target_count": 0.0, "employment_jobs": 0.0}, "geometry": {"type": "Polygon", "coordinates": [[[-122.26650211269067, 47.66515379087316], [-122.25984011657656, 47.66515379087316], [-122.25984011657656, 47.66964534674812], [-122.26650211269067, 47.66964534674812], [-122.26650211269067, 47.66515379087316]]]}}, {"type": "Feature", "properties": {"cell_id": "r041_c030", "congestion_score": 0.0, "transit_departures": 0.0, "target_count": 0.0, "employment_jobs": 0.0}, "geometry": {"type": "Polygon", "coordinates": [[[-122.25984011657657, 47.66515379087316], [-122.25317812046245, 47.66515379087316], [-122.25317812046245, 47.66964534674812], [-122.25984011657657, 47.66964534674812], [-122.25984011657657, 47.66515379087316]]]}}, {"type": "Feature", "properties": {"cell_id": "r041_c031", "congestion_score": 0.0, "transit_departures": 0.0, "target_count": 0.0, "employment_jobs": 0.0}, "geometry": {"type": "Polygon", "coordinates": [[[-122.25317812046245, 47.66515379087316], [-122.24651612434833, 47.66515379087316], [-122.24651612434833, 47.66964534674812], [-122.25317812046245, 47.66964534674812], [-122.25317812046245, 47.66515379087316]]]}}, {"type": "Feature", "properties": {"cell_id": "r041_c032", "congestion_score": 0.0, "transit_departures": 0.0, "target_count": 0.0, "employment_jobs": 0.0}, "geometry": {"type": "Polygon", "coordinates": [[[-122.24651612434833, 47.66515379087316], [-122.23985412823421, 47.66515379087316], [-122.23985412823421, 47.66964534674812], [-122.24651612434833, 47.66964534674812], [-122.24651612434833, 47.66515379087316]]]}}, {"type": "Feature", "properties": {"cell_id": "r041_c033", "congestion_score": 0.0, "transit_departures": 0.0, "target_count": 0.0, "employment_jobs": 0.0}, "geometry": {"type": "Polygon", "coordinates": [[[-122.23985412823421, 47.66515379087316], [-122.2331921321201, 47.66515379087316], [-122.2331921321201, 47.66964534674812], [-122.23985412823421, 47.66964534674812], [-122.23985412823421, 47.66515379087316]]]}}, {"type": "Feature", "properties": {"cell_id": "r041_c034", "congestion_score": 0.0, "transit_departures": 0.0, "target_count": 0.0, "employment_jobs": 0.0}, "geometry": {"type": "Polygon", "coordinates": [[[-122.23319213212011, 47.66515379087316], [-122.22653013600599, 47.66515379087316], [-122.22653013600599, 47.66964534674812], [-122.23319213212011, 47.66964534674812], [-122.23319213212011, 47.66515379087316]]]}}, {"type": "Feature", "properties": {"cell_id": "r041_c035", "congestion_score": 0.0, "transit_departures": 0.0, "target_count": 0.0, "employment_jobs": 0.0}, "geometry": {"type": "Polygon", "coordinates": [[[-122.22653013600599, 47.66515379087316], [-122.2244, 47.66515379087316], [-122.2244, 47.66964534674812], [-122.22653013600599, 47.66964534674812], [-122.22653013600599, 47.66515379087316]]]}}, {"type": "Feature", "properties": {"cell_id": "r042_c000", "congestion_score": 0.0, "transit_departures": 0.0, "target_count": 0.0, "employment_jobs": 0.0}, "geometry": {"type": "Polygon", "coordinates": [[[-122.4597, 47.66964534674811], [-122.45303800388588, 47.66964534674811], [-122.45303800388588, 47.67413690262307], [-122.4597, 47.67413690262307], [-122.4597, 47.66964534674811]]]}}, {"type": "Feature", "properties": {"cell_id": "r042_c001", "congestion_score": 0.0, "transit_departures": 0.0, "target_count": 0.0, "employment_jobs": 0.0}, "geometry": {"type": "Polygon", "coordinates": [[[-122.45303800388588, 47.66964534674811], [-122.44637600777176, 47.66964534674811], [-122.44637600777176, 47.67413690262307], [-122.45303800388588, 47.67413690262307], [-122.45303800388588, 47.66964534674811]]]}}, {"type": "Feature", "properties": {"cell_id": "r042_c002", "congestion_score": 0.0, "transit_departures": 0.0, "target_count": 0.0, "employment_jobs": 0.0}, "geometry": {"type": "Polygon", "coordinates": [[[-122.44637600777178, 47.66964534674811], [-122.43971401165766, 47.66964534674811], [-122.43971401165766, 47.67413690262307], [-122.44637600777178, 47.67413690262307], [-122.44637600777178, 47.66964534674811]]]}}, {"type": "Feature", "properties": {"cell_id": "r042_c003", "congestion_score": 0.0, "transit_departures": 0.0, "target_count": 0.0, "employment_jobs": 0.0}, "geometry": {"type": "Polygon", "coordinates": [[[-122.43971401165766, 47.66964534674811], [-122.43305201554354, 47.66964534674811], [-122.43305201554354, 47.67413690262307], [-122.43971401165766, 47.67413690262307], [-122.43971401165766, 47.66964534674811]]]}}, {"type": "Feature", "properties": {"cell_id": "r042_c004", "congestion_score": 0.0, "transit_departures": 0.0, "target_count": 0.0, "employment_jobs": 0.0}, "geometry": {"type": "Polygon", "coordinates": [[[-122.43305201554354, 47.66964534674811], [-122.42639001942942, 47.66964534674811], [-122.42639001942942, 47.67413690262307], [-122.43305201554354, 47.67413690262307], [-122.43305201554354, 47.66964534674811]]]}}, {"type": "Feature", "properties": {"cell_id": "r042_c005", "congestion_score": 0.0, "transit_departures": 0.0, "target_count": 0.0, "employment_jobs": 0.0}, "geometry": {"type": "Polygon", "coordinates": [[[-122.42639001942942, 47.66964534674811], [-122.4197280233153, 47.66964534674811], [-122.4197280233153, 47.67413690262307], [-122.42639001942942, 47.67413690262307], [-122.42639001942942, 47.66964534674811]]]}}, {"type": "Feature", "properties": {"cell_id": "r042_c006", "congestion_score": 0.0, "transit_departures": 0.0, "target_count": 0.0, "employment_jobs": 0.0}, "geometry": {"type": "Polygon", "coordinates": [[[-122.41972802331532, 47.66964534674811], [-122.4130660272012, 47.66964534674811], [-122.4130660272012, 47.67413690262307], [-122.41972802331532, 47.67413690262307], [-122.41972802331532, 47.66964534674811]]]}}, {"type": "Feature", "properties": {"cell_id": "r042_c007", "congestion_score": 0.0, "transit_departures": 0.0, "target_count": 0.0, "employment_jobs": 0.0}, "geometry": {"type": "Polygon", "coordinates": [[[-122.4130660272012, 47.66964534674811], [-122.40640403108708, 47.66964534674811], [-122.40640403108708, 47.67413690262307], [-122.4130660272012, 47.67413690262307], [-122.4130660272012, 47.66964534674811]]]}}, {"type": "Feature", "properties": {"cell_id": "r042_c008", "congestion_score": 0.0, "transit_departures": 0.0, "target_count": 0.0, "employment_jobs": 0.0}, "geometry": {"type": "Polygon", "coordinates": [[[-122.40640403108708, 47.66964534674811], [-122.39974203497296, 47.66964534674811], [-122.39974203497296, 47.67413690262307], [-122.40640403108708, 47.67413690262307], [-122.40640403108708, 47.66964534674811]]]}}, {"type": "Feature", "properties": {"cell_id": "r042_c009", "congestion_score": 0.0, "transit_departures": 0.0, "target_count": 0.0, "employment_jobs": 0.0}, "geometry": {"type": "Polygon", "coordinates": [[[-122.39974203497297, 47.66964534674811], [-122.39308003885886, 47.66964534674811], [-122.39308003885886, 47.67413690262307], [-122.39974203497297, 47.67413690262307], [-122.39974203497297, 47.66964534674811]]]}}, {"type": "Feature", "properties": {"cell_id": "r042_c010", "congestion_score": 0.0, "transit_departures": 0.0, "target_count": 0.0, "employment_jobs": 0.0}, "geometry": {"type": "Polygon", "coordinates": [[[-122.39308003885886, 47.66964534674811], [-122.38641804274474, 47.66964534674811], [-122.38641804274474, 47.67413690262307], [-122.39308003885886, 47.67413690262307], [-122.39308003885886, 47.66964534674811]]]}}, {"type": "Feature", "properties": {"cell_id": "r042_c011", "congestion_score": 0.0, "transit_departures": 0.0, "target_count": 0.0, "employment_jobs": 0.0}, "geometry": {"type": "Polygon", "coordinates": [[[-122.38641804274474, 47.66964534674811], [-122.37975604663062, 47.66964534674811], [-122.37975604663062, 47.67413690262307], [-122.38641804274474, 47.67413690262307], [-122.38641804274474, 47.66964534674811]]]}}, {"type": "Feature", "properties": {"cell_id": "r042_c012", "congestion_score": 0.0, "transit_departures": 0.0, "target_count": 0.0, "employment_jobs": 0.0}, "geometry": {"type": "Polygon", "coordinates": [[[-122.37975604663062, 47.66964534674811], [-122.3730940505165, 47.66964534674811], [-122.3730940505165, 47.67413690262307], [-122.37975604663062, 47.67413690262307], [-122.37975604663062, 47.66964534674811]]]}}, {"type": "Feature", "properties": {"cell_id": "r042_c013", "congestion_score": 0.0, "transit_departures": 0.0, "target_count": 0.0, "employment_jobs": 0.0}, "geometry": {"type": "Polygon", "coordinates": [[[-122.37309405051651, 47.66964534674811], [-122.3664320544024, 47.66964534674811], [-122.3664320544024, 47.67413690262307], [-122.37309405051651, 47.67413690262307], [-122.37309405051651, 47.66964534674811]]]}}, {"type": "Feature", "properties": {"cell_id": "r042_c014", "congestion_score": 0.0, "transit_departures": 0.0, "target_count": 0.0, "employment_jobs": 0.0}, "geometry": {"type": "Polygon", "coordinates": [[[-122.3664320544024, 47.66964534674811], [-122.35977005828828, 47.66964534674811], [-122.35977005828828, 47.67413690262307], [-122.3664320544024, 47.67413690262307], [-122.3664320544024, 47.66964534674811]]]}}, {"type": "Feature", "properties": {"cell_id": "r042_c015", "congestion_score": 0.0, "transit_departures": 0.0, "target_count": 0.0, "employment_jobs": 0.0}, "geometry": {"type": "Polygon", "coordinates": [[[-122.35977005828828, 47.66964534674811], [-122.35310806217416, 47.66964534674811], [-122.35310806217416, 47.67413690262307], [-122.35977005828828, 47.67413690262307], [-122.35977005828828, 47.66964534674811]]]}}, {"type": "Feature", "properties": {"cell_id": "r042_c016", "congestion_score": 0.0, "transit_departures": 0.0, "target_count": 0.0, "employment_jobs": 0.0}, "geometry": {"type": "Polygon", "coordinates": [[[-122.35310806217417, 47.66964534674811], [-122.34644606606005, 47.66964534674811], [-122.34644606606005, 47.67413690262307], [-122.35310806217417, 47.67413690262307], [-122.35310806217417, 47.66964534674811]]]}}, {"type": "Feature", "properties": {"cell_id": "r042_c017", "congestion_score": 0.0, "transit_departures": 0.0, "target_count": 0.0, "employment_jobs": 0.0}, "geometry": {"type": "Polygon", "coordinates": [[[-122.34644606606005, 47.66964534674811], [-122.33978406994594, 47.66964534674811], [-122.33978406994594, 47.67413690262307], [-122.34644606606005, 47.67413690262307], [-122.34644606606005, 47.66964534674811]]]}}, {"type": "Feature", "properties": {"cell_id": "r042_c018", "congestion_score": 0.0, "transit_departures": 0.0, "target_count": 0.0, "employment_jobs": 0.0}, "geometry": {"type": "Polygon", "coordinates": [[[-122.33978406994594, 47.66964534674811], [-122.33312207383182, 47.66964534674811], [-122.33312207383182, 47.67413690262307], [-122.33978406994594, 47.67413690262307], [-122.33978406994594, 47.66964534674811]]]}}, {"type": "Feature", "properties": {"cell_id": "r042_c019", "congestion_score": 0.0, "transit_departures": 0.0, "target_count": 0.0, "employment_jobs": 0.0}, "geometry": {"type": "Polygon", "coordinates": [[[-122.33312207383182, 47.66964534674811], [-122.3264600777177, 47.66964534674811], [-122.3264600777177, 47.67413690262307], [-122.33312207383182, 47.67413690262307], [-122.33312207383182, 47.66964534674811]]]}}, {"type": "Feature", "properties": {"cell_id": "r042_c020", "congestion_score": 0.0, "transit_departures": 0.0, "target_count": 0.0, "employment_jobs": 0.0}, "geometry": {"type": "Polygon", "coordinates": [[[-122.32646007771771, 47.66964534674811], [-122.3197980816036, 47.66964534674811], [-122.3197980816036, 47.67413690262307], [-122.32646007771771, 47.67413690262307], [-122.32646007771771, 47.66964534674811]]]}}, {"type": "Feature", "properties": {"cell_id": "r042_c021", "congestion_score": 0.0, "transit_departures": 0.0, "target_count": 0.0, "employment_jobs": 0.0}, "geometry": {"type": "Polygon", "coordinates": [[[-122.3197980816036, 47.66964534674811], [-122.31313608548948, 47.66964534674811], [-122.31313608548948, 47.67413690262307], [-122.3197980816036, 47.67413690262307], [-122.3197980816036, 47.66964534674811]]]}}, {"type": "Feature", "properties": {"cell_id": "r042_c022", "congestion_score": 0.0, "transit_departures": 0.0, "target_count": 0.0, "employment_jobs": 0.0}, "geometry": {"type": "Polygon", "coordinates": [[[-122.31313608548948, 47.66964534674811], [-122.30647408937536, 47.66964534674811], [-122.30647408937536, 47.67413690262307], [-122.31313608548948, 47.67413690262307], [-122.31313608548948, 47.66964534674811]]]}}, {"type": "Feature", "properties": {"cell_id": "r042_c023", "congestion_score": 0.0, "transit_departures": 0.0, "target_count": 0.0, "employment_jobs": 0.0}, "geometry": {"type": "Polygon", "coordinates": [[[-122.30647408937537, 47.66964534674811], [-122.29981209326125, 47.66964534674811], [-122.29981209326125, 47.67413690262307], [-122.30647408937537, 47.67413690262307], [-122.30647408937537, 47.66964534674811]]]}}, {"type": "Feature", "properties": {"cell_id": "r042_c024", "congestion_score": 0.0, "transit_departures": 0.0, "target_count": 0.0, "employment_jobs": 0.0}, "geometry": {"type": "Polygon", "coordinates": [[[-122.29981209326125, 47.66964534674811], [-122.29315009714713, 47.66964534674811], [-122.29315009714713, 47.67413690262307], [-122.29981209326125, 47.67413690262307], [-122.29981209326125, 47.66964534674811]]]}}, {"type": "Feature", "properties": {"cell_id": "r042_c025", "congestion_score": 0.0, "transit_departures": 0.0, "target_count": 0.0, "employment_jobs": 0.0}, "geometry": {"type": "Polygon", "coordinates": [[[-122.29315009714713, 47.66964534674811], [-122.28648810103302, 47.66964534674811], [-122.28648810103302, 47.67413690262307], [-122.29315009714713, 47.67413690262307], [-122.29315009714713, 47.66964534674811]]]}}, {"type": "Feature", "properties": {"cell_id": "r042_c026", "congestion_score": 0.0, "transit_departures": 0.0, "target_count": 0.0, "employment_jobs": 0.0}, "geometry": {"type": "Polygon", "coordinates": [[[-122.28648810103302, 47.66964534674811], [-122.2798261049189, 47.66964534674811], [-122.2798261049189, 47.67413690262307], [-122.28648810103302, 47.67413690262307], [-122.28648810103302, 47.66964534674811]]]}}, {"type": "Feature", "properties": {"cell_id": "r042_c027", "congestion_score": 0.0, "transit_departures": 0.0, "target_count": 0.0, "employment_jobs": 0.0}, "geometry": {"type": "Polygon", "coordinates": [[[-122.27982610491891, 47.66964534674811], [-122.27316410880479, 47.66964534674811], [-122.27316410880479, 47.67413690262307], [-122.27982610491891, 47.67413690262307], [-122.27982610491891, 47.66964534674811]]]}}, {"type": "Feature", "properties": {"cell_id": "r042_c028", "congestion_score": 0.0, "transit_departures": 0.0, "target_count": 0.0, "employment_jobs": 0.0}, "geometry": {"type": "Polygon", "coordinates": [[[-122.27316410880479, 47.66964534674811], [-122.26650211269067, 47.66964534674811], [-122.26650211269067, 47.67413690262307], [-122.27316410880479, 47.67413690262307], [-122.27316410880479, 47.66964534674811]]]}}, {"type": "Feature", "properties": {"cell_id": "r042_c029", "congestion_score": 0.0, "transit_departures": 0.0, "target_count": 0.0, "employment_jobs": 0.0}, "geometry": {"type": "Polygon", "coordinates": [[[-122.26650211269067, 47.66964534674811], [-122.25984011657656, 47.66964534674811], [-122.25984011657656, 47.67413690262307], [-122.26650211269067, 47.67413690262307], [-122.26650211269067, 47.66964534674811]]]}}, {"type": "Feature", "properties": {"cell_id": "r042_c030", "congestion_score": 0.0, "transit_departures": 0.0, "target_count": 0.0, "employment_jobs": 0.0}, "geometry": {"type": "Polygon", "coordinates": [[[-122.25984011657657, 47.66964534674811], [-122.25317812046245, 47.66964534674811], [-122.25317812046245, 47.67413690262307], [-122.25984011657657, 47.67413690262307], [-122.25984011657657, 47.66964534674811]]]}}, {"type": "Feature", "properties": {"cell_id": "r042_c031", "congestion_score": 0.0, "transit_departures": 0.0, "target_count": 0.0, "employment_jobs": 0.0}, "geometry": {"type": "Polygon", "coordinates": [[[-122.25317812046245, 47.66964534674811], [-122.24651612434833, 47.66964534674811], [-122.24651612434833, 47.67413690262307], [-122.25317812046245, 47.67413690262307], [-122.25317812046245, 47.66964534674811]]]}}, {"type": "Feature", "properties": {"cell_id": "r042_c032", "congestion_score": 0.0, "transit_departures": 0.0, "target_count": 0.0, "employment_jobs": 0.0}, "geometry": {"type": "Polygon", "coordinates": [[[-122.24651612434833, 47.66964534674811], [-122.23985412823421, 47.66964534674811], [-122.23985412823421, 47.67413690262307], [-122.24651612434833, 47.67413690262307], [-122.24651612434833, 47.66964534674811]]]}}, {"type": "Feature", "properties": {"cell_id": "r042_c033", "congestion_score": 0.0, "transit_departures": 0.0, "target_count": 0.0, "employment_jobs": 0.0}, "geometry": {"type": "Polygon", "coordinates": [[[-122.23985412823421, 47.66964534674811], [-122.2331921321201, 47.66964534674811], [-122.2331921321201, 47.67413690262307], [-122.23985412823421, 47.67413690262307], [-122.23985412823421, 47.66964534674811]]]}}, {"type": "Feature", "properties": {"cell_id": "r042_c034", "congestion_score": 0.0, "transit_departures": 0.0, "target_count": 0.0, "employment_jobs": 0.0}, "geometry": {"type": "Polygon", "coordinates": [[[-122.23319213212011, 47.66964534674811], [-122.22653013600599, 47.66964534674811], [-122.22653013600599, 47.67413690262307], [-122.23319213212011, 47.67413690262307], [-122.23319213212011, 47.66964534674811]]]}}, {"type": "Feature", "properties": {"cell_id": "r042_c035", "congestion_score": 0.0, "transit_departures": 0.0, "target_count": 0.0, "employment_jobs": 0.0}, "geometry": {"type": "Polygon", "coordinates": [[[-122.22653013600599, 47.66964534674811], [-122.2244, 47.66964534674811], [-122.2244, 47.67413690262307], [-122.22653013600599, 47.67413690262307], [-122.22653013600599, 47.66964534674811]]]}}, {"type": "Feature", "properties": {"cell_id": "r043_c000", "congestion_score": 0.0, "transit_departures": 0.0, "target_count": 0.0, "employment_jobs": 0.0}, "geometry": {"type": "Polygon", "coordinates": [[[-122.4597, 47.67413690262307], [-122.45303800388588, 47.67413690262307], [-122.45303800388588, 47.678628458498025], [-122.4597, 47.678628458498025], [-122.4597, 47.67413690262307]]]}}, {"type": "Feature", "properties": {"cell_id": "r043_c001", "congestion_score": 0.0, "transit_departures": 0.0, "target_count": 0.0, "employment_jobs": 0.0}, "geometry": {"type": "Polygon", "coordinates": [[[-122.45303800388588, 47.67413690262307], [-122.44637600777176, 47.67413690262307], [-122.44637600777176, 47.678628458498025], [-122.45303800388588, 47.678628458498025], [-122.45303800388588, 47.67413690262307]]]}}, {"type": "Feature", "properties": {"cell_id": "r043_c002", "congestion_score": 0.0, "transit_departures": 0.0, "target_count": 0.0, "employment_jobs": 0.0}, "geometry": {"type": "Polygon", "coordinates": [[[-122.44637600777178, 47.67413690262307], [-122.43971401165766, 47.67413690262307], [-122.43971401165766, 47.678628458498025], [-122.44637600777178, 47.678628458498025], [-122.44637600777178, 47.67413690262307]]]}}, {"type": "Feature", "properties": {"cell_id": "r043_c003", "congestion_score": 0.0, "transit_departures": 0.0, "target_count": 0.0, "employment_jobs": 0.0}, "geometry": {"type": "Polygon", "coordinates": [[[-122.43971401165766, 47.67413690262307], [-122.43305201554354, 47.67413690262307], [-122.43305201554354, 47.678628458498025], [-122.43971401165766, 47.678628458498025], [-122.43971401165766, 47.67413690262307]]]}}, {"type": "Feature", "properties": {"cell_id": "r043_c004", "congestion_score": 0.0, "transit_departures": 0.0, "target_count": 0.0, "employment_jobs": 0.0}, "geometry": {"type": "Polygon", "coordinates": [[[-122.43305201554354, 47.67413690262307], [-122.42639001942942, 47.67413690262307], [-122.42639001942942, 47.678628458498025], [-122.43305201554354, 47.678628458498025], [-122.43305201554354, 47.67413690262307]]]}}, {"type": "Feature", "properties": {"cell_id": "r043_c005", "congestion_score": 0.0, "transit_departures": 0.0, "target_count": 0.0, "employment_jobs": 0.0}, "geometry": {"type": "Polygon", "coordinates": [[[-122.42639001942942, 47.67413690262307], [-122.4197280233153, 47.67413690262307], [-122.4197280233153, 47.678628458498025], [-122.42639001942942, 47.678628458498025], [-122.42639001942942, 47.67413690262307]]]}}, {"type": "Feature", "properties": {"cell_id": "r043_c006", "congestion_score": 0.0, "transit_departures": 0.0, "target_count": 0.0, "employment_jobs": 0.0}, "geometry": {"type": "Polygon", "coordinates": [[[-122.41972802331532, 47.67413690262307], [-122.4130660272012, 47.67413690262307], [-122.4130660272012, 47.678628458498025], [-122.41972802331532, 47.678628458498025], [-122.41972802331532, 47.67413690262307]]]}}, {"type": "Feature", "properties": {"cell_id": "r043_c007", "congestion_score": 0.0, "transit_departures": 0.0, "target_count": 0.0, "employment_jobs": 0.0}, "geometry": {"type": "Polygon", "coordinates": [[[-122.4130660272012, 47.67413690262307], [-122.40640403108708, 47.67413690262307], [-122.40640403108708, 47.678628458498025], [-122.4130660272012, 47.678628458498025], [-122.4130660272012, 47.67413690262307]]]}}, {"type": "Feature", "properties": {"cell_id": "r043_c008", "congestion_score": 0.0, "transit_departures": 0.0, "target_count": 0.0, "employment_jobs": 0.0}, "geometry": {"type": "Polygon", "coordinates": [[[-122.40640403108708, 47.67413690262307], [-122.39974203497296, 47.67413690262307], [-122.39974203497296, 47.678628458498025], [-122.40640403108708, 47.678628458498025], [-122.40640403108708, 47.67413690262307]]]}}, {"type": "Feature", "properties": {"cell_id": "r043_c009", "congestion_score": 0.0, "transit_departures": 0.0, "target_count": 0.0, "employment_jobs": 0.0}, "geometry": {"type": "Polygon", "coordinates": [[[-122.39974203497297, 47.67413690262307], [-122.39308003885886, 47.67413690262307], [-122.39308003885886, 47.678628458498025], [-122.39974203497297, 47.678628458498025], [-122.39974203497297, 47.67413690262307]]]}}, {"type": "Feature", "properties": {"cell_id": "r043_c010", "congestion_score": 0.0, "transit_departures": 0.0, "target_count": 0.0, "employment_jobs": 0.0}, "geometry": {"type": "Polygon", "coordinates": [[[-122.39308003885886, 47.67413690262307], [-122.38641804274474, 47.67413690262307], [-122.38641804274474, 47.678628458498025], [-122.39308003885886, 47.678628458498025], [-122.39308003885886, 47.67413690262307]]]}}, {"type": "Feature", "properties": {"cell_id": "r043_c011", "congestion_score": 0.0, "transit_departures": 0.0, "target_count": 0.0, "employment_jobs": 0.0}, "geometry": {"type": "Polygon", "coordinates": [[[-122.38641804274474, 47.67413690262307], [-122.37975604663062, 47.67413690262307], [-122.37975604663062, 47.678628458498025], [-122.38641804274474, 47.678628458498025], [-122.38641804274474, 47.67413690262307]]]}}, {"type": "Feature", "properties": {"cell_id": "r043_c012", "congestion_score": 0.0, "transit_departures": 0.0, "target_count": 0.0, "employment_jobs": 0.0}, "geometry": {"type": "Polygon", "coordinates": [[[-122.37975604663062, 47.67413690262307], [-122.3730940505165, 47.67413690262307], [-122.3730940505165, 47.678628458498025], [-122.37975604663062, 47.678628458498025], [-122.37975604663062, 47.67413690262307]]]}}, {"type": "Feature", "properties": {"cell_id": "r043_c013", "congestion_score": 0.0, "transit_departures": 0.0, "target_count": 0.0, "employment_jobs": 0.0}, "geometry": {"type": "Polygon", "coordinates": [[[-122.37309405051651, 47.67413690262307], [-122.3664320544024, 47.67413690262307], [-122.3664320544024, 47.678628458498025], [-122.37309405051651, 47.678628458498025], [-122.37309405051651, 47.67413690262307]]]}}, {"type": "Feature", "properties": {"cell_id": "r043_c014", "congestion_score": 0.0, "transit_departures": 0.0, "target_count": 0.0, "employment_jobs": 0.0}, "geometry": {"type": "Polygon", "coordinates": [[[-122.3664320544024, 47.67413690262307], [-122.35977005828828, 47.67413690262307], [-122.35977005828828, 47.678628458498025], [-122.3664320544024, 47.678628458498025], [-122.3664320544024, 47.67413690262307]]]}}, {"type": "Feature", "properties": {"cell_id": "r043_c015", "congestion_score": 0.0, "transit_departures": 0.0, "target_count": 0.0, "employment_jobs": 0.0}, "geometry": {"type": "Polygon", "coordinates": [[[-122.35977005828828, 47.67413690262307], [-122.35310806217416, 47.67413690262307], [-122.35310806217416, 47.678628458498025], [-122.35977005828828, 47.678628458498025], [-122.35977005828828, 47.67413690262307]]]}}, {"type": "Feature", "properties": {"cell_id": "r043_c016", "congestion_score": 0.0, "transit_departures": 0.0, "target_count": 0.0, "employment_jobs": 0.0}, "geometry": {"type": "Polygon", "coordinates": [[[-122.35310806217417, 47.67413690262307], [-122.34644606606005, 47.67413690262307], [-122.34644606606005, 47.678628458498025], [-122.35310806217417, 47.678628458498025], [-122.35310806217417, 47.67413690262307]]]}}, {"type": "Feature", "properties": {"cell_id": "r043_c017", "congestion_score": 0.0, "transit_departures": 0.0, "target_count": 0.0, "employment_jobs": 0.0}, "geometry": {"type": "Polygon", "coordinates": [[[-122.34644606606005, 47.67413690262307], [-122.33978406994594, 47.67413690262307], [-122.33978406994594, 47.678628458498025], [-122.34644606606005, 47.678628458498025], [-122.34644606606005, 47.67413690262307]]]}}, {"type": "Feature", "properties": {"cell_id": "r043_c018", "congestion_score": 0.0, "transit_departures": 0.0, "target_count": 0.0, "employment_jobs": 0.0}, "geometry": {"type": "Polygon", "coordinates": [[[-122.33978406994594, 47.67413690262307], [-122.33312207383182, 47.67413690262307], [-122.33312207383182, 47.678628458498025], [-122.33978406994594, 47.678628458498025], [-122.33978406994594, 47.67413690262307]]]}}, {"type": "Feature", "properties": {"cell_id": "r043_c019", "congestion_score": 0.0, "transit_departures": 0.0, "target_count": 0.0, "employment_jobs": 0.0}, "geometry": {"type": "Polygon", "coordinates": [[[-122.33312207383182, 47.67413690262307], [-122.3264600777177, 47.67413690262307], [-122.3264600777177, 47.678628458498025], [-122.33312207383182, 47.678628458498025], [-122.33312207383182, 47.67413690262307]]]}}, {"type": "Feature", "properties": {"cell_id": "r043_c020", "congestion_score": 0.0, "transit_departures": 0.0, "target_count": 0.0, "employment_jobs": 0.0}, "geometry": {"type": "Polygon", "coordinates": [[[-122.32646007771771, 47.67413690262307], [-122.3197980816036, 47.67413690262307], [-122.3197980816036, 47.678628458498025], [-122.32646007771771, 47.678628458498025], [-122.32646007771771, 47.67413690262307]]]}}, {"type": "Feature", "properties": {"cell_id": "r043_c021", "congestion_score": 0.0, "transit_departures": 0.0, "target_count": 0.0, "employment_jobs": 0.0}, "geometry": {"type": "Polygon", "coordinates": [[[-122.3197980816036, 47.67413690262307], [-122.31313608548948, 47.67413690262307], [-122.31313608548948, 47.678628458498025], [-122.3197980816036, 47.678628458498025], [-122.3197980816036, 47.67413690262307]]]}}, {"type": "Feature", "properties": {"cell_id": "r043_c022", "congestion_score": 0.0, "transit_departures": 0.0, "target_count": 0.0, "employment_jobs": 0.0}, "geometry": {"type": "Polygon", "coordinates": [[[-122.31313608548948, 47.67413690262307], [-122.30647408937536, 47.67413690262307], [-122.30647408937536, 47.678628458498025], [-122.31313608548948, 47.678628458498025], [-122.31313608548948, 47.67413690262307]]]}}, {"type": "Feature", "properties": {"cell_id": "r043_c023", "congestion_score": 0.0, "transit_departures": 0.0, "target_count": 0.0, "employment_jobs": 0.0}, "geometry": {"type": "Polygon", "coordinates": [[[-122.30647408937537, 47.67413690262307], [-122.29981209326125, 47.67413690262307], [-122.29981209326125, 47.678628458498025], [-122.30647408937537, 47.678628458498025], [-122.30647408937537, 47.67413690262307]]]}}, {"type": "Feature", "properties": {"cell_id": "r043_c024", "congestion_score": 0.0, "transit_departures": 0.0, "target_count": 0.0, "employment_jobs": 0.0}, "geometry": {"type": "Polygon", "coordinates": [[[-122.29981209326125, 47.67413690262307], [-122.29315009714713, 47.67413690262307], [-122.29315009714713, 47.678628458498025], [-122.29981209326125, 47.678628458498025], [-122.29981209326125, 47.67413690262307]]]}}, {"type": "Feature", "properties": {"cell_id": "r043_c025", "congestion_score": 0.0, "transit_departures": 0.0, "target_count": 0.0, "employment_jobs": 0.0}, "geometry": {"type": "Polygon", "coordinates": [[[-122.29315009714713, 47.67413690262307], [-122.28648810103302, 47.67413690262307], [-122.28648810103302, 47.678628458498025], [-122.29315009714713, 47.678628458498025], [-122.29315009714713, 47.67413690262307]]]}}, {"type": "Feature", "properties": {"cell_id": "r043_c026", "congestion_score": 0.0, "transit_departures": 0.0, "target_count": 0.0, "employment_jobs": 0.0}, "geometry": {"type": "Polygon", "coordinates": [[[-122.28648810103302, 47.67413690262307], [-122.2798261049189, 47.67413690262307], [-122.2798261049189, 47.678628458498025], [-122.28648810103302, 47.678628458498025], [-122.28648810103302, 47.67413690262307]]]}}, {"type": "Feature", "properties": {"cell_id": "r043_c027", "congestion_score": 0.0, "transit_departures": 0.0, "target_count": 0.0, "employment_jobs": 0.0}, "geometry": {"type": "Polygon", "coordinates": [[[-122.27982610491891, 47.67413690262307], [-122.27316410880479, 47.67413690262307], [-122.27316410880479, 47.678628458498025], [-122.27982610491891, 47.678628458498025], [-122.27982610491891, 47.67413690262307]]]}}, {"type": "Feature", "properties": {"cell_id": "r043_c028", "congestion_score": 0.0, "transit_departures": 0.0, "target_count": 0.0, "employment_jobs": 0.0}, "geometry": {"type": "Polygon", "coordinates": [[[-122.27316410880479, 47.67413690262307], [-122.26650211269067, 47.67413690262307], [-122.26650211269067, 47.678628458498025], [-122.27316410880479, 47.678628458498025], [-122.27316410880479, 47.67413690262307]]]}}, {"type": "Feature", "properties": {"cell_id": "r043_c029", "congestion_score": 0.0, "transit_departures": 0.0, "target_count": 0.0, "employment_jobs": 0.0}, "geometry": {"type": "Polygon", "coordinates": [[[-122.26650211269067, 47.67413690262307], [-122.25984011657656, 47.67413690262307], [-122.25984011657656, 47.678628458498025], [-122.26650211269067, 47.678628458498025], [-122.26650211269067, 47.67413690262307]]]}}, {"type": "Feature", "properties": {"cell_id": "r043_c030", "congestion_score": 0.0, "transit_departures": 0.0, "target_count": 0.0, "employment_jobs": 0.0}, "geometry": {"type": "Polygon", "coordinates": [[[-122.25984011657657, 47.67413690262307], [-122.25317812046245, 47.67413690262307], [-122.25317812046245, 47.678628458498025], [-122.25984011657657, 47.678628458498025], [-122.25984011657657, 47.67413690262307]]]}}, {"type": "Feature", "properties": {"cell_id": "r043_c031", "congestion_score": 0.0, "transit_departures": 0.0, "target_count": 0.0, "employment_jobs": 0.0}, "geometry": {"type": "Polygon", "coordinates": [[[-122.25317812046245, 47.67413690262307], [-122.24651612434833, 47.67413690262307], [-122.24651612434833, 47.678628458498025], [-122.25317812046245, 47.678628458498025], [-122.25317812046245, 47.67413690262307]]]}}, {"type": "Feature", "properties": {"cell_id": "r043_c032", "congestion_score": 0.0, "transit_departures": 0.0, "target_count": 0.0, "employment_jobs": 0.0}, "geometry": {"type": "Polygon", "coordinates": [[[-122.24651612434833, 47.67413690262307], [-122.23985412823421, 47.67413690262307], [-122.23985412823421, 47.678628458498025], [-122.24651612434833, 47.678628458498025], [-122.24651612434833, 47.67413690262307]]]}}, {"type": "Feature", "properties": {"cell_id": "r043_c033", "congestion_score": 0.0, "transit_departures": 0.0, "target_count": 0.0, "employment_jobs": 0.0}, "geometry": {"type": "Polygon", "coordinates": [[[-122.23985412823421, 47.67413690262307], [-122.2331921321201, 47.67413690262307], [-122.2331921321201, 47.678628458498025], [-122.23985412823421, 47.678628458498025], [-122.23985412823421, 47.67413690262307]]]}}, {"type": "Feature", "properties": {"cell_id": "r043_c034", "congestion_score": 0.0, "transit_departures": 0.0, "target_count": 0.0, "employment_jobs": 0.0}, "geometry": {"type": "Polygon", "coordinates": [[[-122.23319213212011, 47.67413690262307], [-122.22653013600599, 47.67413690262307], [-122.22653013600599, 47.678628458498025], [-122.23319213212011, 47.678628458498025], [-122.23319213212011, 47.67413690262307]]]}}, {"type": "Feature", "properties": {"cell_id": "r043_c035", "congestion_score": 0.0, "transit_departures": 0.0, "target_count": 0.0, "employment_jobs": 0.0}, "geometry": {"type": "Polygon", "coordinates": [[[-122.22653013600599, 47.67413690262307], [-122.2244, 47.67413690262307], [-122.2244, 47.678628458498025], [-122.22653013600599, 47.678628458498025], [-122.22653013600599, 47.67413690262307]]]}}, {"type": "Feature", "properties": {"cell_id": "r044_c000", "congestion_score": 0.0, "transit_departures": 0.0, "target_count": 0.0, "employment_jobs": 0.0}, "geometry": {"type": "Polygon", "coordinates": [[[-122.4597, 47.678628458498025], [-122.45303800388588, 47.678628458498025], [-122.45303800388588, 47.68312001437298], [-122.4597, 47.68312001437298], [-122.4597, 47.678628458498025]]]}}, {"type": "Feature", "properties": {"cell_id": "r044_c001", "congestion_score": 0.0, "transit_departures": 0.0, "target_count": 0.0, "employment_jobs": 0.0}, "geometry": {"type": "Polygon", "coordinates": [[[-122.45303800388588, 47.678628458498025], [-122.44637600777176, 47.678628458498025], [-122.44637600777176, 47.68312001437298], [-122.45303800388588, 47.68312001437298], [-122.45303800388588, 47.678628458498025]]]}}, {"type": "Feature", "properties": {"cell_id": "r044_c002", "congestion_score": 0.0, "transit_departures": 0.0, "target_count": 0.0, "employment_jobs": 0.0}, "geometry": {"type": "Polygon", "coordinates": [[[-122.44637600777178, 47.678628458498025], [-122.43971401165766, 47.678628458498025], [-122.43971401165766, 47.68312001437298], [-122.44637600777178, 47.68312001437298], [-122.44637600777178, 47.678628458498025]]]}}, {"type": "Feature", "properties": {"cell_id": "r044_c003", "congestion_score": 0.0, "transit_departures": 0.0, "target_count": 0.0, "employment_jobs": 0.0}, "geometry": {"type": "Polygon", "coordinates": [[[-122.43971401165766, 47.678628458498025], [-122.43305201554354, 47.678628458498025], [-122.43305201554354, 47.68312001437298], [-122.43971401165766, 47.68312001437298], [-122.43971401165766, 47.678628458498025]]]}}, {"type": "Feature", "properties": {"cell_id": "r044_c004", "congestion_score": 0.0, "transit_departures": 0.0, "target_count": 0.0, "employment_jobs": 0.0}, "geometry": {"type": "Polygon", "coordinates": [[[-122.43305201554354, 47.678628458498025], [-122.42639001942942, 47.678628458498025], [-122.42639001942942, 47.68312001437298], [-122.43305201554354, 47.68312001437298], [-122.43305201554354, 47.678628458498025]]]}}, {"type": "Feature", "properties": {"cell_id": "r044_c005", "congestion_score": 0.0, "transit_departures": 0.0, "target_count": 0.0, "employment_jobs": 0.0}, "geometry": {"type": "Polygon", "coordinates": [[[-122.42639001942942, 47.678628458498025], [-122.4197280233153, 47.678628458498025], [-122.4197280233153, 47.68312001437298], [-122.42639001942942, 47.68312001437298], [-122.42639001942942, 47.678628458498025]]]}}, {"type": "Feature", "properties": {"cell_id": "r044_c006", "congestion_score": 0.0, "transit_departures": 0.0, "target_count": 0.0, "employment_jobs": 0.0}, "geometry": {"type": "Polygon", "coordinates": [[[-122.41972802331532, 47.678628458498025], [-122.4130660272012, 47.678628458498025], [-122.4130660272012, 47.68312001437298], [-122.41972802331532, 47.68312001437298], [-122.41972802331532, 47.678628458498025]]]}}, {"type": "Feature", "properties": {"cell_id": "r044_c007", "congestion_score": 0.0, "transit_departures": 0.0, "target_count": 0.0, "employment_jobs": 0.0}, "geometry": {"type": "Polygon", "coordinates": [[[-122.4130660272012, 47.678628458498025], [-122.40640403108708, 47.678628458498025], [-122.40640403108708, 47.68312001437298], [-122.4130660272012, 47.68312001437298], [-122.4130660272012, 47.678628458498025]]]}}, {"type": "Feature", "properties": {"cell_id": "r044_c008", "congestion_score": 0.0, "transit_departures": 0.0, "target_count": 0.0, "employment_jobs": 0.0}, "geometry": {"type": "Polygon", "coordinates": [[[-122.40640403108708, 47.678628458498025], [-122.39974203497296, 47.678628458498025], [-122.39974203497296, 47.68312001437298], [-122.40640403108708, 47.68312001437298], [-122.40640403108708, 47.678628458498025]]]}}, {"type": "Feature", "properties": {"cell_id": "r044_c009", "congestion_score": 0.0, "transit_departures": 0.0, "target_count": 0.0, "employment_jobs": 0.0}, "geometry": {"type": "Polygon", "coordinates": [[[-122.39974203497297, 47.678628458498025], [-122.39308003885886, 47.678628458498025], [-122.39308003885886, 47.68312001437298], [-122.39974203497297, 47.68312001437298], [-122.39974203497297, 47.678628458498025]]]}}, {"type": "Feature", "properties": {"cell_id": "r044_c010", "congestion_score": 0.0, "transit_departures": 0.0, "target_count": 0.0, "employment_jobs": 0.0}, "geometry": {"type": "Polygon", "coordinates": [[[-122.39308003885886, 47.678628458498025], [-122.38641804274474, 47.678628458498025], [-122.38641804274474, 47.68312001437298], [-122.39308003885886, 47.68312001437298], [-122.39308003885886, 47.678628458498025]]]}}, {"type": "Feature", "properties": {"cell_id": "r044_c011", "congestion_score": 0.0, "transit_departures": 0.0, "target_count": 0.0, "employment_jobs": 0.0}, "geometry": {"type": "Polygon", "coordinates": [[[-122.38641804274474, 47.678628458498025], [-122.37975604663062, 47.678628458498025], [-122.37975604663062, 47.68312001437298], [-122.38641804274474, 47.68312001437298], [-122.38641804274474, 47.678628458498025]]]}}, {"type": "Feature", "properties": {"cell_id": "r044_c012", "congestion_score": 0.0, "transit_departures": 0.0, "target_count": 0.0, "employment_jobs": 0.0}, "geometry": {"type": "Polygon", "coordinates": [[[-122.37975604663062, 47.678628458498025], [-122.3730940505165, 47.678628458498025], [-122.3730940505165, 47.68312001437298], [-122.37975604663062, 47.68312001437298], [-122.37975604663062, 47.678628458498025]]]}}, {"type": "Feature", "properties": {"cell_id": "r044_c013", "congestion_score": 0.0, "transit_departures": 0.0, "target_count": 0.0, "employment_jobs": 0.0}, "geometry": {"type": "Polygon", "coordinates": [[[-122.37309405051651, 47.678628458498025], [-122.3664320544024, 47.678628458498025], [-122.3664320544024, 47.68312001437298], [-122.37309405051651, 47.68312001437298], [-122.37309405051651, 47.678628458498025]]]}}, {"type": "Feature", "properties": {"cell_id": "r044_c014", "congestion_score": 0.0, "transit_departures": 0.0, "target_count": 0.0, "employment_jobs": 0.0}, "geometry": {"type": "Polygon", "coordinates": [[[-122.3664320544024, 47.678628458498025], [-122.35977005828828, 47.678628458498025], [-122.35977005828828, 47.68312001437298], [-122.3664320544024, 47.68312001437298], [-122.3664320544024, 47.678628458498025]]]}}, {"type": "Feature", "properties": {"cell_id": "r044_c015", "congestion_score": 0.0, "transit_departures": 0.0, "target_count": 0.0, "employment_jobs": 0.0}, "geometry": {"type": "Polygon", "coordinates": [[[-122.35977005828828, 47.678628458498025], [-122.35310806217416, 47.678628458498025], [-122.35310806217416, 47.68312001437298], [-122.35977005828828, 47.68312001437298], [-122.35977005828828, 47.678628458498025]]]}}, {"type": "Feature", "properties": {"cell_id": "r044_c016", "congestion_score": 0.0, "transit_departures": 0.0, "target_count": 0.0, "employment_jobs": 0.0}, "geometry": {"type": "Polygon", "coordinates": [[[-122.35310806217417, 47.678628458498025], [-122.34644606606005, 47.678628458498025], [-122.34644606606005, 47.68312001437298], [-122.35310806217417, 47.68312001437298], [-122.35310806217417, 47.678628458498025]]]}}, {"type": "Feature", "properties": {"cell_id": "r044_c017", "congestion_score": 0.0, "transit_departures": 0.0, "target_count": 0.0, "employment_jobs": 0.0}, "geometry": {"type": "Polygon", "coordinates": [[[-122.34644606606005, 47.678628458498025], [-122.33978406994594, 47.678628458498025], [-122.33978406994594, 47.68312001437298], [-122.34644606606005, 47.68312001437298], [-122.34644606606005, 47.678628458498025]]]}}, {"type": "Feature", "properties": {"cell_id": "r044_c018", "congestion_score": 0.0, "transit_departures": 0.0, "target_count": 0.0, "employment_jobs": 0.0}, "geometry": {"type": "Polygon", "coordinates": [[[-122.33978406994594, 47.678628458498025], [-122.33312207383182, 47.678628458498025], [-122.33312207383182, 47.68312001437298], [-122.33978406994594, 47.68312001437298], [-122.33978406994594, 47.678628458498025]]]}}, {"type": "Feature", "properties": {"cell_id": "r044_c019", "congestion_score": 0.0, "transit_departures": 0.0, "target_count": 0.0, "employment_jobs": 0.0}, "geometry": {"type": "Polygon", "coordinates": [[[-122.33312207383182, 47.678628458498025], [-122.3264600777177, 47.678628458498025], [-122.3264600777177, 47.68312001437298], [-122.33312207383182, 47.68312001437298], [-122.33312207383182, 47.678628458498025]]]}}, {"type": "Feature", "properties": {"cell_id": "r044_c020", "congestion_score": 0.0, "transit_departures": 0.0, "target_count": 0.0, "employment_jobs": 0.0}, "geometry": {"type": "Polygon", "coordinates": [[[-122.32646007771771, 47.678628458498025], [-122.3197980816036, 47.678628458498025], [-122.3197980816036, 47.68312001437298], [-122.32646007771771, 47.68312001437298], [-122.32646007771771, 47.678628458498025]]]}}, {"type": "Feature", "properties": {"cell_id": "r044_c021", "congestion_score": 0.0, "transit_departures": 0.0, "target_count": 0.0, "employment_jobs": 0.0}, "geometry": {"type": "Polygon", "coordinates": [[[-122.3197980816036, 47.678628458498025], [-122.31313608548948, 47.678628458498025], [-122.31313608548948, 47.68312001437298], [-122.3197980816036, 47.68312001437298], [-122.3197980816036, 47.678628458498025]]]}}, {"type": "Feature", "properties": {"cell_id": "r044_c022", "congestion_score": 0.0, "transit_departures": 0.0, "target_count": 0.0, "employment_jobs": 0.0}, "geometry": {"type": "Polygon", "coordinates": [[[-122.31313608548948, 47.678628458498025], [-122.30647408937536, 47.678628458498025], [-122.30647408937536, 47.68312001437298], [-122.31313608548948, 47.68312001437298], [-122.31313608548948, 47.678628458498025]]]}}, {"type": "Feature", "properties": {"cell_id": "r044_c023", "congestion_score": 0.0, "transit_departures": 0.0, "target_count": 0.0, "employment_jobs": 0.0}, "geometry": {"type": "Polygon", "coordinates": [[[-122.30647408937537, 47.678628458498025], [-122.29981209326125, 47.678628458498025], [-122.29981209326125, 47.68312001437298], [-122.30647408937537, 47.68312001437298], [-122.30647408937537, 47.678628458498025]]]}}, {"type": "Feature", "properties": {"cell_id": "r044_c024", "congestion_score": 0.0, "transit_departures": 0.0, "target_count": 0.0, "employment_jobs": 0.0}, "geometry": {"type": "Polygon", "coordinates": [[[-122.29981209326125, 47.678628458498025], [-122.29315009714713, 47.678628458498025], [-122.29315009714713, 47.68312001437298], [-122.29981209326125, 47.68312001437298], [-122.29981209326125, 47.678628458498025]]]}}, {"type": "Feature", "properties": {"cell_id": "r044_c025", "congestion_score": 0.0, "transit_departures": 0.0, "target_count": 0.0, "employment_jobs": 0.0}, "geometry": {"type": "Polygon", "coordinates": [[[-122.29315009714713, 47.678628458498025], [-122.28648810103302, 47.678628458498025], [-122.28648810103302, 47.68312001437298], [-122.29315009714713, 47.68312001437298], [-122.29315009714713, 47.678628458498025]]]}}, {"type": "Feature", "properties": {"cell_id": "r044_c026", "congestion_score": 0.0, "transit_departures": 0.0, "target_count": 0.0, "employment_jobs": 0.0}, "geometry": {"type": "Polygon", "coordinates": [[[-122.28648810103302, 47.678628458498025], [-122.2798261049189, 47.678628458498025], [-122.2798261049189, 47.68312001437298], [-122.28648810103302, 47.68312001437298], [-122.28648810103302, 47.678628458498025]]]}}, {"type": "Feature", "properties": {"cell_id": "r044_c027", "congestion_score": 0.0, "transit_departures": 0.0, "target_count": 0.0, "employment_jobs": 0.0}, "geometry": {"type": "Polygon", "coordinates": [[[-122.27982610491891, 47.678628458498025], [-122.27316410880479, 47.678628458498025], [-122.27316410880479, 47.68312001437298], [-122.27982610491891, 47.68312001437298], [-122.27982610491891, 47.678628458498025]]]}}, {"type": "Feature", "properties": {"cell_id": "r044_c028", "congestion_score": 0.0, "transit_departures": 0.0, "target_count": 0.0, "employment_jobs": 0.0}, "geometry": {"type": "Polygon", "coordinates": [[[-122.27316410880479, 47.678628458498025], [-122.26650211269067, 47.678628458498025], [-122.26650211269067, 47.68312001437298], [-122.27316410880479, 47.68312001437298], [-122.27316410880479, 47.678628458498025]]]}}, {"type": "Feature", "properties": {"cell_id": "r044_c029", "congestion_score": 0.0, "transit_departures": 0.0, "target_count": 0.0, "employment_jobs": 0.0}, "geometry": {"type": "Polygon", "coordinates": [[[-122.26650211269067, 47.678628458498025], [-122.25984011657656, 47.678628458498025], [-122.25984011657656, 47.68312001437298], [-122.26650211269067, 47.68312001437298], [-122.26650211269067, 47.678628458498025]]]}}, {"type": "Feature", "properties": {"cell_id": "r044_c030", "congestion_score": 0.0, "transit_departures": 0.0, "target_count": 0.0, "employment_jobs": 0.0}, "geometry": {"type": "Polygon", "coordinates": [[[-122.25984011657657, 47.678628458498025], [-122.25317812046245, 47.678628458498025], [-122.25317812046245, 47.68312001437298], [-122.25984011657657, 47.68312001437298], [-122.25984011657657, 47.678628458498025]]]}}, {"type": "Feature", "properties": {"cell_id": "r044_c031", "congestion_score": 0.0, "transit_departures": 0.0, "target_count": 0.0, "employment_jobs": 0.0}, "geometry": {"type": "Polygon", "coordinates": [[[-122.25317812046245, 47.678628458498025], [-122.24651612434833, 47.678628458498025], [-122.24651612434833, 47.68312001437298], [-122.25317812046245, 47.68312001437298], [-122.25317812046245, 47.678628458498025]]]}}, {"type": "Feature", "properties": {"cell_id": "r044_c032", "congestion_score": 0.0, "transit_departures": 0.0, "target_count": 0.0, "employment_jobs": 0.0}, "geometry": {"type": "Polygon", "coordinates": [[[-122.24651612434833, 47.678628458498025], [-122.23985412823421, 47.678628458498025], [-122.23985412823421, 47.68312001437298], [-122.24651612434833, 47.68312001437298], [-122.24651612434833, 47.678628458498025]]]}}, {"type": "Feature", "properties": {"cell_id": "r044_c033", "congestion_score": 0.0, "transit_departures": 0.0, "target_count": 0.0, "employment_jobs": 0.0}, "geometry": {"type": "Polygon", "coordinates": [[[-122.23985412823421, 47.678628458498025], [-122.2331921321201, 47.678628458498025], [-122.2331921321201, 47.68312001437298], [-122.23985412823421, 47.68312001437298], [-122.23985412823421, 47.678628458498025]]]}}, {"type": "Feature", "properties": {"cell_id": "r044_c034", "congestion_score": 0.0, "transit_departures": 0.0, "target_count": 0.0, "employment_jobs": 0.0}, "geometry": {"type": "Polygon", "coordinates": [[[-122.23319213212011, 47.678628458498025], [-122.22653013600599, 47.678628458498025], [-122.22653013600599, 47.68312001437298], [-122.23319213212011, 47.68312001437298], [-122.23319213212011, 47.678628458498025]]]}}, {"type": "Feature", "properties": {"cell_id": "r044_c035", "congestion_score": 0.0, "transit_departures": 0.0, "target_count": 0.0, "employment_jobs": 0.0}, "geometry": {"type": "Polygon", "coordinates": [[[-122.22653013600599, 47.678628458498025], [-122.2244, 47.678628458498025], [-122.2244, 47.68312001437298], [-122.22653013600599, 47.68312001437298], [-122.22653013600599, 47.678628458498025]]]}}, {"type": "Feature", "properties": {"cell_id": "r045_c000", "congestion_score": 0.0, "transit_departures": 0.0, "target_count": 0.0, "employment_jobs": 0.0}, "geometry": {"type": "Polygon", "coordinates": [[[-122.4597, 47.68312001437298], [-122.45303800388588, 47.68312001437298], [-122.45303800388588, 47.68761157024794], [-122.4597, 47.68761157024794], [-122.4597, 47.68312001437298]]]}}, {"type": "Feature", "properties": {"cell_id": "r045_c001", "congestion_score": 0.0, "transit_departures": 0.0, "target_count": 0.0, "employment_jobs": 0.0}, "geometry": {"type": "Polygon", "coordinates": [[[-122.45303800388588, 47.68312001437298], [-122.44637600777176, 47.68312001437298], [-122.44637600777176, 47.68761157024794], [-122.45303800388588, 47.68761157024794], [-122.45303800388588, 47.68312001437298]]]}}, {"type": "Feature", "properties": {"cell_id": "r045_c002", "congestion_score": 0.0, "transit_departures": 0.0, "target_count": 0.0, "employment_jobs": 0.0}, "geometry": {"type": "Polygon", "coordinates": [[[-122.44637600777178, 47.68312001437298], [-122.43971401165766, 47.68312001437298], [-122.43971401165766, 47.68761157024794], [-122.44637600777178, 47.68761157024794], [-122.44637600777178, 47.68312001437298]]]}}, {"type": "Feature", "properties": {"cell_id": "r045_c003", "congestion_score": 0.0, "transit_departures": 0.0, "target_count": 0.0, "employment_jobs": 0.0}, "geometry": {"type": "Polygon", "coordinates": [[[-122.43971401165766, 47.68312001437298], [-122.43305201554354, 47.68312001437298], [-122.43305201554354, 47.68761157024794], [-122.43971401165766, 47.68761157024794], [-122.43971401165766, 47.68312001437298]]]}}, {"type": "Feature", "properties": {"cell_id": "r045_c004", "congestion_score": 0.0, "transit_departures": 0.0, "target_count": 0.0, "employment_jobs": 0.0}, "geometry": {"type": "Polygon", "coordinates": [[[-122.43305201554354, 47.68312001437298], [-122.42639001942942, 47.68312001437298], [-122.42639001942942, 47.68761157024794], [-122.43305201554354, 47.68761157024794], [-122.43305201554354, 47.68312001437298]]]}}, {"type": "Feature", "properties": {"cell_id": "r045_c005", "congestion_score": 0.0, "transit_departures": 0.0, "target_count": 0.0, "employment_jobs": 0.0}, "geometry": {"type": "Polygon", "coordinates": [[[-122.42639001942942, 47.68312001437298], [-122.4197280233153, 47.68312001437298], [-122.4197280233153, 47.68761157024794], [-122.42639001942942, 47.68761157024794], [-122.42639001942942, 47.68312001437298]]]}}, {"type": "Feature", "properties": {"cell_id": "r045_c006", "congestion_score": 0.0, "transit_departures": 0.0, "target_count": 0.0, "employment_jobs": 0.0}, "geometry": {"type": "Polygon", "coordinates": [[[-122.41972802331532, 47.68312001437298], [-122.4130660272012, 47.68312001437298], [-122.4130660272012, 47.68761157024794], [-122.41972802331532, 47.68761157024794], [-122.41972802331532, 47.68312001437298]]]}}, {"type": "Feature", "properties": {"cell_id": "r045_c007", "congestion_score": 0.0, "transit_departures": 0.0, "target_count": 0.0, "employment_jobs": 0.0}, "geometry": {"type": "Polygon", "coordinates": [[[-122.4130660272012, 47.68312001437298], [-122.40640403108708, 47.68312001437298], [-122.40640403108708, 47.68761157024794], [-122.4130660272012, 47.68761157024794], [-122.4130660272012, 47.68312001437298]]]}}, {"type": "Feature", "properties": {"cell_id": "r045_c008", "congestion_score": 0.0, "transit_departures": 0.0, "target_count": 0.0, "employment_jobs": 0.0}, "geometry": {"type": "Polygon", "coordinates": [[[-122.40640403108708, 47.68312001437298], [-122.39974203497296, 47.68312001437298], [-122.39974203497296, 47.68761157024794], [-122.40640403108708, 47.68761157024794], [-122.40640403108708, 47.68312001437298]]]}}, {"type": "Feature", "properties": {"cell_id": "r045_c009", "congestion_score": 0.0, "transit_departures": 0.0, "target_count": 0.0, "employment_jobs": 0.0}, "geometry": {"type": "Polygon", "coordinates": [[[-122.39974203497297, 47.68312001437298], [-122.39308003885886, 47.68312001437298], [-122.39308003885886, 47.68761157024794], [-122.39974203497297, 47.68761157024794], [-122.39974203497297, 47.68312001437298]]]}}, {"type": "Feature", "properties": {"cell_id": "r045_c010", "congestion_score": 0.0, "transit_departures": 0.0, "target_count": 0.0, "employment_jobs": 0.0}, "geometry": {"type": "Polygon", "coordinates": [[[-122.39308003885886, 47.68312001437298], [-122.38641804274474, 47.68312001437298], [-122.38641804274474, 47.68761157024794], [-122.39308003885886, 47.68761157024794], [-122.39308003885886, 47.68312001437298]]]}}, {"type": "Feature", "properties": {"cell_id": "r045_c011", "congestion_score": 0.0, "transit_departures": 0.0, "target_count": 0.0, "employment_jobs": 0.0}, "geometry": {"type": "Polygon", "coordinates": [[[-122.38641804274474, 47.68312001437298], [-122.37975604663062, 47.68312001437298], [-122.37975604663062, 47.68761157024794], [-122.38641804274474, 47.68761157024794], [-122.38641804274474, 47.68312001437298]]]}}, {"type": "Feature", "properties": {"cell_id": "r045_c012", "congestion_score": 0.0, "transit_departures": 0.0, "target_count": 0.0, "employment_jobs": 0.0}, "geometry": {"type": "Polygon", "coordinates": [[[-122.37975604663062, 47.68312001437298], [-122.3730940505165, 47.68312001437298], [-122.3730940505165, 47.68761157024794], [-122.37975604663062, 47.68761157024794], [-122.37975604663062, 47.68312001437298]]]}}, {"type": "Feature", "properties": {"cell_id": "r045_c013", "congestion_score": 0.0, "transit_departures": 0.0, "target_count": 0.0, "employment_jobs": 0.0}, "geometry": {"type": "Polygon", "coordinates": [[[-122.37309405051651, 47.68312001437298], [-122.3664320544024, 47.68312001437298], [-122.3664320544024, 47.68761157024794], [-122.37309405051651, 47.68761157024794], [-122.37309405051651, 47.68312001437298]]]}}, {"type": "Feature", "properties": {"cell_id": "r045_c014", "congestion_score": 0.0, "transit_departures": 0.0, "target_count": 0.0, "employment_jobs": 0.0}, "geometry": {"type": "Polygon", "coordinates": [[[-122.3664320544024, 47.68312001437298], [-122.35977005828828, 47.68312001437298], [-122.35977005828828, 47.68761157024794], [-122.3664320544024, 47.68761157024794], [-122.3664320544024, 47.68312001437298]]]}}, {"type": "Feature", "properties": {"cell_id": "r045_c015", "congestion_score": 0.0, "transit_departures": 0.0, "target_count": 0.0, "employment_jobs": 0.0}, "geometry": {"type": "Polygon", "coordinates": [[[-122.35977005828828, 47.68312001437298], [-122.35310806217416, 47.68312001437298], [-122.35310806217416, 47.68761157024794], [-122.35977005828828, 47.68761157024794], [-122.35977005828828, 47.68312001437298]]]}}, {"type": "Feature", "properties": {"cell_id": "r045_c016", "congestion_score": 0.0, "transit_departures": 0.0, "target_count": 0.0, "employment_jobs": 0.0}, "geometry": {"type": "Polygon", "coordinates": [[[-122.35310806217417, 47.68312001437298], [-122.34644606606005, 47.68312001437298], [-122.34644606606005, 47.68761157024794], [-122.35310806217417, 47.68761157024794], [-122.35310806217417, 47.68312001437298]]]}}, {"type": "Feature", "properties": {"cell_id": "r045_c017", "congestion_score": 0.0, "transit_departures": 0.0, "target_count": 0.0, "employment_jobs": 0.0}, "geometry": {"type": "Polygon", "coordinates": [[[-122.34644606606005, 47.68312001437298], [-122.33978406994594, 47.68312001437298], [-122.33978406994594, 47.68761157024794], [-122.34644606606005, 47.68761157024794], [-122.34644606606005, 47.68312001437298]]]}}, {"type": "Feature", "properties": {"cell_id": "r045_c018", "congestion_score": 0.0, "transit_departures": 0.0, "target_count": 0.0, "employment_jobs": 0.0}, "geometry": {"type": "Polygon", "coordinates": [[[-122.33978406994594, 47.68312001437298], [-122.33312207383182, 47.68312001437298], [-122.33312207383182, 47.68761157024794], [-122.33978406994594, 47.68761157024794], [-122.33978406994594, 47.68312001437298]]]}}, {"type": "Feature", "properties": {"cell_id": "r045_c019", "congestion_score": 0.0, "transit_departures": 0.0, "target_count": 0.0, "employment_jobs": 0.0}, "geometry": {"type": "Polygon", "coordinates": [[[-122.33312207383182, 47.68312001437298], [-122.3264600777177, 47.68312001437298], [-122.3264600777177, 47.68761157024794], [-122.33312207383182, 47.68761157024794], [-122.33312207383182, 47.68312001437298]]]}}, {"type": "Feature", "properties": {"cell_id": "r045_c020", "congestion_score": 0.0, "transit_departures": 0.0, "target_count": 0.0, "employment_jobs": 0.0}, "geometry": {"type": "Polygon", "coordinates": [[[-122.32646007771771, 47.68312001437298], [-122.3197980816036, 47.68312001437298], [-122.3197980816036, 47.68761157024794], [-122.32646007771771, 47.68761157024794], [-122.32646007771771, 47.68312001437298]]]}}, {"type": "Feature", "properties": {"cell_id": "r045_c021", "congestion_score": 0.0, "transit_departures": 0.0, "target_count": 0.0, "employment_jobs": 0.0}, "geometry": {"type": "Polygon", "coordinates": [[[-122.3197980816036, 47.68312001437298], [-122.31313608548948, 47.68312001437298], [-122.31313608548948, 47.68761157024794], [-122.3197980816036, 47.68761157024794], [-122.3197980816036, 47.68312001437298]]]}}, {"type": "Feature", "properties": {"cell_id": "r045_c022", "congestion_score": 0.0, "transit_departures": 0.0, "target_count": 0.0, "employment_jobs": 0.0}, "geometry": {"type": "Polygon", "coordinates": [[[-122.31313608548948, 47.68312001437298], [-122.30647408937536, 47.68312001437298], [-122.30647408937536, 47.68761157024794], [-122.31313608548948, 47.68761157024794], [-122.31313608548948, 47.68312001437298]]]}}, {"type": "Feature", "properties": {"cell_id": "r045_c023", "congestion_score": 0.0, "transit_departures": 0.0, "target_count": 0.0, "employment_jobs": 0.0}, "geometry": {"type": "Polygon", "coordinates": [[[-122.30647408937537, 47.68312001437298], [-122.29981209326125, 47.68312001437298], [-122.29981209326125, 47.68761157024794], [-122.30647408937537, 47.68761157024794], [-122.30647408937537, 47.68312001437298]]]}}, {"type": "Feature", "properties": {"cell_id": "r045_c024", "congestion_score": 0.0, "transit_departures": 0.0, "target_count": 0.0, "employment_jobs": 0.0}, "geometry": {"type": "Polygon", "coordinates": [[[-122.29981209326125, 47.68312001437298], [-122.29315009714713, 47.68312001437298], [-122.29315009714713, 47.68761157024794], [-122.29981209326125, 47.68761157024794], [-122.29981209326125, 47.68312001437298]]]}}, {"type": "Feature", "properties": {"cell_id": "r045_c025", "congestion_score": 0.0, "transit_departures": 0.0, "target_count": 0.0, "employment_jobs": 0.0}, "geometry": {"type": "Polygon", "coordinates": [[[-122.29315009714713, 47.68312001437298], [-122.28648810103302, 47.68312001437298], [-122.28648810103302, 47.68761157024794], [-122.29315009714713, 47.68761157024794], [-122.29315009714713, 47.68312001437298]]]}}, {"type": "Feature", "properties": {"cell_id": "r045_c026", "congestion_score": 0.0, "transit_departures": 0.0, "target_count": 0.0, "employment_jobs": 0.0}, "geometry": {"type": "Polygon", "coordinates": [[[-122.28648810103302, 47.68312001437298], [-122.2798261049189, 47.68312001437298], [-122.2798261049189, 47.68761157024794], [-122.28648810103302, 47.68761157024794], [-122.28648810103302, 47.68312001437298]]]}}, {"type": "Feature", "properties": {"cell_id": "r045_c027", "congestion_score": 0.0, "transit_departures": 0.0, "target_count": 0.0, "employment_jobs": 0.0}, "geometry": {"type": "Polygon", "coordinates": [[[-122.27982610491891, 47.68312001437298], [-122.27316410880479, 47.68312001437298], [-122.27316410880479, 47.68761157024794], [-122.27982610491891, 47.68761157024794], [-122.27982610491891, 47.68312001437298]]]}}, {"type": "Feature", "properties": {"cell_id": "r045_c028", "congestion_score": 0.0, "transit_departures": 0.0, "target_count": 0.0, "employment_jobs": 0.0}, "geometry": {"type": "Polygon", "coordinates": [[[-122.27316410880479, 47.68312001437298], [-122.26650211269067, 47.68312001437298], [-122.26650211269067, 47.68761157024794], [-122.27316410880479, 47.68761157024794], [-122.27316410880479, 47.68312001437298]]]}}, {"type": "Feature", "properties": {"cell_id": "r045_c029", "congestion_score": 0.0, "transit_departures": 0.0, "target_count": 0.0, "employment_jobs": 0.0}, "geometry": {"type": "Polygon", "coordinates": [[[-122.26650211269067, 47.68312001437298], [-122.25984011657656, 47.68312001437298], [-122.25984011657656, 47.68761157024794], [-122.26650211269067, 47.68761157024794], [-122.26650211269067, 47.68312001437298]]]}}, {"type": "Feature", "properties": {"cell_id": "r045_c030", "congestion_score": 0.0, "transit_departures": 0.0, "target_count": 0.0, "employment_jobs": 0.0}, "geometry": {"type": "Polygon", "coordinates": [[[-122.25984011657657, 47.68312001437298], [-122.25317812046245, 47.68312001437298], [-122.25317812046245, 47.68761157024794], [-122.25984011657657, 47.68761157024794], [-122.25984011657657, 47.68312001437298]]]}}, {"type": "Feature", "properties": {"cell_id": "r045_c031", "congestion_score": 0.0, "transit_departures": 0.0, "target_count": 0.0, "employment_jobs": 0.0}, "geometry": {"type": "Polygon", "coordinates": [[[-122.25317812046245, 47.68312001437298], [-122.24651612434833, 47.68312001437298], [-122.24651612434833, 47.68761157024794], [-122.25317812046245, 47.68761157024794], [-122.25317812046245, 47.68312001437298]]]}}, {"type": "Feature", "properties": {"cell_id": "r045_c032", "congestion_score": 0.0, "transit_departures": 0.0, "target_count": 0.0, "employment_jobs": 0.0}, "geometry": {"type": "Polygon", "coordinates": [[[-122.24651612434833, 47.68312001437298], [-122.23985412823421, 47.68312001437298], [-122.23985412823421, 47.68761157024794], [-122.24651612434833, 47.68761157024794], [-122.24651612434833, 47.68312001437298]]]}}, {"type": "Feature", "properties": {"cell_id": "r045_c033", "congestion_score": 0.0, "transit_departures": 0.0, "target_count": 0.0, "employment_jobs": 0.0}, "geometry": {"type": "Polygon", "coordinates": [[[-122.23985412823421, 47.68312001437298], [-122.2331921321201, 47.68312001437298], [-122.2331921321201, 47.68761157024794], [-122.23985412823421, 47.68761157024794], [-122.23985412823421, 47.68312001437298]]]}}, {"type": "Feature", "properties": {"cell_id": "r045_c034", "congestion_score": 0.0, "transit_departures": 0.0, "target_count": 0.0, "employment_jobs": 0.0}, "geometry": {"type": "Polygon", "coordinates": [[[-122.23319213212011, 47.68312001437298], [-122.22653013600599, 47.68312001437298], [-122.22653013600599, 47.68761157024794], [-122.23319213212011, 47.68761157024794], [-122.23319213212011, 47.68312001437298]]]}}, {"type": "Feature", "properties": {"cell_id": "r045_c035", "congestion_score": 0.0, "transit_departures": 0.0, "target_count": 0.0, "employment_jobs": 0.0}, "geometry": {"type": "Polygon", "coordinates": [[[-122.22653013600599, 47.68312001437298], [-122.2244, 47.68312001437298], [-122.2244, 47.68761157024794], [-122.22653013600599, 47.68761157024794], [-122.22653013600599, 47.68312001437298]]]}}, {"type": "Feature", "properties": {"cell_id": "r046_c000", "congestion_score": 0.0, "transit_departures": 0.0, "target_count": 0.0, "employment_jobs": 0.0}, "geometry": {"type": "Polygon", "coordinates": [[[-122.4597, 47.68761157024794], [-122.45303800388588, 47.68761157024794], [-122.45303800388588, 47.692103126122895], [-122.4597, 47.692103126122895], [-122.4597, 47.68761157024794]]]}}, {"type": "Feature", "properties": {"cell_id": "r046_c001", "congestion_score": 0.0, "transit_departures": 0.0, "target_count": 0.0, "employment_jobs": 0.0}, "geometry": {"type": "Polygon", "coordinates": [[[-122.45303800388588, 47.68761157024794], [-122.44637600777176, 47.68761157024794], [-122.44637600777176, 47.692103126122895], [-122.45303800388588, 47.692103126122895], [-122.45303800388588, 47.68761157024794]]]}}, {"type": "Feature", "properties": {"cell_id": "r046_c002", "congestion_score": 0.0, "transit_departures": 0.0, "target_count": 0.0, "employment_jobs": 0.0}, "geometry": {"type": "Polygon", "coordinates": [[[-122.44637600777178, 47.68761157024794], [-122.43971401165766, 47.68761157024794], [-122.43971401165766, 47.692103126122895], [-122.44637600777178, 47.692103126122895], [-122.44637600777178, 47.68761157024794]]]}}, {"type": "Feature", "properties": {"cell_id": "r046_c003", "congestion_score": 0.0, "transit_departures": 0.0, "target_count": 0.0, "employment_jobs": 0.0}, "geometry": {"type": "Polygon", "coordinates": [[[-122.43971401165766, 47.68761157024794], [-122.43305201554354, 47.68761157024794], [-122.43305201554354, 47.692103126122895], [-122.43971401165766, 47.692103126122895], [-122.43971401165766, 47.68761157024794]]]}}, {"type": "Feature", "properties": {"cell_id": "r046_c004", "congestion_score": 0.0, "transit_departures": 0.0, "target_count": 0.0, "employment_jobs": 0.0}, "geometry": {"type": "Polygon", "coordinates": [[[-122.43305201554354, 47.68761157024794], [-122.42639001942942, 47.68761157024794], [-122.42639001942942, 47.692103126122895], [-122.43305201554354, 47.692103126122895], [-122.43305201554354, 47.68761157024794]]]}}, {"type": "Feature", "properties": {"cell_id": "r046_c005", "congestion_score": 0.0, "transit_departures": 0.0, "target_count": 0.0, "employment_jobs": 0.0}, "geometry": {"type": "Polygon", "coordinates": [[[-122.42639001942942, 47.68761157024794], [-122.4197280233153, 47.68761157024794], [-122.4197280233153, 47.692103126122895], [-122.42639001942942, 47.692103126122895], [-122.42639001942942, 47.68761157024794]]]}}, {"type": "Feature", "properties": {"cell_id": "r046_c006", "congestion_score": 0.0, "transit_departures": 0.0, "target_count": 0.0, "employment_jobs": 0.0}, "geometry": {"type": "Polygon", "coordinates": [[[-122.41972802331532, 47.68761157024794], [-122.4130660272012, 47.68761157024794], [-122.4130660272012, 47.692103126122895], [-122.41972802331532, 47.692103126122895], [-122.41972802331532, 47.68761157024794]]]}}, {"type": "Feature", "properties": {"cell_id": "r046_c007", "congestion_score": 0.0, "transit_departures": 0.0, "target_count": 0.0, "employment_jobs": 0.0}, "geometry": {"type": "Polygon", "coordinates": [[[-122.4130660272012, 47.68761157024794], [-122.40640403108708, 47.68761157024794], [-122.40640403108708, 47.692103126122895], [-122.4130660272012, 47.692103126122895], [-122.4130660272012, 47.68761157024794]]]}}, {"type": "Feature", "properties": {"cell_id": "r046_c008", "congestion_score": 0.0, "transit_departures": 0.0, "target_count": 0.0, "employment_jobs": 0.0}, "geometry": {"type": "Polygon", "coordinates": [[[-122.40640403108708, 47.68761157024794], [-122.39974203497296, 47.68761157024794], [-122.39974203497296, 47.692103126122895], [-122.40640403108708, 47.692103126122895], [-122.40640403108708, 47.68761157024794]]]}}, {"type": "Feature", "properties": {"cell_id": "r046_c009", "congestion_score": 0.0, "transit_departures": 0.0, "target_count": 0.0, "employment_jobs": 0.0}, "geometry": {"type": "Polygon", "coordinates": [[[-122.39974203497297, 47.68761157024794], [-122.39308003885886, 47.68761157024794], [-122.39308003885886, 47.692103126122895], [-122.39974203497297, 47.692103126122895], [-122.39974203497297, 47.68761157024794]]]}}, {"type": "Feature", "properties": {"cell_id": "r046_c010", "congestion_score": 0.0, "transit_departures": 0.0, "target_count": 0.0, "employment_jobs": 0.0}, "geometry": {"type": "Polygon", "coordinates": [[[-122.39308003885886, 47.68761157024794], [-122.38641804274474, 47.68761157024794], [-122.38641804274474, 47.692103126122895], [-122.39308003885886, 47.692103126122895], [-122.39308003885886, 47.68761157024794]]]}}, {"type": "Feature", "properties": {"cell_id": "r046_c011", "congestion_score": 0.0, "transit_departures": 0.0, "target_count": 0.0, "employment_jobs": 0.0}, "geometry": {"type": "Polygon", "coordinates": [[[-122.38641804274474, 47.68761157024794], [-122.37975604663062, 47.68761157024794], [-122.37975604663062, 47.692103126122895], [-122.38641804274474, 47.692103126122895], [-122.38641804274474, 47.68761157024794]]]}}, {"type": "Feature", "properties": {"cell_id": "r046_c012", "congestion_score": 0.0, "transit_departures": 0.0, "target_count": 0.0, "employment_jobs": 0.0}, "geometry": {"type": "Polygon", "coordinates": [[[-122.37975604663062, 47.68761157024794], [-122.3730940505165, 47.68761157024794], [-122.3730940505165, 47.692103126122895], [-122.37975604663062, 47.692103126122895], [-122.37975604663062, 47.68761157024794]]]}}, {"type": "Feature", "properties": {"cell_id": "r046_c013", "congestion_score": 0.0, "transit_departures": 0.0, "target_count": 0.0, "employment_jobs": 0.0}, "geometry": {"type": "Polygon", "coordinates": [[[-122.37309405051651, 47.68761157024794], [-122.3664320544024, 47.68761157024794], [-122.3664320544024, 47.692103126122895], [-122.37309405051651, 47.692103126122895], [-122.37309405051651, 47.68761157024794]]]}}, {"type": "Feature", "properties": {"cell_id": "r046_c014", "congestion_score": 0.0, "transit_departures": 0.0, "target_count": 0.0, "employment_jobs": 0.0}, "geometry": {"type": "Polygon", "coordinates": [[[-122.3664320544024, 47.68761157024794], [-122.35977005828828, 47.68761157024794], [-122.35977005828828, 47.692103126122895], [-122.3664320544024, 47.692103126122895], [-122.3664320544024, 47.68761157024794]]]}}, {"type": "Feature", "properties": {"cell_id": "r046_c015", "congestion_score": 0.0, "transit_departures": 0.0, "target_count": 0.0, "employment_jobs": 0.0}, "geometry": {"type": "Polygon", "coordinates": [[[-122.35977005828828, 47.68761157024794], [-122.35310806217416, 47.68761157024794], [-122.35310806217416, 47.692103126122895], [-122.35977005828828, 47.692103126122895], [-122.35977005828828, 47.68761157024794]]]}}, {"type": "Feature", "properties": {"cell_id": "r046_c016", "congestion_score": 0.0, "transit_departures": 0.0, "target_count": 0.0, "employment_jobs": 0.0}, "geometry": {"type": "Polygon", "coordinates": [[[-122.35310806217417, 47.68761157024794], [-122.34644606606005, 47.68761157024794], [-122.34644606606005, 47.692103126122895], [-122.35310806217417, 47.692103126122895], [-122.35310806217417, 47.68761157024794]]]}}, {"type": "Feature", "properties": {"cell_id": "r046_c017", "congestion_score": 0.0, "transit_departures": 0.0, "target_count": 0.0, "employment_jobs": 0.0}, "geometry": {"type": "Polygon", "coordinates": [[[-122.34644606606005, 47.68761157024794], [-122.33978406994594, 47.68761157024794], [-122.33978406994594, 47.692103126122895], [-122.34644606606005, 47.692103126122895], [-122.34644606606005, 47.68761157024794]]]}}, {"type": "Feature", "properties": {"cell_id": "r046_c018", "congestion_score": 0.0, "transit_departures": 0.0, "target_count": 0.0, "employment_jobs": 0.0}, "geometry": {"type": "Polygon", "coordinates": [[[-122.33978406994594, 47.68761157024794], [-122.33312207383182, 47.68761157024794], [-122.33312207383182, 47.692103126122895], [-122.33978406994594, 47.692103126122895], [-122.33978406994594, 47.68761157024794]]]}}, {"type": "Feature", "properties": {"cell_id": "r046_c019", "congestion_score": 0.0, "transit_departures": 0.0, "target_count": 0.0, "employment_jobs": 0.0}, "geometry": {"type": "Polygon", "coordinates": [[[-122.33312207383182, 47.68761157024794], [-122.3264600777177, 47.68761157024794], [-122.3264600777177, 47.692103126122895], [-122.33312207383182, 47.692103126122895], [-122.33312207383182, 47.68761157024794]]]}}, {"type": "Feature", "properties": {"cell_id": "r046_c020", "congestion_score": 0.0, "transit_departures": 0.0, "target_count": 0.0, "employment_jobs": 0.0}, "geometry": {"type": "Polygon", "coordinates": [[[-122.32646007771771, 47.68761157024794], [-122.3197980816036, 47.68761157024794], [-122.3197980816036, 47.692103126122895], [-122.32646007771771, 47.692103126122895], [-122.32646007771771, 47.68761157024794]]]}}, {"type": "Feature", "properties": {"cell_id": "r046_c021", "congestion_score": 0.0, "transit_departures": 0.0, "target_count": 0.0, "employment_jobs": 0.0}, "geometry": {"type": "Polygon", "coordinates": [[[-122.3197980816036, 47.68761157024794], [-122.31313608548948, 47.68761157024794], [-122.31313608548948, 47.692103126122895], [-122.3197980816036, 47.692103126122895], [-122.3197980816036, 47.68761157024794]]]}}, {"type": "Feature", "properties": {"cell_id": "r046_c022", "congestion_score": 0.0, "transit_departures": 0.0, "target_count": 0.0, "employment_jobs": 0.0}, "geometry": {"type": "Polygon", "coordinates": [[[-122.31313608548948, 47.68761157024794], [-122.30647408937536, 47.68761157024794], [-122.30647408937536, 47.692103126122895], [-122.31313608548948, 47.692103126122895], [-122.31313608548948, 47.68761157024794]]]}}, {"type": "Feature", "properties": {"cell_id": "r046_c023", "congestion_score": 0.0, "transit_departures": 0.0, "target_count": 0.0, "employment_jobs": 0.0}, "geometry": {"type": "Polygon", "coordinates": [[[-122.30647408937537, 47.68761157024794], [-122.29981209326125, 47.68761157024794], [-122.29981209326125, 47.692103126122895], [-122.30647408937537, 47.692103126122895], [-122.30647408937537, 47.68761157024794]]]}}, {"type": "Feature", "properties": {"cell_id": "r046_c024", "congestion_score": 0.0, "transit_departures": 0.0, "target_count": 0.0, "employment_jobs": 0.0}, "geometry": {"type": "Polygon", "coordinates": [[[-122.29981209326125, 47.68761157024794], [-122.29315009714713, 47.68761157024794], [-122.29315009714713, 47.692103126122895], [-122.29981209326125, 47.692103126122895], [-122.29981209326125, 47.68761157024794]]]}}, {"type": "Feature", "properties": {"cell_id": "r046_c025", "congestion_score": 0.0, "transit_departures": 0.0, "target_count": 0.0, "employment_jobs": 0.0}, "geometry": {"type": "Polygon", "coordinates": [[[-122.29315009714713, 47.68761157024794], [-122.28648810103302, 47.68761157024794], [-122.28648810103302, 47.692103126122895], [-122.29315009714713, 47.692103126122895], [-122.29315009714713, 47.68761157024794]]]}}, {"type": "Feature", "properties": {"cell_id": "r046_c026", "congestion_score": 0.0, "transit_departures": 0.0, "target_count": 0.0, "employment_jobs": 0.0}, "geometry": {"type": "Polygon", "coordinates": [[[-122.28648810103302, 47.68761157024794], [-122.2798261049189, 47.68761157024794], [-122.2798261049189, 47.692103126122895], [-122.28648810103302, 47.692103126122895], [-122.28648810103302, 47.68761157024794]]]}}, {"type": "Feature", "properties": {"cell_id": "r046_c027", "congestion_score": 0.0, "transit_departures": 0.0, "target_count": 0.0, "employment_jobs": 0.0}, "geometry": {"type": "Polygon", "coordinates": [[[-122.27982610491891, 47.68761157024794], [-122.27316410880479, 47.68761157024794], [-122.27316410880479, 47.692103126122895], [-122.27982610491891, 47.692103126122895], [-122.27982610491891, 47.68761157024794]]]}}, {"type": "Feature", "properties": {"cell_id": "r046_c028", "congestion_score": 0.0, "transit_departures": 0.0, "target_count": 0.0, "employment_jobs": 0.0}, "geometry": {"type": "Polygon", "coordinates": [[[-122.27316410880479, 47.68761157024794], [-122.26650211269067, 47.68761157024794], [-122.26650211269067, 47.692103126122895], [-122.27316410880479, 47.692103126122895], [-122.27316410880479, 47.68761157024794]]]}}, {"type": "Feature", "properties": {"cell_id": "r046_c029", "congestion_score": 0.0, "transit_departures": 0.0, "target_count": 0.0, "employment_jobs": 0.0}, "geometry": {"type": "Polygon", "coordinates": [[[-122.26650211269067, 47.68761157024794], [-122.25984011657656, 47.68761157024794], [-122.25984011657656, 47.692103126122895], [-122.26650211269067, 47.692103126122895], [-122.26650211269067, 47.68761157024794]]]}}, {"type": "Feature", "properties": {"cell_id": "r046_c030", "congestion_score": 0.0, "transit_departures": 0.0, "target_count": 0.0, "employment_jobs": 0.0}, "geometry": {"type": "Polygon", "coordinates": [[[-122.25984011657657, 47.68761157024794], [-122.25317812046245, 47.68761157024794], [-122.25317812046245, 47.692103126122895], [-122.25984011657657, 47.692103126122895], [-122.25984011657657, 47.68761157024794]]]}}, {"type": "Feature", "properties": {"cell_id": "r046_c031", "congestion_score": 0.0, "transit_departures": 0.0, "target_count": 0.0, "employment_jobs": 0.0}, "geometry": {"type": "Polygon", "coordinates": [[[-122.25317812046245, 47.68761157024794], [-122.24651612434833, 47.68761157024794], [-122.24651612434833, 47.692103126122895], [-122.25317812046245, 47.692103126122895], [-122.25317812046245, 47.68761157024794]]]}}, {"type": "Feature", "properties": {"cell_id": "r046_c032", "congestion_score": 0.0, "transit_departures": 0.0, "target_count": 0.0, "employment_jobs": 0.0}, "geometry": {"type": "Polygon", "coordinates": [[[-122.24651612434833, 47.68761157024794], [-122.23985412823421, 47.68761157024794], [-122.23985412823421, 47.692103126122895], [-122.24651612434833, 47.692103126122895], [-122.24651612434833, 47.68761157024794]]]}}, {"type": "Feature", "properties": {"cell_id": "r046_c033", "congestion_score": 0.0, "transit_departures": 0.0, "target_count": 0.0, "employment_jobs": 0.0}, "geometry": {"type": "Polygon", "coordinates": [[[-122.23985412823421, 47.68761157024794], [-122.2331921321201, 47.68761157024794], [-122.2331921321201, 47.692103126122895], [-122.23985412823421, 47.692103126122895], [-122.23985412823421, 47.68761157024794]]]}}, {"type": "Feature", "properties": {"cell_id": "r046_c034", "congestion_score": 0.0, "transit_departures": 0.0, "target_count": 0.0, "employment_jobs": 0.0}, "geometry": {"type": "Polygon", "coordinates": [[[-122.23319213212011, 47.68761157024794], [-122.22653013600599, 47.68761157024794], [-122.22653013600599, 47.692103126122895], [-122.23319213212011, 47.692103126122895], [-122.23319213212011, 47.68761157024794]]]}}, {"type": "Feature", "properties": {"cell_id": "r046_c035", "congestion_score": 0.0, "transit_departures": 0.0, "target_count": 0.0, "employment_jobs": 0.0}, "geometry": {"type": "Polygon", "coordinates": [[[-122.22653013600599, 47.68761157024794], [-122.2244, 47.68761157024794], [-122.2244, 47.692103126122895], [-122.22653013600599, 47.692103126122895], [-122.22653013600599, 47.68761157024794]]]}}, {"type": "Feature", "properties": {"cell_id": "r047_c000", "congestion_score": 0.0, "transit_departures": 0.0, "target_count": 0.0, "employment_jobs": 0.0}, "geometry": {"type": "Polygon", "coordinates": [[[-122.4597, 47.69210312612289], [-122.45303800388588, 47.69210312612289], [-122.45303800388588, 47.696594681997844], [-122.4597, 47.696594681997844], [-122.4597, 47.69210312612289]]]}}, {"type": "Feature", "properties": {"cell_id": "r047_c001", "congestion_score": 0.0, "transit_departures": 0.0, "target_count": 0.0, "employment_jobs": 0.0}, "geometry": {"type": "Polygon", "coordinates": [[[-122.45303800388588, 47.69210312612289], [-122.44637600777176, 47.69210312612289], [-122.44637600777176, 47.696594681997844], [-122.45303800388588, 47.696594681997844], [-122.45303800388588, 47.69210312612289]]]}}, {"type": "Feature", "properties": {"cell_id": "r047_c002", "congestion_score": 0.0, "transit_departures": 0.0, "target_count": 0.0, "employment_jobs": 0.0}, "geometry": {"type": "Polygon", "coordinates": [[[-122.44637600777178, 47.69210312612289], [-122.43971401165766, 47.69210312612289], [-122.43971401165766, 47.696594681997844], [-122.44637600777178, 47.696594681997844], [-122.44637600777178, 47.69210312612289]]]}}, {"type": "Feature", "properties": {"cell_id": "r047_c003", "congestion_score": 0.0, "transit_departures": 0.0, "target_count": 0.0, "employment_jobs": 0.0}, "geometry": {"type": "Polygon", "coordinates": [[[-122.43971401165766, 47.69210312612289], [-122.43305201554354, 47.69210312612289], [-122.43305201554354, 47.696594681997844], [-122.43971401165766, 47.696594681997844], [-122.43971401165766, 47.69210312612289]]]}}, {"type": "Feature", "properties": {"cell_id": "r047_c004", "congestion_score": 0.0, "transit_departures": 0.0, "target_count": 0.0, "employment_jobs": 0.0}, "geometry": {"type": "Polygon", "coordinates": [[[-122.43305201554354, 47.69210312612289], [-122.42639001942942, 47.69210312612289], [-122.42639001942942, 47.696594681997844], [-122.43305201554354, 47.696594681997844], [-122.43305201554354, 47.69210312612289]]]}}, {"type": "Feature", "properties": {"cell_id": "r047_c005", "congestion_score": 0.0, "transit_departures": 0.0, "target_count": 0.0, "employment_jobs": 0.0}, "geometry": {"type": "Polygon", "coordinates": [[[-122.42639001942942, 47.69210312612289], [-122.4197280233153, 47.69210312612289], [-122.4197280233153, 47.696594681997844], [-122.42639001942942, 47.696594681997844], [-122.42639001942942, 47.69210312612289]]]}}, {"type": "Feature", "properties": {"cell_id": "r047_c006", "congestion_score": 0.0, "transit_departures": 0.0, "target_count": 0.0, "employment_jobs": 0.0}, "geometry": {"type": "Polygon", "coordinates": [[[-122.41972802331532, 47.69210312612289], [-122.4130660272012, 47.69210312612289], [-122.4130660272012, 47.696594681997844], [-122.41972802331532, 47.696594681997844], [-122.41972802331532, 47.69210312612289]]]}}, {"type": "Feature", "properties": {"cell_id": "r047_c007", "congestion_score": 0.0, "transit_departures": 0.0, "target_count": 0.0, "employment_jobs": 0.0}, "geometry": {"type": "Polygon", "coordinates": [[[-122.4130660272012, 47.69210312612289], [-122.40640403108708, 47.69210312612289], [-122.40640403108708, 47.696594681997844], [-122.4130660272012, 47.696594681997844], [-122.4130660272012, 47.69210312612289]]]}}, {"type": "Feature", "properties": {"cell_id": "r047_c008", "congestion_score": 0.0, "transit_departures": 0.0, "target_count": 0.0, "employment_jobs": 0.0}, "geometry": {"type": "Polygon", "coordinates": [[[-122.40640403108708, 47.69210312612289], [-122.39974203497296, 47.69210312612289], [-122.39974203497296, 47.696594681997844], [-122.40640403108708, 47.696594681997844], [-122.40640403108708, 47.69210312612289]]]}}, {"type": "Feature", "properties": {"cell_id": "r047_c009", "congestion_score": 0.0, "transit_departures": 0.0, "target_count": 0.0, "employment_jobs": 0.0}, "geometry": {"type": "Polygon", "coordinates": [[[-122.39974203497297, 47.69210312612289], [-122.39308003885886, 47.69210312612289], [-122.39308003885886, 47.696594681997844], [-122.39974203497297, 47.696594681997844], [-122.39974203497297, 47.69210312612289]]]}}, {"type": "Feature", "properties": {"cell_id": "r047_c010", "congestion_score": 0.0, "transit_departures": 0.0, "target_count": 0.0, "employment_jobs": 0.0}, "geometry": {"type": "Polygon", "coordinates": [[[-122.39308003885886, 47.69210312612289], [-122.38641804274474, 47.69210312612289], [-122.38641804274474, 47.696594681997844], [-122.39308003885886, 47.696594681997844], [-122.39308003885886, 47.69210312612289]]]}}, {"type": "Feature", "properties": {"cell_id": "r047_c011", "congestion_score": 0.0, "transit_departures": 0.0, "target_count": 0.0, "employment_jobs": 0.0}, "geometry": {"type": "Polygon", "coordinates": [[[-122.38641804274474, 47.69210312612289], [-122.37975604663062, 47.69210312612289], [-122.37975604663062, 47.696594681997844], [-122.38641804274474, 47.696594681997844], [-122.38641804274474, 47.69210312612289]]]}}, {"type": "Feature", "properties": {"cell_id": "r047_c012", "congestion_score": 0.0, "transit_departures": 0.0, "target_count": 0.0, "employment_jobs": 0.0}, "geometry": {"type": "Polygon", "coordinates": [[[-122.37975604663062, 47.69210312612289], [-122.3730940505165, 47.69210312612289], [-122.3730940505165, 47.696594681997844], [-122.37975604663062, 47.696594681997844], [-122.37975604663062, 47.69210312612289]]]}}, {"type": "Feature", "properties": {"cell_id": "r047_c013", "congestion_score": 0.0, "transit_departures": 0.0, "target_count": 0.0, "employment_jobs": 0.0}, "geometry": {"type": "Polygon", "coordinates": [[[-122.37309405051651, 47.69210312612289], [-122.3664320544024, 47.69210312612289], [-122.3664320544024, 47.696594681997844], [-122.37309405051651, 47.696594681997844], [-122.37309405051651, 47.69210312612289]]]}}, {"type": "Feature", "properties": {"cell_id": "r047_c014", "congestion_score": 0.0, "transit_departures": 0.0, "target_count": 0.0, "employment_jobs": 0.0}, "geometry": {"type": "Polygon", "coordinates": [[[-122.3664320544024, 47.69210312612289], [-122.35977005828828, 47.69210312612289], [-122.35977005828828, 47.696594681997844], [-122.3664320544024, 47.696594681997844], [-122.3664320544024, 47.69210312612289]]]}}, {"type": "Feature", "properties": {"cell_id": "r047_c015", "congestion_score": 0.0, "transit_departures": 0.0, "target_count": 0.0, "employment_jobs": 0.0}, "geometry": {"type": "Polygon", "coordinates": [[[-122.35977005828828, 47.69210312612289], [-122.35310806217416, 47.69210312612289], [-122.35310806217416, 47.696594681997844], [-122.35977005828828, 47.696594681997844], [-122.35977005828828, 47.69210312612289]]]}}, {"type": "Feature", "properties": {"cell_id": "r047_c016", "congestion_score": 0.0, "transit_departures": 0.0, "target_count": 0.0, "employment_jobs": 0.0}, "geometry": {"type": "Polygon", "coordinates": [[[-122.35310806217417, 47.69210312612289], [-122.34644606606005, 47.69210312612289], [-122.34644606606005, 47.696594681997844], [-122.35310806217417, 47.696594681997844], [-122.35310806217417, 47.69210312612289]]]}}, {"type": "Feature", "properties": {"cell_id": "r047_c017", "congestion_score": 0.0, "transit_departures": 0.0, "target_count": 0.0, "employment_jobs": 0.0}, "geometry": {"type": "Polygon", "coordinates": [[[-122.34644606606005, 47.69210312612289], [-122.33978406994594, 47.69210312612289], [-122.33978406994594, 47.696594681997844], [-122.34644606606005, 47.696594681997844], [-122.34644606606005, 47.69210312612289]]]}}, {"type": "Feature", "properties": {"cell_id": "r047_c018", "congestion_score": 0.0, "transit_departures": 0.0, "target_count": 0.0, "employment_jobs": 0.0}, "geometry": {"type": "Polygon", "coordinates": [[[-122.33978406994594, 47.69210312612289], [-122.33312207383182, 47.69210312612289], [-122.33312207383182, 47.696594681997844], [-122.33978406994594, 47.696594681997844], [-122.33978406994594, 47.69210312612289]]]}}, {"type": "Feature", "properties": {"cell_id": "r047_c019", "congestion_score": 0.0, "transit_departures": 0.0, "target_count": 0.0, "employment_jobs": 0.0}, "geometry": {"type": "Polygon", "coordinates": [[[-122.33312207383182, 47.69210312612289], [-122.3264600777177, 47.69210312612289], [-122.3264600777177, 47.696594681997844], [-122.33312207383182, 47.696594681997844], [-122.33312207383182, 47.69210312612289]]]}}, {"type": "Feature", "properties": {"cell_id": "r047_c020", "congestion_score": 0.0, "transit_departures": 0.0, "target_count": 0.0, "employment_jobs": 0.0}, "geometry": {"type": "Polygon", "coordinates": [[[-122.32646007771771, 47.69210312612289], [-122.3197980816036, 47.69210312612289], [-122.3197980816036, 47.696594681997844], [-122.32646007771771, 47.696594681997844], [-122.32646007771771, 47.69210312612289]]]}}, {"type": "Feature", "properties": {"cell_id": "r047_c021", "congestion_score": 0.0, "transit_departures": 0.0, "target_count": 0.0, "employment_jobs": 0.0}, "geometry": {"type": "Polygon", "coordinates": [[[-122.3197980816036, 47.69210312612289], [-122.31313608548948, 47.69210312612289], [-122.31313608548948, 47.696594681997844], [-122.3197980816036, 47.696594681997844], [-122.3197980816036, 47.69210312612289]]]}}, {"type": "Feature", "properties": {"cell_id": "r047_c022", "congestion_score": 0.0, "transit_departures": 0.0, "target_count": 0.0, "employment_jobs": 0.0}, "geometry": {"type": "Polygon", "coordinates": [[[-122.31313608548948, 47.69210312612289], [-122.30647408937536, 47.69210312612289], [-122.30647408937536, 47.696594681997844], [-122.31313608548948, 47.696594681997844], [-122.31313608548948, 47.69210312612289]]]}}, {"type": "Feature", "properties": {"cell_id": "r047_c023", "congestion_score": 0.0, "transit_departures": 0.0, "target_count": 0.0, "employment_jobs": 0.0}, "geometry": {"type": "Polygon", "coordinates": [[[-122.30647408937537, 47.69210312612289], [-122.29981209326125, 47.69210312612289], [-122.29981209326125, 47.696594681997844], [-122.30647408937537, 47.696594681997844], [-122.30647408937537, 47.69210312612289]]]}}, {"type": "Feature", "properties": {"cell_id": "r047_c024", "congestion_score": 0.0, "transit_departures": 0.0, "target_count": 0.0, "employment_jobs": 0.0}, "geometry": {"type": "Polygon", "coordinates": [[[-122.29981209326125, 47.69210312612289], [-122.29315009714713, 47.69210312612289], [-122.29315009714713, 47.696594681997844], [-122.29981209326125, 47.696594681997844], [-122.29981209326125, 47.69210312612289]]]}}, {"type": "Feature", "properties": {"cell_id": "r047_c025", "congestion_score": 0.0, "transit_departures": 0.0, "target_count": 0.0, "employment_jobs": 0.0}, "geometry": {"type": "Polygon", "coordinates": [[[-122.29315009714713, 47.69210312612289], [-122.28648810103302, 47.69210312612289], [-122.28648810103302, 47.696594681997844], [-122.29315009714713, 47.696594681997844], [-122.29315009714713, 47.69210312612289]]]}}, {"type": "Feature", "properties": {"cell_id": "r047_c026", "congestion_score": 0.0, "transit_departures": 0.0, "target_count": 0.0, "employment_jobs": 0.0}, "geometry": {"type": "Polygon", "coordinates": [[[-122.28648810103302, 47.69210312612289], [-122.2798261049189, 47.69210312612289], [-122.2798261049189, 47.696594681997844], [-122.28648810103302, 47.696594681997844], [-122.28648810103302, 47.69210312612289]]]}}, {"type": "Feature", "properties": {"cell_id": "r047_c027", "congestion_score": 0.0, "transit_departures": 0.0, "target_count": 0.0, "employment_jobs": 0.0}, "geometry": {"type": "Polygon", "coordinates": [[[-122.27982610491891, 47.69210312612289], [-122.27316410880479, 47.69210312612289], [-122.27316410880479, 47.696594681997844], [-122.27982610491891, 47.696594681997844], [-122.27982610491891, 47.69210312612289]]]}}, {"type": "Feature", "properties": {"cell_id": "r047_c028", "congestion_score": 0.0, "transit_departures": 0.0, "target_count": 0.0, "employment_jobs": 0.0}, "geometry": {"type": "Polygon", "coordinates": [[[-122.27316410880479, 47.69210312612289], [-122.26650211269067, 47.69210312612289], [-122.26650211269067, 47.696594681997844], [-122.27316410880479, 47.696594681997844], [-122.27316410880479, 47.69210312612289]]]}}, {"type": "Feature", "properties": {"cell_id": "r047_c029", "congestion_score": 0.0, "transit_departures": 0.0, "target_count": 0.0, "employment_jobs": 0.0}, "geometry": {"type": "Polygon", "coordinates": [[[-122.26650211269067, 47.69210312612289], [-122.25984011657656, 47.69210312612289], [-122.25984011657656, 47.696594681997844], [-122.26650211269067, 47.696594681997844], [-122.26650211269067, 47.69210312612289]]]}}, {"type": "Feature", "properties": {"cell_id": "r047_c030", "congestion_score": 0.0, "transit_departures": 0.0, "target_count": 0.0, "employment_jobs": 0.0}, "geometry": {"type": "Polygon", "coordinates": [[[-122.25984011657657, 47.69210312612289], [-122.25317812046245, 47.69210312612289], [-122.25317812046245, 47.696594681997844], [-122.25984011657657, 47.696594681997844], [-122.25984011657657, 47.69210312612289]]]}}, {"type": "Feature", "properties": {"cell_id": "r047_c031", "congestion_score": 0.0, "transit_departures": 0.0, "target_count": 0.0, "employment_jobs": 0.0}, "geometry": {"type": "Polygon", "coordinates": [[[-122.25317812046245, 47.69210312612289], [-122.24651612434833, 47.69210312612289], [-122.24651612434833, 47.696594681997844], [-122.25317812046245, 47.696594681997844], [-122.25317812046245, 47.69210312612289]]]}}, {"type": "Feature", "properties": {"cell_id": "r047_c032", "congestion_score": 0.0, "transit_departures": 0.0, "target_count": 0.0, "employment_jobs": 0.0}, "geometry": {"type": "Polygon", "coordinates": [[[-122.24651612434833, 47.69210312612289], [-122.23985412823421, 47.69210312612289], [-122.23985412823421, 47.696594681997844], [-122.24651612434833, 47.696594681997844], [-122.24651612434833, 47.69210312612289]]]}}, {"type": "Feature", "properties": {"cell_id": "r047_c033", "congestion_score": 0.0, "transit_departures": 0.0, "target_count": 0.0, "employment_jobs": 0.0}, "geometry": {"type": "Polygon", "coordinates": [[[-122.23985412823421, 47.69210312612289], [-122.2331921321201, 47.69210312612289], [-122.2331921321201, 47.696594681997844], [-122.23985412823421, 47.696594681997844], [-122.23985412823421, 47.69210312612289]]]}}, {"type": "Feature", "properties": {"cell_id": "r047_c034", "congestion_score": 0.0, "transit_departures": 0.0, "target_count": 0.0, "employment_jobs": 0.0}, "geometry": {"type": "Polygon", "coordinates": [[[-122.23319213212011, 47.69210312612289], [-122.22653013600599, 47.69210312612289], [-122.22653013600599, 47.696594681997844], [-122.23319213212011, 47.696594681997844], [-122.23319213212011, 47.69210312612289]]]}}, {"type": "Feature", "properties": {"cell_id": "r047_c035", "congestion_score": 0.0, "transit_departures": 0.0, "target_count": 0.0, "employment_jobs": 0.0}, "geometry": {"type": "Polygon", "coordinates": [[[-122.22653013600599, 47.69210312612289], [-122.2244, 47.69210312612289], [-122.2244, 47.696594681997844], [-122.22653013600599, 47.696594681997844], [-122.22653013600599, 47.69210312612289]]]}}, {"type": "Feature", "properties": {"cell_id": "r048_c000", "congestion_score": 0.0, "transit_departures": 0.0, "target_count": 0.0, "employment_jobs": 0.0}, "geometry": {"type": "Polygon", "coordinates": [[[-122.4597, 47.696594681997844], [-122.45303800388588, 47.696594681997844], [-122.45303800388588, 47.7010862378728], [-122.4597, 47.7010862378728], [-122.4597, 47.696594681997844]]]}}, {"type": "Feature", "properties": {"cell_id": "r048_c001", "congestion_score": 0.0, "transit_departures": 0.0, "target_count": 0.0, "employment_jobs": 0.0}, "geometry": {"type": "Polygon", "coordinates": [[[-122.45303800388588, 47.696594681997844], [-122.44637600777176, 47.696594681997844], [-122.44637600777176, 47.7010862378728], [-122.45303800388588, 47.7010862378728], [-122.45303800388588, 47.696594681997844]]]}}, {"type": "Feature", "properties": {"cell_id": "r048_c002", "congestion_score": 0.0, "transit_departures": 0.0, "target_count": 0.0, "employment_jobs": 0.0}, "geometry": {"type": "Polygon", "coordinates": [[[-122.44637600777178, 47.696594681997844], [-122.43971401165766, 47.696594681997844], [-122.43971401165766, 47.7010862378728], [-122.44637600777178, 47.7010862378728], [-122.44637600777178, 47.696594681997844]]]}}, {"type": "Feature", "properties": {"cell_id": "r048_c003", "congestion_score": 0.0, "transit_departures": 0.0, "target_count": 0.0, "employment_jobs": 0.0}, "geometry": {"type": "Polygon", "coordinates": [[[-122.43971401165766, 47.696594681997844], [-122.43305201554354, 47.696594681997844], [-122.43305201554354, 47.7010862378728], [-122.43971401165766, 47.7010862378728], [-122.43971401165766, 47.696594681997844]]]}}, {"type": "Feature", "properties": {"cell_id": "r048_c004", "congestion_score": 0.0, "transit_departures": 0.0, "target_count": 0.0, "employment_jobs": 0.0}, "geometry": {"type": "Polygon", "coordinates": [[[-122.43305201554354, 47.696594681997844], [-122.42639001942942, 47.696594681997844], [-122.42639001942942, 47.7010862378728], [-122.43305201554354, 47.7010862378728], [-122.43305201554354, 47.696594681997844]]]}}, {"type": "Feature", "properties": {"cell_id": "r048_c005", "congestion_score": 0.0, "transit_departures": 0.0, "target_count": 0.0, "employment_jobs": 0.0}, "geometry": {"type": "Polygon", "coordinates": [[[-122.42639001942942, 47.696594681997844], [-122.4197280233153, 47.696594681997844], [-122.4197280233153, 47.7010862378728], [-122.42639001942942, 47.7010862378728], [-122.42639001942942, 47.696594681997844]]]}}, {"type": "Feature", "properties": {"cell_id": "r048_c006", "congestion_score": 0.0, "transit_departures": 0.0, "target_count": 0.0, "employment_jobs": 0.0}, "geometry": {"type": "Polygon", "coordinates": [[[-122.41972802331532, 47.696594681997844], [-122.4130660272012, 47.696594681997844], [-122.4130660272012, 47.7010862378728], [-122.41972802331532, 47.7010862378728], [-122.41972802331532, 47.696594681997844]]]}}, {"type": "Feature", "properties": {"cell_id": "r048_c007", "congestion_score": 0.0, "transit_departures": 0.0, "target_count": 0.0, "employment_jobs": 0.0}, "geometry": {"type": "Polygon", "coordinates": [[[-122.4130660272012, 47.696594681997844], [-122.40640403108708, 47.696594681997844], [-122.40640403108708, 47.7010862378728], [-122.4130660272012, 47.7010862378728], [-122.4130660272012, 47.696594681997844]]]}}, {"type": "Feature", "properties": {"cell_id": "r048_c008", "congestion_score": 0.0, "transit_departures": 0.0, "target_count": 0.0, "employment_jobs": 0.0}, "geometry": {"type": "Polygon", "coordinates": [[[-122.40640403108708, 47.696594681997844], [-122.39974203497296, 47.696594681997844], [-122.39974203497296, 47.7010862378728], [-122.40640403108708, 47.7010862378728], [-122.40640403108708, 47.696594681997844]]]}}, {"type": "Feature", "properties": {"cell_id": "r048_c009", "congestion_score": 0.0, "transit_departures": 0.0, "target_count": 0.0, "employment_jobs": 0.0}, "geometry": {"type": "Polygon", "coordinates": [[[-122.39974203497297, 47.696594681997844], [-122.39308003885886, 47.696594681997844], [-122.39308003885886, 47.7010862378728], [-122.39974203497297, 47.7010862378728], [-122.39974203497297, 47.696594681997844]]]}}, {"type": "Feature", "properties": {"cell_id": "r048_c010", "congestion_score": 0.0, "transit_departures": 0.0, "target_count": 0.0, "employment_jobs": 0.0}, "geometry": {"type": "Polygon", "coordinates": [[[-122.39308003885886, 47.696594681997844], [-122.38641804274474, 47.696594681997844], [-122.38641804274474, 47.7010862378728], [-122.39308003885886, 47.7010862378728], [-122.39308003885886, 47.696594681997844]]]}}, {"type": "Feature", "properties": {"cell_id": "r048_c011", "congestion_score": 0.0, "transit_departures": 0.0, "target_count": 0.0, "employment_jobs": 0.0}, "geometry": {"type": "Polygon", "coordinates": [[[-122.38641804274474, 47.696594681997844], [-122.37975604663062, 47.696594681997844], [-122.37975604663062, 47.7010862378728], [-122.38641804274474, 47.7010862378728], [-122.38641804274474, 47.696594681997844]]]}}, {"type": "Feature", "properties": {"cell_id": "r048_c012", "congestion_score": 0.0, "transit_departures": 0.0, "target_count": 0.0, "employment_jobs": 0.0}, "geometry": {"type": "Polygon", "coordinates": [[[-122.37975604663062, 47.696594681997844], [-122.3730940505165, 47.696594681997844], [-122.3730940505165, 47.7010862378728], [-122.37975604663062, 47.7010862378728], [-122.37975604663062, 47.696594681997844]]]}}, {"type": "Feature", "properties": {"cell_id": "r048_c013", "congestion_score": 0.0, "transit_departures": 0.0, "target_count": 0.0, "employment_jobs": 0.0}, "geometry": {"type": "Polygon", "coordinates": [[[-122.37309405051651, 47.696594681997844], [-122.3664320544024, 47.696594681997844], [-122.3664320544024, 47.7010862378728], [-122.37309405051651, 47.7010862378728], [-122.37309405051651, 47.696594681997844]]]}}, {"type": "Feature", "properties": {"cell_id": "r048_c014", "congestion_score": 0.0, "transit_departures": 0.0, "target_count": 0.0, "employment_jobs": 0.0}, "geometry": {"type": "Polygon", "coordinates": [[[-122.3664320544024, 47.696594681997844], [-122.35977005828828, 47.696594681997844], [-122.35977005828828, 47.7010862378728], [-122.3664320544024, 47.7010862378728], [-122.3664320544024, 47.696594681997844]]]}}, {"type": "Feature", "properties": {"cell_id": "r048_c015", "congestion_score": 0.0, "transit_departures": 0.0, "target_count": 0.0, "employment_jobs": 0.0}, "geometry": {"type": "Polygon", "coordinates": [[[-122.35977005828828, 47.696594681997844], [-122.35310806217416, 47.696594681997844], [-122.35310806217416, 47.7010862378728], [-122.35977005828828, 47.7010862378728], [-122.35977005828828, 47.696594681997844]]]}}, {"type": "Feature", "properties": {"cell_id": "r048_c016", "congestion_score": 0.0, "transit_departures": 0.0, "target_count": 0.0, "employment_jobs": 0.0}, "geometry": {"type": "Polygon", "coordinates": [[[-122.35310806217417, 47.696594681997844], [-122.34644606606005, 47.696594681997844], [-122.34644606606005, 47.7010862378728], [-122.35310806217417, 47.7010862378728], [-122.35310806217417, 47.696594681997844]]]}}, {"type": "Feature", "properties": {"cell_id": "r048_c017", "congestion_score": 0.0, "transit_departures": 0.0, "target_count": 0.0, "employment_jobs": 0.0}, "geometry": {"type": "Polygon", "coordinates": [[[-122.34644606606005, 47.696594681997844], [-122.33978406994594, 47.696594681997844], [-122.33978406994594, 47.7010862378728], [-122.34644606606005, 47.7010862378728], [-122.34644606606005, 47.696594681997844]]]}}, {"type": "Feature", "properties": {"cell_id": "r048_c018", "congestion_score": 0.0, "transit_departures": 0.0, "target_count": 0.0, "employment_jobs": 0.0}, "geometry": {"type": "Polygon", "coordinates": [[[-122.33978406994594, 47.696594681997844], [-122.33312207383182, 47.696594681997844], [-122.33312207383182, 47.7010862378728], [-122.33978406994594, 47.7010862378728], [-122.33978406994594, 47.696594681997844]]]}}, {"type": "Feature", "properties": {"cell_id": "r048_c019", "congestion_score": 0.0, "transit_departures": 0.0, "target_count": 0.0, "employment_jobs": 0.0}, "geometry": {"type": "Polygon", "coordinates": [[[-122.33312207383182, 47.696594681997844], [-122.3264600777177, 47.696594681997844], [-122.3264600777177, 47.7010862378728], [-122.33312207383182, 47.7010862378728], [-122.33312207383182, 47.696594681997844]]]}}, {"type": "Feature", "properties": {"cell_id": "r048_c020", "congestion_score": 0.0, "transit_departures": 0.0, "target_count": 0.0, "employment_jobs": 0.0}, "geometry": {"type": "Polygon", "coordinates": [[[-122.32646007771771, 47.696594681997844], [-122.3197980816036, 47.696594681997844], [-122.3197980816036, 47.7010862378728], [-122.32646007771771, 47.7010862378728], [-122.32646007771771, 47.696594681997844]]]}}, {"type": "Feature", "properties": {"cell_id": "r048_c021", "congestion_score": 0.0, "transit_departures": 0.0, "target_count": 0.0, "employment_jobs": 0.0}, "geometry": {"type": "Polygon", "coordinates": [[[-122.3197980816036, 47.696594681997844], [-122.31313608548948, 47.696594681997844], [-122.31313608548948, 47.7010862378728], [-122.3197980816036, 47.7010862378728], [-122.3197980816036, 47.696594681997844]]]}}, {"type": "Feature", "properties": {"cell_id": "r048_c022", "congestion_score": 0.0, "transit_departures": 0.0, "target_count": 0.0, "employment_jobs": 0.0}, "geometry": {"type": "Polygon", "coordinates": [[[-122.31313608548948, 47.696594681997844], [-122.30647408937536, 47.696594681997844], [-122.30647408937536, 47.7010862378728], [-122.31313608548948, 47.7010862378728], [-122.31313608548948, 47.696594681997844]]]}}, {"type": "Feature", "properties": {"cell_id": "r048_c023", "congestion_score": 0.0, "transit_departures": 0.0, "target_count": 0.0, "employment_jobs": 0.0}, "geometry": {"type": "Polygon", "coordinates": [[[-122.30647408937537, 47.696594681997844], [-122.29981209326125, 47.696594681997844], [-122.29981209326125, 47.7010862378728], [-122.30647408937537, 47.7010862378728], [-122.30647408937537, 47.696594681997844]]]}}, {"type": "Feature", "properties": {"cell_id": "r048_c024", "congestion_score": 0.0, "transit_departures": 0.0, "target_count": 0.0, "employment_jobs": 0.0}, "geometry": {"type": "Polygon", "coordinates": [[[-122.29981209326125, 47.696594681997844], [-122.29315009714713, 47.696594681997844], [-122.29315009714713, 47.7010862378728], [-122.29981209326125, 47.7010862378728], [-122.29981209326125, 47.696594681997844]]]}}, {"type": "Feature", "properties": {"cell_id": "r048_c025", "congestion_score": 0.0, "transit_departures": 0.0, "target_count": 0.0, "employment_jobs": 0.0}, "geometry": {"type": "Polygon", "coordinates": [[[-122.29315009714713, 47.696594681997844], [-122.28648810103302, 47.696594681997844], [-122.28648810103302, 47.7010862378728], [-122.29315009714713, 47.7010862378728], [-122.29315009714713, 47.696594681997844]]]}}, {"type": "Feature", "properties": {"cell_id": "r048_c026", "congestion_score": 0.0, "transit_departures": 0.0, "target_count": 0.0, "employment_jobs": 0.0}, "geometry": {"type": "Polygon", "coordinates": [[[-122.28648810103302, 47.696594681997844], [-122.2798261049189, 47.696594681997844], [-122.2798261049189, 47.7010862378728], [-122.28648810103302, 47.7010862378728], [-122.28648810103302, 47.696594681997844]]]}}, {"type": "Feature", "properties": {"cell_id": "r048_c027", "congestion_score": 0.0, "transit_departures": 0.0, "target_count": 0.0, "employment_jobs": 0.0}, "geometry": {"type": "Polygon", "coordinates": [[[-122.27982610491891, 47.696594681997844], [-122.27316410880479, 47.696594681997844], [-122.27316410880479, 47.7010862378728], [-122.27982610491891, 47.7010862378728], [-122.27982610491891, 47.696594681997844]]]}}, {"type": "Feature", "properties": {"cell_id": "r048_c028", "congestion_score": 0.0, "transit_departures": 0.0, "target_count": 0.0, "employment_jobs": 0.0}, "geometry": {"type": "Polygon", "coordinates": [[[-122.27316410880479, 47.696594681997844], [-122.26650211269067, 47.696594681997844], [-122.26650211269067, 47.7010862378728], [-122.27316410880479, 47.7010862378728], [-122.27316410880479, 47.696594681997844]]]}}, {"type": "Feature", "properties": {"cell_id": "r048_c029", "congestion_score": 0.0, "transit_departures": 0.0, "target_count": 0.0, "employment_jobs": 0.0}, "geometry": {"type": "Polygon", "coordinates": [[[-122.26650211269067, 47.696594681997844], [-122.25984011657656, 47.696594681997844], [-122.25984011657656, 47.7010862378728], [-122.26650211269067, 47.7010862378728], [-122.26650211269067, 47.696594681997844]]]}}, {"type": "Feature", "properties": {"cell_id": "r048_c030", "congestion_score": 0.0, "transit_departures": 0.0, "target_count": 0.0, "employment_jobs": 0.0}, "geometry": {"type": "Polygon", "coordinates": [[[-122.25984011657657, 47.696594681997844], [-122.25317812046245, 47.696594681997844], [-122.25317812046245, 47.7010862378728], [-122.25984011657657, 47.7010862378728], [-122.25984011657657, 47.696594681997844]]]}}, {"type": "Feature", "properties": {"cell_id": "r048_c031", "congestion_score": 0.0, "transit_departures": 0.0, "target_count": 0.0, "employment_jobs": 0.0}, "geometry": {"type": "Polygon", "coordinates": [[[-122.25317812046245, 47.696594681997844], [-122.24651612434833, 47.696594681997844], [-122.24651612434833, 47.7010862378728], [-122.25317812046245, 47.7010862378728], [-122.25317812046245, 47.696594681997844]]]}}, {"type": "Feature", "properties": {"cell_id": "r048_c032", "congestion_score": 0.0, "transit_departures": 0.0, "target_count": 0.0, "employment_jobs": 0.0}, "geometry": {"type": "Polygon", "coordinates": [[[-122.24651612434833, 47.696594681997844], [-122.23985412823421, 47.696594681997844], [-122.23985412823421, 47.7010862378728], [-122.24651612434833, 47.7010862378728], [-122.24651612434833, 47.696594681997844]]]}}, {"type": "Feature", "properties": {"cell_id": "r048_c033", "congestion_score": 0.0, "transit_departures": 0.0, "target_count": 0.0, "employment_jobs": 0.0}, "geometry": {"type": "Polygon", "coordinates": [[[-122.23985412823421, 47.696594681997844], [-122.2331921321201, 47.696594681997844], [-122.2331921321201, 47.7010862378728], [-122.23985412823421, 47.7010862378728], [-122.23985412823421, 47.696594681997844]]]}}, {"type": "Feature", "properties": {"cell_id": "r048_c034", "congestion_score": 0.0, "transit_departures": 0.0, "target_count": 0.0, "employment_jobs": 0.0}, "geometry": {"type": "Polygon", "coordinates": [[[-122.23319213212011, 47.696594681997844], [-122.22653013600599, 47.696594681997844], [-122.22653013600599, 47.7010862378728], [-122.23319213212011, 47.7010862378728], [-122.23319213212011, 47.696594681997844]]]}}, {"type": "Feature", "properties": {"cell_id": "r048_c035", "congestion_score": 0.0, "transit_departures": 0.0, "target_count": 0.0, "employment_jobs": 0.0}, "geometry": {"type": "Polygon", "coordinates": [[[-122.22653013600599, 47.696594681997844], [-122.2244, 47.696594681997844], [-122.2244, 47.7010862378728], [-122.22653013600599, 47.7010862378728], [-122.22653013600599, 47.696594681997844]]]}}, {"type": "Feature", "properties": {"cell_id": "r049_c000", "congestion_score": 0.0, "transit_departures": 0.0, "target_count": 0.0, "employment_jobs": 0.0}, "geometry": {"type": "Polygon", "coordinates": [[[-122.4597, 47.7010862378728], [-122.45303800388588, 47.7010862378728], [-122.45303800388588, 47.70557779374776], [-122.4597, 47.70557779374776], [-122.4597, 47.7010862378728]]]}}, {"type": "Feature", "properties": {"cell_id": "r049_c001", "congestion_score": 0.0, "transit_departures": 0.0, "target_count": 0.0, "employment_jobs": 0.0}, "geometry": {"type": "Polygon", "coordinates": [[[-122.45303800388588, 47.7010862378728], [-122.44637600777176, 47.7010862378728], [-122.44637600777176, 47.70557779374776], [-122.45303800388588, 47.70557779374776], [-122.45303800388588, 47.7010862378728]]]}}, {"type": "Feature", "properties": {"cell_id": "r049_c002", "congestion_score": 0.0, "transit_departures": 0.0, "target_count": 0.0, "employment_jobs": 0.0}, "geometry": {"type": "Polygon", "coordinates": [[[-122.44637600777178, 47.7010862378728], [-122.43971401165766, 47.7010862378728], [-122.43971401165766, 47.70557779374776], [-122.44637600777178, 47.70557779374776], [-122.44637600777178, 47.7010862378728]]]}}, {"type": "Feature", "properties": {"cell_id": "r049_c003", "congestion_score": 0.0, "transit_departures": 0.0, "target_count": 0.0, "employment_jobs": 0.0}, "geometry": {"type": "Polygon", "coordinates": [[[-122.43971401165766, 47.7010862378728], [-122.43305201554354, 47.7010862378728], [-122.43305201554354, 47.70557779374776], [-122.43971401165766, 47.70557779374776], [-122.43971401165766, 47.7010862378728]]]}}, {"type": "Feature", "properties": {"cell_id": "r049_c004", "congestion_score": 0.0, "transit_departures": 0.0, "target_count": 0.0, "employment_jobs": 0.0}, "geometry": {"type": "Polygon", "coordinates": [[[-122.43305201554354, 47.7010862378728], [-122.42639001942942, 47.7010862378728], [-122.42639001942942, 47.70557779374776], [-122.43305201554354, 47.70557779374776], [-122.43305201554354, 47.7010862378728]]]}}, {"type": "Feature", "properties": {"cell_id": "r049_c005", "congestion_score": 0.0, "transit_departures": 0.0, "target_count": 0.0, "employment_jobs": 0.0}, "geometry": {"type": "Polygon", "coordinates": [[[-122.42639001942942, 47.7010862378728], [-122.4197280233153, 47.7010862378728], [-122.4197280233153, 47.70557779374776], [-122.42639001942942, 47.70557779374776], [-122.42639001942942, 47.7010862378728]]]}}, {"type": "Feature", "properties": {"cell_id": "r049_c006", "congestion_score": 0.0, "transit_departures": 0.0, "target_count": 0.0, "employment_jobs": 0.0}, "geometry": {"type": "Polygon", "coordinates": [[[-122.41972802331532, 47.7010862378728], [-122.4130660272012, 47.7010862378728], [-122.4130660272012, 47.70557779374776], [-122.41972802331532, 47.70557779374776], [-122.41972802331532, 47.7010862378728]]]}}, {"type": "Feature", "properties": {"cell_id": "r049_c007", "congestion_score": 0.0, "transit_departures": 0.0, "target_count": 0.0, "employment_jobs": 0.0}, "geometry": {"type": "Polygon", "coordinates": [[[-122.4130660272012, 47.7010862378728], [-122.40640403108708, 47.7010862378728], [-122.40640403108708, 47.70557779374776], [-122.4130660272012, 47.70557779374776], [-122.4130660272012, 47.7010862378728]]]}}, {"type": "Feature", "properties": {"cell_id": "r049_c008", "congestion_score": 0.0, "transit_departures": 0.0, "target_count": 0.0, "employment_jobs": 0.0}, "geometry": {"type": "Polygon", "coordinates": [[[-122.40640403108708, 47.7010862378728], [-122.39974203497296, 47.7010862378728], [-122.39974203497296, 47.70557779374776], [-122.40640403108708, 47.70557779374776], [-122.40640403108708, 47.7010862378728]]]}}, {"type": "Feature", "properties": {"cell_id": "r049_c009", "congestion_score": 0.0, "transit_departures": 0.0, "target_count": 0.0, "employment_jobs": 0.0}, "geometry": {"type": "Polygon", "coordinates": [[[-122.39974203497297, 47.7010862378728], [-122.39308003885886, 47.7010862378728], [-122.39308003885886, 47.70557779374776], [-122.39974203497297, 47.70557779374776], [-122.39974203497297, 47.7010862378728]]]}}, {"type": "Feature", "properties": {"cell_id": "r049_c010", "congestion_score": 0.0, "transit_departures": 0.0, "target_count": 0.0, "employment_jobs": 0.0}, "geometry": {"type": "Polygon", "coordinates": [[[-122.39308003885886, 47.7010862378728], [-122.38641804274474, 47.7010862378728], [-122.38641804274474, 47.70557779374776], [-122.39308003885886, 47.70557779374776], [-122.39308003885886, 47.7010862378728]]]}}, {"type": "Feature", "properties": {"cell_id": "r049_c011", "congestion_score": 0.0, "transit_departures": 0.0, "target_count": 0.0, "employment_jobs": 0.0}, "geometry": {"type": "Polygon", "coordinates": [[[-122.38641804274474, 47.7010862378728], [-122.37975604663062, 47.7010862378728], [-122.37975604663062, 47.70557779374776], [-122.38641804274474, 47.70557779374776], [-122.38641804274474, 47.7010862378728]]]}}, {"type": "Feature", "properties": {"cell_id": "r049_c012", "congestion_score": 0.0, "transit_departures": 0.0, "target_count": 0.0, "employment_jobs": 0.0}, "geometry": {"type": "Polygon", "coordinates": [[[-122.37975604663062, 47.7010862378728], [-122.3730940505165, 47.7010862378728], [-122.3730940505165, 47.70557779374776], [-122.37975604663062, 47.70557779374776], [-122.37975604663062, 47.7010862378728]]]}}, {"type": "Feature", "properties": {"cell_id": "r049_c013", "congestion_score": 0.0, "transit_departures": 0.0, "target_count": 0.0, "employment_jobs": 0.0}, "geometry": {"type": "Polygon", "coordinates": [[[-122.37309405051651, 47.7010862378728], [-122.3664320544024, 47.7010862378728], [-122.3664320544024, 47.70557779374776], [-122.37309405051651, 47.70557779374776], [-122.37309405051651, 47.7010862378728]]]}}, {"type": "Feature", "properties": {"cell_id": "r049_c014", "congestion_score": 0.0, "transit_departures": 0.0, "target_count": 0.0, "employment_jobs": 0.0}, "geometry": {"type": "Polygon", "coordinates": [[[-122.3664320544024, 47.7010862378728], [-122.35977005828828, 47.7010862378728], [-122.35977005828828, 47.70557779374776], [-122.3664320544024, 47.70557779374776], [-122.3664320544024, 47.7010862378728]]]}}, {"type": "Feature", "properties": {"cell_id": "r049_c015", "congestion_score": 0.0, "transit_departures": 0.0, "target_count": 0.0, "employment_jobs": 0.0}, "geometry": {"type": "Polygon", "coordinates": [[[-122.35977005828828, 47.7010862378728], [-122.35310806217416, 47.7010862378728], [-122.35310806217416, 47.70557779374776], [-122.35977005828828, 47.70557779374776], [-122.35977005828828, 47.7010862378728]]]}}, {"type": "Feature", "properties": {"cell_id": "r049_c016", "congestion_score": 0.0, "transit_departures": 0.0, "target_count": 0.0, "employment_jobs": 0.0}, "geometry": {"type": "Polygon", "coordinates": [[[-122.35310806217417, 47.7010862378728], [-122.34644606606005, 47.7010862378728], [-122.34644606606005, 47.70557779374776], [-122.35310806217417, 47.70557779374776], [-122.35310806217417, 47.7010862378728]]]}}, {"type": "Feature", "properties": {"cell_id": "r049_c017", "congestion_score": 0.0, "transit_departures": 0.0, "target_count": 0.0, "employment_jobs": 0.0}, "geometry": {"type": "Polygon", "coordinates": [[[-122.34644606606005, 47.7010862378728], [-122.33978406994594, 47.7010862378728], [-122.33978406994594, 47.70557779374776], [-122.34644606606005, 47.70557779374776], [-122.34644606606005, 47.7010862378728]]]}}, {"type": "Feature", "properties": {"cell_id": "r049_c018", "congestion_score": 0.0, "transit_departures": 0.0, "target_count": 0.0, "employment_jobs": 0.0}, "geometry": {"type": "Polygon", "coordinates": [[[-122.33978406994594, 47.7010862378728], [-122.33312207383182, 47.7010862378728], [-122.33312207383182, 47.70557779374776], [-122.33978406994594, 47.70557779374776], [-122.33978406994594, 47.7010862378728]]]}}, {"type": "Feature", "properties": {"cell_id": "r049_c019", "congestion_score": 0.0, "transit_departures": 0.0, "target_count": 0.0, "employment_jobs": 0.0}, "geometry": {"type": "Polygon", "coordinates": [[[-122.33312207383182, 47.7010862378728], [-122.3264600777177, 47.7010862378728], [-122.3264600777177, 47.70557779374776], [-122.33312207383182, 47.70557779374776], [-122.33312207383182, 47.7010862378728]]]}}, {"type": "Feature", "properties": {"cell_id": "r049_c020", "congestion_score": 0.0, "transit_departures": 0.0, "target_count": 0.0, "employment_jobs": 0.0}, "geometry": {"type": "Polygon", "coordinates": [[[-122.32646007771771, 47.7010862378728], [-122.3197980816036, 47.7010862378728], [-122.3197980816036, 47.70557779374776], [-122.32646007771771, 47.70557779374776], [-122.32646007771771, 47.7010862378728]]]}}, {"type": "Feature", "properties": {"cell_id": "r049_c021", "congestion_score": 0.0, "transit_departures": 0.0, "target_count": 0.0, "employment_jobs": 0.0}, "geometry": {"type": "Polygon", "coordinates": [[[-122.3197980816036, 47.7010862378728], [-122.31313608548948, 47.7010862378728], [-122.31313608548948, 47.70557779374776], [-122.3197980816036, 47.70557779374776], [-122.3197980816036, 47.7010862378728]]]}}, {"type": "Feature", "properties": {"cell_id": "r049_c022", "congestion_score": 0.0, "transit_departures": 0.0, "target_count": 0.0, "employment_jobs": 0.0}, "geometry": {"type": "Polygon", "coordinates": [[[-122.31313608548948, 47.7010862378728], [-122.30647408937536, 47.7010862378728], [-122.30647408937536, 47.70557779374776], [-122.31313608548948, 47.70557779374776], [-122.31313608548948, 47.7010862378728]]]}}, {"type": "Feature", "properties": {"cell_id": "r049_c023", "congestion_score": 0.0, "transit_departures": 0.0, "target_count": 0.0, "employment_jobs": 0.0}, "geometry": {"type": "Polygon", "coordinates": [[[-122.30647408937537, 47.7010862378728], [-122.29981209326125, 47.7010862378728], [-122.29981209326125, 47.70557779374776], [-122.30647408937537, 47.70557779374776], [-122.30647408937537, 47.7010862378728]]]}}, {"type": "Feature", "properties": {"cell_id": "r049_c024", "congestion_score": 0.0, "transit_departures": 0.0, "target_count": 0.0, "employment_jobs": 0.0}, "geometry": {"type": "Polygon", "coordinates": [[[-122.29981209326125, 47.7010862378728], [-122.29315009714713, 47.7010862378728], [-122.29315009714713, 47.70557779374776], [-122.29981209326125, 47.70557779374776], [-122.29981209326125, 47.7010862378728]]]}}, {"type": "Feature", "properties": {"cell_id": "r049_c025", "congestion_score": 0.0, "transit_departures": 0.0, "target_count": 0.0, "employment_jobs": 0.0}, "geometry": {"type": "Polygon", "coordinates": [[[-122.29315009714713, 47.7010862378728], [-122.28648810103302, 47.7010862378728], [-122.28648810103302, 47.70557779374776], [-122.29315009714713, 47.70557779374776], [-122.29315009714713, 47.7010862378728]]]}}, {"type": "Feature", "properties": {"cell_id": "r049_c026", "congestion_score": 0.0, "transit_departures": 0.0, "target_count": 0.0, "employment_jobs": 0.0}, "geometry": {"type": "Polygon", "coordinates": [[[-122.28648810103302, 47.7010862378728], [-122.2798261049189, 47.7010862378728], [-122.2798261049189, 47.70557779374776], [-122.28648810103302, 47.70557779374776], [-122.28648810103302, 47.7010862378728]]]}}, {"type": "Feature", "properties": {"cell_id": "r049_c027", "congestion_score": 0.0, "transit_departures": 0.0, "target_count": 0.0, "employment_jobs": 0.0}, "geometry": {"type": "Polygon", "coordinates": [[[-122.27982610491891, 47.7010862378728], [-122.27316410880479, 47.7010862378728], [-122.27316410880479, 47.70557779374776], [-122.27982610491891, 47.70557779374776], [-122.27982610491891, 47.7010862378728]]]}}, {"type": "Feature", "properties": {"cell_id": "r049_c028", "congestion_score": 0.0, "transit_departures": 0.0, "target_count": 0.0, "employment_jobs": 0.0}, "geometry": {"type": "Polygon", "coordinates": [[[-122.27316410880479, 47.7010862378728], [-122.26650211269067, 47.7010862378728], [-122.26650211269067, 47.70557779374776], [-122.27316410880479, 47.70557779374776], [-122.27316410880479, 47.7010862378728]]]}}, {"type": "Feature", "properties": {"cell_id": "r049_c029", "congestion_score": 0.0, "transit_departures": 0.0, "target_count": 0.0, "employment_jobs": 0.0}, "geometry": {"type": "Polygon", "coordinates": [[[-122.26650211269067, 47.7010862378728], [-122.25984011657656, 47.7010862378728], [-122.25984011657656, 47.70557779374776], [-122.26650211269067, 47.70557779374776], [-122.26650211269067, 47.7010862378728]]]}}, {"type": "Feature", "properties": {"cell_id": "r049_c030", "congestion_score": 0.0, "transit_departures": 0.0, "target_count": 0.0, "employment_jobs": 0.0}, "geometry": {"type": "Polygon", "coordinates": [[[-122.25984011657657, 47.7010862378728], [-122.25317812046245, 47.7010862378728], [-122.25317812046245, 47.70557779374776], [-122.25984011657657, 47.70557779374776], [-122.25984011657657, 47.7010862378728]]]}}, {"type": "Feature", "properties": {"cell_id": "r049_c031", "congestion_score": 0.0, "transit_departures": 0.0, "target_count": 0.0, "employment_jobs": 0.0}, "geometry": {"type": "Polygon", "coordinates": [[[-122.25317812046245, 47.7010862378728], [-122.24651612434833, 47.7010862378728], [-122.24651612434833, 47.70557779374776], [-122.25317812046245, 47.70557779374776], [-122.25317812046245, 47.7010862378728]]]}}, {"type": "Feature", "properties": {"cell_id": "r049_c032", "congestion_score": 0.0, "transit_departures": 0.0, "target_count": 0.0, "employment_jobs": 0.0}, "geometry": {"type": "Polygon", "coordinates": [[[-122.24651612434833, 47.7010862378728], [-122.23985412823421, 47.7010862378728], [-122.23985412823421, 47.70557779374776], [-122.24651612434833, 47.70557779374776], [-122.24651612434833, 47.7010862378728]]]}}, {"type": "Feature", "properties": {"cell_id": "r049_c033", "congestion_score": 0.0, "transit_departures": 0.0, "target_count": 0.0, "employment_jobs": 0.0}, "geometry": {"type": "Polygon", "coordinates": [[[-122.23985412823421, 47.7010862378728], [-122.2331921321201, 47.7010862378728], [-122.2331921321201, 47.70557779374776], [-122.23985412823421, 47.70557779374776], [-122.23985412823421, 47.7010862378728]]]}}, {"type": "Feature", "properties": {"cell_id": "r049_c034", "congestion_score": 0.0, "transit_departures": 0.0, "target_count": 0.0, "employment_jobs": 0.0}, "geometry": {"type": "Polygon", "coordinates": [[[-122.23319213212011, 47.7010862378728], [-122.22653013600599, 47.7010862378728], [-122.22653013600599, 47.70557779374776], [-122.23319213212011, 47.70557779374776], [-122.23319213212011, 47.7010862378728]]]}}, {"type": "Feature", "properties": {"cell_id": "r049_c035", "congestion_score": 0.0, "transit_departures": 0.0, "target_count": 0.0, "employment_jobs": 0.0}, "geometry": {"type": "Polygon", "coordinates": [[[-122.22653013600599, 47.7010862378728], [-122.2244, 47.7010862378728], [-122.2244, 47.70557779374776], [-122.22653013600599, 47.70557779374776], [-122.22653013600599, 47.7010862378728]]]}}, {"type": "Feature", "properties": {"cell_id": "r050_c000", "congestion_score": 0.0, "transit_departures": 0.0, "target_count": 0.0, "employment_jobs": 0.0}, "geometry": {"type": "Polygon", "coordinates": [[[-122.4597, 47.70557779374776], [-122.45303800388588, 47.70557779374776], [-122.45303800388588, 47.710069349622714], [-122.4597, 47.710069349622714], [-122.4597, 47.70557779374776]]]}}, {"type": "Feature", "properties": {"cell_id": "r050_c001", "congestion_score": 0.0, "transit_departures": 0.0, "target_count": 0.0, "employment_jobs": 0.0}, "geometry": {"type": "Polygon", "coordinates": [[[-122.45303800388588, 47.70557779374776], [-122.44637600777176, 47.70557779374776], [-122.44637600777176, 47.710069349622714], [-122.45303800388588, 47.710069349622714], [-122.45303800388588, 47.70557779374776]]]}}, {"type": "Feature", "properties": {"cell_id": "r050_c002", "congestion_score": 0.0, "transit_departures": 0.0, "target_count": 0.0, "employment_jobs": 0.0}, "geometry": {"type": "Polygon", "coordinates": [[[-122.44637600777178, 47.70557779374776], [-122.43971401165766, 47.70557779374776], [-122.43971401165766, 47.710069349622714], [-122.44637600777178, 47.710069349622714], [-122.44637600777178, 47.70557779374776]]]}}, {"type": "Feature", "properties": {"cell_id": "r050_c003", "congestion_score": 0.0, "transit_departures": 0.0, "target_count": 0.0, "employment_jobs": 0.0}, "geometry": {"type": "Polygon", "coordinates": [[[-122.43971401165766, 47.70557779374776], [-122.43305201554354, 47.70557779374776], [-122.43305201554354, 47.710069349622714], [-122.43971401165766, 47.710069349622714], [-122.43971401165766, 47.70557779374776]]]}}, {"type": "Feature", "properties": {"cell_id": "r050_c004", "congestion_score": 0.0, "transit_departures": 0.0, "target_count": 0.0, "employment_jobs": 0.0}, "geometry": {"type": "Polygon", "coordinates": [[[-122.43305201554354, 47.70557779374776], [-122.42639001942942, 47.70557779374776], [-122.42639001942942, 47.710069349622714], [-122.43305201554354, 47.710069349622714], [-122.43305201554354, 47.70557779374776]]]}}, {"type": "Feature", "properties": {"cell_id": "r050_c005", "congestion_score": 0.0, "transit_departures": 0.0, "target_count": 0.0, "employment_jobs": 0.0}, "geometry": {"type": "Polygon", "coordinates": [[[-122.42639001942942, 47.70557779374776], [-122.4197280233153, 47.70557779374776], [-122.4197280233153, 47.710069349622714], [-122.42639001942942, 47.710069349622714], [-122.42639001942942, 47.70557779374776]]]}}, {"type": "Feature", "properties": {"cell_id": "r050_c006", "congestion_score": 0.0, "transit_departures": 0.0, "target_count": 0.0, "employment_jobs": 0.0}, "geometry": {"type": "Polygon", "coordinates": [[[-122.41972802331532, 47.70557779374776], [-122.4130660272012, 47.70557779374776], [-122.4130660272012, 47.710069349622714], [-122.41972802331532, 47.710069349622714], [-122.41972802331532, 47.70557779374776]]]}}, {"type": "Feature", "properties": {"cell_id": "r050_c007", "congestion_score": 0.0, "transit_departures": 0.0, "target_count": 0.0, "employment_jobs": 0.0}, "geometry": {"type": "Polygon", "coordinates": [[[-122.4130660272012, 47.70557779374776], [-122.40640403108708, 47.70557779374776], [-122.40640403108708, 47.710069349622714], [-122.4130660272012, 47.710069349622714], [-122.4130660272012, 47.70557779374776]]]}}, {"type": "Feature", "properties": {"cell_id": "r050_c008", "congestion_score": 0.0, "transit_departures": 0.0, "target_count": 0.0, "employment_jobs": 0.0}, "geometry": {"type": "Polygon", "coordinates": [[[-122.40640403108708, 47.70557779374776], [-122.39974203497296, 47.70557779374776], [-122.39974203497296, 47.710069349622714], [-122.40640403108708, 47.710069349622714], [-122.40640403108708, 47.70557779374776]]]}}, {"type": "Feature", "properties": {"cell_id": "r050_c009", "congestion_score": 0.0, "transit_departures": 0.0, "target_count": 0.0, "employment_jobs": 0.0}, "geometry": {"type": "Polygon", "coordinates": [[[-122.39974203497297, 47.70557779374776], [-122.39308003885886, 47.70557779374776], [-122.39308003885886, 47.710069349622714], [-122.39974203497297, 47.710069349622714], [-122.39974203497297, 47.70557779374776]]]}}, {"type": "Feature", "properties": {"cell_id": "r050_c010", "congestion_score": 0.0, "transit_departures": 0.0, "target_count": 0.0, "employment_jobs": 0.0}, "geometry": {"type": "Polygon", "coordinates": [[[-122.39308003885886, 47.70557779374776], [-122.38641804274474, 47.70557779374776], [-122.38641804274474, 47.710069349622714], [-122.39308003885886, 47.710069349622714], [-122.39308003885886, 47.70557779374776]]]}}, {"type": "Feature", "properties": {"cell_id": "r050_c011", "congestion_score": 0.0, "transit_departures": 0.0, "target_count": 0.0, "employment_jobs": 0.0}, "geometry": {"type": "Polygon", "coordinates": [[[-122.38641804274474, 47.70557779374776], [-122.37975604663062, 47.70557779374776], [-122.37975604663062, 47.710069349622714], [-122.38641804274474, 47.710069349622714], [-122.38641804274474, 47.70557779374776]]]}}, {"type": "Feature", "properties": {"cell_id": "r050_c012", "congestion_score": 0.0, "transit_departures": 0.0, "target_count": 0.0, "employment_jobs": 0.0}, "geometry": {"type": "Polygon", "coordinates": [[[-122.37975604663062, 47.70557779374776], [-122.3730940505165, 47.70557779374776], [-122.3730940505165, 47.710069349622714], [-122.37975604663062, 47.710069349622714], [-122.37975604663062, 47.70557779374776]]]}}, {"type": "Feature", "properties": {"cell_id": "r050_c013", "congestion_score": 0.0, "transit_departures": 0.0, "target_count": 0.0, "employment_jobs": 0.0}, "geometry": {"type": "Polygon", "coordinates": [[[-122.37309405051651, 47.70557779374776], [-122.3664320544024, 47.70557779374776], [-122.3664320544024, 47.710069349622714], [-122.37309405051651, 47.710069349622714], [-122.37309405051651, 47.70557779374776]]]}}, {"type": "Feature", "properties": {"cell_id": "r050_c014", "congestion_score": 0.0, "transit_departures": 0.0, "target_count": 0.0, "employment_jobs": 0.0}, "geometry": {"type": "Polygon", "coordinates": [[[-122.3664320544024, 47.70557779374776], [-122.35977005828828, 47.70557779374776], [-122.35977005828828, 47.710069349622714], [-122.3664320544024, 47.710069349622714], [-122.3664320544024, 47.70557779374776]]]}}, {"type": "Feature", "properties": {"cell_id": "r050_c015", "congestion_score": 0.0, "transit_departures": 0.0, "target_count": 0.0, "employment_jobs": 0.0}, "geometry": {"type": "Polygon", "coordinates": [[[-122.35977005828828, 47.70557779374776], [-122.35310806217416, 47.70557779374776], [-122.35310806217416, 47.710069349622714], [-122.35977005828828, 47.710069349622714], [-122.35977005828828, 47.70557779374776]]]}}, {"type": "Feature", "properties": {"cell_id": "r050_c016", "congestion_score": 0.0, "transit_departures": 0.0, "target_count": 0.0, "employment_jobs": 0.0}, "geometry": {"type": "Polygon", "coordinates": [[[-122.35310806217417, 47.70557779374776], [-122.34644606606005, 47.70557779374776], [-122.34644606606005, 47.710069349622714], [-122.35310806217417, 47.710069349622714], [-122.35310806217417, 47.70557779374776]]]}}, {"type": "Feature", "properties": {"cell_id": "r050_c017", "congestion_score": 0.0, "transit_departures": 0.0, "target_count": 0.0, "employment_jobs": 0.0}, "geometry": {"type": "Polygon", "coordinates": [[[-122.34644606606005, 47.70557779374776], [-122.33978406994594, 47.70557779374776], [-122.33978406994594, 47.710069349622714], [-122.34644606606005, 47.710069349622714], [-122.34644606606005, 47.70557779374776]]]}}, {"type": "Feature", "properties": {"cell_id": "r050_c018", "congestion_score": 0.0, "transit_departures": 0.0, "target_count": 0.0, "employment_jobs": 0.0}, "geometry": {"type": "Polygon", "coordinates": [[[-122.33978406994594, 47.70557779374776], [-122.33312207383182, 47.70557779374776], [-122.33312207383182, 47.710069349622714], [-122.33978406994594, 47.710069349622714], [-122.33978406994594, 47.70557779374776]]]}}, {"type": "Feature", "properties": {"cell_id": "r050_c019", "congestion_score": 0.0, "transit_departures": 0.0, "target_count": 0.0, "employment_jobs": 0.0}, "geometry": {"type": "Polygon", "coordinates": [[[-122.33312207383182, 47.70557779374776], [-122.3264600777177, 47.70557779374776], [-122.3264600777177, 47.710069349622714], [-122.33312207383182, 47.710069349622714], [-122.33312207383182, 47.70557779374776]]]}}, {"type": "Feature", "properties": {"cell_id": "r050_c020", "congestion_score": 0.0, "transit_departures": 0.0, "target_count": 0.0, "employment_jobs": 0.0}, "geometry": {"type": "Polygon", "coordinates": [[[-122.32646007771771, 47.70557779374776], [-122.3197980816036, 47.70557779374776], [-122.3197980816036, 47.710069349622714], [-122.32646007771771, 47.710069349622714], [-122.32646007771771, 47.70557779374776]]]}}, {"type": "Feature", "properties": {"cell_id": "r050_c021", "congestion_score": 0.0, "transit_departures": 0.0, "target_count": 0.0, "employment_jobs": 0.0}, "geometry": {"type": "Polygon", "coordinates": [[[-122.3197980816036, 47.70557779374776], [-122.31313608548948, 47.70557779374776], [-122.31313608548948, 47.710069349622714], [-122.3197980816036, 47.710069349622714], [-122.3197980816036, 47.70557779374776]]]}}, {"type": "Feature", "properties": {"cell_id": "r050_c022", "congestion_score": 0.0, "transit_departures": 0.0, "target_count": 0.0, "employment_jobs": 0.0}, "geometry": {"type": "Polygon", "coordinates": [[[-122.31313608548948, 47.70557779374776], [-122.30647408937536, 47.70557779374776], [-122.30647408937536, 47.710069349622714], [-122.31313608548948, 47.710069349622714], [-122.31313608548948, 47.70557779374776]]]}}, {"type": "Feature", "properties": {"cell_id": "r050_c023", "congestion_score": 0.0, "transit_departures": 0.0, "target_count": 0.0, "employment_jobs": 0.0}, "geometry": {"type": "Polygon", "coordinates": [[[-122.30647408937537, 47.70557779374776], [-122.29981209326125, 47.70557779374776], [-122.29981209326125, 47.710069349622714], [-122.30647408937537, 47.710069349622714], [-122.30647408937537, 47.70557779374776]]]}}, {"type": "Feature", "properties": {"cell_id": "r050_c024", "congestion_score": 0.0, "transit_departures": 0.0, "target_count": 0.0, "employment_jobs": 0.0}, "geometry": {"type": "Polygon", "coordinates": [[[-122.29981209326125, 47.70557779374776], [-122.29315009714713, 47.70557779374776], [-122.29315009714713, 47.710069349622714], [-122.29981209326125, 47.710069349622714], [-122.29981209326125, 47.70557779374776]]]}}, {"type": "Feature", "properties": {"cell_id": "r050_c025", "congestion_score": 0.0, "transit_departures": 0.0, "target_count": 0.0, "employment_jobs": 0.0}, "geometry": {"type": "Polygon", "coordinates": [[[-122.29315009714713, 47.70557779374776], [-122.28648810103302, 47.70557779374776], [-122.28648810103302, 47.710069349622714], [-122.29315009714713, 47.710069349622714], [-122.29315009714713, 47.70557779374776]]]}}, {"type": "Feature", "properties": {"cell_id": "r050_c026", "congestion_score": 0.0, "transit_departures": 0.0, "target_count": 0.0, "employment_jobs": 0.0}, "geometry": {"type": "Polygon", "coordinates": [[[-122.28648810103302, 47.70557779374776], [-122.2798261049189, 47.70557779374776], [-122.2798261049189, 47.710069349622714], [-122.28648810103302, 47.710069349622714], [-122.28648810103302, 47.70557779374776]]]}}, {"type": "Feature", "properties": {"cell_id": "r050_c027", "congestion_score": 0.0, "transit_departures": 0.0, "target_count": 0.0, "employment_jobs": 0.0}, "geometry": {"type": "Polygon", "coordinates": [[[-122.27982610491891, 47.70557779374776], [-122.27316410880479, 47.70557779374776], [-122.27316410880479, 47.710069349622714], [-122.27982610491891, 47.710069349622714], [-122.27982610491891, 47.70557779374776]]]}}, {"type": "Feature", "properties": {"cell_id": "r050_c028", "congestion_score": 0.0, "transit_departures": 0.0, "target_count": 0.0, "employment_jobs": 0.0}, "geometry": {"type": "Polygon", "coordinates": [[[-122.27316410880479, 47.70557779374776], [-122.26650211269067, 47.70557779374776], [-122.26650211269067, 47.710069349622714], [-122.27316410880479, 47.710069349622714], [-122.27316410880479, 47.70557779374776]]]}}, {"type": "Feature", "properties": {"cell_id": "r050_c029", "congestion_score": 0.0, "transit_departures": 0.0, "target_count": 0.0, "employment_jobs": 0.0}, "geometry": {"type": "Polygon", "coordinates": [[[-122.26650211269067, 47.70557779374776], [-122.25984011657656, 47.70557779374776], [-122.25984011657656, 47.710069349622714], [-122.26650211269067, 47.710069349622714], [-122.26650211269067, 47.70557779374776]]]}}, {"type": "Feature", "properties": {"cell_id": "r050_c030", "congestion_score": 0.0, "transit_departures": 0.0, "target_count": 0.0, "employment_jobs": 0.0}, "geometry": {"type": "Polygon", "coordinates": [[[-122.25984011657657, 47.70557779374776], [-122.25317812046245, 47.70557779374776], [-122.25317812046245, 47.710069349622714], [-122.25984011657657, 47.710069349622714], [-122.25984011657657, 47.70557779374776]]]}}, {"type": "Feature", "properties": {"cell_id": "r050_c031", "congestion_score": 0.0, "transit_departures": 0.0, "target_count": 0.0, "employment_jobs": 0.0}, "geometry": {"type": "Polygon", "coordinates": [[[-122.25317812046245, 47.70557779374776], [-122.24651612434833, 47.70557779374776], [-122.24651612434833, 47.710069349622714], [-122.25317812046245, 47.710069349622714], [-122.25317812046245, 47.70557779374776]]]}}, {"type": "Feature", "properties": {"cell_id": "r050_c032", "congestion_score": 0.0, "transit_departures": 0.0, "target_count": 0.0, "employment_jobs": 0.0}, "geometry": {"type": "Polygon", "coordinates": [[[-122.24651612434833, 47.70557779374776], [-122.23985412823421, 47.70557779374776], [-122.23985412823421, 47.710069349622714], [-122.24651612434833, 47.710069349622714], [-122.24651612434833, 47.70557779374776]]]}}, {"type": "Feature", "properties": {"cell_id": "r050_c033", "congestion_score": 0.0, "transit_departures": 0.0, "target_count": 0.0, "employment_jobs": 0.0}, "geometry": {"type": "Polygon", "coordinates": [[[-122.23985412823421, 47.70557779374776], [-122.2331921321201, 47.70557779374776], [-122.2331921321201, 47.710069349622714], [-122.23985412823421, 47.710069349622714], [-122.23985412823421, 47.70557779374776]]]}}, {"type": "Feature", "properties": {"cell_id": "r050_c034", "congestion_score": 0.0, "transit_departures": 0.0, "target_count": 0.0, "employment_jobs": 0.0}, "geometry": {"type": "Polygon", "coordinates": [[[-122.23319213212011, 47.70557779374776], [-122.22653013600599, 47.70557779374776], [-122.22653013600599, 47.710069349622714], [-122.23319213212011, 47.710069349622714], [-122.23319213212011, 47.70557779374776]]]}}, {"type": "Feature", "properties": {"cell_id": "r050_c035", "congestion_score": 0.0, "transit_departures": 0.0, "target_count": 0.0, "employment_jobs": 0.0}, "geometry": {"type": "Polygon", "coordinates": [[[-122.22653013600599, 47.70557779374776], [-122.2244, 47.70557779374776], [-122.2244, 47.710069349622714], [-122.22653013600599, 47.710069349622714], [-122.22653013600599, 47.70557779374776]]]}}, {"type": "Feature", "properties": {"cell_id": "r051_c000", "congestion_score": 0.0, "transit_departures": 0.0, "target_count": 0.0, "employment_jobs": 0.0}, "geometry": {"type": "Polygon", "coordinates": [[[-122.4597, 47.710069349622714], [-122.45303800388588, 47.710069349622714], [-122.45303800388588, 47.71456090549767], [-122.4597, 47.71456090549767], [-122.4597, 47.710069349622714]]]}}, {"type": "Feature", "properties": {"cell_id": "r051_c001", "congestion_score": 0.0, "transit_departures": 0.0, "target_count": 0.0, "employment_jobs": 0.0}, "geometry": {"type": "Polygon", "coordinates": [[[-122.45303800388588, 47.710069349622714], [-122.44637600777176, 47.710069349622714], [-122.44637600777176, 47.71456090549767], [-122.45303800388588, 47.71456090549767], [-122.45303800388588, 47.710069349622714]]]}}, {"type": "Feature", "properties": {"cell_id": "r051_c002", "congestion_score": 0.0, "transit_departures": 0.0, "target_count": 0.0, "employment_jobs": 0.0}, "geometry": {"type": "Polygon", "coordinates": [[[-122.44637600777178, 47.710069349622714], [-122.43971401165766, 47.710069349622714], [-122.43971401165766, 47.71456090549767], [-122.44637600777178, 47.71456090549767], [-122.44637600777178, 47.710069349622714]]]}}, {"type": "Feature", "properties": {"cell_id": "r051_c003", "congestion_score": 0.0, "transit_departures": 0.0, "target_count": 0.0, "employment_jobs": 0.0}, "geometry": {"type": "Polygon", "coordinates": [[[-122.43971401165766, 47.710069349622714], [-122.43305201554354, 47.710069349622714], [-122.43305201554354, 47.71456090549767], [-122.43971401165766, 47.71456090549767], [-122.43971401165766, 47.710069349622714]]]}}, {"type": "Feature", "properties": {"cell_id": "r051_c004", "congestion_score": 0.0, "transit_departures": 0.0, "target_count": 0.0, "employment_jobs": 0.0}, "geometry": {"type": "Polygon", "coordinates": [[[-122.43305201554354, 47.710069349622714], [-122.42639001942942, 47.710069349622714], [-122.42639001942942, 47.71456090549767], [-122.43305201554354, 47.71456090549767], [-122.43305201554354, 47.710069349622714]]]}}, {"type": "Feature", "properties": {"cell_id": "r051_c005", "congestion_score": 0.0, "transit_departures": 0.0, "target_count": 0.0, "employment_jobs": 0.0}, "geometry": {"type": "Polygon", "coordinates": [[[-122.42639001942942, 47.710069349622714], [-122.4197280233153, 47.710069349622714], [-122.4197280233153, 47.71456090549767], [-122.42639001942942, 47.71456090549767], [-122.42639001942942, 47.710069349622714]]]}}, {"type": "Feature", "properties": {"cell_id": "r051_c006", "congestion_score": 0.0, "transit_departures": 0.0, "target_count": 0.0, "employment_jobs": 0.0}, "geometry": {"type": "Polygon", "coordinates": [[[-122.41972802331532, 47.710069349622714], [-122.4130660272012, 47.710069349622714], [-122.4130660272012, 47.71456090549767], [-122.41972802331532, 47.71456090549767], [-122.41972802331532, 47.710069349622714]]]}}, {"type": "Feature", "properties": {"cell_id": "r051_c007", "congestion_score": 0.0, "transit_departures": 0.0, "target_count": 0.0, "employment_jobs": 0.0}, "geometry": {"type": "Polygon", "coordinates": [[[-122.4130660272012, 47.710069349622714], [-122.40640403108708, 47.710069349622714], [-122.40640403108708, 47.71456090549767], [-122.4130660272012, 47.71456090549767], [-122.4130660272012, 47.710069349622714]]]}}, {"type": "Feature", "properties": {"cell_id": "r051_c008", "congestion_score": 0.0, "transit_departures": 0.0, "target_count": 0.0, "employment_jobs": 0.0}, "geometry": {"type": "Polygon", "coordinates": [[[-122.40640403108708, 47.710069349622714], [-122.39974203497296, 47.710069349622714], [-122.39974203497296, 47.71456090549767], [-122.40640403108708, 47.71456090549767], [-122.40640403108708, 47.710069349622714]]]}}, {"type": "Feature", "properties": {"cell_id": "r051_c009", "congestion_score": 0.0, "transit_departures": 0.0, "target_count": 0.0, "employment_jobs": 0.0}, "geometry": {"type": "Polygon", "coordinates": [[[-122.39974203497297, 47.710069349622714], [-122.39308003885886, 47.710069349622714], [-122.39308003885886, 47.71456090549767], [-122.39974203497297, 47.71456090549767], [-122.39974203497297, 47.710069349622714]]]}}, {"type": "Feature", "properties": {"cell_id": "r051_c010", "congestion_score": 0.0, "transit_departures": 0.0, "target_count": 0.0, "employment_jobs": 0.0}, "geometry": {"type": "Polygon", "coordinates": [[[-122.39308003885886, 47.710069349622714], [-122.38641804274474, 47.710069349622714], [-122.38641804274474, 47.71456090549767], [-122.39308003885886, 47.71456090549767], [-122.39308003885886, 47.710069349622714]]]}}, {"type": "Feature", "properties": {"cell_id": "r051_c011", "congestion_score": 0.0, "transit_departures": 0.0, "target_count": 0.0, "employment_jobs": 0.0}, "geometry": {"type": "Polygon", "coordinates": [[[-122.38641804274474, 47.710069349622714], [-122.37975604663062, 47.710069349622714], [-122.37975604663062, 47.71456090549767], [-122.38641804274474, 47.71456090549767], [-122.38641804274474, 47.710069349622714]]]}}, {"type": "Feature", "properties": {"cell_id": "r051_c012", "congestion_score": 0.0, "transit_departures": 0.0, "target_count": 0.0, "employment_jobs": 0.0}, "geometry": {"type": "Polygon", "coordinates": [[[-122.37975604663062, 47.710069349622714], [-122.3730940505165, 47.710069349622714], [-122.3730940505165, 47.71456090549767], [-122.37975604663062, 47.71456090549767], [-122.37975604663062, 47.710069349622714]]]}}, {"type": "Feature", "properties": {"cell_id": "r051_c013", "congestion_score": 0.0, "transit_departures": 0.0, "target_count": 0.0, "employment_jobs": 0.0}, "geometry": {"type": "Polygon", "coordinates": [[[-122.37309405051651, 47.710069349622714], [-122.3664320544024, 47.710069349622714], [-122.3664320544024, 47.71456090549767], [-122.37309405051651, 47.71456090549767], [-122.37309405051651, 47.710069349622714]]]}}, {"type": "Feature", "properties": {"cell_id": "r051_c014", "congestion_score": 0.0, "transit_departures": 0.0, "target_count": 0.0, "employment_jobs": 0.0}, "geometry": {"type": "Polygon", "coordinates": [[[-122.3664320544024, 47.710069349622714], [-122.35977005828828, 47.710069349622714], [-122.35977005828828, 47.71456090549767], [-122.3664320544024, 47.71456090549767], [-122.3664320544024, 47.710069349622714]]]}}, {"type": "Feature", "properties": {"cell_id": "r051_c015", "congestion_score": 0.0, "transit_departures": 0.0, "target_count": 0.0, "employment_jobs": 0.0}, "geometry": {"type": "Polygon", "coordinates": [[[-122.35977005828828, 47.710069349622714], [-122.35310806217416, 47.710069349622714], [-122.35310806217416, 47.71456090549767], [-122.35977005828828, 47.71456090549767], [-122.35977005828828, 47.710069349622714]]]}}, {"type": "Feature", "properties": {"cell_id": "r051_c016", "congestion_score": 0.0, "transit_departures": 0.0, "target_count": 0.0, "employment_jobs": 0.0}, "geometry": {"type": "Polygon", "coordinates": [[[-122.35310806217417, 47.710069349622714], [-122.34644606606005, 47.710069349622714], [-122.34644606606005, 47.71456090549767], [-122.35310806217417, 47.71456090549767], [-122.35310806217417, 47.710069349622714]]]}}, {"type": "Feature", "properties": {"cell_id": "r051_c017", "congestion_score": 0.0, "transit_departures": 0.0, "target_count": 0.0, "employment_jobs": 0.0}, "geometry": {"type": "Polygon", "coordinates": [[[-122.34644606606005, 47.710069349622714], [-122.33978406994594, 47.710069349622714], [-122.33978406994594, 47.71456090549767], [-122.34644606606005, 47.71456090549767], [-122.34644606606005, 47.710069349622714]]]}}, {"type": "Feature", "properties": {"cell_id": "r051_c018", "congestion_score": 0.0, "transit_departures": 0.0, "target_count": 0.0, "employment_jobs": 0.0}, "geometry": {"type": "Polygon", "coordinates": [[[-122.33978406994594, 47.710069349622714], [-122.33312207383182, 47.710069349622714], [-122.33312207383182, 47.71456090549767], [-122.33978406994594, 47.71456090549767], [-122.33978406994594, 47.710069349622714]]]}}, {"type": "Feature", "properties": {"cell_id": "r051_c019", "congestion_score": 0.0, "transit_departures": 0.0, "target_count": 0.0, "employment_jobs": 0.0}, "geometry": {"type": "Polygon", "coordinates": [[[-122.33312207383182, 47.710069349622714], [-122.3264600777177, 47.710069349622714], [-122.3264600777177, 47.71456090549767], [-122.33312207383182, 47.71456090549767], [-122.33312207383182, 47.710069349622714]]]}}, {"type": "Feature", "properties": {"cell_id": "r051_c020", "congestion_score": 0.0, "transit_departures": 0.0, "target_count": 0.0, "employment_jobs": 0.0}, "geometry": {"type": "Polygon", "coordinates": [[[-122.32646007771771, 47.710069349622714], [-122.3197980816036, 47.710069349622714], [-122.3197980816036, 47.71456090549767], [-122.32646007771771, 47.71456090549767], [-122.32646007771771, 47.710069349622714]]]}}, {"type": "Feature", "properties": {"cell_id": "r051_c021", "congestion_score": 0.0, "transit_departures": 0.0, "target_count": 0.0, "employment_jobs": 0.0}, "geometry": {"type": "Polygon", "coordinates": [[[-122.3197980816036, 47.710069349622714], [-122.31313608548948, 47.710069349622714], [-122.31313608548948, 47.71456090549767], [-122.3197980816036, 47.71456090549767], [-122.3197980816036, 47.710069349622714]]]}}, {"type": "Feature", "properties": {"cell_id": "r051_c022", "congestion_score": 0.0, "transit_departures": 0.0, "target_count": 0.0, "employment_jobs": 0.0}, "geometry": {"type": "Polygon", "coordinates": [[[-122.31313608548948, 47.710069349622714], [-122.30647408937536, 47.710069349622714], [-122.30647408937536, 47.71456090549767], [-122.31313608548948, 47.71456090549767], [-122.31313608548948, 47.710069349622714]]]}}, {"type": "Feature", "properties": {"cell_id": "r051_c023", "congestion_score": 0.0, "transit_departures": 0.0, "target_count": 0.0, "employment_jobs": 0.0}, "geometry": {"type": "Polygon", "coordinates": [[[-122.30647408937537, 47.710069349622714], [-122.29981209326125, 47.710069349622714], [-122.29981209326125, 47.71456090549767], [-122.30647408937537, 47.71456090549767], [-122.30647408937537, 47.710069349622714]]]}}, {"type": "Feature", "properties": {"cell_id": "r051_c024", "congestion_score": 0.0, "transit_departures": 0.0, "target_count": 0.0, "employment_jobs": 0.0}, "geometry": {"type": "Polygon", "coordinates": [[[-122.29981209326125, 47.710069349622714], [-122.29315009714713, 47.710069349622714], [-122.29315009714713, 47.71456090549767], [-122.29981209326125, 47.71456090549767], [-122.29981209326125, 47.710069349622714]]]}}, {"type": "Feature", "properties": {"cell_id": "r051_c025", "congestion_score": 0.0, "transit_departures": 0.0, "target_count": 0.0, "employment_jobs": 0.0}, "geometry": {"type": "Polygon", "coordinates": [[[-122.29315009714713, 47.710069349622714], [-122.28648810103302, 47.710069349622714], [-122.28648810103302, 47.71456090549767], [-122.29315009714713, 47.71456090549767], [-122.29315009714713, 47.710069349622714]]]}}, {"type": "Feature", "properties": {"cell_id": "r051_c026", "congestion_score": 0.0, "transit_departures": 0.0, "target_count": 0.0, "employment_jobs": 0.0}, "geometry": {"type": "Polygon", "coordinates": [[[-122.28648810103302, 47.710069349622714], [-122.2798261049189, 47.710069349622714], [-122.2798261049189, 47.71456090549767], [-122.28648810103302, 47.71456090549767], [-122.28648810103302, 47.710069349622714]]]}}, {"type": "Feature", "properties": {"cell_id": "r051_c027", "congestion_score": 0.0, "transit_departures": 0.0, "target_count": 0.0, "employment_jobs": 0.0}, "geometry": {"type": "Polygon", "coordinates": [[[-122.27982610491891, 47.710069349622714], [-122.27316410880479, 47.710069349622714], [-122.27316410880479, 47.71456090549767], [-122.27982610491891, 47.71456090549767], [-122.27982610491891, 47.710069349622714]]]}}, {"type": "Feature", "properties": {"cell_id": "r051_c028", "congestion_score": 0.0, "transit_departures": 0.0, "target_count": 0.0, "employment_jobs": 0.0}, "geometry": {"type": "Polygon", "coordinates": [[[-122.27316410880479, 47.710069349622714], [-122.26650211269067, 47.710069349622714], [-122.26650211269067, 47.71456090549767], [-122.27316410880479, 47.71456090549767], [-122.27316410880479, 47.710069349622714]]]}}, {"type": "Feature", "properties": {"cell_id": "r051_c029", "congestion_score": 0.0, "transit_departures": 0.0, "target_count": 0.0, "employment_jobs": 0.0}, "geometry": {"type": "Polygon", "coordinates": [[[-122.26650211269067, 47.710069349622714], [-122.25984011657656, 47.710069349622714], [-122.25984011657656, 47.71456090549767], [-122.26650211269067, 47.71456090549767], [-122.26650211269067, 47.710069349622714]]]}}, {"type": "Feature", "properties": {"cell_id": "r051_c030", "congestion_score": 0.0, "transit_departures": 0.0, "target_count": 0.0, "employment_jobs": 0.0}, "geometry": {"type": "Polygon", "coordinates": [[[-122.25984011657657, 47.710069349622714], [-122.25317812046245, 47.710069349622714], [-122.25317812046245, 47.71456090549767], [-122.25984011657657, 47.71456090549767], [-122.25984011657657, 47.710069349622714]]]}}, {"type": "Feature", "properties": {"cell_id": "r051_c031", "congestion_score": 0.0, "transit_departures": 0.0, "target_count": 0.0, "employment_jobs": 0.0}, "geometry": {"type": "Polygon", "coordinates": [[[-122.25317812046245, 47.710069349622714], [-122.24651612434833, 47.710069349622714], [-122.24651612434833, 47.71456090549767], [-122.25317812046245, 47.71456090549767], [-122.25317812046245, 47.710069349622714]]]}}, {"type": "Feature", "properties": {"cell_id": "r051_c032", "congestion_score": 0.0, "transit_departures": 0.0, "target_count": 0.0, "employment_jobs": 0.0}, "geometry": {"type": "Polygon", "coordinates": [[[-122.24651612434833, 47.710069349622714], [-122.23985412823421, 47.710069349622714], [-122.23985412823421, 47.71456090549767], [-122.24651612434833, 47.71456090549767], [-122.24651612434833, 47.710069349622714]]]}}, {"type": "Feature", "properties": {"cell_id": "r051_c033", "congestion_score": 0.0, "transit_departures": 0.0, "target_count": 0.0, "employment_jobs": 0.0}, "geometry": {"type": "Polygon", "coordinates": [[[-122.23985412823421, 47.710069349622714], [-122.2331921321201, 47.710069349622714], [-122.2331921321201, 47.71456090549767], [-122.23985412823421, 47.71456090549767], [-122.23985412823421, 47.710069349622714]]]}}, {"type": "Feature", "properties": {"cell_id": "r051_c034", "congestion_score": 0.0, "transit_departures": 0.0, "target_count": 0.0, "employment_jobs": 0.0}, "geometry": {"type": "Polygon", "coordinates": [[[-122.23319213212011, 47.710069349622714], [-122.22653013600599, 47.710069349622714], [-122.22653013600599, 47.71456090549767], [-122.23319213212011, 47.71456090549767], [-122.23319213212011, 47.710069349622714]]]}}, {"type": "Feature", "properties": {"cell_id": "r051_c035", "congestion_score": 0.0, "transit_departures": 0.0, "target_count": 0.0, "employment_jobs": 0.0}, "geometry": {"type": "Polygon", "coordinates": [[[-122.22653013600599, 47.710069349622714], [-122.2244, 47.710069349622714], [-122.2244, 47.71456090549767], [-122.22653013600599, 47.71456090549767], [-122.22653013600599, 47.710069349622714]]]}}, {"type": "Feature", "properties": {"cell_id": "r052_c000", "congestion_score": 0.0, "transit_departures": 0.0, "target_count": 0.0, "employment_jobs": 0.0}, "geometry": {"type": "Polygon", "coordinates": [[[-122.4597, 47.71456090549766], [-122.45303800388588, 47.71456090549766], [-122.45303800388588, 47.71905246137262], [-122.4597, 47.71905246137262], [-122.4597, 47.71456090549766]]]}}, {"type": "Feature", "properties": {"cell_id": "r052_c001", "congestion_score": 0.0, "transit_departures": 0.0, "target_count": 0.0, "employment_jobs": 0.0}, "geometry": {"type": "Polygon", "coordinates": [[[-122.45303800388588, 47.71456090549766], [-122.44637600777176, 47.71456090549766], [-122.44637600777176, 47.71905246137262], [-122.45303800388588, 47.71905246137262], [-122.45303800388588, 47.71456090549766]]]}}, {"type": "Feature", "properties": {"cell_id": "r052_c002", "congestion_score": 0.0, "transit_departures": 0.0, "target_count": 0.0, "employment_jobs": 0.0}, "geometry": {"type": "Polygon", "coordinates": [[[-122.44637600777178, 47.71456090549766], [-122.43971401165766, 47.71456090549766], [-122.43971401165766, 47.71905246137262], [-122.44637600777178, 47.71905246137262], [-122.44637600777178, 47.71456090549766]]]}}, {"type": "Feature", "properties": {"cell_id": "r052_c003", "congestion_score": 0.0, "transit_departures": 0.0, "target_count": 0.0, "employment_jobs": 0.0}, "geometry": {"type": "Polygon", "coordinates": [[[-122.43971401165766, 47.71456090549766], [-122.43305201554354, 47.71456090549766], [-122.43305201554354, 47.71905246137262], [-122.43971401165766, 47.71905246137262], [-122.43971401165766, 47.71456090549766]]]}}, {"type": "Feature", "properties": {"cell_id": "r052_c004", "congestion_score": 0.0, "transit_departures": 0.0, "target_count": 0.0, "employment_jobs": 0.0}, "geometry": {"type": "Polygon", "coordinates": [[[-122.43305201554354, 47.71456090549766], [-122.42639001942942, 47.71456090549766], [-122.42639001942942, 47.71905246137262], [-122.43305201554354, 47.71905246137262], [-122.43305201554354, 47.71456090549766]]]}}, {"type": "Feature", "properties": {"cell_id": "r052_c005", "congestion_score": 0.0, "transit_departures": 0.0, "target_count": 0.0, "employment_jobs": 0.0}, "geometry": {"type": "Polygon", "coordinates": [[[-122.42639001942942, 47.71456090549766], [-122.4197280233153, 47.71456090549766], [-122.4197280233153, 47.71905246137262], [-122.42639001942942, 47.71905246137262], [-122.42639001942942, 47.71456090549766]]]}}, {"type": "Feature", "properties": {"cell_id": "r052_c006", "congestion_score": 0.0, "transit_departures": 0.0, "target_count": 0.0, "employment_jobs": 0.0}, "geometry": {"type": "Polygon", "coordinates": [[[-122.41972802331532, 47.71456090549766], [-122.4130660272012, 47.71456090549766], [-122.4130660272012, 47.71905246137262], [-122.41972802331532, 47.71905246137262], [-122.41972802331532, 47.71456090549766]]]}}, {"type": "Feature", "properties": {"cell_id": "r052_c007", "congestion_score": 0.0, "transit_departures": 0.0, "target_count": 0.0, "employment_jobs": 0.0}, "geometry": {"type": "Polygon", "coordinates": [[[-122.4130660272012, 47.71456090549766], [-122.40640403108708, 47.71456090549766], [-122.40640403108708, 47.71905246137262], [-122.4130660272012, 47.71905246137262], [-122.4130660272012, 47.71456090549766]]]}}, {"type": "Feature", "properties": {"cell_id": "r052_c008", "congestion_score": 0.0, "transit_departures": 0.0, "target_count": 0.0, "employment_jobs": 0.0}, "geometry": {"type": "Polygon", "coordinates": [[[-122.40640403108708, 47.71456090549766], [-122.39974203497296, 47.71456090549766], [-122.39974203497296, 47.71905246137262], [-122.40640403108708, 47.71905246137262], [-122.40640403108708, 47.71456090549766]]]}}, {"type": "Feature", "properties": {"cell_id": "r052_c009", "congestion_score": 0.0, "transit_departures": 0.0, "target_count": 0.0, "employment_jobs": 0.0}, "geometry": {"type": "Polygon", "coordinates": [[[-122.39974203497297, 47.71456090549766], [-122.39308003885886, 47.71456090549766], [-122.39308003885886, 47.71905246137262], [-122.39974203497297, 47.71905246137262], [-122.39974203497297, 47.71456090549766]]]}}, {"type": "Feature", "properties": {"cell_id": "r052_c010", "congestion_score": 0.0, "transit_departures": 0.0, "target_count": 0.0, "employment_jobs": 0.0}, "geometry": {"type": "Polygon", "coordinates": [[[-122.39308003885886, 47.71456090549766], [-122.38641804274474, 47.71456090549766], [-122.38641804274474, 47.71905246137262], [-122.39308003885886, 47.71905246137262], [-122.39308003885886, 47.71456090549766]]]}}, {"type": "Feature", "properties": {"cell_id": "r052_c011", "congestion_score": 0.0, "transit_departures": 0.0, "target_count": 0.0, "employment_jobs": 0.0}, "geometry": {"type": "Polygon", "coordinates": [[[-122.38641804274474, 47.71456090549766], [-122.37975604663062, 47.71456090549766], [-122.37975604663062, 47.71905246137262], [-122.38641804274474, 47.71905246137262], [-122.38641804274474, 47.71456090549766]]]}}, {"type": "Feature", "properties": {"cell_id": "r052_c012", "congestion_score": 0.0, "transit_departures": 0.0, "target_count": 0.0, "employment_jobs": 0.0}, "geometry": {"type": "Polygon", "coordinates": [[[-122.37975604663062, 47.71456090549766], [-122.3730940505165, 47.71456090549766], [-122.3730940505165, 47.71905246137262], [-122.37975604663062, 47.71905246137262], [-122.37975604663062, 47.71456090549766]]]}}, {"type": "Feature", "properties": {"cell_id": "r052_c013", "congestion_score": 0.0, "transit_departures": 0.0, "target_count": 0.0, "employment_jobs": 0.0}, "geometry": {"type": "Polygon", "coordinates": [[[-122.37309405051651, 47.71456090549766], [-122.3664320544024, 47.71456090549766], [-122.3664320544024, 47.71905246137262], [-122.37309405051651, 47.71905246137262], [-122.37309405051651, 47.71456090549766]]]}}, {"type": "Feature", "properties": {"cell_id": "r052_c014", "congestion_score": 0.0, "transit_departures": 0.0, "target_count": 0.0, "employment_jobs": 0.0}, "geometry": {"type": "Polygon", "coordinates": [[[-122.3664320544024, 47.71456090549766], [-122.35977005828828, 47.71456090549766], [-122.35977005828828, 47.71905246137262], [-122.3664320544024, 47.71905246137262], [-122.3664320544024, 47.71456090549766]]]}}, {"type": "Feature", "properties": {"cell_id": "r052_c015", "congestion_score": 0.0, "transit_departures": 0.0, "target_count": 0.0, "employment_jobs": 0.0}, "geometry": {"type": "Polygon", "coordinates": [[[-122.35977005828828, 47.71456090549766], [-122.35310806217416, 47.71456090549766], [-122.35310806217416, 47.71905246137262], [-122.35977005828828, 47.71905246137262], [-122.35977005828828, 47.71456090549766]]]}}, {"type": "Feature", "properties": {"cell_id": "r052_c016", "congestion_score": 0.0, "transit_departures": 0.0, "target_count": 0.0, "employment_jobs": 0.0}, "geometry": {"type": "Polygon", "coordinates": [[[-122.35310806217417, 47.71456090549766], [-122.34644606606005, 47.71456090549766], [-122.34644606606005, 47.71905246137262], [-122.35310806217417, 47.71905246137262], [-122.35310806217417, 47.71456090549766]]]}}, {"type": "Feature", "properties": {"cell_id": "r052_c017", "congestion_score": 0.0, "transit_departures": 0.0, "target_count": 0.0, "employment_jobs": 0.0}, "geometry": {"type": "Polygon", "coordinates": [[[-122.34644606606005, 47.71456090549766], [-122.33978406994594, 47.71456090549766], [-122.33978406994594, 47.71905246137262], [-122.34644606606005, 47.71905246137262], [-122.34644606606005, 47.71456090549766]]]}}, {"type": "Feature", "properties": {"cell_id": "r052_c018", "congestion_score": 0.0, "transit_departures": 0.0, "target_count": 0.0, "employment_jobs": 0.0}, "geometry": {"type": "Polygon", "coordinates": [[[-122.33978406994594, 47.71456090549766], [-122.33312207383182, 47.71456090549766], [-122.33312207383182, 47.71905246137262], [-122.33978406994594, 47.71905246137262], [-122.33978406994594, 47.71456090549766]]]}}, {"type": "Feature", "properties": {"cell_id": "r052_c019", "congestion_score": 0.0, "transit_departures": 0.0, "target_count": 0.0, "employment_jobs": 0.0}, "geometry": {"type": "Polygon", "coordinates": [[[-122.33312207383182, 47.71456090549766], [-122.3264600777177, 47.71456090549766], [-122.3264600777177, 47.71905246137262], [-122.33312207383182, 47.71905246137262], [-122.33312207383182, 47.71456090549766]]]}}, {"type": "Feature", "properties": {"cell_id": "r052_c020", "congestion_score": 0.0, "transit_departures": 0.0, "target_count": 0.0, "employment_jobs": 0.0}, "geometry": {"type": "Polygon", "coordinates": [[[-122.32646007771771, 47.71456090549766], [-122.3197980816036, 47.71456090549766], [-122.3197980816036, 47.71905246137262], [-122.32646007771771, 47.71905246137262], [-122.32646007771771, 47.71456090549766]]]}}, {"type": "Feature", "properties": {"cell_id": "r052_c021", "congestion_score": 0.0, "transit_departures": 0.0, "target_count": 0.0, "employment_jobs": 0.0}, "geometry": {"type": "Polygon", "coordinates": [[[-122.3197980816036, 47.71456090549766], [-122.31313608548948, 47.71456090549766], [-122.31313608548948, 47.71905246137262], [-122.3197980816036, 47.71905246137262], [-122.3197980816036, 47.71456090549766]]]}}, {"type": "Feature", "properties": {"cell_id": "r052_c022", "congestion_score": 0.0, "transit_departures": 0.0, "target_count": 0.0, "employment_jobs": 0.0}, "geometry": {"type": "Polygon", "coordinates": [[[-122.31313608548948, 47.71456090549766], [-122.30647408937536, 47.71456090549766], [-122.30647408937536, 47.71905246137262], [-122.31313608548948, 47.71905246137262], [-122.31313608548948, 47.71456090549766]]]}}, {"type": "Feature", "properties": {"cell_id": "r052_c023", "congestion_score": 0.0, "transit_departures": 0.0, "target_count": 0.0, "employment_jobs": 0.0}, "geometry": {"type": "Polygon", "coordinates": [[[-122.30647408937537, 47.71456090549766], [-122.29981209326125, 47.71456090549766], [-122.29981209326125, 47.71905246137262], [-122.30647408937537, 47.71905246137262], [-122.30647408937537, 47.71456090549766]]]}}, {"type": "Feature", "properties": {"cell_id": "r052_c024", "congestion_score": 0.0, "transit_departures": 0.0, "target_count": 0.0, "employment_jobs": 0.0}, "geometry": {"type": "Polygon", "coordinates": [[[-122.29981209326125, 47.71456090549766], [-122.29315009714713, 47.71456090549766], [-122.29315009714713, 47.71905246137262], [-122.29981209326125, 47.71905246137262], [-122.29981209326125, 47.71456090549766]]]}}, {"type": "Feature", "properties": {"cell_id": "r052_c025", "congestion_score": 0.0, "transit_departures": 0.0, "target_count": 0.0, "employment_jobs": 0.0}, "geometry": {"type": "Polygon", "coordinates": [[[-122.29315009714713, 47.71456090549766], [-122.28648810103302, 47.71456090549766], [-122.28648810103302, 47.71905246137262], [-122.29315009714713, 47.71905246137262], [-122.29315009714713, 47.71456090549766]]]}}, {"type": "Feature", "properties": {"cell_id": "r052_c026", "congestion_score": 0.0, "transit_departures": 0.0, "target_count": 0.0, "employment_jobs": 0.0}, "geometry": {"type": "Polygon", "coordinates": [[[-122.28648810103302, 47.71456090549766], [-122.2798261049189, 47.71456090549766], [-122.2798261049189, 47.71905246137262], [-122.28648810103302, 47.71905246137262], [-122.28648810103302, 47.71456090549766]]]}}, {"type": "Feature", "properties": {"cell_id": "r052_c027", "congestion_score": 0.0, "transit_departures": 0.0, "target_count": 0.0, "employment_jobs": 0.0}, "geometry": {"type": "Polygon", "coordinates": [[[-122.27982610491891, 47.71456090549766], [-122.27316410880479, 47.71456090549766], [-122.27316410880479, 47.71905246137262], [-122.27982610491891, 47.71905246137262], [-122.27982610491891, 47.71456090549766]]]}}, {"type": "Feature", "properties": {"cell_id": "r052_c028", "congestion_score": 0.0, "transit_departures": 0.0, "target_count": 0.0, "employment_jobs": 0.0}, "geometry": {"type": "Polygon", "coordinates": [[[-122.27316410880479, 47.71456090549766], [-122.26650211269067, 47.71456090549766], [-122.26650211269067, 47.71905246137262], [-122.27316410880479, 47.71905246137262], [-122.27316410880479, 47.71456090549766]]]}}, {"type": "Feature", "properties": {"cell_id": "r052_c029", "congestion_score": 0.0, "transit_departures": 0.0, "target_count": 0.0, "employment_jobs": 0.0}, "geometry": {"type": "Polygon", "coordinates": [[[-122.26650211269067, 47.71456090549766], [-122.25984011657656, 47.71456090549766], [-122.25984011657656, 47.71905246137262], [-122.26650211269067, 47.71905246137262], [-122.26650211269067, 47.71456090549766]]]}}, {"type": "Feature", "properties": {"cell_id": "r052_c030", "congestion_score": 0.0, "transit_departures": 0.0, "target_count": 0.0, "employment_jobs": 0.0}, "geometry": {"type": "Polygon", "coordinates": [[[-122.25984011657657, 47.71456090549766], [-122.25317812046245, 47.71456090549766], [-122.25317812046245, 47.71905246137262], [-122.25984011657657, 47.71905246137262], [-122.25984011657657, 47.71456090549766]]]}}, {"type": "Feature", "properties": {"cell_id": "r052_c031", "congestion_score": 0.0, "transit_departures": 0.0, "target_count": 0.0, "employment_jobs": 0.0}, "geometry": {"type": "Polygon", "coordinates": [[[-122.25317812046245, 47.71456090549766], [-122.24651612434833, 47.71456090549766], [-122.24651612434833, 47.71905246137262], [-122.25317812046245, 47.71905246137262], [-122.25317812046245, 47.71456090549766]]]}}, {"type": "Feature", "properties": {"cell_id": "r052_c032", "congestion_score": 0.0, "transit_departures": 0.0, "target_count": 0.0, "employment_jobs": 0.0}, "geometry": {"type": "Polygon", "coordinates": [[[-122.24651612434833, 47.71456090549766], [-122.23985412823421, 47.71456090549766], [-122.23985412823421, 47.71905246137262], [-122.24651612434833, 47.71905246137262], [-122.24651612434833, 47.71456090549766]]]}}, {"type": "Feature", "properties": {"cell_id": "r052_c033", "congestion_score": 0.0, "transit_departures": 0.0, "target_count": 0.0, "employment_jobs": 0.0}, "geometry": {"type": "Polygon", "coordinates": [[[-122.23985412823421, 47.71456090549766], [-122.2331921321201, 47.71456090549766], [-122.2331921321201, 47.71905246137262], [-122.23985412823421, 47.71905246137262], [-122.23985412823421, 47.71456090549766]]]}}, {"type": "Feature", "properties": {"cell_id": "r052_c034", "congestion_score": 0.0, "transit_departures": 0.0, "target_count": 0.0, "employment_jobs": 0.0}, "geometry": {"type": "Polygon", "coordinates": [[[-122.23319213212011, 47.71456090549766], [-122.22653013600599, 47.71456090549766], [-122.22653013600599, 47.71905246137262], [-122.23319213212011, 47.71905246137262], [-122.23319213212011, 47.71456090549766]]]}}, {"type": "Feature", "properties": {"cell_id": "r052_c035", "congestion_score": 0.0, "transit_departures": 0.0, "target_count": 0.0, "employment_jobs": 0.0}, "geometry": {"type": "Polygon", "coordinates": [[[-122.22653013600599, 47.71456090549766], [-122.2244, 47.71456090549766], [-122.2244, 47.71905246137262], [-122.22653013600599, 47.71905246137262], [-122.22653013600599, 47.71456090549766]]]}}, {"type": "Feature", "properties": {"cell_id": "r053_c000", "congestion_score": 0.0, "transit_departures": 0.0, "target_count": 0.0, "employment_jobs": 0.0}, "geometry": {"type": "Polygon", "coordinates": [[[-122.4597, 47.71905246137262], [-122.45303800388588, 47.71905246137262], [-122.45303800388588, 47.723544017247576], [-122.4597, 47.723544017247576], [-122.4597, 47.71905246137262]]]}}, {"type": "Feature", "properties": {"cell_id": "r053_c001", "congestion_score": 0.0, "transit_departures": 0.0, "target_count": 0.0, "employment_jobs": 0.0}, "geometry": {"type": "Polygon", "coordinates": [[[-122.45303800388588, 47.71905246137262], [-122.44637600777176, 47.71905246137262], [-122.44637600777176, 47.723544017247576], [-122.45303800388588, 47.723544017247576], [-122.45303800388588, 47.71905246137262]]]}}, {"type": "Feature", "properties": {"cell_id": "r053_c002", "congestion_score": 0.0, "transit_departures": 0.0, "target_count": 0.0, "employment_jobs": 0.0}, "geometry": {"type": "Polygon", "coordinates": [[[-122.44637600777178, 47.71905246137262], [-122.43971401165766, 47.71905246137262], [-122.43971401165766, 47.723544017247576], [-122.44637600777178, 47.723544017247576], [-122.44637600777178, 47.71905246137262]]]}}, {"type": "Feature", "properties": {"cell_id": "r053_c003", "congestion_score": 0.0, "transit_departures": 0.0, "target_count": 0.0, "employment_jobs": 0.0}, "geometry": {"type": "Polygon", "coordinates": [[[-122.43971401165766, 47.71905246137262], [-122.43305201554354, 47.71905246137262], [-122.43305201554354, 47.723544017247576], [-122.43971401165766, 47.723544017247576], [-122.43971401165766, 47.71905246137262]]]}}, {"type": "Feature", "properties": {"cell_id": "r053_c004", "congestion_score": 0.0, "transit_departures": 0.0, "target_count": 0.0, "employment_jobs": 0.0}, "geometry": {"type": "Polygon", "coordinates": [[[-122.43305201554354, 47.71905246137262], [-122.42639001942942, 47.71905246137262], [-122.42639001942942, 47.723544017247576], [-122.43305201554354, 47.723544017247576], [-122.43305201554354, 47.71905246137262]]]}}, {"type": "Feature", "properties": {"cell_id": "r053_c005", "congestion_score": 0.0, "transit_departures": 0.0, "target_count": 0.0, "employment_jobs": 0.0}, "geometry": {"type": "Polygon", "coordinates": [[[-122.42639001942942, 47.71905246137262], [-122.4197280233153, 47.71905246137262], [-122.4197280233153, 47.723544017247576], [-122.42639001942942, 47.723544017247576], [-122.42639001942942, 47.71905246137262]]]}}, {"type": "Feature", "properties": {"cell_id": "r053_c006", "congestion_score": 0.0, "transit_departures": 0.0, "target_count": 0.0, "employment_jobs": 0.0}, "geometry": {"type": "Polygon", "coordinates": [[[-122.41972802331532, 47.71905246137262], [-122.4130660272012, 47.71905246137262], [-122.4130660272012, 47.723544017247576], [-122.41972802331532, 47.723544017247576], [-122.41972802331532, 47.71905246137262]]]}}, {"type": "Feature", "properties": {"cell_id": "r053_c007", "congestion_score": 0.0, "transit_departures": 0.0, "target_count": 0.0, "employment_jobs": 0.0}, "geometry": {"type": "Polygon", "coordinates": [[[-122.4130660272012, 47.71905246137262], [-122.40640403108708, 47.71905246137262], [-122.40640403108708, 47.723544017247576], [-122.4130660272012, 47.723544017247576], [-122.4130660272012, 47.71905246137262]]]}}, {"type": "Feature", "properties": {"cell_id": "r053_c008", "congestion_score": 0.0, "transit_departures": 0.0, "target_count": 0.0, "employment_jobs": 0.0}, "geometry": {"type": "Polygon", "coordinates": [[[-122.40640403108708, 47.71905246137262], [-122.39974203497296, 47.71905246137262], [-122.39974203497296, 47.723544017247576], [-122.40640403108708, 47.723544017247576], [-122.40640403108708, 47.71905246137262]]]}}, {"type": "Feature", "properties": {"cell_id": "r053_c009", "congestion_score": 0.0, "transit_departures": 0.0, "target_count": 0.0, "employment_jobs": 0.0}, "geometry": {"type": "Polygon", "coordinates": [[[-122.39974203497297, 47.71905246137262], [-122.39308003885886, 47.71905246137262], [-122.39308003885886, 47.723544017247576], [-122.39974203497297, 47.723544017247576], [-122.39974203497297, 47.71905246137262]]]}}, {"type": "Feature", "properties": {"cell_id": "r053_c010", "congestion_score": 0.0, "transit_departures": 0.0, "target_count": 0.0, "employment_jobs": 0.0}, "geometry": {"type": "Polygon", "coordinates": [[[-122.39308003885886, 47.71905246137262], [-122.38641804274474, 47.71905246137262], [-122.38641804274474, 47.723544017247576], [-122.39308003885886, 47.723544017247576], [-122.39308003885886, 47.71905246137262]]]}}, {"type": "Feature", "properties": {"cell_id": "r053_c011", "congestion_score": 0.0, "transit_departures": 0.0, "target_count": 0.0, "employment_jobs": 0.0}, "geometry": {"type": "Polygon", "coordinates": [[[-122.38641804274474, 47.71905246137262], [-122.37975604663062, 47.71905246137262], [-122.37975604663062, 47.723544017247576], [-122.38641804274474, 47.723544017247576], [-122.38641804274474, 47.71905246137262]]]}}, {"type": "Feature", "properties": {"cell_id": "r053_c012", "congestion_score": 0.0, "transit_departures": 0.0, "target_count": 0.0, "employment_jobs": 0.0}, "geometry": {"type": "Polygon", "coordinates": [[[-122.37975604663062, 47.71905246137262], [-122.3730940505165, 47.71905246137262], [-122.3730940505165, 47.723544017247576], [-122.37975604663062, 47.723544017247576], [-122.37975604663062, 47.71905246137262]]]}}, {"type": "Feature", "properties": {"cell_id": "r053_c013", "congestion_score": 0.0, "transit_departures": 0.0, "target_count": 0.0, "employment_jobs": 0.0}, "geometry": {"type": "Polygon", "coordinates": [[[-122.37309405051651, 47.71905246137262], [-122.3664320544024, 47.71905246137262], [-122.3664320544024, 47.723544017247576], [-122.37309405051651, 47.723544017247576], [-122.37309405051651, 47.71905246137262]]]}}, {"type": "Feature", "properties": {"cell_id": "r053_c014", "congestion_score": 0.0, "transit_departures": 0.0, "target_count": 0.0, "employment_jobs": 0.0}, "geometry": {"type": "Polygon", "coordinates": [[[-122.3664320544024, 47.71905246137262], [-122.35977005828828, 47.71905246137262], [-122.35977005828828, 47.723544017247576], [-122.3664320544024, 47.723544017247576], [-122.3664320544024, 47.71905246137262]]]}}, {"type": "Feature", "properties": {"cell_id": "r053_c015", "congestion_score": 0.0, "transit_departures": 0.0, "target_count": 0.0, "employment_jobs": 0.0}, "geometry": {"type": "Polygon", "coordinates": [[[-122.35977005828828, 47.71905246137262], [-122.35310806217416, 47.71905246137262], [-122.35310806217416, 47.723544017247576], [-122.35977005828828, 47.723544017247576], [-122.35977005828828, 47.71905246137262]]]}}, {"type": "Feature", "properties": {"cell_id": "r053_c016", "congestion_score": 0.0, "transit_departures": 0.0, "target_count": 0.0, "employment_jobs": 0.0}, "geometry": {"type": "Polygon", "coordinates": [[[-122.35310806217417, 47.71905246137262], [-122.34644606606005, 47.71905246137262], [-122.34644606606005, 47.723544017247576], [-122.35310806217417, 47.723544017247576], [-122.35310806217417, 47.71905246137262]]]}}, {"type": "Feature", "properties": {"cell_id": "r053_c017", "congestion_score": 0.0, "transit_departures": 0.0, "target_count": 0.0, "employment_jobs": 0.0}, "geometry": {"type": "Polygon", "coordinates": [[[-122.34644606606005, 47.71905246137262], [-122.33978406994594, 47.71905246137262], [-122.33978406994594, 47.723544017247576], [-122.34644606606005, 47.723544017247576], [-122.34644606606005, 47.71905246137262]]]}}, {"type": "Feature", "properties": {"cell_id": "r053_c018", "congestion_score": 0.0, "transit_departures": 0.0, "target_count": 0.0, "employment_jobs": 0.0}, "geometry": {"type": "Polygon", "coordinates": [[[-122.33978406994594, 47.71905246137262], [-122.33312207383182, 47.71905246137262], [-122.33312207383182, 47.723544017247576], [-122.33978406994594, 47.723544017247576], [-122.33978406994594, 47.71905246137262]]]}}, {"type": "Feature", "properties": {"cell_id": "r053_c019", "congestion_score": 0.0, "transit_departures": 0.0, "target_count": 0.0, "employment_jobs": 0.0}, "geometry": {"type": "Polygon", "coordinates": [[[-122.33312207383182, 47.71905246137262], [-122.3264600777177, 47.71905246137262], [-122.3264600777177, 47.723544017247576], [-122.33312207383182, 47.723544017247576], [-122.33312207383182, 47.71905246137262]]]}}, {"type": "Feature", "properties": {"cell_id": "r053_c020", "congestion_score": 0.0, "transit_departures": 0.0, "target_count": 0.0, "employment_jobs": 0.0}, "geometry": {"type": "Polygon", "coordinates": [[[-122.32646007771771, 47.71905246137262], [-122.3197980816036, 47.71905246137262], [-122.3197980816036, 47.723544017247576], [-122.32646007771771, 47.723544017247576], [-122.32646007771771, 47.71905246137262]]]}}, {"type": "Feature", "properties": {"cell_id": "r053_c021", "congestion_score": 0.0, "transit_departures": 0.0, "target_count": 0.0, "employment_jobs": 0.0}, "geometry": {"type": "Polygon", "coordinates": [[[-122.3197980816036, 47.71905246137262], [-122.31313608548948, 47.71905246137262], [-122.31313608548948, 47.723544017247576], [-122.3197980816036, 47.723544017247576], [-122.3197980816036, 47.71905246137262]]]}}, {"type": "Feature", "properties": {"cell_id": "r053_c022", "congestion_score": 0.0, "transit_departures": 0.0, "target_count": 0.0, "employment_jobs": 0.0}, "geometry": {"type": "Polygon", "coordinates": [[[-122.31313608548948, 47.71905246137262], [-122.30647408937536, 47.71905246137262], [-122.30647408937536, 47.723544017247576], [-122.31313608548948, 47.723544017247576], [-122.31313608548948, 47.71905246137262]]]}}, {"type": "Feature", "properties": {"cell_id": "r053_c023", "congestion_score": 0.0, "transit_departures": 0.0, "target_count": 0.0, "employment_jobs": 0.0}, "geometry": {"type": "Polygon", "coordinates": [[[-122.30647408937537, 47.71905246137262], [-122.29981209326125, 47.71905246137262], [-122.29981209326125, 47.723544017247576], [-122.30647408937537, 47.723544017247576], [-122.30647408937537, 47.71905246137262]]]}}, {"type": "Feature", "properties": {"cell_id": "r053_c024", "congestion_score": 0.0, "transit_departures": 0.0, "target_count": 0.0, "employment_jobs": 0.0}, "geometry": {"type": "Polygon", "coordinates": [[[-122.29981209326125, 47.71905246137262], [-122.29315009714713, 47.71905246137262], [-122.29315009714713, 47.723544017247576], [-122.29981209326125, 47.723544017247576], [-122.29981209326125, 47.71905246137262]]]}}, {"type": "Feature", "properties": {"cell_id": "r053_c025", "congestion_score": 0.0, "transit_departures": 0.0, "target_count": 0.0, "employment_jobs": 0.0}, "geometry": {"type": "Polygon", "coordinates": [[[-122.29315009714713, 47.71905246137262], [-122.28648810103302, 47.71905246137262], [-122.28648810103302, 47.723544017247576], [-122.29315009714713, 47.723544017247576], [-122.29315009714713, 47.71905246137262]]]}}, {"type": "Feature", "properties": {"cell_id": "r053_c026", "congestion_score": 0.0, "transit_departures": 0.0, "target_count": 0.0, "employment_jobs": 0.0}, "geometry": {"type": "Polygon", "coordinates": [[[-122.28648810103302, 47.71905246137262], [-122.2798261049189, 47.71905246137262], [-122.2798261049189, 47.723544017247576], [-122.28648810103302, 47.723544017247576], [-122.28648810103302, 47.71905246137262]]]}}, {"type": "Feature", "properties": {"cell_id": "r053_c027", "congestion_score": 0.0, "transit_departures": 0.0, "target_count": 0.0, "employment_jobs": 0.0}, "geometry": {"type": "Polygon", "coordinates": [[[-122.27982610491891, 47.71905246137262], [-122.27316410880479, 47.71905246137262], [-122.27316410880479, 47.723544017247576], [-122.27982610491891, 47.723544017247576], [-122.27982610491891, 47.71905246137262]]]}}, {"type": "Feature", "properties": {"cell_id": "r053_c028", "congestion_score": 0.0, "transit_departures": 0.0, "target_count": 0.0, "employment_jobs": 0.0}, "geometry": {"type": "Polygon", "coordinates": [[[-122.27316410880479, 47.71905246137262], [-122.26650211269067, 47.71905246137262], [-122.26650211269067, 47.723544017247576], [-122.27316410880479, 47.723544017247576], [-122.27316410880479, 47.71905246137262]]]}}, {"type": "Feature", "properties": {"cell_id": "r053_c029", "congestion_score": 0.0, "transit_departures": 0.0, "target_count": 0.0, "employment_jobs": 0.0}, "geometry": {"type": "Polygon", "coordinates": [[[-122.26650211269067, 47.71905246137262], [-122.25984011657656, 47.71905246137262], [-122.25984011657656, 47.723544017247576], [-122.26650211269067, 47.723544017247576], [-122.26650211269067, 47.71905246137262]]]}}, {"type": "Feature", "properties": {"cell_id": "r053_c030", "congestion_score": 0.0, "transit_departures": 0.0, "target_count": 0.0, "employment_jobs": 0.0}, "geometry": {"type": "Polygon", "coordinates": [[[-122.25984011657657, 47.71905246137262], [-122.25317812046245, 47.71905246137262], [-122.25317812046245, 47.723544017247576], [-122.25984011657657, 47.723544017247576], [-122.25984011657657, 47.71905246137262]]]}}, {"type": "Feature", "properties": {"cell_id": "r053_c031", "congestion_score": 0.0, "transit_departures": 0.0, "target_count": 0.0, "employment_jobs": 0.0}, "geometry": {"type": "Polygon", "coordinates": [[[-122.25317812046245, 47.71905246137262], [-122.24651612434833, 47.71905246137262], [-122.24651612434833, 47.723544017247576], [-122.25317812046245, 47.723544017247576], [-122.25317812046245, 47.71905246137262]]]}}, {"type": "Feature", "properties": {"cell_id": "r053_c032", "congestion_score": 0.0, "transit_departures": 0.0, "target_count": 0.0, "employment_jobs": 0.0}, "geometry": {"type": "Polygon", "coordinates": [[[-122.24651612434833, 47.71905246137262], [-122.23985412823421, 47.71905246137262], [-122.23985412823421, 47.723544017247576], [-122.24651612434833, 47.723544017247576], [-122.24651612434833, 47.71905246137262]]]}}, {"type": "Feature", "properties": {"cell_id": "r053_c033", "congestion_score": 0.0, "transit_departures": 0.0, "target_count": 0.0, "employment_jobs": 0.0}, "geometry": {"type": "Polygon", "coordinates": [[[-122.23985412823421, 47.71905246137262], [-122.2331921321201, 47.71905246137262], [-122.2331921321201, 47.723544017247576], [-122.23985412823421, 47.723544017247576], [-122.23985412823421, 47.71905246137262]]]}}, {"type": "Feature", "properties": {"cell_id": "r053_c034", "congestion_score": 0.0, "transit_departures": 0.0, "target_count": 0.0, "employment_jobs": 0.0}, "geometry": {"type": "Polygon", "coordinates": [[[-122.23319213212011, 47.71905246137262], [-122.22653013600599, 47.71905246137262], [-122.22653013600599, 47.723544017247576], [-122.23319213212011, 47.723544017247576], [-122.23319213212011, 47.71905246137262]]]}}, {"type": "Feature", "properties": {"cell_id": "r053_c035", "congestion_score": 0.0, "transit_departures": 0.0, "target_count": 0.0, "employment_jobs": 0.0}, "geometry": {"type": "Polygon", "coordinates": [[[-122.22653013600599, 47.71905246137262], [-122.2244, 47.71905246137262], [-122.2244, 47.723544017247576], [-122.22653013600599, 47.723544017247576], [-122.22653013600599, 47.71905246137262]]]}}, {"type": "Feature", "properties": {"cell_id": "r054_c000", "congestion_score": 0.0, "transit_departures": 0.0, "target_count": 0.0, "employment_jobs": 0.0}, "geometry": {"type": "Polygon", "coordinates": [[[-122.4597, 47.723544017247576], [-122.45303800388588, 47.723544017247576], [-122.45303800388588, 47.72803557312253], [-122.4597, 47.72803557312253], [-122.4597, 47.723544017247576]]]}}, {"type": "Feature", "properties": {"cell_id": "r054_c001", "congestion_score": 0.0, "transit_departures": 0.0, "target_count": 0.0, "employment_jobs": 0.0}, "geometry": {"type": "Polygon", "coordinates": [[[-122.45303800388588, 47.723544017247576], [-122.44637600777176, 47.723544017247576], [-122.44637600777176, 47.72803557312253], [-122.45303800388588, 47.72803557312253], [-122.45303800388588, 47.723544017247576]]]}}, {"type": "Feature", "properties": {"cell_id": "r054_c002", "congestion_score": 0.0, "transit_departures": 0.0, "target_count": 0.0, "employment_jobs": 0.0}, "geometry": {"type": "Polygon", "coordinates": [[[-122.44637600777178, 47.723544017247576], [-122.43971401165766, 47.723544017247576], [-122.43971401165766, 47.72803557312253], [-122.44637600777178, 47.72803557312253], [-122.44637600777178, 47.723544017247576]]]}}, {"type": "Feature", "properties": {"cell_id": "r054_c003", "congestion_score": 0.0, "transit_departures": 0.0, "target_count": 0.0, "employment_jobs": 0.0}, "geometry": {"type": "Polygon", "coordinates": [[[-122.43971401165766, 47.723544017247576], [-122.43305201554354, 47.723544017247576], [-122.43305201554354, 47.72803557312253], [-122.43971401165766, 47.72803557312253], [-122.43971401165766, 47.723544017247576]]]}}, {"type": "Feature", "properties": {"cell_id": "r054_c004", "congestion_score": 0.0, "transit_departures": 0.0, "target_count": 0.0, "employment_jobs": 0.0}, "geometry": {"type": "Polygon", "coordinates": [[[-122.43305201554354, 47.723544017247576], [-122.42639001942942, 47.723544017247576], [-122.42639001942942, 47.72803557312253], [-122.43305201554354, 47.72803557312253], [-122.43305201554354, 47.723544017247576]]]}}, {"type": "Feature", "properties": {"cell_id": "r054_c005", "congestion_score": 0.0, "transit_departures": 0.0, "target_count": 0.0, "employment_jobs": 0.0}, "geometry": {"type": "Polygon", "coordinates": [[[-122.42639001942942, 47.723544017247576], [-122.4197280233153, 47.723544017247576], [-122.4197280233153, 47.72803557312253], [-122.42639001942942, 47.72803557312253], [-122.42639001942942, 47.723544017247576]]]}}, {"type": "Feature", "properties": {"cell_id": "r054_c006", "congestion_score": 0.0, "transit_departures": 0.0, "target_count": 0.0, "employment_jobs": 0.0}, "geometry": {"type": "Polygon", "coordinates": [[[-122.41972802331532, 47.723544017247576], [-122.4130660272012, 47.723544017247576], [-122.4130660272012, 47.72803557312253], [-122.41972802331532, 47.72803557312253], [-122.41972802331532, 47.723544017247576]]]}}, {"type": "Feature", "properties": {"cell_id": "r054_c007", "congestion_score": 0.0, "transit_departures": 0.0, "target_count": 0.0, "employment_jobs": 0.0}, "geometry": {"type": "Polygon", "coordinates": [[[-122.4130660272012, 47.723544017247576], [-122.40640403108708, 47.723544017247576], [-122.40640403108708, 47.72803557312253], [-122.4130660272012, 47.72803557312253], [-122.4130660272012, 47.723544017247576]]]}}, {"type": "Feature", "properties": {"cell_id": "r054_c008", "congestion_score": 0.0, "transit_departures": 0.0, "target_count": 0.0, "employment_jobs": 0.0}, "geometry": {"type": "Polygon", "coordinates": [[[-122.40640403108708, 47.723544017247576], [-122.39974203497296, 47.723544017247576], [-122.39974203497296, 47.72803557312253], [-122.40640403108708, 47.72803557312253], [-122.40640403108708, 47.723544017247576]]]}}, {"type": "Feature", "properties": {"cell_id": "r054_c009", "congestion_score": 0.0, "transit_departures": 0.0, "target_count": 0.0, "employment_jobs": 0.0}, "geometry": {"type": "Polygon", "coordinates": [[[-122.39974203497297, 47.723544017247576], [-122.39308003885886, 47.723544017247576], [-122.39308003885886, 47.72803557312253], [-122.39974203497297, 47.72803557312253], [-122.39974203497297, 47.723544017247576]]]}}, {"type": "Feature", "properties": {"cell_id": "r054_c010", "congestion_score": 0.0, "transit_departures": 0.0, "target_count": 0.0, "employment_jobs": 0.0}, "geometry": {"type": "Polygon", "coordinates": [[[-122.39308003885886, 47.723544017247576], [-122.38641804274474, 47.723544017247576], [-122.38641804274474, 47.72803557312253], [-122.39308003885886, 47.72803557312253], [-122.39308003885886, 47.723544017247576]]]}}, {"type": "Feature", "properties": {"cell_id": "r054_c011", "congestion_score": 0.0, "transit_departures": 0.0, "target_count": 0.0, "employment_jobs": 0.0}, "geometry": {"type": "Polygon", "coordinates": [[[-122.38641804274474, 47.723544017247576], [-122.37975604663062, 47.723544017247576], [-122.37975604663062, 47.72803557312253], [-122.38641804274474, 47.72803557312253], [-122.38641804274474, 47.723544017247576]]]}}, {"type": "Feature", "properties": {"cell_id": "r054_c012", "congestion_score": 0.0, "transit_departures": 0.0, "target_count": 0.0, "employment_jobs": 0.0}, "geometry": {"type": "Polygon", "coordinates": [[[-122.37975604663062, 47.723544017247576], [-122.3730940505165, 47.723544017247576], [-122.3730940505165, 47.72803557312253], [-122.37975604663062, 47.72803557312253], [-122.37975604663062, 47.723544017247576]]]}}, {"type": "Feature", "properties": {"cell_id": "r054_c013", "congestion_score": 0.0, "transit_departures": 0.0, "target_count": 0.0, "employment_jobs": 0.0}, "geometry": {"type": "Polygon", "coordinates": [[[-122.37309405051651, 47.723544017247576], [-122.3664320544024, 47.723544017247576], [-122.3664320544024, 47.72803557312253], [-122.37309405051651, 47.72803557312253], [-122.37309405051651, 47.723544017247576]]]}}, {"type": "Feature", "properties": {"cell_id": "r054_c014", "congestion_score": 0.0, "transit_departures": 0.0, "target_count": 0.0, "employment_jobs": 0.0}, "geometry": {"type": "Polygon", "coordinates": [[[-122.3664320544024, 47.723544017247576], [-122.35977005828828, 47.723544017247576], [-122.35977005828828, 47.72803557312253], [-122.3664320544024, 47.72803557312253], [-122.3664320544024, 47.723544017247576]]]}}, {"type": "Feature", "properties": {"cell_id": "r054_c015", "congestion_score": 0.0, "transit_departures": 0.0, "target_count": 0.0, "employment_jobs": 0.0}, "geometry": {"type": "Polygon", "coordinates": [[[-122.35977005828828, 47.723544017247576], [-122.35310806217416, 47.723544017247576], [-122.35310806217416, 47.72803557312253], [-122.35977005828828, 47.72803557312253], [-122.35977005828828, 47.723544017247576]]]}}, {"type": "Feature", "properties": {"cell_id": "r054_c016", "congestion_score": 0.0, "transit_departures": 0.0, "target_count": 0.0, "employment_jobs": 0.0}, "geometry": {"type": "Polygon", "coordinates": [[[-122.35310806217417, 47.723544017247576], [-122.34644606606005, 47.723544017247576], [-122.34644606606005, 47.72803557312253], [-122.35310806217417, 47.72803557312253], [-122.35310806217417, 47.723544017247576]]]}}, {"type": "Feature", "properties": {"cell_id": "r054_c017", "congestion_score": 0.0, "transit_departures": 0.0, "target_count": 0.0, "employment_jobs": 0.0}, "geometry": {"type": "Polygon", "coordinates": [[[-122.34644606606005, 47.723544017247576], [-122.33978406994594, 47.723544017247576], [-122.33978406994594, 47.72803557312253], [-122.34644606606005, 47.72803557312253], [-122.34644606606005, 47.723544017247576]]]}}, {"type": "Feature", "properties": {"cell_id": "r054_c018", "congestion_score": 0.0, "transit_departures": 0.0, "target_count": 0.0, "employment_jobs": 0.0}, "geometry": {"type": "Polygon", "coordinates": [[[-122.33978406994594, 47.723544017247576], [-122.33312207383182, 47.723544017247576], [-122.33312207383182, 47.72803557312253], [-122.33978406994594, 47.72803557312253], [-122.33978406994594, 47.723544017247576]]]}}, {"type": "Feature", "properties": {"cell_id": "r054_c019", "congestion_score": 0.0, "transit_departures": 0.0, "target_count": 0.0, "employment_jobs": 0.0}, "geometry": {"type": "Polygon", "coordinates": [[[-122.33312207383182, 47.723544017247576], [-122.3264600777177, 47.723544017247576], [-122.3264600777177, 47.72803557312253], [-122.33312207383182, 47.72803557312253], [-122.33312207383182, 47.723544017247576]]]}}, {"type": "Feature", "properties": {"cell_id": "r054_c020", "congestion_score": 0.0, "transit_departures": 0.0, "target_count": 0.0, "employment_jobs": 0.0}, "geometry": {"type": "Polygon", "coordinates": [[[-122.32646007771771, 47.723544017247576], [-122.3197980816036, 47.723544017247576], [-122.3197980816036, 47.72803557312253], [-122.32646007771771, 47.72803557312253], [-122.32646007771771, 47.723544017247576]]]}}, {"type": "Feature", "properties": {"cell_id": "r054_c021", "congestion_score": 0.0, "transit_departures": 0.0, "target_count": 0.0, "employment_jobs": 0.0}, "geometry": {"type": "Polygon", "coordinates": [[[-122.3197980816036, 47.723544017247576], [-122.31313608548948, 47.723544017247576], [-122.31313608548948, 47.72803557312253], [-122.3197980816036, 47.72803557312253], [-122.3197980816036, 47.723544017247576]]]}}, {"type": "Feature", "properties": {"cell_id": "r054_c022", "congestion_score": 0.0, "transit_departures": 0.0, "target_count": 0.0, "employment_jobs": 0.0}, "geometry": {"type": "Polygon", "coordinates": [[[-122.31313608548948, 47.723544017247576], [-122.30647408937536, 47.723544017247576], [-122.30647408937536, 47.72803557312253], [-122.31313608548948, 47.72803557312253], [-122.31313608548948, 47.723544017247576]]]}}, {"type": "Feature", "properties": {"cell_id": "r054_c023", "congestion_score": 0.0, "transit_departures": 0.0, "target_count": 0.0, "employment_jobs": 0.0}, "geometry": {"type": "Polygon", "coordinates": [[[-122.30647408937537, 47.723544017247576], [-122.29981209326125, 47.723544017247576], [-122.29981209326125, 47.72803557312253], [-122.30647408937537, 47.72803557312253], [-122.30647408937537, 47.723544017247576]]]}}, {"type": "Feature", "properties": {"cell_id": "r054_c024", "congestion_score": 0.0, "transit_departures": 0.0, "target_count": 0.0, "employment_jobs": 0.0}, "geometry": {"type": "Polygon", "coordinates": [[[-122.29981209326125, 47.723544017247576], [-122.29315009714713, 47.723544017247576], [-122.29315009714713, 47.72803557312253], [-122.29981209326125, 47.72803557312253], [-122.29981209326125, 47.723544017247576]]]}}, {"type": "Feature", "properties": {"cell_id": "r054_c025", "congestion_score": 0.0, "transit_departures": 0.0, "target_count": 0.0, "employment_jobs": 0.0}, "geometry": {"type": "Polygon", "coordinates": [[[-122.29315009714713, 47.723544017247576], [-122.28648810103302, 47.723544017247576], [-122.28648810103302, 47.72803557312253], [-122.29315009714713, 47.72803557312253], [-122.29315009714713, 47.723544017247576]]]}}, {"type": "Feature", "properties": {"cell_id": "r054_c026", "congestion_score": 0.0, "transit_departures": 0.0, "target_count": 0.0, "employment_jobs": 0.0}, "geometry": {"type": "Polygon", "coordinates": [[[-122.28648810103302, 47.723544017247576], [-122.2798261049189, 47.723544017247576], [-122.2798261049189, 47.72803557312253], [-122.28648810103302, 47.72803557312253], [-122.28648810103302, 47.723544017247576]]]}}, {"type": "Feature", "properties": {"cell_id": "r054_c027", "congestion_score": 0.0, "transit_departures": 0.0, "target_count": 0.0, "employment_jobs": 0.0}, "geometry": {"type": "Polygon", "coordinates": [[[-122.27982610491891, 47.723544017247576], [-122.27316410880479, 47.723544017247576], [-122.27316410880479, 47.72803557312253], [-122.27982610491891, 47.72803557312253], [-122.27982610491891, 47.723544017247576]]]}}, {"type": "Feature", "properties": {"cell_id": "r054_c028", "congestion_score": 0.0, "transit_departures": 0.0, "target_count": 0.0, "employment_jobs": 0.0}, "geometry": {"type": "Polygon", "coordinates": [[[-122.27316410880479, 47.723544017247576], [-122.26650211269067, 47.723544017247576], [-122.26650211269067, 47.72803557312253], [-122.27316410880479, 47.72803557312253], [-122.27316410880479, 47.723544017247576]]]}}, {"type": "Feature", "properties": {"cell_id": "r054_c029", "congestion_score": 0.0, "transit_departures": 0.0, "target_count": 0.0, "employment_jobs": 0.0}, "geometry": {"type": "Polygon", "coordinates": [[[-122.26650211269067, 47.723544017247576], [-122.25984011657656, 47.723544017247576], [-122.25984011657656, 47.72803557312253], [-122.26650211269067, 47.72803557312253], [-122.26650211269067, 47.723544017247576]]]}}, {"type": "Feature", "properties": {"cell_id": "r054_c030", "congestion_score": 0.0, "transit_departures": 0.0, "target_count": 0.0, "employment_jobs": 0.0}, "geometry": {"type": "Polygon", "coordinates": [[[-122.25984011657657, 47.723544017247576], [-122.25317812046245, 47.723544017247576], [-122.25317812046245, 47.72803557312253], [-122.25984011657657, 47.72803557312253], [-122.25984011657657, 47.723544017247576]]]}}, {"type": "Feature", "properties": {"cell_id": "r054_c031", "congestion_score": 0.0, "transit_departures": 0.0, "target_count": 0.0, "employment_jobs": 0.0}, "geometry": {"type": "Polygon", "coordinates": [[[-122.25317812046245, 47.723544017247576], [-122.24651612434833, 47.723544017247576], [-122.24651612434833, 47.72803557312253], [-122.25317812046245, 47.72803557312253], [-122.25317812046245, 47.723544017247576]]]}}, {"type": "Feature", "properties": {"cell_id": "r054_c032", "congestion_score": 0.0, "transit_departures": 0.0, "target_count": 0.0, "employment_jobs": 0.0}, "geometry": {"type": "Polygon", "coordinates": [[[-122.24651612434833, 47.723544017247576], [-122.23985412823421, 47.723544017247576], [-122.23985412823421, 47.72803557312253], [-122.24651612434833, 47.72803557312253], [-122.24651612434833, 47.723544017247576]]]}}, {"type": "Feature", "properties": {"cell_id": "r054_c033", "congestion_score": 0.0, "transit_departures": 0.0, "target_count": 0.0, "employment_jobs": 0.0}, "geometry": {"type": "Polygon", "coordinates": [[[-122.23985412823421, 47.723544017247576], [-122.2331921321201, 47.723544017247576], [-122.2331921321201, 47.72803557312253], [-122.23985412823421, 47.72803557312253], [-122.23985412823421, 47.723544017247576]]]}}, {"type": "Feature", "properties": {"cell_id": "r054_c034", "congestion_score": 0.0, "transit_departures": 0.0, "target_count": 0.0, "employment_jobs": 0.0}, "geometry": {"type": "Polygon", "coordinates": [[[-122.23319213212011, 47.723544017247576], [-122.22653013600599, 47.723544017247576], [-122.22653013600599, 47.72803557312253], [-122.23319213212011, 47.72803557312253], [-122.23319213212011, 47.723544017247576]]]}}, {"type": "Feature", "properties": {"cell_id": "r054_c035", "congestion_score": 0.0, "transit_departures": 0.0, "target_count": 0.0, "employment_jobs": 0.0}, "geometry": {"type": "Polygon", "coordinates": [[[-122.22653013600599, 47.723544017247576], [-122.2244, 47.723544017247576], [-122.2244, 47.72803557312253], [-122.22653013600599, 47.72803557312253], [-122.22653013600599, 47.723544017247576]]]}}, {"type": "Feature", "properties": {"cell_id": "r055_c000", "congestion_score": 0.0, "transit_departures": 0.0, "target_count": 0.0, "employment_jobs": 0.0}, "geometry": {"type": "Polygon", "coordinates": [[[-122.4597, 47.72803557312253], [-122.45303800388588, 47.72803557312253], [-122.45303800388588, 47.73252712899749], [-122.4597, 47.73252712899749], [-122.4597, 47.72803557312253]]]}}, {"type": "Feature", "properties": {"cell_id": "r055_c001", "congestion_score": 0.0, "transit_departures": 0.0, "target_count": 0.0, "employment_jobs": 0.0}, "geometry": {"type": "Polygon", "coordinates": [[[-122.45303800388588, 47.72803557312253], [-122.44637600777176, 47.72803557312253], [-122.44637600777176, 47.73252712899749], [-122.45303800388588, 47.73252712899749], [-122.45303800388588, 47.72803557312253]]]}}, {"type": "Feature", "properties": {"cell_id": "r055_c002", "congestion_score": 0.0, "transit_departures": 0.0, "target_count": 0.0, "employment_jobs": 0.0}, "geometry": {"type": "Polygon", "coordinates": [[[-122.44637600777178, 47.72803557312253], [-122.43971401165766, 47.72803557312253], [-122.43971401165766, 47.73252712899749], [-122.44637600777178, 47.73252712899749], [-122.44637600777178, 47.72803557312253]]]}}, {"type": "Feature", "properties": {"cell_id": "r055_c003", "congestion_score": 0.0, "transit_departures": 0.0, "target_count": 0.0, "employment_jobs": 0.0}, "geometry": {"type": "Polygon", "coordinates": [[[-122.43971401165766, 47.72803557312253], [-122.43305201554354, 47.72803557312253], [-122.43305201554354, 47.73252712899749], [-122.43971401165766, 47.73252712899749], [-122.43971401165766, 47.72803557312253]]]}}, {"type": "Feature", "properties": {"cell_id": "r055_c004", "congestion_score": 0.0, "transit_departures": 0.0, "target_count": 0.0, "employment_jobs": 0.0}, "geometry": {"type": "Polygon", "coordinates": [[[-122.43305201554354, 47.72803557312253], [-122.42639001942942, 47.72803557312253], [-122.42639001942942, 47.73252712899749], [-122.43305201554354, 47.73252712899749], [-122.43305201554354, 47.72803557312253]]]}}, {"type": "Feature", "properties": {"cell_id": "r055_c005", "congestion_score": 0.0, "transit_departures": 0.0, "target_count": 0.0, "employment_jobs": 0.0}, "geometry": {"type": "Polygon", "coordinates": [[[-122.42639001942942, 47.72803557312253], [-122.4197280233153, 47.72803557312253], [-122.4197280233153, 47.73252712899749], [-122.42639001942942, 47.73252712899749], [-122.42639001942942, 47.72803557312253]]]}}, {"type": "Feature", "properties": {"cell_id": "r055_c006", "congestion_score": 0.0, "transit_departures": 0.0, "target_count": 0.0, "employment_jobs": 0.0}, "geometry": {"type": "Polygon", "coordinates": [[[-122.41972802331532, 47.72803557312253], [-122.4130660272012, 47.72803557312253], [-122.4130660272012, 47.73252712899749], [-122.41972802331532, 47.73252712899749], [-122.41972802331532, 47.72803557312253]]]}}, {"type": "Feature", "properties": {"cell_id": "r055_c007", "congestion_score": 0.0, "transit_departures": 0.0, "target_count": 0.0, "employment_jobs": 0.0}, "geometry": {"type": "Polygon", "coordinates": [[[-122.4130660272012, 47.72803557312253], [-122.40640403108708, 47.72803557312253], [-122.40640403108708, 47.73252712899749], [-122.4130660272012, 47.73252712899749], [-122.4130660272012, 47.72803557312253]]]}}, {"type": "Feature", "properties": {"cell_id": "r055_c008", "congestion_score": 0.0, "transit_departures": 0.0, "target_count": 0.0, "employment_jobs": 0.0}, "geometry": {"type": "Polygon", "coordinates": [[[-122.40640403108708, 47.72803557312253], [-122.39974203497296, 47.72803557312253], [-122.39974203497296, 47.73252712899749], [-122.40640403108708, 47.73252712899749], [-122.40640403108708, 47.72803557312253]]]}}, {"type": "Feature", "properties": {"cell_id": "r055_c009", "congestion_score": 0.0, "transit_departures": 0.0, "target_count": 0.0, "employment_jobs": 0.0}, "geometry": {"type": "Polygon", "coordinates": [[[-122.39974203497297, 47.72803557312253], [-122.39308003885886, 47.72803557312253], [-122.39308003885886, 47.73252712899749], [-122.39974203497297, 47.73252712899749], [-122.39974203497297, 47.72803557312253]]]}}, {"type": "Feature", "properties": {"cell_id": "r055_c010", "congestion_score": 0.0, "transit_departures": 0.0, "target_count": 0.0, "employment_jobs": 0.0}, "geometry": {"type": "Polygon", "coordinates": [[[-122.39308003885886, 47.72803557312253], [-122.38641804274474, 47.72803557312253], [-122.38641804274474, 47.73252712899749], [-122.39308003885886, 47.73252712899749], [-122.39308003885886, 47.72803557312253]]]}}, {"type": "Feature", "properties": {"cell_id": "r055_c011", "congestion_score": 0.0, "transit_departures": 0.0, "target_count": 0.0, "employment_jobs": 0.0}, "geometry": {"type": "Polygon", "coordinates": [[[-122.38641804274474, 47.72803557312253], [-122.37975604663062, 47.72803557312253], [-122.37975604663062, 47.73252712899749], [-122.38641804274474, 47.73252712899749], [-122.38641804274474, 47.72803557312253]]]}}, {"type": "Feature", "properties": {"cell_id": "r055_c012", "congestion_score": 0.0, "transit_departures": 0.0, "target_count": 0.0, "employment_jobs": 0.0}, "geometry": {"type": "Polygon", "coordinates": [[[-122.37975604663062, 47.72803557312253], [-122.3730940505165, 47.72803557312253], [-122.3730940505165, 47.73252712899749], [-122.37975604663062, 47.73252712899749], [-122.37975604663062, 47.72803557312253]]]}}, {"type": "Feature", "properties": {"cell_id": "r055_c013", "congestion_score": 0.0, "transit_departures": 0.0, "target_count": 0.0, "employment_jobs": 0.0}, "geometry": {"type": "Polygon", "coordinates": [[[-122.37309405051651, 47.72803557312253], [-122.3664320544024, 47.72803557312253], [-122.3664320544024, 47.73252712899749], [-122.37309405051651, 47.73252712899749], [-122.37309405051651, 47.72803557312253]]]}}, {"type": "Feature", "properties": {"cell_id": "r055_c014", "congestion_score": 0.0, "transit_departures": 0.0, "target_count": 0.0, "employment_jobs": 0.0}, "geometry": {"type": "Polygon", "coordinates": [[[-122.3664320544024, 47.72803557312253], [-122.35977005828828, 47.72803557312253], [-122.35977005828828, 47.73252712899749], [-122.3664320544024, 47.73252712899749], [-122.3664320544024, 47.72803557312253]]]}}, {"type": "Feature", "properties": {"cell_id": "r055_c015", "congestion_score": 0.0, "transit_departures": 0.0, "target_count": 0.0, "employment_jobs": 0.0}, "geometry": {"type": "Polygon", "coordinates": [[[-122.35977005828828, 47.72803557312253], [-122.35310806217416, 47.72803557312253], [-122.35310806217416, 47.73252712899749], [-122.35977005828828, 47.73252712899749], [-122.35977005828828, 47.72803557312253]]]}}, {"type": "Feature", "properties": {"cell_id": "r055_c016", "congestion_score": 0.0, "transit_departures": 0.0, "target_count": 0.0, "employment_jobs": 0.0}, "geometry": {"type": "Polygon", "coordinates": [[[-122.35310806217417, 47.72803557312253], [-122.34644606606005, 47.72803557312253], [-122.34644606606005, 47.73252712899749], [-122.35310806217417, 47.73252712899749], [-122.35310806217417, 47.72803557312253]]]}}, {"type": "Feature", "properties": {"cell_id": "r055_c017", "congestion_score": 0.0, "transit_departures": 0.0, "target_count": 0.0, "employment_jobs": 0.0}, "geometry": {"type": "Polygon", "coordinates": [[[-122.34644606606005, 47.72803557312253], [-122.33978406994594, 47.72803557312253], [-122.33978406994594, 47.73252712899749], [-122.34644606606005, 47.73252712899749], [-122.34644606606005, 47.72803557312253]]]}}, {"type": "Feature", "properties": {"cell_id": "r055_c018", "congestion_score": 0.0, "transit_departures": 0.0, "target_count": 0.0, "employment_jobs": 0.0}, "geometry": {"type": "Polygon", "coordinates": [[[-122.33978406994594, 47.72803557312253], [-122.33312207383182, 47.72803557312253], [-122.33312207383182, 47.73252712899749], [-122.33978406994594, 47.73252712899749], [-122.33978406994594, 47.72803557312253]]]}}, {"type": "Feature", "properties": {"cell_id": "r055_c019", "congestion_score": 0.0, "transit_departures": 0.0, "target_count": 0.0, "employment_jobs": 0.0}, "geometry": {"type": "Polygon", "coordinates": [[[-122.33312207383182, 47.72803557312253], [-122.3264600777177, 47.72803557312253], [-122.3264600777177, 47.73252712899749], [-122.33312207383182, 47.73252712899749], [-122.33312207383182, 47.72803557312253]]]}}, {"type": "Feature", "properties": {"cell_id": "r055_c020", "congestion_score": 0.0, "transit_departures": 0.0, "target_count": 0.0, "employment_jobs": 0.0}, "geometry": {"type": "Polygon", "coordinates": [[[-122.32646007771771, 47.72803557312253], [-122.3197980816036, 47.72803557312253], [-122.3197980816036, 47.73252712899749], [-122.32646007771771, 47.73252712899749], [-122.32646007771771, 47.72803557312253]]]}}, {"type": "Feature", "properties": {"cell_id": "r055_c021", "congestion_score": 0.0, "transit_departures": 0.0, "target_count": 0.0, "employment_jobs": 0.0}, "geometry": {"type": "Polygon", "coordinates": [[[-122.3197980816036, 47.72803557312253], [-122.31313608548948, 47.72803557312253], [-122.31313608548948, 47.73252712899749], [-122.3197980816036, 47.73252712899749], [-122.3197980816036, 47.72803557312253]]]}}, {"type": "Feature", "properties": {"cell_id": "r055_c022", "congestion_score": 0.0, "transit_departures": 0.0, "target_count": 0.0, "employment_jobs": 0.0}, "geometry": {"type": "Polygon", "coordinates": [[[-122.31313608548948, 47.72803557312253], [-122.30647408937536, 47.72803557312253], [-122.30647408937536, 47.73252712899749], [-122.31313608548948, 47.73252712899749], [-122.31313608548948, 47.72803557312253]]]}}, {"type": "Feature", "properties": {"cell_id": "r055_c023", "congestion_score": 0.0, "transit_departures": 0.0, "target_count": 0.0, "employment_jobs": 0.0}, "geometry": {"type": "Polygon", "coordinates": [[[-122.30647408937537, 47.72803557312253], [-122.29981209326125, 47.72803557312253], [-122.29981209326125, 47.73252712899749], [-122.30647408937537, 47.73252712899749], [-122.30647408937537, 47.72803557312253]]]}}, {"type": "Feature", "properties": {"cell_id": "r055_c024", "congestion_score": 0.0, "transit_departures": 0.0, "target_count": 0.0, "employment_jobs": 0.0}, "geometry": {"type": "Polygon", "coordinates": [[[-122.29981209326125, 47.72803557312253], [-122.29315009714713, 47.72803557312253], [-122.29315009714713, 47.73252712899749], [-122.29981209326125, 47.73252712899749], [-122.29981209326125, 47.72803557312253]]]}}, {"type": "Feature", "properties": {"cell_id": "r055_c025", "congestion_score": 0.0, "transit_departures": 0.0, "target_count": 0.0, "employment_jobs": 0.0}, "geometry": {"type": "Polygon", "coordinates": [[[-122.29315009714713, 47.72803557312253], [-122.28648810103302, 47.72803557312253], [-122.28648810103302, 47.73252712899749], [-122.29315009714713, 47.73252712899749], [-122.29315009714713, 47.72803557312253]]]}}, {"type": "Feature", "properties": {"cell_id": "r055_c026", "congestion_score": 0.0, "transit_departures": 0.0, "target_count": 0.0, "employment_jobs": 0.0}, "geometry": {"type": "Polygon", "coordinates": [[[-122.28648810103302, 47.72803557312253], [-122.2798261049189, 47.72803557312253], [-122.2798261049189, 47.73252712899749], [-122.28648810103302, 47.73252712899749], [-122.28648810103302, 47.72803557312253]]]}}, {"type": "Feature", "properties": {"cell_id": "r055_c027", "congestion_score": 0.0, "transit_departures": 0.0, "target_count": 0.0, "employment_jobs": 0.0}, "geometry": {"type": "Polygon", "coordinates": [[[-122.27982610491891, 47.72803557312253], [-122.27316410880479, 47.72803557312253], [-122.27316410880479, 47.73252712899749], [-122.27982610491891, 47.73252712899749], [-122.27982610491891, 47.72803557312253]]]}}, {"type": "Feature", "properties": {"cell_id": "r055_c028", "congestion_score": 0.0, "transit_departures": 0.0, "target_count": 0.0, "employment_jobs": 0.0}, "geometry": {"type": "Polygon", "coordinates": [[[-122.27316410880479, 47.72803557312253], [-122.26650211269067, 47.72803557312253], [-122.26650211269067, 47.73252712899749], [-122.27316410880479, 47.73252712899749], [-122.27316410880479, 47.72803557312253]]]}}, {"type": "Feature", "properties": {"cell_id": "r055_c029", "congestion_score": 0.0, "transit_departures": 0.0, "target_count": 0.0, "employment_jobs": 0.0}, "geometry": {"type": "Polygon", "coordinates": [[[-122.26650211269067, 47.72803557312253], [-122.25984011657656, 47.72803557312253], [-122.25984011657656, 47.73252712899749], [-122.26650211269067, 47.73252712899749], [-122.26650211269067, 47.72803557312253]]]}}, {"type": "Feature", "properties": {"cell_id": "r055_c030", "congestion_score": 0.0, "transit_departures": 0.0, "target_count": 0.0, "employment_jobs": 0.0}, "geometry": {"type": "Polygon", "coordinates": [[[-122.25984011657657, 47.72803557312253], [-122.25317812046245, 47.72803557312253], [-122.25317812046245, 47.73252712899749], [-122.25984011657657, 47.73252712899749], [-122.25984011657657, 47.72803557312253]]]}}, {"type": "Feature", "properties": {"cell_id": "r055_c031", "congestion_score": 0.0, "transit_departures": 0.0, "target_count": 0.0, "employment_jobs": 0.0}, "geometry": {"type": "Polygon", "coordinates": [[[-122.25317812046245, 47.72803557312253], [-122.24651612434833, 47.72803557312253], [-122.24651612434833, 47.73252712899749], [-122.25317812046245, 47.73252712899749], [-122.25317812046245, 47.72803557312253]]]}}, {"type": "Feature", "properties": {"cell_id": "r055_c032", "congestion_score": 0.0, "transit_departures": 0.0, "target_count": 0.0, "employment_jobs": 0.0}, "geometry": {"type": "Polygon", "coordinates": [[[-122.24651612434833, 47.72803557312253], [-122.23985412823421, 47.72803557312253], [-122.23985412823421, 47.73252712899749], [-122.24651612434833, 47.73252712899749], [-122.24651612434833, 47.72803557312253]]]}}, {"type": "Feature", "properties": {"cell_id": "r055_c033", "congestion_score": 0.0, "transit_departures": 0.0, "target_count": 0.0, "employment_jobs": 0.0}, "geometry": {"type": "Polygon", "coordinates": [[[-122.23985412823421, 47.72803557312253], [-122.2331921321201, 47.72803557312253], [-122.2331921321201, 47.73252712899749], [-122.23985412823421, 47.73252712899749], [-122.23985412823421, 47.72803557312253]]]}}, {"type": "Feature", "properties": {"cell_id": "r055_c034", "congestion_score": 0.0, "transit_departures": 0.0, "target_count": 0.0, "employment_jobs": 0.0}, "geometry": {"type": "Polygon", "coordinates": [[[-122.23319213212011, 47.72803557312253], [-122.22653013600599, 47.72803557312253], [-122.22653013600599, 47.73252712899749], [-122.23319213212011, 47.73252712899749], [-122.23319213212011, 47.72803557312253]]]}}, {"type": "Feature", "properties": {"cell_id": "r055_c035", "congestion_score": 0.0, "transit_departures": 0.0, "target_count": 0.0, "employment_jobs": 0.0}, "geometry": {"type": "Polygon", "coordinates": [[[-122.22653013600599, 47.72803557312253], [-122.2244, 47.72803557312253], [-122.2244, 47.73252712899749], [-122.22653013600599, 47.73252712899749], [-122.22653013600599, 47.72803557312253]]]}}, {"type": "Feature", "properties": {"cell_id": "r056_c000", "congestion_score": 0.0, "transit_departures": 0.0, "target_count": 0.0, "employment_jobs": 0.0}, "geometry": {"type": "Polygon", "coordinates": [[[-122.4597, 47.73252712899749], [-122.45303800388588, 47.73252712899749], [-122.45303800388588, 47.734], [-122.4597, 47.734], [-122.4597, 47.73252712899749]]]}}, {"type": "Feature", "properties": {"cell_id": "r056_c001", "congestion_score": 0.0, "transit_departures": 0.0, "target_count": 0.0, "employment_jobs": 0.0}, "geometry": {"type": "Polygon", "coordinates": [[[-122.45303800388588, 47.73252712899749], [-122.44637600777176, 47.73252712899749], [-122.44637600777176, 47.734], [-122.45303800388588, 47.734], [-122.45303800388588, 47.73252712899749]]]}}, {"type": "Feature", "properties": {"cell_id": "r056_c002", "congestion_score": 0.0, "transit_departures": 0.0, "target_count": 0.0, "employment_jobs": 0.0}, "geometry": {"type": "Polygon", "coordinates": [[[-122.44637600777178, 47.73252712899749], [-122.43971401165766, 47.73252712899749], [-122.43971401165766, 47.734], [-122.44637600777178, 47.734], [-122.44637600777178, 47.73252712899749]]]}}, {"type": "Feature", "properties": {"cell_id": "r056_c003", "congestion_score": 0.0, "transit_departures": 0.0, "target_count": 0.0, "employment_jobs": 0.0}, "geometry": {"type": "Polygon", "coordinates": [[[-122.43971401165766, 47.73252712899749], [-122.43305201554354, 47.73252712899749], [-122.43305201554354, 47.734], [-122.43971401165766, 47.734], [-122.43971401165766, 47.73252712899749]]]}}, {"type": "Feature", "properties": {"cell_id": "r056_c004", "congestion_score": 0.0, "transit_departures": 0.0, "target_count": 0.0, "employment_jobs": 0.0}, "geometry": {"type": "Polygon", "coordinates": [[[-122.43305201554354, 47.73252712899749], [-122.42639001942942, 47.73252712899749], [-122.42639001942942, 47.734], [-122.43305201554354, 47.734], [-122.43305201554354, 47.73252712899749]]]}}, {"type": "Feature", "properties": {"cell_id": "r056_c005", "congestion_score": 0.0, "transit_departures": 0.0, "target_count": 0.0, "employment_jobs": 0.0}, "geometry": {"type": "Polygon", "coordinates": [[[-122.42639001942942, 47.73252712899749], [-122.4197280233153, 47.73252712899749], [-122.4197280233153, 47.734], [-122.42639001942942, 47.734], [-122.42639001942942, 47.73252712899749]]]}}, {"type": "Feature", "properties": {"cell_id": "r056_c006", "congestion_score": 0.0, "transit_departures": 0.0, "target_count": 0.0, "employment_jobs": 0.0}, "geometry": {"type": "Polygon", "coordinates": [[[-122.41972802331532, 47.73252712899749], [-122.4130660272012, 47.73252712899749], [-122.4130660272012, 47.734], [-122.41972802331532, 47.734], [-122.41972802331532, 47.73252712899749]]]}}, {"type": "Feature", "properties": {"cell_id": "r056_c007", "congestion_score": 0.0, "transit_departures": 0.0, "target_count": 0.0, "employment_jobs": 0.0}, "geometry": {"type": "Polygon", "coordinates": [[[-122.4130660272012, 47.73252712899749], [-122.40640403108708, 47.73252712899749], [-122.40640403108708, 47.734], [-122.4130660272012, 47.734], [-122.4130660272012, 47.73252712899749]]]}}, {"type": "Feature", "properties": {"cell_id": "r056_c008", "congestion_score": 0.0, "transit_departures": 0.0, "target_count": 0.0, "employment_jobs": 0.0}, "geometry": {"type": "Polygon", "coordinates": [[[-122.40640403108708, 47.73252712899749], [-122.39974203497296, 47.73252712899749], [-122.39974203497296, 47.734], [-122.40640403108708, 47.734], [-122.40640403108708, 47.73252712899749]]]}}, {"type": "Feature", "properties": {"cell_id": "r056_c009", "congestion_score": 0.0, "transit_departures": 0.0, "target_count": 0.0, "employment_jobs": 0.0}, "geometry": {"type": "Polygon", "coordinates": [[[-122.39974203497297, 47.73252712899749], [-122.39308003885886, 47.73252712899749], [-122.39308003885886, 47.734], [-122.39974203497297, 47.734], [-122.39974203497297, 47.73252712899749]]]}}, {"type": "Feature", "properties": {"cell_id": "r056_c010", "congestion_score": 0.0, "transit_departures": 0.0, "target_count": 0.0, "employment_jobs": 0.0}, "geometry": {"type": "Polygon", "coordinates": [[[-122.39308003885886, 47.73252712899749], [-122.38641804274474, 47.73252712899749], [-122.38641804274474, 47.734], [-122.39308003885886, 47.734], [-122.39308003885886, 47.73252712899749]]]}}, {"type": "Feature", "properties": {"cell_id": "r056_c011", "congestion_score": 0.0, "transit_departures": 0.0, "target_count": 0.0, "employment_jobs": 0.0}, "geometry": {"type": "Polygon", "coordinates": [[[-122.38641804274474, 47.73252712899749], [-122.37975604663062, 47.73252712899749], [-122.37975604663062, 47.734], [-122.38641804274474, 47.734], [-122.38641804274474, 47.73252712899749]]]}}, {"type": "Feature", "properties": {"cell_id": "r056_c012", "congestion_score": 0.0, "transit_departures": 0.0, "target_count": 0.0, "employment_jobs": 0.0}, "geometry": {"type": "Polygon", "coordinates": [[[-122.37975604663062, 47.73252712899749], [-122.3730940505165, 47.73252712899749], [-122.3730940505165, 47.734], [-122.37975604663062, 47.734], [-122.37975604663062, 47.73252712899749]]]}}, {"type": "Feature", "properties": {"cell_id": "r056_c013", "congestion_score": 0.0, "transit_departures": 0.0, "target_count": 0.0, "employment_jobs": 0.0}, "geometry": {"type": "Polygon", "coordinates": [[[-122.37309405051651, 47.73252712899749], [-122.3664320544024, 47.73252712899749], [-122.3664320544024, 47.734], [-122.37309405051651, 47.734], [-122.37309405051651, 47.73252712899749]]]}}, {"type": "Feature", "properties": {"cell_id": "r056_c014", "congestion_score": 0.0, "transit_departures": 0.0, "target_count": 0.0, "employment_jobs": 0.0}, "geometry": {"type": "Polygon", "coordinates": [[[-122.3664320544024, 47.73252712899749], [-122.35977005828828, 47.73252712899749], [-122.35977005828828, 47.734], [-122.3664320544024, 47.734], [-122.3664320544024, 47.73252712899749]]]}}, {"type": "Feature", "properties": {"cell_id": "r056_c015", "congestion_score": 0.0, "transit_departures": 0.0, "target_count": 0.0, "employment_jobs": 0.0}, "geometry": {"type": "Polygon", "coordinates": [[[-122.35977005828828, 47.73252712899749], [-122.35310806217416, 47.73252712899749], [-122.35310806217416, 47.734], [-122.35977005828828, 47.734], [-122.35977005828828, 47.73252712899749]]]}}, {"type": "Feature", "properties": {"cell_id": "r056_c016", "congestion_score": 0.0, "transit_departures": 0.0, "target_count": 0.0, "employment_jobs": 0.0}, "geometry": {"type": "Polygon", "coordinates": [[[-122.35310806217417, 47.73252712899749], [-122.34644606606005, 47.73252712899749], [-122.34644606606005, 47.734], [-122.35310806217417, 47.734], [-122.35310806217417, 47.73252712899749]]]}}, {"type": "Feature", "properties": {"cell_id": "r056_c017", "congestion_score": 0.0, "transit_departures": 0.0, "target_count": 0.0, "employment_jobs": 0.0}, "geometry": {"type": "Polygon", "coordinates": [[[-122.34644606606005, 47.73252712899749], [-122.33978406994594, 47.73252712899749], [-122.33978406994594, 47.734], [-122.34644606606005, 47.734], [-122.34644606606005, 47.73252712899749]]]}}, {"type": "Feature", "properties": {"cell_id": "r056_c018", "congestion_score": 0.0, "transit_departures": 0.0, "target_count": 0.0, "employment_jobs": 0.0}, "geometry": {"type": "Polygon", "coordinates": [[[-122.33978406994594, 47.73252712899749], [-122.33312207383182, 47.73252712899749], [-122.33312207383182, 47.734], [-122.33978406994594, 47.734], [-122.33978406994594, 47.73252712899749]]]}}, {"type": "Feature", "properties": {"cell_id": "r056_c019", "congestion_score": 0.0, "transit_departures": 0.0, "target_count": 0.0, "employment_jobs": 0.0}, "geometry": {"type": "Polygon", "coordinates": [[[-122.33312207383182, 47.73252712899749], [-122.3264600777177, 47.73252712899749], [-122.3264600777177, 47.734], [-122.33312207383182, 47.734], [-122.33312207383182, 47.73252712899749]]]}}, {"type": "Feature", "properties": {"cell_id": "r056_c020", "congestion_score": 0.0, "transit_departures": 0.0, "target_count": 0.0, "employment_jobs": 0.0}, "geometry": {"type": "Polygon", "coordinates": [[[-122.32646007771771, 47.73252712899749], [-122.3197980816036, 47.73252712899749], [-122.3197980816036, 47.734], [-122.32646007771771, 47.734], [-122.32646007771771, 47.73252712899749]]]}}, {"type": "Feature", "properties": {"cell_id": "r056_c021", "congestion_score": 0.0, "transit_departures": 0.0, "target_count": 0.0, "employment_jobs": 0.0}, "geometry": {"type": "Polygon", "coordinates": [[[-122.3197980816036, 47.73252712899749], [-122.31313608548948, 47.73252712899749], [-122.31313608548948, 47.734], [-122.3197980816036, 47.734], [-122.3197980816036, 47.73252712899749]]]}}, {"type": "Feature", "properties": {"cell_id": "r056_c022", "congestion_score": 0.0, "transit_departures": 0.0, "target_count": 0.0, "employment_jobs": 0.0}, "geometry": {"type": "Polygon", "coordinates": [[[-122.31313608548948, 47.73252712899749], [-122.30647408937536, 47.73252712899749], [-122.30647408937536, 47.734], [-122.31313608548948, 47.734], [-122.31313608548948, 47.73252712899749]]]}}, {"type": "Feature", "properties": {"cell_id": "r056_c023", "congestion_score": 0.0, "transit_departures": 0.0, "target_count": 0.0, "employment_jobs": 0.0}, "geometry": {"type": "Polygon", "coordinates": [[[-122.30647408937537, 47.73252712899749], [-122.29981209326125, 47.73252712899749], [-122.29981209326125, 47.734], [-122.30647408937537, 47.734], [-122.30647408937537, 47.73252712899749]]]}}, {"type": "Feature", "properties": {"cell_id": "r056_c024", "congestion_score": 0.0, "transit_departures": 0.0, "target_count": 0.0, "employment_jobs": 0.0}, "geometry": {"type": "Polygon", "coordinates": [[[-122.29981209326125, 47.73252712899749], [-122.29315009714713, 47.73252712899749], [-122.29315009714713, 47.734], [-122.29981209326125, 47.734], [-122.29981209326125, 47.73252712899749]]]}}, {"type": "Feature", "properties": {"cell_id": "r056_c025", "congestion_score": 0.0, "transit_departures": 0.0, "target_count": 0.0, "employment_jobs": 0.0}, "geometry": {"type": "Polygon", "coordinates": [[[-122.29315009714713, 47.73252712899749], [-122.28648810103302, 47.73252712899749], [-122.28648810103302, 47.734], [-122.29315009714713, 47.734], [-122.29315009714713, 47.73252712899749]]]}}, {"type": "Feature", "properties": {"cell_id": "r056_c026", "congestion_score": 0.0, "transit_departures": 0.0, "target_count": 0.0, "employment_jobs": 0.0}, "geometry": {"type": "Polygon", "coordinates": [[[-122.28648810103302, 47.73252712899749], [-122.2798261049189, 47.73252712899749], [-122.2798261049189, 47.734], [-122.28648810103302, 47.734], [-122.28648810103302, 47.73252712899749]]]}}, {"type": "Feature", "properties": {"cell_id": "r056_c027", "congestion_score": 0.0, "transit_departures": 0.0, "target_count": 0.0, "employment_jobs": 0.0}, "geometry": {"type": "Polygon", "coordinates": [[[-122.27982610491891, 47.73252712899749], [-122.27316410880479, 47.73252712899749], [-122.27316410880479, 47.734], [-122.27982610491891, 47.734], [-122.27982610491891, 47.73252712899749]]]}}, {"type": "Feature", "properties": {"cell_id": "r056_c028", "congestion_score": 0.0, "transit_departures": 0.0, "target_count": 0.0, "employment_jobs": 0.0}, "geometry": {"type": "Polygon", "coordinates": [[[-122.27316410880479, 47.73252712899749], [-122.26650211269067, 47.73252712899749], [-122.26650211269067, 47.734], [-122.27316410880479, 47.734], [-122.27316410880479, 47.73252712899749]]]}}, {"type": "Feature", "properties": {"cell_id": "r056_c029", "congestion_score": 0.0, "transit_departures": 0.0, "target_count": 0.0, "employment_jobs": 0.0}, "geometry": {"type": "Polygon", "coordinates": [[[-122.26650211269067, 47.73252712899749], [-122.25984011657656, 47.73252712899749], [-122.25984011657656, 47.734], [-122.26650211269067, 47.734], [-122.26650211269067, 47.73252712899749]]]}}, {"type": "Feature", "properties": {"cell_id": "r056_c030", "congestion_score": 0.0, "transit_departures": 0.0, "target_count": 0.0, "employment_jobs": 0.0}, "geometry": {"type": "Polygon", "coordinates": [[[-122.25984011657657, 47.73252712899749], [-122.25317812046245, 47.73252712899749], [-122.25317812046245, 47.734], [-122.25984011657657, 47.734], [-122.25984011657657, 47.73252712899749]]]}}, {"type": "Feature", "properties": {"cell_id": "r056_c031", "congestion_score": 0.0, "transit_departures": 0.0, "target_count": 0.0, "employment_jobs": 0.0}, "geometry": {"type": "Polygon", "coordinates": [[[-122.25317812046245, 47.73252712899749], [-122.24651612434833, 47.73252712899749], [-122.24651612434833, 47.734], [-122.25317812046245, 47.734], [-122.25317812046245, 47.73252712899749]]]}}, {"type": "Feature", "properties": {"cell_id": "r056_c032", "congestion_score": 0.0, "transit_departures": 0.0, "target_count": 0.0, "employment_jobs": 0.0}, "geometry": {"type": "Polygon", "coordinates": [[[-122.24651612434833, 47.73252712899749], [-122.23985412823421, 47.73252712899749], [-122.23985412823421, 47.734], [-122.24651612434833, 47.734], [-122.24651612434833, 47.73252712899749]]]}}, {"type": "Feature", "properties": {"cell_id": "r056_c033", "congestion_score": 0.0, "transit_departures": 0.0, "target_count": 0.0, "employment_jobs": 0.0}, "geometry": {"type": "Polygon", "coordinates": [[[-122.23985412823421, 47.73252712899749], [-122.2331921321201, 47.73252712899749], [-122.2331921321201, 47.734], [-122.23985412823421, 47.734], [-122.23985412823421, 47.73252712899749]]]}}, {"type": "Feature", "properties": {"cell_id": "r056_c034", "congestion_score": 0.0, "transit_departures": 0.0, "target_count": 0.0, "employment_jobs": 0.0}, "geometry": {"type": "Polygon", "coordinates": [[[-122.23319213212011, 47.73252712899749], [-122.22653013600599, 47.73252712899749], [-122.22653013600599, 47.734], [-122.23319213212011, 47.734], [-122.23319213212011, 47.73252712899749]]]}}, {"type": "Feature", "properties": {"cell_id": "r056_c035", "congestion_score": 0.0, "transit_departures": 0.0, "target_count": 0.0, "employment_jobs": 0.0}, "geometry": {"type": "Polygon", "coordinates": [[[-122.22653013600599, 47.73252712899749], [-122.2244, 47.73252712899749], [-122.2244, 47.734], [-122.22653013600599, 47.734], [-122.22653013600599, 47.73252712899749]]]}}]}