"date","fremont_bridge","fremont_bridge_nb","fremont_bridge_sb"
"2026-03-31T23:00:00.000","22","18","4"
"2026-03-31T22:00:00.000","54","34","20"
"2026-03-31T21:00:00.000","76","47","29"
"2026-03-31T20:00:00.000","67","31","36"
"2026-03-31T19:00:00.000","170","120","50"
"2026-03-31T18:00:00.000","345","255","90"
"2026-03-31T17:00:00.000","566","437","129"
"2026-03-31T16:00:00.000","433","318","115"
"2026-03-31T15:00:00.000","252","177","75"
"2026-03-31T14:00:00.000","145","103","42"
"2026-03-31T13:00:00.000","115","70","45"
"2026-03-31T12:00:00.000","118","63","55"
"2026-03-31T11:00:00.000","94","47","47"
"2026-03-31T10:00:00.000","112","41","71"
"2026-03-31T09:00:00.000","314","87","227"
"2026-03-31T08:00:00.000","490","110","380"
"2026-03-31T07:00:00.000","307","76","231"
"2026-03-31T06:00:00.000","117","46","71"
"2026-03-31T05:00:00.000","43","22","21"
"2026-03-31T04:00:00.000","33","29","4"
"2026-03-31T03:00:00.000","17","14","3"
"2026-03-31T02:00:00.000","10","9","1"
"2026-03-31T01:00:00.000","8","7","1"
"2026-03-31T00:00:00.000","14","13","1"
"2026-03-30T23:00:00.000","32","27","5"
"2026-03-30T22:00:00.000","45","40","5"
"2026-03-30T21:00:00.000","42","27","15"
"2026-03-30T20:00:00.000","59","38","21"
"2026-03-30T19:00:00.000","170","118","52"
"2026-03-30T18:00:00.000","329","217","112"
"2026-03-30T17:00:00.000","498","388","110"
"2026-03-30T16:00:00.000","379","277","102"
"2026-03-30T15:00:00.000","217","144","73"
"2026-03-30T14:00:00.000","142","92","50"
"2026-03-30T13:00:00.000","105","65","40"
"2026-03-30T12:00:00.000","134","75","59"
"2026-03-30T11:00:00.000","93","43","50"
"2026-03-30T10:00:00.000","135","47","88"
"2026-03-30T09:00:00.000","264","70","194"
"2026-03-30T08:00:00.000","397","101","296"
"2026-03-30T07:00:00.000","224","75","149"
"2026-03-30T06:00:00.000","99","32","67"
"2026-03-30T05:00:00.000","38","23","15"
"2026-03-30T04:00:00.000","20","18","2"
"2026-03-30T03:00:00.000","21","19","2"
"2026-03-30T02:00:00.000","17","15","2"
"2026-03-30T01:00:00.000","17","16","1"
"2026-03-30T00:00:00.000","29","26","3"
"2026-03-29T23:00:00.000","23","21","2"
"2026-03-29T22:00:00.000","25","17","8"
"2026-03-29T21:00:00.000","24","15","9"
"2026-03-29T20:00:00.000","21","15","6"
"2026-03-29T19:00:00.000","37","26","11"
"2026-03-29T18:00:00.000","49","38","11"
"2026-03-29T17:00:00.000","40","26","14"
"2026-03-29T16:00:00.000","47","29","18"
"2026-03-29T15:00:00.000","53","32","21"
"2026-03-29T14:00:00.000","57","33","24"
"2026-03-29T13:00:00.000","108","55","53"
"2026-03-29T12:00:00.000","141","87","54"
"2026-03-29T11:00:00.000","113","71","42"
"2026-03-29T10:00:00.000","130","75","55"
"2026-03-29T09:00:00.000","82","54","28"
"2026-03-29T08:00:00.000","51","25","26"
"2026-03-29T07:00:00.000","25","18","7"
"2026-03-29T06:00:00.000","18","13","5"
"2026-03-29T05:00:00.000","14","13","1"
"2026-03-29T04:00:00.000","11","10","1"
"2026-03-29T03:00:00.000","7","5","2"
"2026-03-29T02:00:00.000","26","19","7"
"2026-03-29T01:00:00.000","21","20","1"
"2026-03-29T00:00:00.000","22","10","12"
"2026-03-28T23:00:00.000","33","22","11"
"2026-03-28T22:00:00.000","48","27","21"
"2026-03-28T21:00:00.000","86","55","31"
"2026-03-28T20:00:00.000","73","48","25"
"2026-03-28T19:00:00.000","117","41","76"
"2026-03-28T18:00:00.000","151","89","62"
"2026-03-28T17:00:00.000","225","139","86"
"2026-03-28T16:00:00.000","313","191","122"
"2026-03-28T15:00:00.000","333","243","90"
"2026-03-28T14:00:00.000","294","186","108"
"2026-03-28T13:00:00.000","257","121","136"
"2026-03-28T12:00:00.000","269","125","144"
"2026-03-28T11:00:00.000","218","115","103"
"2026-03-28T10:00:00.000","148","72","76"
"2026-03-28T09:00:00.000","131","88","43"
"2026-03-28T08:00:00.000","103","65","38"
"2026-03-28T07:00:00.000","37","23","14"
"2026-03-28T06:00:00.000","37","30","7"
"2026-03-28T05:00:00.000","21","18","3"
"2026-03-28T04:00:00.000","15","12","3"
"2026-03-28T03:00:00.000","14","14","0"
"2026-03-28T02:00:00.000","22","17","5"
"2026-03-28T01:00:00.000","22","14","8"
"2026-03-28T00:00:00.000","26","22","4"
"2026-03-27T23:00:00.000","39","30","9"
"2026-03-27T22:00:00.000","87","42","45"
"2026-03-27T21:00:00.000","106","57","49"
"2026-03-27T20:00:00.000","93","55","38"
"2026-03-27T19:00:00.000","167","87","80"
"2026-03-27T18:00:00.000","301","183","118"
"2026-03-27T17:00:00.000","404","283","121"
"2026-03-27T16:00:00.000","409","280","129"
"2026-03-27T15:00:00.000","228","165","63"
"2026-03-27T14:00:00.000","185","121","64"
"2026-03-27T13:00:00.000","157","99","58"
"2026-03-27T12:00:00.000","124","75","49"
"2026-03-27T11:00:00.000","127","64","63"
"2026-03-27T10:00:00.000","137","64","73"
"2026-03-27T09:00:00.000","197","56","141"
"2026-03-27T08:00:00.000","323","78","245"
"2026-03-27T07:00:00.000","171","59","112"
"2026-03-27T06:00:00.000","94","51","43"
"2026-03-27T05:00:00.000","36","26","10"
"2026-03-27T04:00:00.000","26","23","3"
"2026-03-27T03:00:00.000","13","11","2"
"2026-03-27T02:00:00.000","14","13","1"
"2026-03-27T01:00:00.000","16","14","2"
"2026-03-27T00:00:00.000","25","20","5"
"2026-03-26T23:00:00.000","29","23","6"
"2026-03-26T22:00:00.000","80","63","17"
"2026-03-26T21:00:00.000","67","29","38"
"2026-03-26T20:00:00.000","110","74","36"
"2026-03-26T19:00:00.000","178","114","64"
"2026-03-26T18:00:00.000","339","214","125"
"2026-03-26T17:00:00.000","565","430","135"
"2026-03-26T16:00:00.000","417","293","124"
"2026-03-26T15:00:00.000","252","175","77"
"2026-03-26T14:00:00.000","152","96","56"
"2026-03-26T13:00:00.000","121","75","46"
"2026-03-26T12:00:00.000","120","70","50"
"2026-03-26T11:00:00.000","116","50","66"
"2026-03-26T10:00:00.000","135","46","89"
"2026-03-26T09:00:00.000","268","85","183"
"2026-03-26T08:00:00.000","406","100","306"
"2026-03-26T07:00:00.000","246","74","172"
"2026-03-26T06:00:00.000","88","25","63"
"2026-03-26T05:00:00.000","35","19","16"
"2026-03-26T04:00:00.000","17","12","5"
"2026-03-26T03:00:00.000","25","23","2"
"2026-03-26T02:00:00.000","14","14","0"
"2026-03-26T01:00:00.000","20","20","0"
"2026-03-26T00:00:00.000","7","5","2"
"2026-03-25T23:00:00.000","23","19","4"
"2026-03-25T22:00:00.000","39","29","10"
"2026-03-25T21:00:00.000","61","35","26"
"2026-03-25T20:00:00.000","102","62","40"
"2026-03-25T19:00:00.000","167","118","49"
"2026-03-25T18:00:00.000","306","224","82"
"2026-03-25T17:00:00.000","468","387","81"
"2026-03-25T16:00:00.000","301","245","56"
"2026-03-25T15:00:00.000","180","131","49"
"2026-03-25T14:00:00.000","92","72","20"
"2026-03-25T13:00:00.000","59","34","25"
"2026-03-25T12:00:00.000","90","49","41"
"2026-03-25T11:00:00.000","100","49","51"
"2026-03-25T10:00:00.000","120","46","74"
"2026-03-25T09:00:00.000","289","78","211"
"2026-03-25T08:00:00.000","444","86","358"
"2026-03-25T07:00:00.000","249","67","182"
"2026-03-25T06:00:00.000","92","38","54"
"2026-03-25T05:00:00.000","34","18","16"
"2026-03-25T04:00:00.000","16","15","1"
"2026-03-25T03:00:00.000","5","5","0"
"2026-03-25T02:00:00.000","10","9","1"
"2026-03-25T01:00:00.000","17","16","1"
"2026-03-25T00:00:00.000","11","10","1"
"2026-03-24T23:00:00.000","34","28","6"
"2026-03-24T22:00:00.000","40","28","12"
"2026-03-24T21:00:00.000","47","24","23"
"2026-03-24T20:00:00.000","70","43","27"
"2026-03-24T19:00:00.000","109","73","36"
"2026-03-24T18:00:00.000","239","173","66"
"2026-03-24T17:00:00.000","293","238","55"
"2026-03-24T16:00:00.000","187","141","46"
"2026-03-24T15:00:00.000","90","71","19"
"2026-03-24T14:00:00.000","61","47","14"
"2026-03-24T13:00:00.000","45","26","19"
"2026-03-24T12:00:00.000","50","20","30"
"2026-03-24T11:00:00.000","43","29","14"
"2026-03-24T10:00:00.000","61","21","40"
"2026-03-24T09:00:00.000","137","41","96"
"2026-03-24T08:00:00.000","198","41","157"
"2026-03-24T07:00:00.000","149","43","106"
"2026-03-24T06:00:00.000","71","29","42"
"2026-03-24T05:00:00.000","35","19","16"
"2026-03-24T04:00:00.000","22","18","4"
"2026-03-24T03:00:00.000","19","18","1"
"2026-03-24T02:00:00.000","14","13","1"
"2026-03-24T01:00:00.000","13","12","1"
"2026-03-24T00:00:00.000","13","9","4"
"2026-03-23T23:00:00.000","27","22","5"
"2026-03-23T22:00:00.000","30","18","12"
"2026-03-23T21:00:00.000","51","36","15"
"2026-03-23T20:00:00.000","58","44","14"
"2026-03-23T19:00:00.000","107","75","32"
"2026-03-23T18:00:00.000","294","212","82"
"2026-03-23T17:00:00.000","455","366","89"
"2026-03-23T16:00:00.000","299","237","62"
"2026-03-23T15:00:00.000","185","129","56"
"2026-03-23T14:00:00.000","139","97","42"
"2026-03-23T13:00:00.000","111","69","42"
"2026-03-23T12:00:00.000","78","45","33"
"2026-03-23T11:00:00.000","106","53","53"
"2026-03-23T10:00:00.000","126","44","82"
"2026-03-23T09:00:00.000","236","60","176"
"2026-03-23T08:00:00.000","396","86","310"
"2026-03-23T07:00:00.000","239","70","169"
"2026-03-23T06:00:00.000","110","40","70"
"2026-03-23T05:00:00.000","39","26","13"
"2026-03-23T04:00:00.000","21","16","5"
"2026-03-23T03:00:00.000","20","18","2"
"2026-03-23T02:00:00.000","15","15","0"
"2026-03-23T01:00:00.000","7","7","0"
"2026-03-23T00:00:00.000","26","24","2"
"2026-03-22T23:00:00.000","24","18","6"
"2026-03-22T22:00:00.000","22","17","5"
"2026-03-22T21:00:00.000","61","39","22"
"2026-03-22T20:00:00.000","43","25","18"
"2026-03-22T19:00:00.000","76","41","35"
"2026-03-22T18:00:00.000","142","70","72"
"2026-03-22T17:00:00.000","160","90","70"
"2026-03-22T16:00:00.000","184","99","85"
"2026-03-22T15:00:00.000","217","133","84"
"2026-03-22T14:00:00.000","171","96","75"
"2026-03-22T13:00:00.000","86","59","27"
"2026-03-22T12:00:00.000","140","85","55"
"2026-03-22T11:00:00.000","120","79","41"
"2026-03-22T10:00:00.000","115","66","49"
"2026-03-22T09:00:00.000","85","48","37"
"2026-03-22T08:00:00.000","49","27","22"
"2026-03-22T07:00:00.000","49","35","14"
"2026-03-22T06:00:00.000","18","9","9"
"2026-03-22T05:00:00.000","19","16","3"
"2026-03-22T04:00:00.000","24","23","1"
"2026-03-22T03:00:00.000","13","12","1"
"2026-03-22T02:00:00.000","28","25","3"
"2026-03-22T01:00:00.000","18","11","7"
"2026-03-22T00:00:00.000","27","18","9"
"2026-03-21T23:00:00.000","37","24","13"
"2026-03-21T22:00:00.000","53","34","19"
"2026-03-21T21:00:00.000","80","52","28"
"2026-03-21T20:00:00.000","58","33","25"
"2026-03-21T19:00:00.000","146","61","85"
"2026-03-21T18:00:00.000","185","108","77"
"2026-03-21T17:00:00.000","203","133","70"
"2026-03-21T16:00:00.000","219","130","89"
"2026-03-21T15:00:00.000","196","123","73"
"2026-03-21T14:00:00.000","212","116","96"
"2026-03-21T13:00:00.000","197","129","68"
"2026-03-21T12:00:00.000","170","104","66"
"2026-03-21T11:00:00.000","108","66","42"
"2026-03-21T10:00:00.000","126","68","58"
"2026-03-21T09:00:00.000","90","53","37"
"2026-03-21T08:00:00.000","73","48","25"
"2026-03-21T07:00:00.000","35","29","6"
"2026-03-21T06:00:00.000","22","10","12"
"2026-03-21T05:00:00.000","20","14","6"
"2026-03-21T04:00:00.000","10","9","1"
"2026-03-21T03:00:00.000","8","6","2"
"2026-03-21T02:00:00.000","16","12","4"
"2026-03-21T01:00:00.000","15","6","9"
"2026-03-21T00:00:00.000","30","23","7"
"2026-03-20T23:00:00.000","45","31","14"
"2026-03-20T22:00:00.000","65","47","18"
"2026-03-20T21:00:00.000","55","32","23"
"2026-03-20T20:00:00.000","73","43","30"
"2026-03-20T19:00:00.000","125","85","40"
"2026-03-20T18:00:00.000","183","116","67"
"2026-03-20T17:00:00.000","263","188","75"
"2026-03-20T16:00:00.000","279","201","78"
"2026-03-20T15:00:00.000","190","132","58"
"2026-03-20T14:00:00.000","112","62","50"
"2026-03-20T13:00:00.000","105","68","37"
"2026-03-20T12:00:00.000","68","46","22"
"2026-03-20T11:00:00.000","76","47","29"
"2026-03-20T10:00:00.000","49","23","26"
"2026-03-20T09:00:00.000","113","32","81"
"2026-03-20T08:00:00.000","183","40","143"
"2026-03-20T07:00:00.000","120","39","81"
"2026-03-20T06:00:00.000","52","20","32"
"2026-03-20T05:00:00.000","24","11","13"
"2026-03-20T04:00:00.000","15","12","3"
"2026-03-20T03:00:00.000","10","9","1"
"2026-03-20T02:00:00.000","15","14","1"
"2026-03-20T01:00:00.000","19","14","5"
"2026-03-20T00:00:00.000","11","8","3"
"2026-03-19T23:00:00.000","24","15","9"
"2026-03-19T22:00:00.000","28","16","12"
"2026-03-19T21:00:00.000","43","29","14"
"2026-03-19T20:00:00.000","44","24","20"
"2026-03-19T19:00:00.000","69","52","17"
"2026-03-19T18:00:00.000","183","134","49"
"2026-03-19T17:00:00.000","327","262","65"
"2026-03-19T16:00:00.000","241","195","46"
"2026-03-19T15:00:00.000","121","88","33"
"2026-03-19T14:00:00.000","76","50","26"
"2026-03-19T13:00:00.000","65","42","23"
"2026-03-19T12:00:00.000","72","45","27"
"2026-03-19T11:00:00.000","60","33","27"
"2026-03-19T10:00:00.000","73","31","42"
"2026-03-19T09:00:00.000","169","50","119"
"2026-03-19T08:00:00.000","250","67","183"
"2026-03-19T07:00:00.000","191","52","139"
"2026-03-19T06:00:00.000","71","30","41"
"2026-03-19T05:00:00.000","36","21","15"
"2026-03-19T04:00:00.000","10","6","4"
"2026-03-19T03:00:00.000","9","7","2"
"2026-03-19T02:00:00.000","13","12","1"
"2026-03-19T01:00:00.000","13","12","1"
"2026-03-19T00:00:00.000","11","9","2"
"2026-03-18T23:00:00.000","22","21","1"
"2026-03-18T22:00:00.000","29","20","9"
"2026-03-18T21:00:00.000","39","21","18"
"2026-03-18T20:00:00.000","61","45","16"
"2026-03-18T19:00:00.000","111","63","48"
"2026-03-18T18:00:00.000","235","174","61"
"2026-03-18T17:00:00.000","354","299","55"
"2026-03-18T16:00:00.000","261","197","64"
"2026-03-18T15:00:00.000","137","107","30"
"2026-03-18T14:00:00.000","104","74","30"
"2026-03-18T13:00:00.000","99","68","31"
"2026-03-18T12:00:00.000","88","48","40"
"2026-03-18T11:00:00.000","94","45","49"
"2026-03-18T10:00:00.000","94","38","56"
"2026-03-18T09:00:00.000","194","59","135"
"2026-03-18T08:00:00.000","329","83","246"
"2026-03-18T07:00:00.000","223","76","147"
"2026-03-18T06:00:00.000","83","38","45"
"2026-03-18T05:00:00.000","23","11","12"
"2026-03-18T04:00:00.000","12","9","3"
"2026-03-18T03:00:00.000","12","10","2"
"2026-03-18T02:00:00.000","17","17","0"
"2026-03-18T01:00:00.000","12","10","2"
"2026-03-18T00:00:00.000","19","17","2"
"2026-03-17T23:00:00.000","25","24","1"
"2026-03-17T22:00:00.000","30","24","6"
"2026-03-17T21:00:00.000","45","30","15"
"2026-03-17T20:00:00.000","67","50","17"
"2026-03-17T19:00:00.000","90","66","24"
"2026-03-17T18:00:00.000","204","154","50"
"2026-03-17T17:00:00.000","370","299","71"
"2026-03-17T16:00:00.000","272","213","59"
"2026-03-17T15:00:00.000","140","107","33"
"2026-03-17T14:00:00.000","87","54","33"
"2026-03-17T13:00:00.000","58","33","25"
"2026-03-17T12:00:00.000","62","41","21"
"2026-03-17T11:00:00.000","65","30","35"
"2026-03-17T10:00:00.000","105","33","72"
"2026-03-17T09:00:00.000","192","65","127"
"2026-03-17T08:00:00.000","327","84","243"
"2026-03-17T07:00:00.000","224","62","162"
"2026-03-17T06:00:00.000","81","34","47"
"2026-03-17T05:00:00.000","32","20","12"
"2026-03-17T04:00:00.000","16","13","3"
"2026-03-17T03:00:00.000","7","5","2"
"2026-03-17T02:00:00.000","13","13","0"
"2026-03-17T01:00:00.000","9","7","2"
"2026-03-17T00:00:00.000","18","16","2"
"2026-03-16T23:00:00.000","22","18","4"
"2026-03-16T22:00:00.000","55","41","14"
"2026-03-16T21:00:00.000","43","29","14"
"2026-03-16T20:00:00.000","61","36","25"
"2026-03-16T19:00:00.000","109","79","30"
"2026-03-16T18:00:00.000","201","146","55"
"2026-03-16T17:00:00.000","378","302","76"
"2026-03-16T16:00:00.000","267","207","60"
"2026-03-16T15:00:00.000","115","77","38"
"2026-03-16T14:00:00.000","99","68","31"
"2026-03-16T13:00:00.000","84","47","37"
"2026-03-16T12:00:00.000","67","36","31"
"2026-03-16T11:00:00.000","65","31","34"
"2026-03-16T10:00:00.000","83","33","50"
"2026-03-16T09:00:00.000","151","50","101"
"2026-03-16T08:00:00.000","301","90","211"
"2026-03-16T07:00:00.000","187","52","135"
"2026-03-16T06:00:00.000","78","43","35"
"2026-03-16T05:00:00.000","24","19","5"
"2026-03-16T04:00:00.000","21","15","6"
"2026-03-16T03:00:00.000","11","10","1"
"2026-03-16T02:00:00.000","16","16","0"
"2026-03-16T01:00:00.000","14","13","1"
"2026-03-16T00:00:00.000","20","18","2"
"2026-03-15T23:00:00.000","19","16","3"
"2026-03-15T22:00:00.000","27","21","6"
"2026-03-15T21:00:00.000","33","29","4"
"2026-03-15T20:00:00.000","28","23","5"
"2026-03-15T19:00:00.000","43","35","8"
"2026-03-15T18:00:00.000","59","41","18"
"2026-03-15T17:00:00.000","65","34","31"
"2026-03-15T16:00:00.000","128","76","52"
"2026-03-15T15:00:00.000","120","72","48"
"2026-03-15T14:00:00.000","161","93","68"
"2026-03-15T13:00:00.000","179","107","72"
"2026-03-15T12:00:00.000","127","85","42"
"2026-03-15T11:00:00.000","102","61","41"
"2026-03-15T10:00:00.000","114","72","42"
"2026-03-15T09:00:00.000","56","37","19"
"2026-03-15T08:00:00.000","49","36","13"
"2026-03-15T07:00:00.000","27","23","4"
"2026-03-15T06:00:00.000","31","25","6"
"2026-03-15T05:00:00.000","36","34","2"
"2026-03-15T04:00:00.000","14","14","0"
"2026-03-15T03:00:00.000","17","15","2"
"2026-03-15T02:00:00.000","18","17","1"
"2026-03-15T01:00:00.000","28","24","4"
"2026-03-15T00:00:00.000","24","16","8"
"2026-03-14T23:00:00.000","26","23","3"
"2026-03-14T22:00:00.000","62","42","20"
"2026-03-14T21:00:00.000","55","42","13"
"2026-03-14T20:00:00.000","39","25","14"
"2026-03-14T19:00:00.000","99","52","47"
"2026-03-14T18:00:00.000","108","62","46"
"2026-03-14T17:00:00.000","121","64","57"
"2026-03-14T16:00:00.000","140","91","49"
"2026-03-14T15:00:00.000","136","64","72"
"2026-03-14T14:00:00.000","123","69","54"
"2026-03-14T13:00:00.000","92","56","36"
"2026-03-14T12:00:00.000","81","53","28"
"2026-03-14T11:00:00.000","62","43","19"
"2026-03-14T10:00:00.000","57","32","25"
"2026-03-14T09:00:00.000","63","47","16"
"2026-03-14T08:00:00.000","39","20","19"
"2026-03-14T07:00:00.000","37","31","6"
"2026-03-14T06:00:00.000","31","23","8"
"2026-03-14T05:00:00.000","30","27","3"
"2026-03-14T04:00:00.000","23","22","1"
"2026-03-14T03:00:00.000","17","16","1"
"2026-03-14T02:00:00.000","18","16","2"
"2026-03-14T01:00:00.000","35","30","5"
"2026-03-14T00:00:00.000","39","30","9"
"2026-03-13T23:00:00.000","25","20","5"
"2026-03-13T22:00:00.000","40","38","2"
"2026-03-13T21:00:00.000","32","26","6"
"2026-03-13T20:00:00.000","53","47","6"
"2026-03-13T19:00:00.000","54","47","7"
"2026-03-13T18:00:00.000","78","61","17"
"2026-03-13T17:00:00.000","96","76","20"
"2026-03-13T16:00:00.000","84","64","20"
"2026-03-13T15:00:00.000","75","65","10"
"2026-03-13T14:00:00.000","50","40","10"
"2026-03-13T13:00:00.000","62","52","10"
"2026-03-13T12:00:00.000","42","34","8"
"2026-03-13T11:00:00.000","54","32","22"
"2026-03-13T10:00:00.000","49","36","13"
"2026-03-13T09:00:00.000","81","35","46"
"2026-03-13T08:00:00.000","124","52","72"
"2026-03-13T07:00:00.000","76","33","43"
"2026-03-13T06:00:00.000","73","46","27"
"2026-03-13T05:00:00.000","39","31","8"
"2026-03-13T04:00:00.000","31","30","1"
"2026-03-13T03:00:00.000","21","19","2"
"2026-03-13T02:00:00.000","22","20","2"
"2026-03-13T01:00:00.000","28","25","3"
"2026-03-13T00:00:00.000","28","26","2"
"2026-03-12T23:00:00.000","24","23","1"
"2026-03-12T22:00:00.000","45","31","14"
"2026-03-12T21:00:00.000","50","40","10"
"2026-03-12T20:00:00.000","70","49","21"
"2026-03-12T19:00:00.000","78","60","18"
"2026-03-12T18:00:00.000","177","145","32"
"2026-03-12T17:00:00.000","320","252","68"
"2026-03-12T16:00:00.000","226","178","48"
"2026-03-12T15:00:00.000","130","98","32"
"2026-03-12T14:00:00.000","84","59","25"
"2026-03-12T13:00:00.000","73","48","25"
"2026-03-12T12:00:00.000","90","57","33"
"2026-03-12T11:00:00.000","90","53","37"
"2026-03-12T10:00:00.000","100","46","54"
"2026-03-12T09:00:00.000","182","56","126"
"2026-03-12T08:00:00.000","336","91","245"
"2026-03-12T07:00:00.000","182","69","113"
"2026-03-12T06:00:00.000","86","43","43"
"2026-03-12T05:00:00.000","32","22","10"
"2026-03-12T04:00:00.000","24","21","3"
"2026-03-12T03:00:00.000","19","16","3"
"2026-03-12T02:00:00.000","14","13","1"
"2026-03-12T01:00:00.000","18","17","1"
"2026-03-12T00:00:00.000","37","34","3"
"2026-03-11T23:00:00.000","20","14","6"
"2026-03-11T22:00:00.000","37","32","5"
"2026-03-11T21:00:00.000","54","38","16"
"2026-03-11T20:00:00.000","54","42","12"
"2026-03-11T19:00:00.000","72","48","24"
"2026-03-11T18:00:00.000","167","120","47"
"2026-03-11T17:00:00.000","272","228","44"
"2026-03-11T16:00:00.000","175","142","33"
"2026-03-11T15:00:00.000","98","72","26"
"2026-03-11T14:00:00.000","63","51","12"
"2026-03-11T13:00:00.000","52","35","17"
"2026-03-11T12:00:00.000","54","43","11"
"2026-03-11T11:00:00.000","66","40","26"
"2026-03-11T10:00:00.000","78","39","39"
"2026-03-11T09:00:00.000","162","54","108"
"2026-03-11T08:00:00.000","255","79","176"
"2026-03-11T07:00:00.000","169","62","107"
"2026-03-11T06:00:00.000","68","25","43"
"2026-03-11T05:00:00.000","30","18","12"
"2026-03-11T04:00:00.000","19","16","3"
"2026-03-11T03:00:00.000","24","23","1"
"2026-03-11T02:00:00.000","24","24","0"
"2026-03-11T01:00:00.000","21","18","3"
"2026-03-11T00:00:00.000","22","20","2"
"2026-03-10T23:00:00.000","36","30","6"
"2026-03-10T22:00:00.000","60","51","9"
"2026-03-10T21:00:00.000","45","36","9"
"2026-03-10T20:00:00.000","75","44","31"
"2026-03-10T19:00:00.000","115","84","31"
"2026-03-10T18:00:00.000","251","194","57"
"2026-03-10T17:00:00.000","370","294","76"
"2026-03-10T16:00:00.000","326","246","80"
"2026-03-10T15:00:00.000","178","135","43"
"2026-03-10T14:00:00.000","118","94","24"
"2026-03-10T13:00:00.000","90","62","28"
"2026-03-10T12:00:00.000","102","56","46"
"2026-03-10T11:00:00.000","120","68","52"
"2026-03-10T10:00:00.000","114","51","63"
"2026-03-10T09:00:00.000","255","78","177"
"2026-03-10T08:00:00.000","377","91","286"
"2026-03-10T07:00:00.000","236","72","164"
"2026-03-10T06:00:00.000","94","49","45"
"2026-03-10T05:00:00.000","49","38","11"
"2026-03-10T04:00:00.000","27","22","5"
"2026-03-10T03:00:00.000","26","24","2"
"2026-03-10T02:00:00.000","18","16","2"
"2026-03-10T01:00:00.000","23","22","1"
"2026-03-10T00:00:00.000","24","22","2"
"2026-03-09T23:00:00.000","34","29","5"
"2026-03-09T22:00:00.000","41","36","5"
"2026-03-09T21:00:00.000","50","35","15"
"2026-03-09T20:00:00.000","65","48","17"
"2026-03-09T19:00:00.000","112","85","27"
"2026-03-09T18:00:00.000","223","167","56"
"2026-03-09T17:00:00.000","391","325","66"
"2026-03-09T16:00:00.000","292","222","70"
"2026-03-09T15:00:00.000","152","114","38"
"2026-03-09T14:00:00.000","117","88","29"
"2026-03-09T13:00:00.000","98","66","32"
"2026-03-09T12:00:00.000","86","46","40"
"2026-03-09T11:00:00.000","85","41","44"
"2026-03-09T10:00:00.000","118","64","54"
"2026-03-09T09:00:00.000","206","70","136"
"2026-03-09T08:00:00.000","353","76","277"
"2026-03-09T07:00:00.000","201","77","124"
"2026-03-09T06:00:00.000","121","68","53"
"2026-03-09T05:00:00.000","62","54","8"
"2026-03-09T04:00:00.000","44","39","5"
"2026-03-09T03:00:00.000","39","37","2"
"2026-03-09T02:00:00.000","24","23","1"
"2026-03-09T01:00:00.000","27","27","0"
"2026-03-09T00:00:00.000","12","11","1"
"2026-03-08T23:00:00.000","28","23","5"
"2026-03-08T22:00:00.000","36","28","8"
"2026-03-08T21:00:00.000","38","32","6"
"2026-03-08T20:00:00.000","47","37","10"
"2026-03-08T19:00:00.000","63","44","19"
"2026-03-08T18:00:00.000","82","50","32"
"2026-03-08T17:00:00.000","88","57","31"
"2026-03-08T16:00:00.000","76","51","25"
"2026-03-08T15:00:00.000","78","63","15"
"2026-03-08T14:00:00.000","67","50","17"
"2026-03-08T13:00:00.000","68","53","15"
"2026-03-08T12:00:00.000","58","39","19"
"2026-03-08T11:00:00.000","52","38","14"
"2026-03-08T10:00:00.000","66","43","23"
"2026-03-08T09:00:00.000","54","41","13"
"2026-03-08T08:00:00.000","35","31","4"
"2026-03-08T07:00:00.000","32","27","5"
"2026-03-08T06:00:00.000","35","31","4"
"2026-03-08T05:00:00.000","32","29","3"
"2026-03-08T04:00:00.000","18","15","3"
"2026-03-08T03:00:00.000","20","18","2"
"2026-03-08T02:00:00.000",,,
"2026-03-08T01:00:00.000","26","22","4"
"2026-03-08T00:00:00.000","44","38","6"
"2026-03-07T23:00:00.000","39","31","8"
"2026-03-07T22:00:00.000","57","40","17"
"2026-03-07T21:00:00.000","89","67","22"
"2026-03-07T20:00:00.000","64","51","13"
"2026-03-07T19:00:00.000","82","44","38"
"2026-03-07T18:00:00.000","117","75","42"
"2026-03-07T17:00:00.000","136","93","43"
"2026-03-07T16:00:00.000","161","95","66"
"2026-03-07T15:00:00.000","171","103","68"
"2026-03-07T14:00:00.000","164","104","60"
"2026-03-07T13:00:00.000","155","90","65"
"2026-03-07T12:00:00.000","164","103","61"
"2026-03-07T11:00:00.000","137","98","39"
"2026-03-07T10:00:00.000","123","81","42"
"2026-03-07T09:00:00.000","83","52","31"
"2026-03-07T08:00:00.000","77","54","23"
"2026-03-07T07:00:00.000","39","29","10"
"2026-03-07T06:00:00.000","41","34","7"
"2026-03-07T05:00:00.000","37","27","10"
"2026-03-07T04:00:00.000","21","19","2"
"2026-03-07T03:00:00.000","22","19","3"
"2026-03-07T02:00:00.000","34","28","6"
"2026-03-07T01:00:00.000","38","30","8"
"2026-03-07T00:00:00.000","31","28","3"
"2026-03-06T23:00:00.000","51","39","12"
"2026-03-06T22:00:00.000","66","55","11"
"2026-03-06T21:00:00.000","55","41","14"
"2026-03-06T20:00:00.000","59","49","10"
"2026-03-06T19:00:00.000","81","60","21"
"2026-03-06T18:00:00.000","133","101","32"
"2026-03-06T17:00:00.000","210","169","41"
"2026-03-06T16:00:00.000","185","143","42"
"2026-03-06T15:00:00.000","104","83","21"
"2026-03-06T14:00:00.000","109","82","27"
"2026-03-06T13:00:00.000","73","43","30"
"2026-03-06T12:00:00.000","72","50","22"
"2026-03-06T11:00:00.000","83","54","29"
"2026-03-06T10:00:00.000","121","70","51"
"2026-03-06T09:00:00.000","180","92","88"
"2026-03-06T08:00:00.000","220","76","144"
"2026-03-06T07:00:00.000","146","61","85"
"2026-03-06T06:00:00.000","84","49","35"
"2026-03-06T05:00:00.000","54","42","12"
"2026-03-06T04:00:00.000","28","25","3"
"2026-03-06T03:00:00.000","31","28","3"
"2026-03-06T02:00:00.000","24","24","0"
"2026-03-06T01:00:00.000","46","42","4"
"2026-03-06T00:00:00.000","53","52","1"
"2026-03-05T23:00:00.000","70","67","3"
"2026-03-05T22:00:00.000","55","41","14"
"2026-03-05T21:00:00.000","72","56","16"
"2026-03-05T20:00:00.000","71","57","14"
"2026-03-05T19:00:00.000","98","62","36"
"2026-03-05T18:00:00.000","253","198","55"
"2026-03-05T17:00:00.000","423","336","87"
"2026-03-05T16:00:00.000","343","254","89"
"2026-03-05T15:00:00.000","216","163","53"
"2026-03-05T14:00:00.000","113","73","40"
"2026-03-05T13:00:00.000","119","78","41"
"2026-03-05T12:00:00.000","106","70","36"
"2026-03-05T11:00:00.000","117","53","64"
"2026-03-05T10:00:00.000","104","45","59"
"2026-03-05T09:00:00.000","223","89","134"
"2026-03-05T08:00:00.000","381","105","276"
"2026-03-05T07:00:00.000","276","85","191"
"2026-03-05T06:00:00.000","99","36","63"
"2026-03-05T05:00:00.000","61","47","14"
"2026-03-05T04:00:00.000","33","29","4"
"2026-03-05T03:00:00.000","37","36","1"
"2026-03-05T02:00:00.000","48","46","2"
"2026-03-05T01:00:00.000","24","24","0"
"2026-03-05T00:00:00.000","40","37","3"
"2026-03-04T23:00:00.000","36","29","7"
"2026-03-04T22:00:00.000","53","46","7"
"2026-03-04T21:00:00.000","52","43","9"
"2026-03-04T20:00:00.000","73","53","20"
"2026-03-04T19:00:00.000","106","75","31"
"2026-03-04T18:00:00.000","234","165","69"
"2026-03-04T17:00:00.000","365","301","64"
"2026-03-04T16:00:00.000","242","190","52"
"2026-03-04T15:00:00.000","117","93","24"
"2026-03-04T14:00:00.000","78","64","14"
"2026-03-04T13:00:00.000","76","60","16"
"2026-03-04T12:00:00.000","58","31","27"
"2026-03-04T11:00:00.000","68","35","33"
"2026-03-04T10:00:00.000","96","43","53"
"2026-03-04T09:00:00.000","218","80","138"
"2026-03-04T08:00:00.000","341","101","240"
"2026-03-04T07:00:00.000","194","67","127"
"2026-03-04T06:00:00.000","87","34","53"
"2026-03-04T05:00:00.000","55","47","8"
"2026-03-04T04:00:00.000","50","48","2"
"2026-03-04T03:00:00.000","52","52","0"
"2026-03-04T02:00:00.000","42","42","0"
"2026-03-04T01:00:00.000","31","30","1"
"2026-03-04T00:00:00.000","32","31","1"
"2026-03-03T23:00:00.000","35","33","2"
"2026-03-03T22:00:00.000","49","38","11"
"2026-03-03T21:00:00.000","53","41","12"
"2026-03-03T20:00:00.000","81","57","24"
"2026-03-03T19:00:00.000","122","96","26"
"2026-03-03T18:00:00.000","204","166","38"
"2026-03-03T17:00:00.000","404","338","66"
"2026-03-03T16:00:00.000","328","266","62"
"2026-03-03T15:00:00.000","169","129","40"
"2026-03-03T14:00:00.000","133","100","33"
"2026-03-03T13:00:00.000","90","58","32"
"2026-03-03T12:00:00.000","107","72","35"
"2026-03-03T11:00:00.000","106","60","46"
"2026-03-03T10:00:00.000","142","60","82"
"2026-03-03T09:00:00.000","232","66","166"
"2026-03-03T08:00:00.000","364","95","269"
"2026-03-03T07:00:00.000","307","116","191"
"2026-03-03T06:00:00.000","111","52","59"
"2026-03-03T05:00:00.000","55","39","16"
"2026-03-03T04:00:00.000","54","47","7"
"2026-03-03T03:00:00.000","39","37","2"
"2026-03-03T02:00:00.000","56","54","2"
"2026-03-03T01:00:00.000","44","43","1"
"2026-03-03T00:00:00.000","41","37","4"
"2026-03-02T23:00:00.000","52","45","7"
"2026-03-02T22:00:00.000","67","54","13"
"2026-03-02T21:00:00.000","69","54","15"
"2026-03-02T20:00:00.000","69","49","20"
"2026-03-02T19:00:00.000","135","98","37"
"2026-03-02T18:00:00.000","292","217","75"
"2026-03-02T17:00:00.000","548","433","115"
"2026-03-02T16:00:00.000","436","317","119"
"2026-03-02T15:00:00.000","272","188","84"
"2026-03-02T14:00:00.000","200","132","68"
"2026-03-02T13:00:00.000","161","100","61"
"2026-03-02T12:00:00.000","123","84","39"
"2026-03-02T11:00:00.000","137","81","56"
"2026-03-02T10:00:00.000","145","57","88"
"2026-03-02T09:00:00.000","253","88","165"
"2026-03-02T08:00:00.000","495","155","340"
"2026-03-02T07:00:00.000","283","89","194"
"2026-03-02T06:00:00.000","122","61","61"
"2026-03-02T05:00:00.000","80","70","10"
"2026-03-02T04:00:00.000","63","57","6"
"2026-03-02T03:00:00.000","39","37","2"
"2026-03-02T02:00:00.000","64","64","0"
"2026-03-02T01:00:00.000","61","59","2"
"2026-03-02T00:00:00.000","55","52","3"
"2026-03-01T23:00:00.000","56","52","4"
"2026-03-01T22:00:00.000","63","53","10"
"2026-03-01T21:00:00.000","33","21","12"
"2026-03-01T20:00:00.000","54","36","18"
"2026-03-01T19:00:00.000","67","45","22"
"2026-03-01T18:00:00.000","128","87","41"
"2026-03-01T17:00:00.000","159","98","61"
"2026-03-01T16:00:00.000","207","134","73"
"2026-03-01T15:00:00.000","272","190","82"
"2026-03-01T14:00:00.000","248","146","102"
"2026-03-01T13:00:00.000","301","173","128"
"2026-03-01T12:00:00.000","269","153","116"
"2026-03-01T11:00:00.000","255","171","84"
"2026-03-01T10:00:00.000","147","90","57"
"2026-03-01T09:00:00.000","151","97","54"
"2026-03-01T08:00:00.000","98","68","30"
"2026-03-01T07:00:00.000","49","40","9"
"2026-03-01T06:00:00.000","34","27","7"
"2026-03-01T05:00:00.000","39","33","6"
"2026-03-01T04:00:00.000","57","54","3"
"2026-03-01T03:00:00.000","48","47","1"
"2026-03-01T02:00:00.000","55","50","5"
"2026-03-01T01:00:00.000","42","39","3"
"2026-03-01T00:00:00.000","31","27","4"
"2026-02-28T23:00:00.000","67","55","12"
"2026-02-28T22:00:00.000","59","41","18"
"2026-02-28T21:00:00.000","88","70","18"
"2026-02-28T20:00:00.000","73","59","14"
"2026-02-28T19:00:00.000","127","67","60"
"2026-02-28T18:00:00.000","97","68","29"
"2026-02-28T17:00:00.000","194","120","74"
"2026-02-28T16:00:00.000","165","97","68"
"2026-02-28T15:00:00.000","169","105","64"
"2026-02-28T14:00:00.000","204","124","80"
"2026-02-28T13:00:00.000","235","129","106"
"2026-02-28T12:00:00.000","222","153","69"
"2026-02-28T11:00:00.000","177","101","76"
"2026-02-28T10:00:00.000","125","81","44"
"2026-02-28T09:00:00.000","107","72","35"
"2026-02-28T08:00:00.000","84","59","25"
"2026-02-28T07:00:00.000","52","40","12"
"2026-02-28T06:00:00.000","42","33","9"
"2026-02-28T05:00:00.000","38","32","6"
"2026-02-28T04:00:00.000","34","34","0"
"2026-02-28T03:00:00.000","56","54","2"
"2026-02-28T02:00:00.000","37","32","5"
"2026-02-28T01:00:00.000","51","41","10"
"2026-02-28T00:00:00.000","64","60","4"
"2026-02-27T23:00:00.000","59","44","15"
"2026-02-27T22:00:00.000","104","88","16"
"2026-02-27T21:00:00.000","73","57","16"
"2026-02-27T20:00:00.000","79","59","20"
"2026-02-27T19:00:00.000","101","61","40"
"2026-02-27T18:00:00.000","173","105","68"
"2026-02-27T17:00:00.000","306","214","92"
"2026-02-27T16:00:00.000","284","198","86"
"2026-02-27T15:00:00.000","208","154","54"
"2026-02-27T14:00:00.000","165","107","58"
"2026-02-27T13:00:00.000","138","93","45"
"2026-02-27T12:00:00.000","136","94","42"
"2026-02-27T11:00:00.000","106","67","39"
"2026-02-27T10:00:00.000","90","41","49"
"2026-02-27T09:00:00.000","168","72","96"
"2026-02-27T08:00:00.000","258","94","164"
"2026-02-27T07:00:00.000","211","85","126"
"2026-02-27T06:00:00.000","84","41","43"
"2026-02-27T05:00:00.000","41","30","11"
"2026-02-27T04:00:00.000","36","33","3"
"2026-02-27T03:00:00.000","39","35","4"
"2026-02-27T02:00:00.000","45","44","1"
"2026-02-27T01:00:00.000","53","50","3"
"2026-02-27T00:00:00.000","32","29","3"
"2026-02-26T23:00:00.000","33","31","2"
"2026-02-26T22:00:00.000","75","52","23"
"2026-02-26T21:00:00.000","87","65","22"
"2026-02-26T20:00:00.000","98","73","25"
"2026-02-26T19:00:00.000","114","83","31"
"2026-02-26T18:00:00.000","270","194","76"
"2026-02-26T17:00:00.000","448","359","89"
"2026-02-26T16:00:00.000","341","269","72"
"2026-02-26T15:00:00.000","229","166","63"
"2026-02-26T14:00:00.000","127","96","31"
"2026-02-26T13:00:00.000","125","87","38"
"2026-02-26T12:00:00.000","114","72","42"
"2026-02-26T11:00:00.000","99","50","49"
"2026-02-26T10:00:00.000","120","52","68"
"2026-02-26T09:00:00.000","234","83","151"
"2026-02-26T08:00:00.000","350","108","242"
"2026-02-26T07:00:00.000","258","89","169"
"2026-02-26T06:00:00.000","108","56","52"
"2026-02-26T05:00:00.000","58","39","19"
"2026-02-26T04:00:00.000","28","25","3"
"2026-02-26T03:00:00.000","30","27","3"
"2026-02-26T02:00:00.000","33","32","1"
"2026-02-26T01:00:00.000","37","35","2"
"2026-02-26T00:00:00.000","40","36","4"
"2026-02-25T23:00:00.000","38","35","3"
"2026-02-25T22:00:00.000","65","50","15"
"2026-02-25T21:00:00.000","67","49","18"
"2026-02-25T20:00:00.000","109","74","35"
"2026-02-25T19:00:00.000","124","89","35"
"2026-02-25T18:00:00.000","256","195","61"
"2026-02-25T17:00:00.000","474","383","91"
"2026-02-25T16:00:00.000","362","269","93"
"2026-02-25T15:00:00.000","194","136","58"
"2026-02-25T14:00:00.000","141","100","41"
"2026-02-25T13:00:00.000","119","81","38"
"2026-02-25T12:00:00.000","132","87","45"
"2026-02-25T11:00:00.000","130","71","59"
"2026-02-25T10:00:00.000","125","62","63"
"2026-02-25T09:00:00.000","256","88","168"
"2026-02-25T08:00:00.000","398","122","276"
"2026-02-25T07:00:00.000","246","75","171"
"2026-02-25T06:00:00.000","142","78","64"
"2026-02-25T05:00:00.000","47","38","9"
"2026-02-25T04:00:00.000","45","41","4"
"2026-02-25T03:00:00.000","43","43","0"
"2026-02-25T02:00:00.000","33","31","2"
"2026-02-25T01:00:00.000","42","41","1"
"2026-02-25T00:00:00.000","42","40","2"
"2026-02-24T23:00:00.000","50","45","5"
"2026-02-24T22:00:00.000","68","54","14"
"2026-02-24T21:00:00.000","74","51","23"
"2026-02-24T20:00:00.000","103","83","20"
"2026-02-24T19:00:00.000","138","105","33"
"2026-02-24T18:00:00.000","232","183","49"
"2026-02-24T17:00:00.000","484","388","96"
"2026-02-24T16:00:00.000","366","277","89"
"2026-02-24T15:00:00.000","246","180","66"
"2026-02-24T14:00:00.000","140","97","43"
"2026-02-24T13:00:00.000","121","76","45"
"2026-02-24T12:00:00.000","92","60","32"
"2026-02-24T11:00:00.000","103","49","54"
"2026-02-24T10:00:00.000","132","55","77"
"2026-02-24T09:00:00.000","242","105","137"
"2026-02-24T08:00:00.000","418","92","326"
"2026-02-24T07:00:00.000","290","94","196"
"2026-02-24T06:00:00.000","98","49","49"
"2026-02-24T05:00:00.000","66","49","17"
"2026-02-24T04:00:00.000","50","42","8"
"2026-02-24T03:00:00.000","45","44","1"
"2026-02-24T02:00:00.000","35","33","2"
"2026-02-24T01:00:00.000","26","24","2"
"2026-02-24T00:00:00.000","45","43","2"
"2026-02-23T23:00:00.000","45","38","7"
"2026-02-23T22:00:00.000","44","36","8"
"2026-02-23T21:00:00.000","55","43","12"
"2026-02-23T20:00:00.000","59","46","13"
"2026-02-23T19:00:00.000","105","80","25"
"2026-02-23T18:00:00.000","175","143","32"
"2026-02-23T17:00:00.000","345","277","68"
"2026-02-23T16:00:00.000","240","190","50"
"2026-02-23T15:00:00.000","137","108","29"
"2026-02-23T14:00:00.000","99","77","22"
"2026-02-23T13:00:00.000","92","69","23"
"2026-02-23T12:00:00.000","82","55","27"
"2026-02-23T11:00:00.000","99","55","44"
"2026-02-23T10:00:00.000","93","40","53"
"2026-02-23T09:00:00.000","197","83","114"
"2026-02-23T08:00:00.000","366","124","242"
"2026-02-23T07:00:00.000","208","74","134"
"2026-02-23T06:00:00.000","103","52","51"
"2026-02-23T05:00:00.000","55","42","13"
"2026-02-23T04:00:00.000","40","34","6"
"2026-02-23T03:00:00.000","50","49","1"
"2026-02-23T02:00:00.000","43","42","1"
"2026-02-23T01:00:00.000","31","29","2"
"2026-02-23T00:00:00.000","50","48","2"
"2026-02-22T23:00:00.000","34","33","1"
"2026-02-22T22:00:00.000","34","32","2"
"2026-02-22T21:00:00.000","64","52","12"
"2026-02-22T20:00:00.000","35","29","6"
"2026-02-22T19:00:00.000","58","49","9"
"2026-02-22T18:00:00.000","52","37","15"
"2026-02-22T17:00:00.000","98","63","35"
"2026-02-22T16:00:00.000","142","100","42"
"2026-02-22T15:00:00.000","133","98","35"
"2026-02-22T14:00:00.000","154","121","33"
"2026-02-22T13:00:00.000","105","77","28"
"2026-02-22T12:00:00.000","79","61","18"
"2026-02-22T11:00:00.000","50","40","10"
"2026-02-22T10:00:00.000","69","41","28"
"2026-02-22T09:00:00.000","63","52","11"
"2026-02-22T08:00:00.000","79","25","54"
"2026-02-22T07:00:00.000","101","36","65"
"2026-02-22T06:00:00.000","69","40","29"
"2026-02-22T05:00:00.000","27","22","5"
"2026-02-22T04:00:00.000","33","32","1"
"2026-02-22T03:00:00.000","19","19","0"
"2026-02-22T02:00:00.000","38","34","4"
"2026-02-22T01:00:00.000","27","22","5"
"2026-02-22T00:00:00.000","29","26","3"
"2026-02-21T23:00:00.000","23","18","5"
"2026-02-21T22:00:00.000","39","32","7"
"2026-02-21T21:00:00.000","53","38","15"
"2026-02-21T20:00:00.000","52","47","5"
"2026-02-21T19:00:00.000","42","25","17"
"2026-02-21T18:00:00.000","38","17","21"
"2026-02-21T17:00:00.000","41","29","12"
"2026-02-21T16:00:00.000","53","36","17"
"2026-02-21T15:00:00.000","51","34","17"
"2026-02-21T14:00:00.000","41","27","14"
"2026-02-21T13:00:00.000","39","23","16"
"2026-02-21T12:00:00.000","66","42","24"
"2026-02-21T11:00:00.000","49","38","11"
"2026-02-21T10:00:00.000","60","37","23"
"2026-02-21T09:00:00.000","69","48","21"
"2026-02-21T08:00:00.000","44","29","15"
"2026-02-21T07:00:00.000","35","25","10"
"2026-02-21T06:00:00.000","29","22","7"
"2026-02-21T05:00:00.000","13","8","5"
"2026-02-21T04:00:00.000","21","19","2"
"2026-02-21T03:00:00.000","16","13","3"
"2026-02-21T02:00:00.000","15","12","3"
"2026-02-21T01:00:00.000","16","13","3"
"2026-02-21T00:00:00.000","15","8","7"
"2026-02-20T23:00:00.000","26","16","10"
"2026-02-20T22:00:00.000","39","30","9"
"2026-02-20T21:00:00.000","26","19","7"
"2026-02-20T20:00:00.000","36","22","14"
"2026-02-20T19:00:00.000","48","32","16"
"2026-02-20T18:00:00.000","116","77","39"
"2026-02-20T17:00:00.000","217","157","60"
"2026-02-20T16:00:00.000","208","151","57"
"2026-02-20T15:00:00.000","130","89","41"
"2026-02-20T14:00:00.000","89","58","31"
"2026-02-20T13:00:00.000","86","51","35"
"2026-02-20T12:00:00.000","84","40","44"
"2026-02-20T11:00:00.000","79","47","32"
"2026-02-20T10:00:00.000","70","28","42"
"2026-02-20T09:00:00.000","129","43","86"
"2026-02-20T08:00:00.000","200","53","147"
"2026-02-20T07:00:00.000","118","47","71"
"2026-02-20T06:00:00.000","64","31","33"
"2026-02-20T05:00:00.000","24","20","4"
"2026-02-20T04:00:00.000","18","15","3"
"2026-02-20T03:00:00.000","22","20","2"
"2026-02-20T02:00:00.000","22","21","1"
"2026-02-20T01:00:00.000","17","15","2"
"2026-02-20T00:00:00.000","18","15","3"
"2026-02-19T23:00:00.000","18","16","2"
"2026-02-19T22:00:00.000","29","21","8"
"2026-02-19T21:00:00.000","39","27","12"
"2026-02-19T20:00:00.000","64","49","15"
"2026-02-19T19:00:00.000","67","52","15"
"2026-02-19T18:00:00.000","173","121","52"
"2026-02-19T17:00:00.000","325","248","77"
"2026-02-19T16:00:00.000","233","187","46"
"2026-02-19T15:00:00.000","130","91","39"
"2026-02-19T14:00:00.000","105","72","33"
"2026-02-19T13:00:00.000","86","51","35"
"2026-02-19T12:00:00.000","66","39","27"
"2026-02-19T11:00:00.000","69","28","41"
"2026-02-19T10:00:00.000","84","31","53"
"2026-02-19T09:00:00.000","193","70","123"
"2026-02-19T08:00:00.000","270","63","207"
"2026-02-19T07:00:00.000","165","45","120"
"2026-02-19T06:00:00.000","72","30","42"
"2026-02-19T05:00:00.000","36","21","15"
"2026-02-19T04:00:00.000","21","18","3"
"2026-02-19T03:00:00.000","22","21","1"
"2026-02-19T02:00:00.000","12","12","0"
"2026-02-19T01:00:00.000","7","6","1"
"2026-02-19T00:00:00.000","20","18","2"
"2026-02-18T23:00:00.000","16","16","0"
"2026-02-18T22:00:00.000","35","17","18"
"2026-02-18T21:00:00.000","37","22","15"
"2026-02-18T20:00:00.000","55","33","22"
"2026-02-18T19:00:00.000","71","48","23"
"2026-02-18T18:00:00.000","184","135","49"
"2026-02-18T17:00:00.000","337","279","58"
"2026-02-18T16:00:00.000","260","197","63"
"2026-02-18T15:00:00.000","130","94","36"
"2026-02-18T14:00:00.000","99","67","32"
"2026-02-18T13:00:00.000","62","38","24"
"2026-02-18T12:00:00.000","59","35","24"
"2026-02-18T11:00:00.000","64","24","40"
"2026-02-18T10:00:00.000","87","32","55"
"2026-02-18T09:00:00.000","179","54","125"
"2026-02-18T08:00:00.000","282","70","212"
"2026-02-18T07:00:00.000","163","43","120"
"2026-02-18T06:00:00.000","64","27","37"
"2026-02-18T05:00:00.000","33","21","12"
"2026-02-18T04:00:00.000","11","6","5"
"2026-02-18T03:00:00.000","9","8","1"
"2026-02-18T02:00:00.000","8","8","0"
"2026-02-18T01:00:00.000","10","4","6"
"2026-02-18T00:00:00.000","18","15","3"
"2026-02-17T23:00:00.000","32","27","5"
"2026-02-17T22:00:00.000","31","22","9"
"2026-02-17T21:00:00.000","31","19","12"
"2026-02-17T20:00:00.000","50","35","15"
"2026-02-17T19:00:00.000","83","60","23"
"2026-02-17T18:00:00.000","184","134","50"
"2026-02-17T17:00:00.000","352","275","77"
"2026-02-17T16:00:00.000","274","206","68"
"2026-02-17T15:00:00.000","178","120","58"
"2026-02-17T14:00:00.000","112","67","45"
"2026-02-17T13:00:00.000","80","42","38"
"2026-02-17T12:00:00.000","87","41","46"
"2026-02-17T11:00:00.000","72","30","42"
"2026-02-17T10:00:00.000","88","29","59"
"2026-02-17T09:00:00.000","198","58","140"
"2026-02-17T08:00:00.000","305","68","237"
"2026-02-17T07:00:00.000","169","49","120"
"2026-02-17T06:00:00.000","83","34","49"
"2026-02-17T05:00:00.000","35","22","13"
"2026-02-17T04:00:00.000","25","21","4"
"2026-02-17T03:00:00.000","13","12","1"
"2026-02-17T02:00:00.000","13","11","2"
"2026-02-17T01:00:00.000","14","13","1"
"2026-02-17T00:00:00.000","23","19","4"
"2026-02-16T23:00:00.000","28","26","2"
"2026-02-16T22:00:00.000","26","19","7"
"2026-02-16T21:00:00.000","37","25","12"
"2026-02-16T20:00:00.000","32","22","10"
"2026-02-16T19:00:00.000","42","30","12"
"2026-02-16T18:00:00.000","107","82","25"
"2026-02-16T17:00:00.000","147","120","27"
"2026-02-16T16:00:00.000","130","98","32"
"2026-02-16T15:00:00.000","85","59","26"
"2026-02-16T14:00:00.000","63","41","22"
"2026-02-16T13:00:00.000","65","42","23"
"2026-02-16T12:00:00.000","56","25","31"
"2026-02-16T11:00:00.000","66","38","28"
"2026-02-16T10:00:00.000","77","32","45"
"2026-02-16T09:00:00.000","124","44","80"
"2026-02-16T08:00:00.000","139","32","107"
"2026-02-16T07:00:00.000","77","21","56"
"2026-02-16T06:00:00.000","48","26","22"
"2026-02-16T05:00:00.000","10","6","4"
"2026-02-16T04:00:00.000","19","18","1"
"2026-02-16T03:00:00.000","12","11","1"
"2026-02-16T02:00:00.000","18","17","1"
"2026-02-16T01:00:00.000","14","9","5"
"2026-02-16T00:00:00.000","13","12","1"
"2026-02-15T23:00:00.000","23","20","3"
"2026-02-15T22:00:00.000","27","24","3"
"2026-02-15T21:00:00.000","25","19","6"
"2026-02-15T20:00:00.000","30","20","10"
"2026-02-15T19:00:00.000","43","23","20"
"2026-02-15T18:00:00.000","77","46","31"
"2026-02-15T17:00:00.000","102","60","42"
"2026-02-15T16:00:00.000","176","110","66"
"2026-02-15T15:00:00.000","207","120","87"
"2026-02-15T14:00:00.000","188","100","88"
"2026-02-15T13:00:00.000","208","113","95"
"2026-02-15T12:00:00.000","179","106","73"
"2026-02-15T11:00:00.000","167","97","70"
"2026-02-15T10:00:00.000","141","73","68"
"2026-02-15T09:00:00.000","79","49","30"
"2026-02-15T08:00:00.000","52","33","19"
"2026-02-15T07:00:00.000","32","21","11"
"2026-02-15T06:00:00.000","18","14","4"
"2026-02-15T05:00:00.000","22","17","5"
"2026-02-15T04:00:00.000","7","6","1"
"2026-02-15T03:00:00.000","12","9","3"
"2026-02-15T02:00:00.000","17","14","3"
"2026-02-15T01:00:00.000","16","9","7"
"2026-02-15T00:00:00.000","25","19","6"
"2026-02-14T23:00:00.000","28","21","7"
"2026-02-14T22:00:00.000","35","21","14"
"2026-02-14T21:00:00.000","36","22","14"
"2026-02-14T20:00:00.000","37","26","11"
"2026-02-14T19:00:00.000","72","36","36"
"2026-02-14T18:00:00.000","78","50","28"
"2026-02-14T17:00:00.000","93","48","45"
"2026-02-14T16:00:00.000","149","78","71"
"2026-02-14T15:00:00.000","162","86","76"
"2026-02-14T14:00:00.000","174","95","79"
"2026-02-14T13:00:00.000","132","81","51"
"2026-02-14T12:00:00.000","158","86","72"
"2026-02-14T11:00:00.000","125","69","56"
"2026-02-14T10:00:00.000","94","56","38"
"2026-02-14T09:00:00.000","76","51","25"
"2026-02-14T08:00:00.000","35","13","22"
"2026-02-14T07:00:00.000","30","22","8"
"2026-02-14T06:00:00.000","15","11","4"
"2026-02-14T05:00:00.000","11","7","4"
"2026-02-14T04:00:00.000","15","12","3"
"2026-02-14T03:00:00.000","12","12","0"
"2026-02-14T02:00:00.000","14","11","3"
"2026-02-14T01:00:00.000","12","6","6"
"2026-02-14T00:00:00.000","23","17","6"
"2026-02-13T23:00:00.000","21","17","4"
"2026-02-13T22:00:00.000","25","13","12"
"2026-02-13T21:00:00.000","25","20","5"
"2026-02-13T20:00:00.000","37","24","13"
"2026-02-13T19:00:00.000","48","30","18"
"2026-02-13T18:00:00.000","87","64","23"
"2026-02-13T17:00:00.000","169","131","38"
"2026-02-13T16:00:00.000","149","113","36"
"2026-02-13T15:00:00.000","89","69","20"
"2026-02-13T14:00:00.000","82","62","20"
"2026-02-13T13:00:00.000","70","42","28"
"2026-02-13T12:00:00.000","76","41","35"
"2026-02-13T11:00:00.000","79","44","35"
"2026-02-13T10:00:00.000","71","30","41"
"2026-02-13T09:00:00.000","151","53","98"
"2026-02-13T08:00:00.000","218","52","166"
"2026-02-13T07:00:00.000","143","47","96"
"2026-02-13T06:00:00.000","74","33","41"
"2026-02-13T05:00:00.000","14","9","5"
"2026-02-13T04:00:00.000","11","6","5"
"2026-02-13T03:00:00.000","4","3","1"
"2026-02-13T02:00:00.000","6","6","0"
"2026-02-13T01:00:00.000","10","6","4"
"2026-02-13T00:00:00.000","17","15","2"
"2026-02-12T23:00:00.000","21","14","7"
"2026-02-12T22:00:00.000","38","19","19"
"2026-02-12T21:00:00.000","39","20","19"
"2026-02-12T20:00:00.000","74","45","29"
"2026-02-12T19:00:00.000","119","93","26"
"2026-02-12T18:00:00.000","243","180","63"
"2026-02-12T17:00:00.000","491","376","115"
"2026-02-12T16:00:00.000","378","291","87"
"2026-02-12T15:00:00.000","256","188","68"
"2026-02-12T14:00:00.000","145","101","44"
"2026-02-12T13:00:00.000","117","59","58"
"2026-02-12T12:00:00.000","104","56","48"
"2026-02-12T11:00:00.000","102","46","56"
"2026-02-12T10:00:00.000","117","32","85"
"2026-02-12T09:00:00.000","251","73","178"
"2026-02-12T08:00:00.000","437","93","344"
"2026-02-12T07:00:00.000","247","62","185"
"2026-02-12T06:00:00.000","85","32","53"
"2026-02-12T05:00:00.000","33","19","14"
"2026-02-12T04:00:00.000","15","11","4"
"2026-02-12T03:00:00.000","17","12","5"
"2026-02-12T02:00:00.000","18","16","2"
"2026-02-12T01:00:00.000","18","17","1"
"2026-02-12T00:00:00.000","23","19","4"
"2026-02-11T23:00:00.000","25","20","5"
"2026-02-11T22:00:00.000","55","42","13"
"2026-02-11T21:00:00.000","56","32","24"
"2026-02-11T20:00:00.000","74","47","27"
"2026-02-11T19:00:00.000","132","93","39"
"2026-02-11T18:00:00.000","233","182","51"
"2026-02-11T17:00:00.000","555","454","101"
"2026-02-11T16:00:00.000","507","399","108"
"2026-02-11T15:00:00.000","324","250","74"
"2026-02-11T14:00:00.000","367","309","58"
"2026-02-11T13:00:00.000","724","659","65"
"2026-02-11T12:00:00.000","292","188","104"
"2026-02-11T11:00:00.000","295","75","220"
"2026-02-11T10:00:00.000","439","68","371"
"2026-02-11T09:00:00.000","557","86","471"
"2026-02-11T08:00:00.000","564","96","468"
"2026-02-11T07:00:00.000","344","87","257"
"2026-02-11T06:00:00.000","113","36","77"
"2026-02-11T05:00:00.000","39","25","14"
"2026-02-11T04:00:00.000","24","16","8"
"2026-02-11T03:00:00.000","12","10","2"
"2026-02-11T02:00:00.000","10","9","1"
"2026-02-11T01:00:00.000","11","10","1"
"2026-02-11T00:00:00.000","26","23","3"
"2026-02-10T23:00:00.000","20","13","7"
"2026-02-10T22:00:00.000","45","29","16"
"2026-02-10T21:00:00.000","54","36","18"
"2026-02-10T20:00:00.000","96","62","34"
"2026-02-10T19:00:00.000","130","88","42"
"2026-02-10T18:00:00.000","247","181","66"
"2026-02-10T17:00:00.000","580","451","129"
"2026-02-10T16:00:00.000","452","351","101"
"2026-02-10T15:00:00.000","269","183","86"
"2026-02-10T14:00:00.000","167","108","59"
"2026-02-10T13:00:00.000","135","88","47"
"2026-02-10T12:00:00.000","126","69","57"
"2026-02-10T11:00:00.000","114","53","61"
"2026-02-10T10:00:00.000","140","49","91"
"2026-02-10T09:00:00.000","282","88","194"
"2026-02-10T08:00:00.000","468","89","379"
"2026-02-10T07:00:00.000","288","71","217"
"2026-02-10T06:00:00.000","105","37","68"
"2026-02-10T05:00:00.000","27","14","13"
"2026-02-10T04:00:00.000","11","8","3"
"2026-02-10T03:00:00.000","9","6","3"
"2026-02-10T02:00:00.000","8","5","3"
"2026-02-10T01:00:00.000","6","6","0"
"2026-02-10T00:00:00.000","10","6","4"
"2026-02-09T23:00:00.000","18","16","2"
"2026-02-09T22:00:00.000","33","22","11"
"2026-02-09T21:00:00.000","50","36","14"
"2026-02-09T20:00:00.000","64","39","25"
"2026-02-09T19:00:00.000","82","56","26"
"2026-02-09T18:00:00.000","195","143","52"
"2026-02-09T17:00:00.000","397","320","77"
"2026-02-09T16:00:00.000","272","207","65"
"2026-02-09T15:00:00.000","151","102","49"
"2026-02-09T14:00:00.000","96","59","37"
"2026-02-09T13:00:00.000","82","51","31"
"2026-02-09T12:00:00.000","52","24","28"
"2026-02-09T11:00:00.000","74","31","43"
"2026-02-09T10:00:00.000","97","37","60"
"2026-02-09T09:00:00.000","204","56","148"
"2026-02-09T08:00:00.000","322","74","248"
"2026-02-09T07:00:00.000","171","52","119"
"2026-02-09T06:00:00.000","74","23","51"
"2026-02-09T05:00:00.000","11","3","8"
"2026-02-09T04:00:00.000","8","7","1"
"2026-02-09T03:00:00.000","14","12","2"
"2026-02-09T02:00:00.000","16","14","2"
"2026-02-09T01:00:00.000","9","7","2"
"2026-02-09T00:00:00.000","18","15","3"
"2026-02-08T23:00:00.000","17","13","4"
"2026-02-08T22:00:00.000","30","24","6"
"2026-02-08T21:00:00.000","34","20","14"
"2026-02-08T20:00:00.000","66","35","31"
"2026-02-08T19:00:00.000","47","20","27"
"2026-02-08T18:00:00.000","35","24","11"
"2026-02-08T17:00:00.000","49","34","15"
"2026-02-08T16:00:00.000","58","35","23"
"2026-02-08T15:00:00.000","91","41","50"
"2026-02-08T14:00:00.000","137","75","62"
"2026-02-08T13:00:00.000","148","71","77"
"2026-02-08T12:00:00.000","134","75","59"
"2026-02-08T11:00:00.000","142","83","59"
"2026-02-08T10:00:00.000","124","67","57"
"2026-02-08T09:00:00.000","71","43","28"
"2026-02-08T08:00:00.000","36","17","19"
"2026-02-08T07:00:00.000","17","10","7"
"2026-02-08T06:00:00.000","9","5","4"
"2026-02-08T05:00:00.000","20","14","6"
"2026-02-08T04:00:00.000","6","5","1"
"2026-02-08T03:00:00.000","8","6","2"
"2026-02-08T02:00:00.000","10","5","5"
"2026-02-08T01:00:00.000","13","7","6"
"2026-02-08T00:00:00.000","15","8","7"
"2026-02-07T23:00:00.000","18","11","7"
"2026-02-07T22:00:00.000","24","16","8"
"2026-02-07T21:00:00.000","28","14","14"
"2026-02-07T20:00:00.000","23","15","8"
"2026-02-07T19:00:00.000","30","20","10"
"2026-02-07T18:00:00.000","37","26","11"
"2026-02-07T17:00:00.000","41","27","14"
"2026-02-07T16:00:00.000","52","33","19"
"2026-02-07T15:00:00.000","44","29","15"
"2026-02-07T14:00:00.000","36","26","10"
"2026-02-07T13:00:00.000","37","30","7"
"2026-02-07T12:00:00.000","35","22","13"
"2026-02-07T11:00:00.000","48","33","15"
"2026-02-07T10:00:00.000","43","26","17"
"2026-02-07T09:00:00.000","48","21","27"
"2026-02-07T08:00:00.000","29","13","16"
"2026-02-07T07:00:00.000","23","17","6"
"2026-02-07T06:00:00.000","21","9","12"
"2026-02-07T05:00:00.000","16","3","13"
"2026-02-07T04:00:00.000","13","8","5"
"2026-02-07T03:00:00.000","12","9","3"
"2026-02-07T02:00:00.000","17","11","6"
"2026-02-07T01:00:00.000","16","11","5"
"2026-02-07T00:00:00.000","16","9","7"
"2026-02-06T23:00:00.000","25","16","9"
"2026-02-06T22:00:00.000","48","32","16"
"2026-02-06T21:00:00.000","56","28","28"
"2026-02-06T20:00:00.000","55","30","25"
"2026-02-06T19:00:00.000","85","47","38"
"2026-02-06T18:00:00.000","172","123","49"
"2026-02-06T17:00:00.000","355","260","95"
"2026-02-06T16:00:00.000","374","267","107"
"2026-02-06T15:00:00.000","268","184","84"
"2026-02-06T14:00:00.000","181","107","74"
"2026-02-06T13:00:00.000","139","84","55"
"2026-02-06T12:00:00.000","151","84","67"
"2026-02-06T11:00:00.000","112","59","53"
"2026-02-06T10:00:00.000","121","53","68"
"2026-02-06T09:00:00.000","174","67","107"
"2026-02-06T08:00:00.000","301","82","219"
"2026-02-06T07:00:00.000","206","68","138"
"2026-02-06T06:00:00.000","77","31","46"
"2026-02-06T05:00:00.000","31","18","13"
"2026-02-06T04:00:00.000","19","15","4"
"2026-02-06T03:00:00.000","9","8","1"
"2026-02-06T02:00:00.000","8","8","0"
"2026-02-06T01:00:00.000","12","10","2"
"2026-02-06T00:00:00.000","15","14","1"
"2026-02-05T23:00:00.000","21","16","5"
"2026-02-05T22:00:00.000","39","24","15"
"2026-02-05T21:00:00.000","70","38","32"
"2026-02-05T20:00:00.000","74","52","22"
"2026-02-05T19:00:00.000","117","86","31"
"2026-02-05T18:00:00.000","250","184","66"
"2026-02-05T17:00:00.000","556","433","123"
"2026-02-05T16:00:00.000","443","323","120"
"2026-02-05T15:00:00.000","285","201","84"
"2026-02-05T14:00:00.000","162","110","52"
"2026-02-05T13:00:00.000","157","83","74"
"2026-02-05T12:00:00.000","131","65","66"
"2026-02-05T11:00:00.000","130","57","73"
"2026-02-05T10:00:00.000","142","65","77"
"2026-02-05T09:00:00.000","277","76","201"
"2026-02-05T08:00:00.000","472","104","368"
"2026-02-05T07:00:00.000","250","70","180"
"2026-02-05T06:00:00.000","96","35","61"
"2026-02-05T05:00:00.000","33","9","24"
"2026-02-05T04:00:00.000","10","8","2"
"2026-02-05T03:00:00.000","6","4","2"
"2026-02-05T02:00:00.000","13","12","1"
"2026-02-05T01:00:00.000","10","8","2"
"2026-02-05T00:00:00.000","14","13","1"
"2026-02-04T23:00:00.000","23","16","7"
"2026-02-04T22:00:00.000","37","24","13"
"2026-02-04T21:00:00.000","57","27","30"
"2026-02-04T20:00:00.000","59","28","31"
"2026-02-04T19:00:00.000","144","90","54"
"2026-02-04T18:00:00.000","277","205","72"
"2026-02-04T17:00:00.000","546","439","107"
"2026-02-04T16:00:00.000","418","315","103"
"2026-02-04T15:00:00.000","268","184","84"
"2026-02-04T14:00:00.000","134","87","47"
"2026-02-04T13:00:00.000","116","64","52"
"2026-02-04T12:00:00.000","115","61","54"
"2026-02-04T11:00:00.000","103","49","54"
"2026-02-04T10:00:00.000","142","62","80"
"2026-02-04T09:00:00.000","292","92","200"
"2026-02-04T08:00:00.000","442","88","354"
"2026-02-04T07:00:00.000","272","77","195"
"2026-02-04T06:00:00.000","94","36","58"
"2026-02-04T05:00:00.000","27","12","15"
"2026-02-04T04:00:00.000","12","7","5"
"2026-02-04T03:00:00.000","17","16","1"
"2026-02-04T02:00:00.000","2","1","1"
"2026-02-04T01:00:00.000","10","8","2"
"2026-02-04T00:00:00.000","7","5","2"
"2026-02-03T23:00:00.000","16","13","3"
"2026-02-03T22:00:00.000","43","26","17"
"2026-02-03T21:00:00.000","63","40","23"
"2026-02-03T20:00:00.000","79","47","32"
"2026-02-03T19:00:00.000","130","93","37"
"2026-02-03T18:00:00.000","269","207","62"
"2026-02-03T17:00:00.000","540","432","108"
"2026-02-03T16:00:00.000","402","307","95"
"2026-02-03T15:00:00.000","208","144","64"
"2026-02-03T14:00:00.000","135","85","50"
"2026-02-03T13:00:00.000","97","52","45"
"2026-02-03T12:00:00.000","118","59","59"
"2026-02-03T11:00:00.000","96","41","55"
"2026-02-03T10:00:00.000","127","45","82"
"2026-02-03T09:00:00.000","268","72","196"
"2026-02-03T08:00:00.000","445","80","365"
"2026-02-03T07:00:00.000","317","93","224"
"2026-02-03T06:00:00.000","120","42","78"
"2026-02-03T05:00:00.000","20","8","12"
"2026-02-03T04:00:00.000","14","10","4"
"2026-02-03T03:00:00.000","2","2","0"
"2026-02-03T02:00:00.000","9","7","2"
"2026-02-03T01:00:00.000","12","11","1"
"2026-02-03T00:00:00.000","8","7","1"
"2026-02-02T23:00:00.000","16","14","2"
"2026-02-02T22:00:00.000","28","22","6"
"2026-02-02T21:00:00.000","48","27","21"
"2026-02-02T20:00:00.000","36","28","8"
"2026-02-02T19:00:00.000","89","57","32"
"2026-02-02T18:00:00.000","170","131","39"
"2026-02-02T17:00:00.000","324","251","73"
"2026-02-02T16:00:00.000","267","206","61"
"2026-02-02T15:00:00.000","139","101","38"
"2026-02-02T14:00:00.000","89","63","26"
"2026-02-02T13:00:00.000","76","45","31"
"2026-02-02T12:00:00.000","60","35","25"
"2026-02-02T11:00:00.000","57","25","32"
"2026-02-02T10:00:00.000","81","24","57"
"2026-02-02T09:00:00.000","164","39","125"
"2026-02-02T08:00:00.000","258","61","197"
"2026-02-02T07:00:00.000","160","37","123"
"2026-02-02T06:00:00.000","69","18","51"
"2026-02-02T05:00:00.000","29","14","15"
"2026-02-02T04:00:00.000","16","10","6"
"2026-02-02T03:00:00.000","5","2","3"
"2026-02-02T02:00:00.000","16","15","1"
"2026-02-02T01:00:00.000","17","13","4"
"2026-02-02T00:00:00.000","11","10","1"
"2026-02-01T23:00:00.000","15","13","2"
"2026-02-01T22:00:00.000","8","6","2"
"2026-02-01T21:00:00.000","26","18","8"
"2026-02-01T20:00:00.000","17","13","4"
"2026-02-01T19:00:00.000","31","20","11"
"2026-02-01T18:00:00.000","38","20","18"
"2026-02-01T17:00:00.000","61","28","33"
"2026-02-01T16:00:00.000","80","33","47"
"2026-02-01T15:00:00.000","93","45","48"
"2026-02-01T14:00:00.000","101","54","47"
"2026-02-01T13:00:00.000","85","49","36"
"2026-02-01T12:00:00.000","58","38","20"
"2026-02-01T11:00:00.000","59","35","24"
"2026-02-01T10:00:00.000","60","29","31"
"2026-02-01T09:00:00.000","39","23","16"
"2026-02-01T08:00:00.000","16","9","7"
"2026-02-01T07:00:00.000","11","9","2"
"2026-02-01T06:00:00.000","7","5","2"
"2026-02-01T05:00:00.000","8","5","3"
"2026-02-01T04:00:00.000","4","4","0"
"2026-02-01T03:00:00.000","9","7","2"
"2026-02-01T02:00:00.000","13","11","2"
"2026-02-01T01:00:00.000","28","19","9"
"2026-02-01T00:00:00.000","19","9","10"
"2026-01-31T23:00:00.000","42","27","15"
"2026-01-31T22:00:00.000","31","22","9"
"2026-01-31T21:00:00.000","63","49","14"
"2026-01-31T20:00:00.000","45","24","21"
"2026-01-31T19:00:00.000","84","29","55"
"2026-01-31T18:00:00.000","70","39","31"
"2026-01-31T17:00:00.000","117","65","52"
"2026-01-31T16:00:00.000","173","103","70"
"2026-01-31T15:00:00.000","199","121","78"
"2026-01-31T14:00:00.000","180","117","63"
"2026-01-31T13:00:00.000","161","107","54"
"2026-01-31T12:00:00.000","123","78","45"
"2026-01-31T11:00:00.000","118","69","49"
"2026-01-31T10:00:00.000","108","50","58"
"2026-01-31T09:00:00.000","62","40","22"
"2026-01-31T08:00:00.000","40","17","23"
"2026-01-31T07:00:00.000","14","10","4"
"2026-01-31T06:00:00.000","15","12","3"
"2026-01-31T05:00:00.000","14","9","5"
"2026-01-31T04:00:00.000","11","8","3"
"2026-01-31T03:00:00.000","9","7","2"
"2026-01-31T02:00:00.000","13","9","4"
"2026-01-31T01:00:00.000","16","10","6"
"2026-01-31T00:00:00.000","32","23","9"
"2026-01-30T23:00:00.000","20","10","10"
"2026-01-30T22:00:00.000","73","58","15"
"2026-01-30T21:00:00.000","95","81","14"
"2026-01-30T20:00:00.000","53","34","19"
"2026-01-30T19:00:00.000","62","45","17"
"2026-01-30T18:00:00.000","228","78","150"
"2026-01-30T17:00:00.000","209","160","49"
"2026-01-30T16:00:00.000","196","145","51"
"2026-01-30T15:00:00.000","112","83","29"
"2026-01-30T14:00:00.000","86","61","25"
"2026-01-30T13:00:00.000","68","45","23"
"2026-01-30T12:00:00.000","49","28","21"
"2026-01-30T11:00:00.000","33","16","17"
"2026-01-30T10:00:00.000","59","28","31"
"2026-01-30T09:00:00.000","115","36","79"
"2026-01-30T08:00:00.000","222","62","160"
"2026-01-30T07:00:00.000","122","40","82"
"2026-01-30T06:00:00.000","77","30","47"
"2026-01-30T05:00:00.000","14","8","6"
"2026-01-30T04:00:00.000","9","4","5"
"2026-01-30T03:00:00.000","8","7","1"
"2026-01-30T02:00:00.000","8","5","3"
"2026-01-30T01:00:00.000","10","5","5"
"2026-01-30T00:00:00.000","10","8","2"
"2026-01-29T23:00:00.000","16","14","2"
"2026-01-29T22:00:00.000","35","29","6"
"2026-01-29T21:00:00.000","33","22","11"
"2026-01-29T20:00:00.000","51","38","13"
"2026-01-29T19:00:00.000","66","46","20"
"2026-01-29T18:00:00.000","188","141","47"
"2026-01-29T17:00:00.000","319","254","65"
"2026-01-29T16:00:00.000","255","195","60"
"2026-01-29T15:00:00.000","142","102","40"
"2026-01-29T14:00:00.000","68","46","22"
"2026-01-29T13:00:00.000","72","38","34"
"2026-01-29T12:00:00.000","63","29","34"
"2026-01-29T11:00:00.000","60","27","33"
"2026-01-29T10:00:00.000","72","28","44"
"2026-01-29T09:00:00.000","191","51","140"
"2026-01-29T08:00:00.000","308","79","229"
"2026-01-29T07:00:00.000","171","59","112"
"2026-01-29T06:00:00.000","74","20","54"
"2026-01-29T05:00:00.000","28","16","12"
"2026-01-29T04:00:00.000","10","9","1"
"2026-01-29T03:00:00.000","8","6","2"
"2026-01-29T02:00:00.000","6","5","1"
"2026-01-29T01:00:00.000","8","7","1"
"2026-01-29T00:00:00.000","3","1","2"
"2026-01-28T23:00:00.000","10","7","3"
"2026-01-28T22:00:00.000","28","18","10"
"2026-01-28T21:00:00.000","50","29","21"
"2026-01-28T20:00:00.000","61","38","23"
"2026-01-28T19:00:00.000","96","62","34"
"2026-01-28T18:00:00.000","216","167","49"
"2026-01-28T17:00:00.000","331","262","69"
"2026-01-28T16:00:00.000","271","203","68"
"2026-01-28T15:00:00.000","134","102","32"
"2026-01-28T14:00:00.000","95","67","28"
"2026-01-28T13:00:00.000","73","47","26"
"2026-01-28T12:00:00.000","71","36","35"
"2026-01-28T11:00:00.000","73","33","40"
"2026-01-28T10:00:00.000","96","40","56"
"2026-01-28T09:00:00.000","222","71","151"
"2026-01-28T08:00:00.000","378","90","288"
"2026-01-28T07:00:00.000","199","46","153"
"2026-01-28T06:00:00.000","62","21","41"
"2026-01-28T05:00:00.000","17","10","7"
"2026-01-28T04:00:00.000","13","9","4"
"2026-01-28T03:00:00.000","11","9","2"
"2026-01-28T02:00:00.000","21","20","1"
"2026-01-28T01:00:00.000","13","13","0"
"2026-01-28T00:00:00.000","9","7","2"
"2026-01-27T23:00:00.000","16","13","3"
"2026-01-27T22:00:00.000","32","28","4"
"2026-01-27T21:00:00.000","41","27","14"
"2026-01-27T20:00:00.000","60","43","17"
"2026-01-27T19:00:00.000","122","89","33"
"2026-01-27T18:00:00.000","226","171","55"
"2026-01-27T17:00:00.000","433","332","101"
"2026-01-27T16:00:00.000","374","273","101"
"2026-01-27T15:00:00.000","217","162","55"
"2026-01-27T14:00:00.000","138","89","49"
"2026-01-27T13:00:00.000","95","54","41"
"2026-01-27T12:00:00.000","101","48","53"
"2026-01-27T11:00:00.000","86","42","44"
"2026-01-27T10:00:00.000","110","39","71"
"2026-01-27T09:00:00.000","266","67","199"
"2026-01-27T08:00:00.000","423","95","328"
"2026-01-27T07:00:00.000","266","81","185"
"2026-01-27T06:00:00.000","86","39","47"
"2026-01-27T05:00:00.000","35","16","19"
"2026-01-27T04:00:00.000","14","8","6"
"2026-01-27T03:00:00.000","18","16","2"
"2026-01-27T02:00:00.000","13","10","3"
"2026-01-27T01:00:00.000","7","6","1"
"2026-01-27T00:00:00.000","19","16","3"
"2026-01-26T23:00:00.000","18","15","3"
"2026-01-26T22:00:00.000","35","25","10"
"2026-01-26T21:00:00.000","47","32","15"
"2026-01-26T20:00:00.000","42","27","15"
"2026-01-26T19:00:00.000","87","62","25"
"2026-01-26T18:00:00.000","197","152","45"
"2026-01-26T17:00:00.000","348","276","72"
"2026-01-26T16:00:00.000","286","223","63"
"2026-01-26T15:00:00.000","164","115","49"
"2026-01-26T14:00:00.000","111","70","41"
"2026-01-26T13:00:00.000","74","47","27"
"2026-01-26T12:00:00.000","69","33","36"
"2026-01-26T11:00:00.000","76","34","42"
"2026-01-26T10:00:00.000","98","34","64"
"2026-01-26T09:00:00.000","212","68","144"
"2026-01-26T08:00:00.000","332","64","268"
"2026-01-26T07:00:00.000","185","48","137"
"2026-01-26T06:00:00.000","71","27","44"
"2026-01-26T05:00:00.000","28","18","10"
"2026-01-26T04:00:00.000","28","24","4"
"2026-01-26T03:00:00.000","13","11","2"
"2026-01-26T02:00:00.000","7","7","0"
"2026-01-26T01:00:00.000","16","15","1"
"2026-01-26T00:00:00.000","21","18","3"
"2026-01-25T23:00:00.000","22","22","0"
"2026-01-25T22:00:00.000","30","20","10"
"2026-01-25T21:00:00.000","45","39","6"
"2026-01-25T20:00:00.000","43","33","10"
"2026-01-25T19:00:00.000","76","48","28"
"2026-01-25T18:00:00.000","40","29","11"
"2026-01-25T17:00:00.000","56","39","17"
"2026-01-25T16:00:00.000","93","53","40"
"2026-01-25T15:00:00.000","153","98","55"
"2026-01-25T14:00:00.000","177","98","79"
"2026-01-25T13:00:00.000","165","93","72"
"2026-01-25T12:00:00.000","126","70","56"
"2026-01-25T11:00:00.000","129","65","64"
"2026-01-25T10:00:00.000","117","65","52"
"2026-01-25T09:00:00.000","64","36","28"
"2026-01-25T08:00:00.000","49","30","19"
"2026-01-25T07:00:00.000","29","24","5"
"2026-01-25T06:00:00.000","31","27","4"
"2026-01-25T05:00:00.000","25","22","3"
"2026-01-25T04:00:00.000","11","11","0"
"2026-01-25T03:00:00.000","18","17","1"
"2026-01-25T02:00:00.000","16","14","2"
"2026-01-25T01:00:00.000","25","20","5"
"2026-01-25T00:00:00.000","17","12","5"
"2026-01-24T23:00:00.000","38","27","11"
"2026-01-24T22:00:00.000","36","27","9"
"2026-01-24T21:00:00.000","55","40","15"
"2026-01-24T20:00:00.000","46","27","19"
"2026-01-24T19:00:00.000","77","39","38"
"2026-01-24T18:00:00.000","90","62","28"
"2026-01-24T17:00:00.000","109","73","36"
"2026-01-24T16:00:00.000","160","90","70"
"2026-01-24T15:00:00.000","188","103","85"
"2026-01-24T14:00:00.000","184","108","76"
"2026-01-24T13:00:00.000","158","84","74"
"2026-01-24T12:00:00.000","150","97","53"
"2026-01-24T11:00:00.000","138","82","56"
"2026-01-24T10:00:00.000","123","65","58"
"2026-01-24T09:00:00.000","63","39","24"
"2026-01-24T08:00:00.000","50","30","20"
"2026-01-24T07:00:00.000","20","14","6"
"2026-01-24T06:00:00.000","25","21","4"
"2026-01-24T05:00:00.000","11","7","4"
"2026-01-24T04:00:00.000","16","14","2"
"2026-01-24T03:00:00.000","16","15","1"
"2026-01-24T02:00:00.000","16","14","2"
"2026-01-24T01:00:00.000","27","22","5"
"2026-01-24T00:00:00.000","19","12","7"
"2026-01-23T23:00:00.000","26","22","4"
"2026-01-23T22:00:00.000","46","30","16"
"2026-01-23T21:00:00.000","39","26","13"
"2026-01-23T20:00:00.000","62","47","15"
"2026-01-23T19:00:00.000","72","52","20"
"2026-01-23T18:00:00.000","159","117","42"
"2026-01-23T17:00:00.000","252","177","75"
"2026-01-23T16:00:00.000","294","221","73"
"2026-01-23T15:00:00.000","200","148","52"
"2026-01-23T14:00:00.000","117","71","46"
"2026-01-23T13:00:00.000","129","72","57"
"2026-01-23T12:00:00.000","80","46","34"
"2026-01-23T11:00:00.000","95","43","52"
"2026-01-23T10:00:00.000","97","32","65"
"2026-01-23T09:00:00.000","198","71","127"
"2026-01-23T08:00:00.000","217","49","168"
"2026-01-23T07:00:00.000","160","52","108"
"2026-01-23T06:00:00.000","73","36","37"
"2026-01-23T05:00:00.000","38","23","15"
"2026-01-23T04:00:00.000","18","17","1"
"2026-01-23T03:00:00.000","18","17","1"
"2026-01-23T02:00:00.000","17","17","0"
"2026-01-23T01:00:00.000","20","14","6"
"2026-01-23T00:00:00.000","17","16","1"
"2026-01-22T23:00:00.000","24","16","8"
"2026-01-22T22:00:00.000","33","24","9"
"2026-01-22T21:00:00.000","45","29","16"
"2026-01-22T20:00:00.000","75","47","28"
"2026-01-22T19:00:00.000","105","74","31"
"2026-01-22T18:00:00.000","212","160","52"
"2026-01-22T17:00:00.000","403","333","70"
"2026-01-22T16:00:00.000","312","224","88"
"2026-01-22T15:00:00.000","184","140","44"
"2026-01-22T14:00:00.000","115","75","40"
"2026-01-22T13:00:00.000","101","53","48"
"2026-01-22T12:00:00.000","87","48","39"
"2026-01-22T11:00:00.000","90","41","49"
"2026-01-22T10:00:00.000","124","51","73"
"2026-01-22T09:00:00.000","245","64","181"
"2026-01-22T08:00:00.000","326","80","246"
"2026-01-22T07:00:00.000","227","69","158"
"2026-01-22T06:00:00.000","104","45","59"
"2026-01-22T05:00:00.000","23","11","12"
"2026-01-22T04:00:00.000","28","25","3"
"2026-01-22T03:00:00.000","18","16","2"
"2026-01-22T02:00:00.000","13","11","2"
"2026-01-22T01:00:00.000","18","15","3"
"2026-01-22T00:00:00.000","22","20","2"
"2026-01-21T23:00:00.000","26","20","6"
"2026-01-21T22:00:00.000","41","30","11"
"2026-01-21T21:00:00.000","68","46","22"
"2026-01-21T20:00:00.000","62","38","24"
"2026-01-21T19:00:00.000","106","75","31"
"2026-01-21T18:00:00.000","252","188","64"
"2026-01-21T17:00:00.000","395","317","78"
"2026-01-21T16:00:00.000","404","295","109"
"2026-01-21T15:00:00.000","221","151","70"
"2026-01-21T14:00:00.000","142","94","48"
"2026-01-21T13:00:00.000","108","64","44"
"2026-01-21T12:00:00.000","101","44","57"
"2026-01-21T11:00:00.000","113","49","64"
"2026-01-21T10:00:00.000","124","40","84"
"2026-01-21T09:00:00.000","244","66","178"
"2026-01-21T08:00:00.000","418","97","321"
"2026-01-21T07:00:00.000","259","74","185"
"2026-01-21T06:00:00.000","101","45","56"
"2026-01-21T05:00:00.000","34","18","16"
"2026-01-21T04:00:00.000","28","25","3"
"2026-01-21T03:00:00.000","11","11","0"
"2026-01-21T02:00:00.000","17","17","0"
"2026-01-21T01:00:00.000","16","15","1"
"2026-01-21T00:00:00.000","22","18","4"
"2026-01-20T23:00:00.000","20","14","6"
"2026-01-20T22:00:00.000","55","43","12"
"2026-01-20T21:00:00.000","53","24","29"
"2026-01-20T20:00:00.000","63","41","22"
"2026-01-20T19:00:00.000","144","109","35"
"2026-01-20T18:00:00.000","237","175","62"
"2026-01-20T17:00:00.000","456","360","96"
"2026-01-20T16:00:00.000","427","322","105"
"2026-01-20T15:00:00.000","204","157","47"
"2026-01-20T14:00:00.000","141","90","51"
"2026-01-20T13:00:00.000","113","66","47"
"2026-01-20T12:00:00.000","103","58","45"
"2026-01-20T11:00:00.000","100","39","61"
"2026-01-20T10:00:00.000","127","47","80"
"2026-01-20T09:00:00.000","247","66","181"
"2026-01-20T08:00:00.000","434","93","341"
"2026-01-20T07:00:00.000","255","61","194"
"2026-01-20T06:00:00.000","99","44","55"
"2026-01-20T05:00:00.000","32","13","19"
"2026-01-20T04:00:00.000","15","11","4"
"2026-01-20T03:00:00.000","18","17","1"
"2026-01-20T02:00:00.000","20","20","0"
"2026-01-20T01:00:00.000","13","13","0"
"2026-01-20T00:00:00.000","10","9","1"
"2026-01-19T23:00:00.000","17","13","4"
"2026-01-19T22:00:00.000","29","22","7"
"2026-01-19T21:00:00.000","35","22","13"
"2026-01-19T20:00:00.000","50","24","26"
"2026-01-19T19:00:00.000","51","36","15"
"2026-01-19T18:00:00.000","58","37","21"
"2026-01-19T17:00:00.000","122","90","32"
"2026-01-19T16:00:00.000","228","116","112"
"2026-01-19T15:00:00.000","227","130","97"
"2026-01-19T14:00:00.000","212","108","104"
"2026-01-19T13:00:00.000","223","111","112"
"2026-01-19T12:00:00.000","199","117","82"
"2026-01-19T11:00:00.000","159","83","76"
"2026-01-19T10:00:00.000","97","51","46"
"2026-01-19T09:00:00.000","79","45","34"
"2026-01-19T08:00:00.000","82","42","40"
"2026-01-19T07:00:00.000","58","28","30"
"2026-01-19T06:00:00.000","43","23","20"
"2026-01-19T05:00:00.000","20","12","8"
"2026-01-19T04:00:00.000","12","10","2"
"2026-01-19T03:00:00.000","15","14","1"
"2026-01-19T02:00:00.000","12","11","1"
"2026-01-19T01:00:00.000","12","11","1"
"2026-01-19T00:00:00.000","13","13","0"
"2026-01-18T23:00:00.000","25","22","3"
"2026-01-18T22:00:00.000","43","20","23"
"2026-01-18T21:00:00.000","19","14","5"
"2026-01-18T20:00:00.000","27","20","7"
"2026-01-18T19:00:00.000","43","26","17"
"2026-01-18T18:00:00.000","54","30","24"
"2026-01-18T17:00:00.000","87","57","30"
"2026-01-18T16:00:00.000","165","91","74"
"2026-01-18T15:00:00.000","226","128","98"
"2026-01-18T14:00:00.000","226","136","90"
"2026-01-18T13:00:00.000","257","140","117"
"2026-01-18T12:00:00.000","232","113","119"
"2026-01-18T11:00:00.000","140","89","51"
"2026-01-18T10:00:00.000","163","78","85"
"2026-01-18T09:00:00.000","60","33","27"
"2026-01-18T08:00:00.000","47","29","18"
"2026-01-18T07:00:00.000","25","20","5"
"2026-01-18T06:00:00.000","37","32","5"
"2026-01-18T05:00:00.000","18","13","5"
"2026-01-18T04:00:00.000","15","15","0"
"2026-01-18T03:00:00.000","17","16","1"
"2026-01-18T02:00:00.000","17","15","2"
"2026-01-18T01:00:00.000","23","15","8"
"2026-01-18T00:00:00.000","42","31","11"
"2026-01-17T23:00:00.000","27","18","9"
"2026-01-17T22:00:00.000","46","36","10"
"2026-01-17T21:00:00.000","105","80","25"
"2026-01-17T20:00:00.000","66","42","24"
"2026-01-17T19:00:00.000","88","28","60"
"2026-01-17T18:00:00.000","71","38","33"
"2026-01-17T17:00:00.000","110","67","43"
"2026-01-17T16:00:00.000","182","93","89"
"2026-01-17T15:00:00.000","211","127","84"
"2026-01-17T14:00:00.000","247","136","111"
"2026-01-17T13:00:00.000","271","156","115"
"2026-01-17T12:00:00.000","204","101","103"
"2026-01-17T11:00:00.000","167","100","67"
"2026-01-17T10:00:00.000","148","81","67"
"2026-01-17T09:00:00.000","105","70","35"
"2026-01-17T08:00:00.000","72","39","33"
"2026-01-17T07:00:00.000","26","17","9"
"2026-01-17T06:00:00.000","25","16","9"
"2026-01-17T05:00:00.000","24","17","7"
"2026-01-17T04:00:00.000","13","11","2"
"2026-01-17T03:00:00.000","12","11","1"
"2026-01-17T02:00:00.000","20","18","2"
"2026-01-17T01:00:00.000","21","9","12"
"2026-01-17T00:00:00.000","19","13","6"
"2026-01-16T23:00:00.000","71","54","17"
"2026-01-16T22:00:00.000","76","60","16"
"2026-01-16T21:00:00.000","99","72","27"
"2026-01-16T20:00:00.000","107","73","34"
"2026-01-16T19:00:00.000","161","117","44"
"2026-01-16T18:00:00.000","268","209","59"
"2026-01-16T17:00:00.000","425","330","95"
"2026-01-16T16:00:00.000","452","366","86"
"2026-01-16T15:00:00.000","351","263","88"
"2026-01-16T14:00:00.000","269","194","75"
"2026-01-16T13:00:00.000","218","146","72"
"2026-01-16T12:00:00.000","210","132","78"
"2026-01-16T11:00:00.000","160","102","58"
"2026-01-16T10:00:00.000","172","101","71"
"2026-01-16T09:00:00.000","273","147","126"
"2026-01-16T08:00:00.000","427","177","250"
"2026-01-16T07:00:00.000","243","112","131"
"2026-01-16T06:00:00.000","90","48","42"
"2026-01-16T05:00:00.000","33","19","14"
"2026-01-16T04:00:00.000","9","4","5"
"2026-01-16T03:00:00.000","7","1","6"
"2026-01-16T02:00:00.000","3","1","2"
"2026-01-16T01:00:00.000","6","3","3"
"2026-01-16T00:00:00.000","11","7","4"
"2026-01-15T23:00:00.000","16","13","3"
"2026-01-15T22:00:00.000","34","25","9"
"2026-01-15T21:00:00.000","49","37","12"
"2026-01-15T20:00:00.000","62","46","16"
"2026-01-15T19:00:00.000","100","78","22"
"2026-01-15T18:00:00.000","149","120","29"
"2026-01-15T17:00:00.000","233","182","51"
"2026-01-15T16:00:00.000","189","154","35"
"2026-01-15T15:00:00.000","123","99","24"
"2026-01-15T14:00:00.000","88","72","16"
"2026-01-15T13:00:00.000","80","63","17"
"2026-01-15T12:00:00.000","88","66","22"
"2026-01-15T11:00:00.000","82","57","25"
"2026-01-15T10:00:00.000","107","69","38"
"2026-01-15T09:00:00.000","212","114","98"
"2026-01-15T08:00:00.000","396","223","173"
"2026-01-15T07:00:00.000","246","144","102"
"2026-01-15T06:00:00.000","81","49","32"
"2026-01-15T05:00:00.000","26","16","10"
"2026-01-15T04:00:00.000","8","4","4"
"2026-01-15T03:00:00.000","2","1","1"
"2026-01-15T02:00:00.000","1","0","1"
"2026-01-15T01:00:00.000","5","3","2"
"2026-01-15T00:00:00.000","3","2","1"
"2026-01-14T23:00:00.000","16","11","5"
"2026-01-14T22:00:00.000","38","29","9"
"2026-01-14T21:00:00.000","49","36","13"
"2026-01-14T20:00:00.000","68","53","15"
"2026-01-14T19:00:00.000","105","82","23"
"2026-01-14T18:00:00.000","174","137","37"
"2026-01-14T17:00:00.000","248","197","51"
"2026-01-14T16:00:00.000","214","172","42"
"2026-01-14T15:00:00.000","145","114","31"
"2026-01-14T14:00:00.000","113","92","21"
"2026-01-14T13:00:00.000","96","75","21"
"2026-01-14T12:00:00.000","105","76","29"
"2026-01-14T11:00:00.000","108","76","32"
"2026-01-14T10:00:00.000","131","79","52"
"2026-01-14T09:00:00.000","250","132","118"
"2026-01-14T08:00:00.000","433","245","188"
"2026-01-14T07:00:00.000","275","159","116"
"2026-01-14T06:00:00.000","87","50","37"
"2026-01-14T05:00:00.000","28","18","10"
"2026-01-14T04:00:00.000","8","5","3"
"2026-01-14T03:00:00.000","4","1","3"
"2026-01-14T02:00:00.000","4","1","3"
"2026-01-14T01:00:00.000","5","2","3"
"2026-01-14T00:00:00.000","9","6","3"
"2026-01-13T23:00:00.000","20","13","7"
"2026-01-13T22:00:00.000","42","30","12"
"2026-01-13T21:00:00.000","52","39","13"
"2026-01-13T20:00:00.000","61","51","10"
"2026-01-13T19:00:00.000","97","75","22"
"2026-01-13T18:00:00.000","170","135","35"
"2026-01-13T17:00:00.000","255","199","56"
"2026-01-13T16:00:00.000","229","181","48"
"2026-01-13T15:00:00.000","156","125","31"
"2026-01-13T14:00:00.000","108","86","22"
"2026-01-13T13:00:00.000","104","81","23"
"2026-01-13T12:00:00.000","106","78","28"
"2026-01-13T11:00:00.000","100","68","32"
"2026-01-13T10:00:00.000","125","79","46"
"2026-01-13T09:00:00.000","234","123","111"
"2026-01-13T08:00:00.000","485","272","213"
"2026-01-13T07:00:00.000","306","179","127"
"2026-01-13T06:00:00.000","96","55","41"
"2026-01-13T05:00:00.000","30","20","10"
"2026-01-13T04:00:00.000","11","5","6"
"2026-01-13T03:00:00.000","7","3","4"
"2026-01-13T02:00:00.000","5","1","4"
"2026-01-13T01:00:00.000","3","0","3"
"2026-01-13T00:00:00.000","7","4","3"
"2026-01-12T23:00:00.000","14","10","4"
"2026-01-12T22:00:00.000","24","18","6"
"2026-01-12T21:00:00.000","36","28","8"
"2026-01-12T20:00:00.000","49","38","11"
"2026-01-12T19:00:00.000","80","62","18"
"2026-01-12T18:00:00.000","132","104","28"
"2026-01-12T17:00:00.000","186","148","38"
"2026-01-12T16:00:00.000","161","129","32"
"2026-01-12T15:00:00.000","112","90","22"
"2026-01-12T14:00:00.000","93","75","18"
"2026-01-12T13:00:00.000","82","63","19"
"2026-01-12T12:00:00.000","80","58","22"
"2026-01-12T11:00:00.000","80","56","24"
"2026-01-12T10:00:00.000","93","57","36"
"2026-01-12T09:00:00.000","185","98","87"
"2026-01-12T08:00:00.000","328","177","151"
"2026-01-12T07:00:00.000","192","109","83"
"2026-01-12T06:00:00.000","72","42","30"
"2026-01-12T05:00:00.000","24","15","9"
"2026-01-12T04:00:00.000","8","3","5"
"2026-01-12T03:00:00.000","5","2","3"
"2026-01-12T02:00:00.000","3","0","3"
"2026-01-12T01:00:00.000","3","1","2"
"2026-01-12T00:00:00.000","6","4","2"
"2026-01-11T23:00:00.000","3","3","0"
"2026-01-11T22:00:00.000","10","8","2"
"2026-01-11T21:00:00.000","21","14","7"
"2026-01-11T20:00:00.000","21","16","5"
"2026-01-11T19:00:00.000","31","23","8"
"2026-01-11T18:00:00.000","40","31","9"
"2026-01-11T17:00:00.000","51","39","12"
"2026-01-11T16:00:00.000","68","55","13"
"2026-01-11T15:00:00.000","78","63","15"
"2026-01-11T14:00:00.000","72","57","15"
"2026-01-11T13:00:00.000","68","54","14"
"2026-01-11T12:00:00.000","61","49","12"
"2026-01-11T11:00:00.000","60","47","13"
"2026-01-11T10:00:00.000","53","39","14"
"2026-01-11T09:00:00.000","39","30","9"
"2026-01-11T08:00:00.000","25","17","8"
"2026-01-11T07:00:00.000","13","9","4"
"2026-01-11T06:00:00.000","9","5","4"
"2026-01-11T05:00:00.000","2","2","0"
"2026-01-11T04:00:00.000","0","0","0"
"2026-01-11T03:00:00.000","1","0","1"
"2026-01-11T02:00:00.000","5","4","1"
"2026-01-11T01:00:00.000","8","7","1"
"2026-01-11T00:00:00.000","13","9","4"
"2026-01-10T23:00:00.000","34","26","8"
"2026-01-10T22:00:00.000","33","26","7"
"2026-01-10T21:00:00.000","41","30","11"
"2026-01-10T20:00:00.000","51","40","11"
"2026-01-10T19:00:00.000","90","55","35"
"2026-01-10T18:00:00.000","87","69","18"
"2026-01-10T17:00:00.000","108","86","22"
"2026-01-10T16:00:00.000","129","105","24"
"2026-01-10T15:00:00.000","125","100","25"
"2026-01-10T14:00:00.000","126","101","25"
"2026-01-10T13:00:00.000","124","102","22"
"2026-01-10T12:00:00.000","143","115","28"
"2026-01-10T11:00:00.000","122","99","23"
"2026-01-10T10:00:00.000","90","73","17"
"2026-01-10T09:00:00.000","75","59","16"
"2026-01-10T08:00:00.000","52","38","14"
"2026-01-10T07:00:00.000","26","17","9"
"2026-01-10T06:00:00.000","14","8","6"
"2026-01-10T05:00:00.000","9","6","3"
"2026-01-10T04:00:00.000","4","1","3"
"2026-01-10T03:00:00.000","2","1","1"
"2026-01-10T02:00:00.000","10","8","2"
"2026-01-10T01:00:00.000","13","9","4"
"2026-01-10T00:00:00.000","24","17","7"
"2026-01-09T23:00:00.000","32","24","8"
"2026-01-09T22:00:00.000","42","34","8"
"2026-01-09T21:00:00.000","53","41","12"
"2026-01-09T20:00:00.000","55","43","12"
"2026-01-09T19:00:00.000","84","67","17"
"2026-01-09T18:00:00.000","125","99","26"
"2026-01-09T17:00:00.000","176","139","37"
"2026-01-09T16:00:00.000","167","138","29"
"2026-01-09T15:00:00.000","129","105","24"
"2026-01-09T14:00:00.000","106","86","20"
"2026-01-09T13:00:00.000","96","75","21"
"2026-01-09T12:00:00.000","85","62","23"
"2026-01-09T11:00:00.000","85","60","25"
"2026-01-09T10:00:00.000","98","62","36"
"2026-01-09T09:00:00.000","160","90","70"
"2026-01-09T08:00:00.000","269","151","118"
"2026-01-09T07:00:00.000","160","97","63"
"2026-01-09T06:00:00.000","64","41","23"
"2026-01-09T05:00:00.000","20","15","5"
"2026-01-09T04:00:00.000","8","4","4"
"2026-01-09T03:00:00.000","6","1","5"
"2026-01-09T02:00:00.000","3","1","2"
"2026-01-09T01:00:00.000","6","3","3"
"2026-01-09T00:00:00.000","8","6","2"
"2026-01-08T23:00:00.000","13","11","2"
"2026-01-08T22:00:00.000","31","22","9"
"2026-01-08T21:00:00.000","41","32","9"
"2026-01-08T20:00:00.000","54","40","14"
"2026-01-08T19:00:00.000","83","64","19"
"2026-01-08T18:00:00.000","126","101","25"
"2026-01-08T17:00:00.000","194","152","42"
"2026-01-08T16:00:00.000","158","129","29"
"2026-01-08T15:00:00.000","101","82","19"
"2026-01-08T14:00:00.000","74","61","13"
"2026-01-08T13:00:00.000","66","52","14"
"2026-01-08T12:00:00.000","75","55","20"
"2026-01-08T11:00:00.000","71","49","22"
"2026-01-08T10:00:00.000","91","57","34"
"2026-01-08T09:00:00.000","177","95","82"
"2026-01-08T08:00:00.000","333","188","145"
"2026-01-08T07:00:00.000","205","120","85"
"2026-01-08T06:00:00.000","69","42","27"
"2026-01-08T05:00:00.000","21","14","7"
"2026-01-08T04:00:00.000","5","3","2"
"2026-01-08T03:00:00.000","2","1","1"
"2026-01-08T02:00:00.000","1","0","1"
"2026-01-08T01:00:00.000","3","1","2"
"2026-01-08T00:00:00.000","2","2","0"
"2026-01-07T23:00:00.000","8","7","1"
"2026-01-07T22:00:00.000","26","19","7"
"2026-01-07T21:00:00.000","31","23","8"
"2026-01-07T20:00:00.000","44","35","9"
"2026-01-07T19:00:00.000","68","52","16"
"2026-01-07T18:00:00.000","113","89","24"
"2026-01-07T17:00:00.000","162","129","33"
"2026-01-07T16:00:00.000","142","113","29"
"2026-01-07T15:00:00.000","94","74","20"
"2026-01-07T14:00:00.000","74","60","14"
"2026-01-07T13:00:00.000","64","50","14"
"2026-01-07T12:00:00.000","67","49","18"
"2026-01-07T11:00:00.000","68","49","19"
"2026-01-07T10:00:00.000","87","53","34"
"2026-01-07T09:00:00.000","164","87","77"
"2026-01-07T08:00:00.000","281","159","122"
"2026-01-07T07:00:00.000","178","103","75"
"2026-01-07T06:00:00.000","58","32","26"
"2026-01-07T05:00:00.000","16","10","6"
"2026-01-07T04:00:00.000","6","3","3"
"2026-01-07T03:00:00.000","3","0","3"
"2026-01-07T02:00:00.000","1","0","1"
"2026-01-07T01:00:00.000","1","0","1"
"2026-01-07T00:00:00.000","4","2","2"
"2026-01-06T23:00:00.000","11","8","3"
"2026-01-06T22:00:00.000","26","18","8"
"2026-01-06T21:00:00.000","35","26","9"
"2026-01-06T20:00:00.000","40","33","7"
"2026-01-06T19:00:00.000","64","49","15"
"2026-01-06T18:00:00.000","112","88","24"
"2026-01-06T17:00:00.000","165","130","35"
"2026-01-06T16:00:00.000","149","118","31"
"2026-01-06T15:00:00.000","102","80","22"
"2026-01-06T14:00:00.000","71","56","15"
"2026-01-06T13:00:00.000","68","53","15"
"2026-01-06T12:00:00.000","71","51","20"
"2026-01-06T11:00:00.000","65","45","20"
"2026-01-06T10:00:00.000","81","52","29"
"2026-01-06T09:00:00.000","153","81","72"
"2026-01-06T08:00:00.000","318","178","140"
"2026-01-06T07:00:00.000","199","116","83"
"2026-01-06T06:00:00.000","62","37","25"
"2026-01-06T05:00:00.000","19","14","5"
"2026-01-06T04:00:00.000","9","4","5"
"2026-01-06T03:00:00.000","4","1","3"
"2026-01-06T02:00:00.000","3","0","3"
"2026-01-06T01:00:00.000","2","0","2"
"2026-01-06T00:00:00.000","2","2","0"
"2026-01-05T23:00:00.000","11","8","3"
"2026-01-05T22:00:00.000","21","15","6"
"2026-01-05T21:00:00.000","32","24","8"
"2026-01-05T20:00:00.000","45","34","11"
"2026-01-05T19:00:00.000","69","54","15"
"2026-01-05T18:00:00.000","112","90","22"
"2026-01-05T17:00:00.000","162","129","33"
"2026-01-05T16:00:00.000","141","113","28"
"2026-01-05T15:00:00.000","97","78","19"
"2026-01-05T14:00:00.000","79","65","14"
"2026-01-05T13:00:00.000","68","53","15"
"2026-01-05T12:00:00.000","68","48","20"
"2026-01-05T11:00:00.000","69","49","20"
"2026-01-05T10:00:00.000","83","49","34"
"2026-01-05T09:00:00.000","160","86","74"
"2026-01-05T08:00:00.000","286","154","132"
"2026-01-05T07:00:00.000","170","97","73"
"2026-01-05T06:00:00.000","62","37","25"
"2026-01-05T05:00:00.000","24","15","9"
"2026-01-05T04:00:00.000","8","3","5"
"2026-01-05T03:00:00.000","5","2","3"
"2026-01-05T02:00:00.000","3","0","3"
"2026-01-05T01:00:00.000","3","1","2"
"2026-01-05T00:00:00.000","5","3","2"
"2026-01-04T23:00:00.000","8","6","2"
"2026-01-04T22:00:00.000","11","8","3"
"2026-01-04T21:00:00.000","26","18","8"
"2026-01-04T20:00:00.000","28","21","7"
"2026-01-04T19:00:00.000","39","30","9"
"2026-01-04T18:00:00.000","51","40","11"
"2026-01-04T17:00:00.000","63","51","12"
"2026-01-04T16:00:00.000","86","70","16"
"2026-01-04T15:00:00.000","96","78","18"
"2026-01-04T14:00:00.000","87","70","17"
"2026-01-04T13:00:00.000","85","67","18"
"2026-01-04T12:00:00.000","76","61","15"
"2026-01-04T11:00:00.000","76","60","16"
"2026-01-04T10:00:00.000","68","51","17"
"2026-01-04T09:00:00.000","49","38","11"
"2026-01-04T08:00:00.000","31","21","10"
"2026-01-04T07:00:00.000","18","11","7"
"2026-01-04T06:00:00.000","12","6","6"
"2026-01-04T05:00:00.000","2","2","0"
"2026-01-04T04:00:00.000","1","0","1"
"2026-01-04T03:00:00.000","2","1","1"
"2026-01-04T02:00:00.000","6","4","2"
"2026-01-04T01:00:00.000","11","8","3"
"2026-01-04T00:00:00.000","17","12","5"
"2026-01-03T23:00:00.000","24","19","5"
"2026-01-03T22:00:00.000","25","18","7"
"2026-01-03T21:00:00.000","31","22","9"
"2026-01-03T20:00:00.000","36","29","7"
"2026-01-03T19:00:00.000","64","40","24"
"2026-01-03T18:00:00.000","66","51","15"
"2026-01-03T17:00:00.000","78","62","16"
"2026-01-03T16:00:00.000","95","76","19"
"2026-01-03T15:00:00.000","90","72","18"
"2026-01-03T14:00:00.000","93","74","19"
"2026-01-03T13:00:00.000","89","75","14"
"2026-01-03T12:00:00.000","105","83","22"
"2026-01-03T11:00:00.000","87","70","17"
"2026-01-03T10:00:00.000","64","52","12"
"2026-01-03T09:00:00.000","56","43","13"
"2026-01-03T08:00:00.000","39","28","11"
"2026-01-03T07:00:00.000","19","14","5"
"2026-01-03T06:00:00.000","10","6","4"
"2026-01-03T05:00:00.000","8","5","3"
"2026-01-03T04:00:00.000","1","0","1"
"2026-01-03T03:00:00.000","0","0","0"
"2026-01-03T02:00:00.000","6","6","0"
"2026-01-03T01:00:00.000","11","8","3"
"2026-01-03T00:00:00.000","15","12","3"
"2026-01-02T23:00:00.000","18","13","5"
"2026-01-02T22:00:00.000","28","21","7"
"2026-01-02T21:00:00.000","30","23","7"
"2026-01-02T20:00:00.000","32","25","7"
"2026-01-02T19:00:00.000","49","39","10"
"2026-01-02T18:00:00.000","75","59","16"
"2026-01-02T17:00:00.000","103","81","22"
"2026-01-02T16:00:00.000","97","81","16"
"2026-01-02T15:00:00.000","74","61","13"
"2026-01-02T14:00:00.000","63","51","12"
"2026-01-02T13:00:00.000","56","44","12"
"2026-01-02T12:00:00.000","53","39","14"
"2026-01-02T11:00:00.000","47","34","13"
"2026-01-02T10:00:00.000","57","35","22"
"2026-01-02T09:00:00.000","94","53","41"
"2026-01-02T08:00:00.000","159","89","70"
"2026-01-02T07:00:00.000","93","57","36"
"2026-01-02T06:00:00.000","37","24","13"
"2026-01-02T05:00:00.000","11","6","5"
"2026-01-02T04:00:00.000","4","2","2"
"2026-01-02T03:00:00.000","4","1","3"
"2026-01-02T02:00:00.000","0","0","0"
"2026-01-02T01:00:00.000","1","1","0"
"2026-01-02T00:00:00.000","3","3","0"
"2026-01-01T23:00:00.000","6","6","0"
"2026-01-01T22:00:00.000","11","10","1"
"2026-01-01T21:00:00.000","20","14","6"
"2026-01-01T20:00:00.000","27","19","8"
"2026-01-01T19:00:00.000","42","32","10"
"2026-01-01T18:00:00.000","62","50","12"
"2026-01-01T17:00:00.000","95","74","21"
"2026-01-01T16:00:00.000","78","64","14"
"2026-01-01T15:00:00.000","52","41","11"
"2026-01-01T14:00:00.000","37","29","8"
"2026-01-01T13:00:00.000","31","25","6"
"2026-01-01T12:00:00.000","38","28","10"
"2026-01-01T11:00:00.000","35","23","12"
"2026-01-01T10:00:00.000","43","27","16"
"2026-01-01T09:00:00.000","86","47","39"
"2026-01-01T08:00:00.000","160","90","70"
"2026-01-01T07:00:00.000","98","57","41"
"2026-01-01T06:00:00.000","34","19","15"
"2026-01-01T05:00:00.000","8","6","2"
"2026-01-01T04:00:00.000","1","1","0"
"2026-01-01T03:00:00.000","0","0","0"
"2026-01-01T02:00:00.000","0","0","0"
"2026-01-01T01:00:00.000","0","0","0"
"2026-01-01T00:00:00.000","1","1","0"
"2025-12-31T23:00:00.000","6","6","0"
"2025-12-31T22:00:00.000","22","16","6"
"2025-12-31T21:00:00.000","26","19","7"
"2025-12-31T20:00:00.000","36","28","8"
"2025-12-31T19:00:00.000","56","43","13"
"2025-12-31T18:00:00.000","92","72","20"
"2025-12-31T17:00:00.000","132","105","27"
"2025-12-31T16:00:00.000","113","90","23"
"2025-12-31T15:00:00.000","77","61","16"
"2025-12-31T14:00:00.000","61","49","12"
"2025-12-31T13:00:00.000","52","40","12"
"2025-12-31T12:00:00.000","56","41","15"
"2025-12-31T11:00:00.000","55","39","16"
"2025-12-31T10:00:00.000","69","41","28"
"2025-12-31T09:00:00.000","130","69","61"
"2025-12-31T08:00:00.000","227","128","99"
"2025-12-31T07:00:00.000","142","82","60"
"2025-12-31T06:00:00.000","45","26","19"
"2025-12-31T05:00:00.000","14","10","4"
"2025-12-31T04:00:00.000","4","1","3"
"2025-12-31T03:00:00.000","1","0","1"
"2025-12-31T02:00:00.000","0","0","0"
"2025-12-31T01:00:00.000","1","0","1"
"2025-12-31T00:00:00.000","1","0","1"
"2025-12-30T23:00:00.000","11","8","3"
"2025-12-30T22:00:00.000","26","18","8"
"2025-12-30T21:00:00.000","34","25","9"
"2025-12-30T20:00:00.000","40","33","7"
"2025-12-30T19:00:00.000","64","49","15"
"2025-12-30T18:00:00.000","112","88","24"
"2025-12-30T17:00:00.000","165","130","35"
"2025-12-30T16:00:00.000","149","118","31"
"2025-12-30T15:00:00.000","102","80","22"
"2025-12-30T14:00:00.000","71","56","15"
"2025-12-30T13:00:00.000","68","53","15"
"2025-12-30T12:00:00.000","70","50","20"
"2025-12-30T11:00:00.000","65","45","20"
"2025-12-30T10:00:00.000","81","52","29"
"2025-12-30T09:00:00.000","153","81","72"
"2025-12-30T08:00:00.000","316","177","139"
"2025-12-30T07:00:00.000","198","115","83"
"2025-12-30T06:00:00.000","62","37","25"
"2025-12-30T05:00:00.000","19","14","5"
"2025-12-30T04:00:00.000","9","4","5"
"2025-12-30T03:00:00.000","4","1","3"
"2025-12-30T02:00:00.000","3","0","3"
"2025-12-30T01:00:00.000","2","0","2"
"2025-12-30T00:00:00.000","2","2","0"
"2025-12-29T23:00:00.000","9","8","1"
"2025-12-29T22:00:00.000","16","12","4"
"2025-12-29T21:00:00.000","28","20","8"
"2025-12-29T20:00:00.000","36","28","8"
"2025-12-29T19:00:00.000","57","44","13"
"2025-12-29T18:00:00.000","91","73","18"
"2025-12-29T17:00:00.000","131","104","27"
"2025-12-29T16:00:00.000","114","92","22"
"2025-12-29T15:00:00.000","79","63","16"
"2025-12-29T14:00:00.000","63","51","12"
"2025-12-29T13:00:00.000","57","44","13"
"2025-12-29T12:00:00.000","56","41","15"
"2025-12-29T11:00:00.000","56","39","17"
"2025-12-29T10:00:00.000","68","41","27"
"2025-12-29T09:00:00.000","131","70","61"
"2025-12-29T08:00:00.000","234","126","108"
"2025-12-29T07:00:00.000","139","79","60"
"2025-12-29T06:00:00.000","51","29","22"
"2025-12-29T05:00:00.000","15","10","5"
"2025-12-29T04:00:00.000","7","3","4"
"2025-12-29T03:00:00.000","3","2","1"
"2025-12-29T02:00:00.000","2","0","2"
"2025-12-29T01:00:00.000","2","1","1"
"2025-12-29T00:00:00.000","3","1","2"
"2025-12-28T23:00:00.000","7","5","2"
"2025-12-28T22:00:00.000","11","8","3"
"2025-12-28T21:00:00.000","24","17","7"
"2025-12-28T20:00:00.000","28","21","7"
"2025-12-28T19:00:00.000","36","27","9"
"2025-12-28T18:00:00.000","51","40","11"
"2025-12-28T17:00:00.000","60","48","12"
"2025-12-28T16:00:00.000","83","67","16"
"2025-12-28T15:00:00.000","92","75","17"
"2025-12-28T14:00:00.000","84","67","17"
"2025-12-28T13:00:00.000","80","65","15"
"2025-12-28T12:00:00.000","75","60","15"
"2025-12-28T11:00:00.000","71","56","15"
"2025-12-28T10:00:00.000","64","47","17"
"2025-12-28T09:00:00.000","47","36","11"
"2025-12-28T08:00:00.000","31","21","10"
"2025-12-28T07:00:00.000","17","11","6"
"2025-12-28T06:00:00.000","11","6","5"
"2025-12-28T05:00:00.000","2","2","0"
"2025-12-28T04:00:00.000","1","0","1"
"2025-12-28T03:00:00.000","1","0","1"
"2025-12-28T02:00:00.000","6","4","2"
"2025-12-28T01:00:00.000","10","7","3"
"2025-12-28T00:00:00.000","17","12","5"
"2025-12-27T23:00:00.000","28","22","6"
"2025-12-27T22:00:00.000","28","21","7"
"2025-12-27T21:00:00.000","33","24","9"
"2025-12-27T20:00:00.000","39","31","8"
"2025-12-27T19:00:00.000","70","43","27"
"2025-12-27T18:00:00.000","70","55","15"
"2025-12-27T17:00:00.000","87","70","17"
"2025-12-27T16:00:00.000","101","82","19"
"2025-12-27T15:00:00.000","100","81","19"
"2025-12-27T14:00:00.000","99","79","20"
"2025-12-27T13:00:00.000","96","81","15"
"2025-12-27T12:00:00.000","113","91","22"
"2025-12-27T11:00:00.000","97","79","18"
"2025-12-27T10:00:00.000","73","58","15"
"2025-12-27T09:00:00.000","60","47","13"
"2025-12-27T08:00:00.000","42","30","12"
"2025-12-27T07:00:00.000","22","15","7"
"2025-12-27T06:00:00.000","11","7","4"
"2025-12-27T05:00:00.000","8","5","3"
"2025-12-27T04:00:00.000","1","0","1"
"2025-12-27T03:00:00.000","1","0","1"
"2025-12-27T02:00:00.000","8","6","2"
"2025-12-27T01:00:00.000","12","8","4"
"2025-12-27T00:00:00.000","21","14","7"
"2025-12-26T23:00:00.000","18","13","5"
"2025-12-26T22:00:00.000","28","21","7"
"2025-12-26T21:00:00.000","31","24","7"
"2025-12-26T20:00:00.000","33","26","7"
"2025-12-26T19:00:00.000","49","39","10"
"2025-12-26T18:00:00.000","77","61","16"
"2025-12-26T17:00:00.000","105","83","22"
"2025-12-26T16:00:00.000","98","82","16"
"2025-12-26T15:00:00.000","78","64","14"
"2025-12-26T14:00:00.000","65","52","13"
"2025-12-26T13:00:00.000","57","45","12"
"2025-12-26T12:00:00.000","53","39","14"
"2025-12-26T11:00:00.000","48","35","13"
"2025-12-26T10:00:00.000","59","37","22"
"2025-12-26T09:00:00.000","95","53","42"
"2025-12-26T08:00:00.000","162","91","71"
"2025-12-26T07:00:00.000","97","60","37"
"2025-12-26T06:00:00.000","40","25","15"
"2025-12-26T05:00:00.000","11","6","5"
"2025-12-26T04:00:00.000","4","2","2"
"2025-12-26T03:00:00.000","4","1","3"
"2025-12-26T02:00:00.000","0","0","0"
"2025-12-26T01:00:00.000","1","1","0"
"2025-12-26T00:00:00.000","5","4","1"
"2025-12-25T23:00:00.000","0","0","0"
"2025-12-25T22:00:00.000","3","3","0"
"2025-12-25T21:00:00.000","5","5","0"
"2025-12-25T20:00:00.000","8","7","1"
"2025-12-25T19:00:00.000","18","13","5"
"2025-12-25T18:00:00.000","25","18","7"
"2025-12-25T17:00:00.000","37","28","9"
"2025-12-25T16:00:00.000","33","25","8"
"2025-12-25T15:00:00.000","22","16","6"
"2025-12-25T14:00:00.000","13","13","0"
"2025-12-25T13:00:00.000","12","11","1"
"2025-12-25T12:00:00.000","16","12","4"
"2025-12-25T11:00:00.000","14","10","4"
"2025-12-25T10:00:00.000","17","12","5"
"2025-12-25T09:00:00.000","34","17","17"
"2025-12-25T08:00:00.000","63","35","28"
"2025-12-25T07:00:00.000","41","23","18"
"2025-12-25T06:00:00.000","12","8","4"
"2025-12-25T05:00:00.000","2","2","0"
"2025-12-25T04:00:00.000","0","0","0"
"2025-12-25T03:00:00.000","0","0","0"
"2025-12-25T02:00:00.000","0","0","0"
"2025-12-25T01:00:00.000","0","0","0"
"2025-12-25T00:00:00.000","0","0","0"
"2025-12-24T23:00:00.000","5","5","0"
"2025-12-24T22:00:00.000","12","11","1"
"2025-12-24T21:00:00.000","18","13","5"
"2025-12-24T20:00:00.000","27","19","8"
"2025-12-24T19:00:00.000","38","28","10"
"2025-12-24T18:00:00.000","60","47","13"
"2025-12-24T17:00:00.000","87","68","19"
"2025-12-24T16:00:00.000","75","60","15"
"2025-12-24T15:00:00.000","51","40","11"
"2025-12-24T14:00:00.000","38","31","7"
"2025-12-24T13:00:00.000","34","26","8"
"2025-12-24T12:00:00.000","39","27","12"
"2025-12-24T11:00:00.000","38","26","12"
"2025-12-24T10:00:00.000","45","28","17"
"2025-12-24T09:00:00.000","87","47","40"
"2025-12-24T08:00:00.000","149","84","65"
"2025-12-24T07:00:00.000","95","55","40"
"2025-12-24T06:00:00.000","30","17","13"
"2025-12-24T05:00:00.000","10","7","3"
"2025-12-24T04:00:00.000","1","1","0"
"2025-12-24T03:00:00.000","0","0","0"
"2025-12-24T02:00:00.000","0","0","0"
"2025-12-24T01:00:00.000","0","0","0"
"2025-12-24T00:00:00.000","0","0","0"
"2025-12-23T23:00:00.000","8","7","1"
"2025-12-23T22:00:00.000","20","15","5"
"2025-12-23T21:00:00.000","29","21","8"
"2025-12-23T20:00:00.000","35","28","7"
"2025-12-23T19:00:00.000","52","40","12"
"2025-12-23T18:00:00.000","92","73","19"
"2025-12-23T17:00:00.000","135","106","29"
"2025-12-23T16:00:00.000","123","97","26"
"2025-12-23T15:00:00.000","84","66","18"
"2025-12-23T14:00:00.000","58","46","12"
"2025-12-23T13:00:00.000","56","44","12"
"2025-12-23T12:00:00.000","54","41","13"
"2025-12-23T11:00:00.000","51","35","16"
"2025-12-23T10:00:00.000","67","42","25"
"2025-12-23T09:00:00.000","123","64","59"
"2025-12-23T08:00:00.000","257","143","114"
"2025-12-23T07:00:00.000","162","95","67"
"2025-12-23T06:00:00.000","51","29","22"
"2025-12-23T05:00:00.000","16","11","5"
"2025-12-23T04:00:00.000","8","3","5"
"2025-12-23T03:00:00.000","3","1","2"
"2025-12-23T02:00:00.000","2","0","2"
"2025-12-23T01:00:00.000","1","0","1"
"2025-12-23T00:00:00.000","0","0","0"
"2025-12-22T23:00:00.000","10","8","2"
"2025-12-22T22:00:00.000","16","12","4"
"2025-12-22T21:00:00.000","29","21","8"
"2025-12-22T20:00:00.000","36","28","8"
"2025-12-22T19:00:00.000","59","45","14"
"2025-12-22T18:00:00.000","93","74","19"
"2025-12-22T17:00:00.000","134","107","27"
"2025-12-22T16:00:00.000","118","93","25"
"2025-12-22T15:00:00.000","80","64","16"
"2025-12-22T14:00:00.000","66","54","12"
"2025-12-22T13:00:00.000","59","46","13"
"2025-12-22T12:00:00.000","56","41","15"
"2025-12-22T11:00:00.000","57","40","17"
"2025-12-22T10:00:00.000","68","41","27"
"2025-12-22T09:00:00.000","134","71","63"
"2025-12-22T08:00:00.000","235","126","109"
"2025-12-22T07:00:00.000","142","81","61"
"2025-12-22T06:00:00.000","53","31","22"
"2025-12-22T05:00:00.000","16","11","5"
"2025-12-22T04:00:00.000","7","3","4"
"2025-12-22T03:00:00.000","4","2","2"
"2025-12-22T02:00:00.000","2","0","2"
"2025-12-22T01:00:00.000","2","1","1"
"2025-12-22T00:00:00.000","4","2","2"
"2025-12-21T23:00:00.000","3","3","0"
"2025-12-21T22:00:00.000","9","7","2"
"2025-12-21T21:00:00.000","20","13","7"
"2025-12-21T20:00:00.000","22","16","6"
"2025-12-21T19:00:00.000","30","22","8"
"2025-12-21T18:00:00.000","39","30","9"
"2025-12-21T17:00:00.000","49","38","11"
"2025-12-21T16:00:00.000","67","54","13"
"2025-12-21T15:00:00.000","76","62","14"
"2025-12-21T14:00:00.000","66","54","12"
"2025-12-21T13:00:00.000","65","52","13"
"2025-12-21T12:00:00.000","60","48","12"
"2025-12-21T11:00:00.000","59","46","13"
"2025-12-21T10:00:00.000","51","37","14"
"2025-12-21T09:00:00.000","36","28","8"
"2025-12-21T08:00:00.000","22","16","6"
"2025-12-21T07:00:00.000","13","9","4"
"2025-12-21T06:00:00.000","10","5","5"
"2025-12-21T05:00:00.000","1","1","0"
"2025-12-21T04:00:00.000","0","0","0"
"2025-12-21T03:00:00.000","1","0","1"
"2025-12-21T02:00:00.000","4","3","1"
"2025-12-21T01:00:00.000","8","7","1"
"2025-12-21T00:00:00.000","13","9","4"
"2025-12-20T23:00:00.000","19","15","4"
"2025-12-20T22:00:00.000","22","16","6"
"2025-12-20T21:00:00.000","25","17","8"
"2025-12-20T20:00:00.000","31","24","7"
"2025-12-20T19:00:00.000","54","34","20"
"2025-12-20T18:00:00.000","53","41","12"
"2025-12-20T17:00:00.000","62","50","12"
"2025-12-20T16:00:00.000","78","63","15"
"2025-12-20T15:00:00.000","76","60","16"
"2025-12-20T14:00:00.000","73","59","14"
"2025-12-20T13:00:00.000","74","62","12"
"2025-12-20T12:00:00.000","86","69","17"
"2025-12-20T11:00:00.000","75","60","15"
"2025-12-20T10:00:00.000","54","44","10"
"2025-12-20T09:00:00.000","47","36","11"
"2025-12-20T08:00:00.000","31","22","9"
"2025-12-20T07:00:00.000","14","9","5"
"2025-12-20T06:00:00.000","9","5","4"
"2025-12-20T05:00:00.000","5","4","1"
"2025-12-20T04:00:00.000","0","0","0"
"2025-12-20T03:00:00.000","0","0","0"
"2025-12-20T02:00:00.000","5","5","0"
"2025-12-20T01:00:00.000","9","7","2"
"2025-12-20T00:00:00.000","12","9","3"
"2025-12-19T23:00:00.000","29","21","8"
"2025-12-19T22:00:00.000","38","30","8"
"2025-12-19T21:00:00.000","45","35","10"
"2025-12-19T20:00:00.000","51","39","12"
"2025-12-19T19:00:00.000","75","59","16"
"2025-12-19T18:00:00.000","111","88","23"
"2025-12-19T17:00:00.000","155","123","32"
"2025-12-19T16:00:00.000","149","124","25"
"2025-12-19T15:00:00.000","116","93","23"
"2025-12-19T14:00:00.000","94","77","17"
"2025-12-19T13:00:00.000","85","68","17"
"2025-12-19T12:00:00.000","76","56","20"
"2025-12-19T11:00:00.000","75","52","23"
"2025-12-19T10:00:00.000","86","55","31"
"2025-12-19T09:00:00.000","143","80","63"
"2025-12-19T08:00:00.000","240","134","106"
"2025-12-19T07:00:00.000","139","85","54"
"2025-12-19T06:00:00.000","56","35","21"
"2025-12-19T05:00:00.000","19","14","5"
"2025-12-19T04:00:00.000","7","4","3"
"2025-12-19T03:00:00.000","5","1","4"
"2025-12-19T02:00:00.000","3","1","2"
"2025-12-19T01:00:00.000","5","3","2"
"2025-12-19T00:00:00.000","8","6","2"
"2025-12-18T23:00:00.000","11","9","2"
"2025-12-18T22:00:00.000","28","20","8"
"2025-12-18T21:00:00.000","36","27","9"
"2025-12-18T20:00:00.000","48","35","13"
"2025-12-18T19:00:00.000","77","60","17"
"2025-12-18T18:00:00.000","115","92","23"
"2025-12-18T17:00:00.000","174","136","38"
"2025-12-18T16:00:00.000","141","115","26"
"2025-12-18T15:00:00.000","92","74","18"
"2025-12-18T14:00:00.000","67","55","12"
"2025-12-18T13:00:00.000","60","47","13"
"2025-12-18T12:00:00.000","67","50","17"
"2025-12-18T11:00:00.000","64","44","20"
"2025-12-18T10:00:00.000","80","51","29"
"2025-12-18T09:00:00.000","159","87","72"
"2025-12-18T08:00:00.000","300","169","131"
"2025-12-18T07:00:00.000","186","109","77"
"2025-12-18T06:00:00.000","63","38","25"
"2025-12-18T05:00:00.000","20","13","7"
"2025-12-18T04:00:00.000","5","3","2"
"2025-12-18T03:00:00.000","2","1","1"
"2025-12-18T02:00:00.000","0","0","0"
"2025-12-18T01:00:00.000","3","1","2"
"2025-12-18T00:00:00.000","2","2","0"
"2025-12-17T23:00:00.000","13","10","3"
"2025-12-17T22:00:00.000","29","22","7"
"2025-12-17T21:00:00.000","40","28","12"
"2025-12-17T20:00:00.000","53","42","11"
"2025-12-17T19:00:00.000","80","63","17"
"2025-12-17T18:00:00.000","134","106","28"
"2025-12-17T17:00:00.000","195","155","40"
"2025-12-17T16:00:00.000","167","132","35"
"2025-12-17T15:00:00.000","115","90","25"
"2025-12-17T14:00:00.000","88","71","17"
"2025-12-17T13:00:00.000","74","59","15"
"2025-12-17T12:00:00.000","81","60","21"
"2025-12-17T11:00:00.000","82","59","23"
"2025-12-17T10:00:00.000","100","61","39"
"2025-12-17T09:00:00.000","196","104","92"
"2025-12-17T08:00:00.000","337","191","146"
"2025-12-17T07:00:00.000","212","123","89"
"2025-12-17T06:00:00.000","68","38","30"
"2025-12-17T05:00:00.000","22","14","8"
"2025-12-17T04:00:00.000","7","4","3"
"2025-12-17T03:00:00.000","3","0","3"
"2025-12-17T02:00:00.000","3","0","3"
"2025-12-17T01:00:00.000","4","1","3"
"2025-12-17T00:00:00.000","7","4","3"
"2025-12-16T23:00:00.000","10","7","3"
"2025-12-16T22:00:00.000","23","17","6"
"2025-12-16T21:00:00.000","30","22","8"
"2025-12-16T20:00:00.000","36","29","7"
"2025-12-16T19:00:00.000","55","43","12"
"2025-12-16T18:00:00.000","97","76","21"
"2025-12-16T17:00:00.000","142","111","31"
"2025-12-16T16:00:00.000","128","100","28"
"2025-12-16T15:00:00.000","87","69","18"
"2025-12-16T14:00:00.000","60","48","12"
"2025-12-16T13:00:00.000","56","44","12"
"2025-12-16T12:00:00.000","59","44","15"
"2025-12-16T11:00:00.000","56","38","18"
"2025-12-16T10:00:00.000","71","45","26"
"2025-12-16T09:00:00.000","132","70","62"
"2025-12-16T08:00:00.000","272","152","120"
"2025-12-16T07:00:00.000","173","102","71"
"2025-12-16T06:00:00.000","53","31","22"
"2025-12-16T05:00:00.000","17","12","5"
"2025-12-16T04:00:00.000","8","3","5"
"2025-12-16T03:00:00.000","3","1","2"
"2025-12-16T02:00:00.000","2","0","2"
"2025-12-16T01:00:00.000","1","0","1"
"2025-12-16T00:00:00.000","0","0","0"
"2025-12-15T23:00:00.000","10","8","2"
"2025-12-15T22:00:00.000","16","12","4"
"2025-12-15T21:00:00.000","29","21","8"
"2025-12-15T20:00:00.000","36","28","8"
"2025-12-15T19:00:00.000","60","46","14"
"2025-12-15T18:00:00.000","93","74","19"
"2025-12-15T17:00:00.000","135","107","28"
"2025-12-15T16:00:00.000","119","94","25"
"2025-12-15T15:00:00.000","82","66","16"
"2025-12-15T14:00:00.000","67","55","12"
"2025-12-15T13:00:00.000","59","46","13"
"2025-12-15T12:00:00.000","56","41","15"
"2025-12-15T11:00:00.000","58","41","17"
"2025-12-15T10:00:00.000","68","41","27"
"2025-12-15T09:00:00.000","134","71","63"
"2025-12-15T08:00:00.000","237","127","110"
"2025-12-15T07:00:00.000","144","81","63"
"2025-12-15T06:00:00.000","53","31","22"
"2025-12-15T05:00:00.000","16","11","5"
"2025-12-15T04:00:00.000","6","2","4"
"2025-12-15T03:00:00.000","3","2","1"
"2025-12-15T02:00:00.000","2","0","2"
"2025-12-15T01:00:00.000","2","1","1"
"2025-12-15T00:00:00.000","4","2","2"
"2025-12-14T23:00:00.000","14","10","4"
"2025-12-14T22:00:00.000","17","12","5"
"2025-12-14T21:00:00.000","32","24","8"
"2025-12-14T20:00:00.000","37","28","9"
"2025-12-14T19:00:00.000","54","41","13"
"2025-12-14T18:00:00.000","73","57","16"
"2025-12-14T17:00:00.000","92","72","20"
"2025-12-14T16:00:00.000","123","99","24"
"2025-12-14T15:00:00.000","137","111","26"
"2025-12-14T14:00:00.000","126","101","25"
"2025-12-14T13:00:00.000","122","95","27"
"2025-12-14T12:00:00.000","109","87","22"
"2025-12-14T11:00:00.000","108","85","23"
"2025-12-14T10:00:00.000","92","70","22"
"2025-12-14T09:00:00.000","67","52","15"
"2025-12-14T08:00:00.000","42","29","13"
"2025-12-14T07:00:00.000","24","16","8"
"2025-12-14T06:00:00.000","16","9","7"
"2025-12-14T05:00:00.000","2","2","0"
"2025-12-14T04:00:00.000","4","2","2"
"2025-12-14T03:00:00.000","4","2","2"
"2025-12-14T02:00:00.000","12","8","4"
"2025-12-14T01:00:00.000","17","12","5"
"2025-12-14T00:00:00.000","22","16","6"
"2025-12-13T23:00:00.000","44","33","11"
"2025-12-13T22:00:00.000","43","35","8"
"2025-12-13T21:00:00.000","54","39","15"
"2025-12-13T20:00:00.000","63","49","14"
"2025-12-13T19:00:00.000","115","73","42"
"2025-12-13T18:00:00.000","113","89","24"
"2025-12-13T17:00:00.000","140","112","28"
"2025-12-13T16:00:00.000","166","134","32"
"2025-12-13T15:00:00.000","163","131","32"
"2025-12-13T14:00:00.000","161","130","31"
"2025-12-13T13:00:00.000","160","134","26"
"2025-12-13T12:00:00.000","184","148","36"
"2025-12-13T11:00:00.000","161","130","31"
"2025-12-13T10:00:00.000","116","93","23"
"2025-12-13T09:00:00.000","98","77","21"
"2025-12-13T08:00:00.000","68","49","19"
"2025-12-13T07:00:00.000","35","24","11"
"2025-12-13T06:00:00.000","23","12","11"
"2025-12-13T05:00:00.000","13","8","5"
"2025-12-13T04:00:00.000","5","2","3"
"2025-12-13T03:00:00.000","5","2","3"
"2025-12-13T02:00:00.000","13","10","3"
"2025-12-13T01:00:00.000","20","13","7"
"2025-12-13T00:00:00.000","29","22","7"
"2025-12-12T23:00:00.000","32","24","8"
"2025-12-12T22:00:00.000","42","34","8"
"2025-12-12T21:00:00.000","53","41","12"
"2025-12-12T20:00:00.000","58","45","13"
"2025-12-12T19:00:00.000","85","68","17"
"2025-12-12T18:00:00.000","131","103","28"
"2025-12-12T17:00:00.000","180","142","38"
"2025-12-12T16:00:00.000","172","141","31"
"2025-12-12T15:00:00.000","133","108","25"
"2025-12-12T14:00:00.000","108","88","20"
"2025-12-12T13:00:00.000","98","77","21"
"2025-12-12T12:00:00.000","89","65","24"
"2025-12-12T11:00:00.000","87","62","25"
"2025-12-12T10:00:00.000","100","63","37"
"2025-12-12T09:00:00.000","165","93","72"
"2025-12-12T08:00:00.000","275","154","121"
"2025-12-12T07:00:00.000","164","100","64"
"2025-12-12T06:00:00.000","64","41","23"
"2025-12-12T05:00:00.000","20","15","5"
"2025-12-12T04:00:00.000","10","6","4"
"2025-12-12T03:00:00.000","6","1","5"
"2025-12-12T02:00:00.000","3","1","2"
"2025-12-12T01:00:00.000","6","3","3"
"2025-12-12T00:00:00.000","9","7","2"
"2025-12-11T23:00:00.000","10","8","2"
"2025-12-11T22:00:00.000","24","18","6"
"2025-12-11T21:00:00.000","33","25","8"
"2025-12-11T20:00:00.000","44","32","12"
"2025-12-11T19:00:00.000","71","56","15"
"2025-12-11T18:00:00.000","105","84","21"
"2025-12-11T17:00:00.000","161","125","36"
"2025-12-11T16:00:00.000","131","107","24"
"2025-12-11T15:00:00.000","86","69","17"
"2025-12-11T14:00:00.000","61","49","12"
"2025-12-11T13:00:00.000","57","45","12"
"2025-12-11T12:00:00.000","61","45","16"
"2025-12-11T11:00:00.000","57","40","17"
"2025-12-11T10:00:00.000","71","46","25"
"2025-12-11T09:00:00.000","145","78","67"
"2025-12-11T08:00:00.000","274","154","120"
"2025-12-11T07:00:00.000","171","100","71"
"2025-12-11T06:00:00.000","57","33","24"
"2025-12-11T05:00:00.000","18","12","6"
"2025-12-11T04:00:00.000","5","3","2"
"2025-12-11T03:00:00.000","2","1","1"
"2025-12-11T02:00:00.000","0","0","0"
"2025-12-11T01:00:00.000","2","1","1"
"2025-12-11T00:00:00.000","2","2","0"
"2025-12-10T23:00:00.000","6","6","0"
"2025-12-10T22:00:00.000","20","14","6"
"2025-12-10T21:00:00.000","25","19","6"
"2025-12-10T20:00:00.000","32","24","8"
"2025-12-10T19:00:00.000","52","40","12"
"2025-12-10T18:00:00.000","83","65","18"
"2025-12-10T17:00:00.000","121","95","26"
"2025-12-10T16:00:00.000","103","82","21"
"2025-12-10T15:00:00.000","70","56","14"
"2025-12-10T14:00:00.000","54","43","11"
"2025-12-10T13:00:00.000","48","37","11"
"2025-12-10T12:00:00.000","50","36","14"
"2025-12-10T11:00:00.000","52","36","16"
"2025-12-10T10:00:00.000","62","38","24"
"2025-12-10T09:00:00.000","121","64","57"
"2025-12-10T08:00:00.000","206","117","89"
"2025-12-10T07:00:00.000","131","76","55"
"2025-12-10T06:00:00.000","44","25","19"
"2025-12-10T05:00:00.000","13","9","4"
"2025-12-10T04:00:00.000","3","1","2"
"2025-12-10T03:00:00.000","1","0","1"
"2025-12-10T02:00:00.000","0","0","0"
"2025-12-10T01:00:00.000","0","0","0"
"2025-12-10T00:00:00.000","1","1","0"
"2025-12-09T23:00:00.000","13","9","4"
"2025-12-09T22:00:00.000","30","21","9"
"2025-12-09T21:00:00.000","42","29","13"
"2025-12-09T20:00:00.000","48","39","9"
"2025-12-09T19:00:00.000","73","57","16"
"2025-12-09T18:00:00.000","129","103","26"
"2025-12-09T17:00:00.000","190","149","41"
"2025-12-09T16:00:00.000","172","136","36"
"2025-12-09T15:00:00.000","119","94","25"
"2025-12-09T14:00:00.000","83","64","19"
"2025-12-09T13:00:00.000","79","62","17"
"2025-12-09T12:00:00.000","81","59","22"
"2025-12-09T11:00:00.000","76","52","24"
"2025-12-09T10:00:00.000","96","60","36"
"2025-12-09T09:00:00.000","177","93","84"
"2025-12-09T08:00:00.000","367","206","161"
"2025-12-09T07:00:00.000","231","135","96"
"2025-12-09T06:00:00.000","69","41","28"
"2025-12-09T05:00:00.000","22","16","6"
"2025-12-09T04:00:00.000","9","4","5"
"2025-12-09T03:00:00.000","5","2","3"
"2025-12-09T02:00:00.000","3","0","3"
"2025-12-09T01:00:00.000","2","0","2"
"2025-12-09T00:00:00.000","3","3","0"
"2025-12-08T23:00:00.000","8","7","1"
"2025-12-08T22:00:00.000","13","11","2"
"2025-12-08T21:00:00.000","25","17","8"
"2025-12-08T20:00:00.000","33","25","8"
"2025-12-08T19:00:00.000","51","38","13"
"2025-12-08T18:00:00.000","80","63","17"
"2025-12-08T17:00:00.000","115","90","25"
"2025-12-08T16:00:00.000","99","78","21"
"2025-12-08T15:00:00.000","70","56","14"
"2025-12-08T14:00:00.000","58","46","12"
"2025-12-08T13:00:00.000","48","37","11"
"2025-12-08T12:00:00.000","48","35","13"
"2025-12-08T11:00:00.000","49","35","14"
"2025-12-08T10:00:00.000","58","36","22"
"2025-12-08T09:00:00.000","113","60","53"
"2025-12-08T08:00:00.000","199","108","91"
"2025-12-08T07:00:00.000","119","67","52"
"2025-12-08T06:00:00.000","45","26","19"
"2025-12-08T05:00:00.000","12","9","3"
"2025-12-08T04:00:00.000","3","1","2"
"2025-12-08T03:00:00.000","1","0","1"
"2025-12-08T02:00:00.000","0","0","0"
"2025-12-08T01:00:00.000","1","1","0"
"2025-12-08T00:00:00.000","2","1","1"
"2025-12-07T23:00:00.000","8","6","2"
"2025-12-07T22:00:00.000","11","8","3"
"2025-12-07T21:00:00.000","27","19","8"
"2025-12-07T20:00:00.000","29","22","7"
"2025-12-07T19:00:00.000","39","30","9"
"2025-12-07T18:00:00.000","53","42","11"
"2025-12-07T17:00:00.000","64","51","13"
"2025-12-07T16:00:00.000","89","72","17"
"2025-12-07T15:00:00.000","101","82","19"
"2025-12-07T14:00:00.000","92","75","17"
"2025-12-07T13:00:00.000","91","71","20"
"2025-12-07T12:00:00.000","80","64","16"
"2025-12-07T11:00:00.000","77","61","16"
"2025-12-07T10:00:00.000","68","51","17"
"2025-12-07T09:00:00.000","49","38","11"
"2025-12-07T08:00:00.000","32","22","10"
"2025-12-07T07:00:00.000","19","11","8"
"2025-12-07T06:00:00.000","12","6","6"
"2025-12-07T05:00:00.000","2","2","0"
"2025-12-07T04:00:00.000","2","0","2"
"2025-12-07T03:00:00.000","2","1","1"
"2025-12-07T02:00:00.000","6","4","2"
"2025-12-07T01:00:00.000","12","9","3"
"2025-12-07T00:00:00.000","18","13","5"
"2025-12-06T23:00:00.000","37","28","9"
"2025-12-06T22:00:00.000","36","28","8"
"2025-12-06T21:00:00.000","46","34","12"
"2025-12-06T20:00:00.000","53","42","11"
"2025-12-06T19:00:00.000","96","60","36"
"2025-12-06T18:00:00.000","95","74","21"
"2025-12-06T17:00:00.000","116","93","23"
"2025-12-06T16:00:00.000","138","113","25"
"2025-12-06T15:00:00.000","135","108","27"
"2025-12-06T14:00:00.000","135","109","26"
"2025-12-06T13:00:00.000","133","110","23"
"2025-12-06T12:00:00.000","153","123","30"
"2025-12-06T11:00:00.000","131","106","25"
"2025-12-06T10:00:00.000","96","78","18"
"2025-12-06T09:00:00.000","82","64","18"
"2025-12-06T08:00:00.000","56","40","16"
"2025-12-06T07:00:00.000","27","18","9"
"2025-12-06T06:00:00.000","16","9","7"
"2025-12-06T05:00:00.000","11","6","5"
"2025-12-06T04:00:00.000","4","1","3"
"2025-12-06T03:00:00.000","2","1","1"
"2025-12-06T02:00:00.000","11","9","2"
"2025-12-06T01:00:00.000","14","9","5"
"2025-12-06T00:00:00.000","24","17","7"
"2025-12-05T23:00:00.000","28","20","8"
"2025-12-05T22:00:00.000","36","28","8"
"2025-12-05T21:00:00.000","41","33","8"
"2025-12-05T20:00:00.000","48","36","12"
"2025-12-05T19:00:00.000","69","55","14"
"2025-12-05T18:00:00.000","104","82","22"
"2025-12-05T17:00:00.000","143","113","30"
"2025-12-05T16:00:00.000","137","114","23"
"2025-12-05T15:00:00.000","107","86","21"
"2025-12-05T14:00:00.000","85","69","16"
"2025-12-05T13:00:00.000","76","61","15"
"2025-12-05T12:00:00.000","70","52","18"
"2025-12-05T11:00:00.000","70","49","21"
"2025-12-05T10:00:00.000","79","50","29"
"2025-12-05T09:00:00.000","130","73","57"
"2025-12-05T08:00:00.000","218","123","95"
"2025-12-05T07:00:00.000","130","79","51"
"2025-12-05T06:00:00.000","53","34","19"
"2025-12-05T05:00:00.000","16","11","5"
"2025-12-05T04:00:00.000","5","3","2"
"2025-12-05T03:00:00.000","5","1","4"
"2025-12-05T02:00:00.000","2","0","2"
"2025-12-05T01:00:00.000","4","2","2"
"2025-12-05T00:00:00.000","6","5","1"
"2025-12-04T23:00:00.000","10","8","2"
"2025-12-04T22:00:00.000","24","18","6"
"2025-12-04T21:00:00.000","33","25","8"
"2025-12-04T20:00:00.000","44","32","12"
"2025-12-04T19:00:00.000","72","56","16"
"2025-12-04T18:00:00.000","106","85","21"
"2025-12-04T17:00:00.000","163","127","36"
"2025-12-04T16:00:00.000","133","109","24"
"2025-12-04T15:00:00.000","87","70","17"
"2025-12-04T14:00:00.000","61","49","12"
"2025-12-04T13:00:00.000","57","45","12"
"2025-12-04T12:00:00.000","63","46","17"
"2025-12-04T11:00:00.000","59","41","18"
"2025-12-04T10:00:00.000","73","47","26"
"2025-12-04T09:00:00.000","149","81","68"
"2025-12-04T08:00:00.000","279","157","122"
"2025-12-04T07:00:00.000","174","102","72"
"2025-12-04T06:00:00.000","58","34","24"
"2025-12-04T05:00:00.000","20","13","7"
"2025-12-04T04:00:00.000","5","3","2"
"2025-12-04T03:00:00.000","2","1","1"
"2025-12-04T02:00:00.000","0","0","0"
"2025-12-04T01:00:00.000","2","1","1"
"2025-12-04T00:00:00.000","2","2","0"
"2025-12-03T23:00:00.000","15","11","4"
"2025-12-03T22:00:00.000","38","29","9"
"2025-12-03T21:00:00.000","47","34","13"
"2025-12-03T20:00:00.000","65","51","14"
"2025-12-03T19:00:00.000","99","77","22"
"2025-12-03T18:00:00.000","166","131","35"
"2025-12-03T17:00:00.000","241","191","50"
"2025-12-03T16:00:00.000","205","165","40"
"2025-12-03T15:00:00.000","141","111","30"
"2025-12-03T14:00:00.000","109","89","20"
"2025-12-03T13:00:00.000","94","73","21"
"2025-12-03T12:00:00.000","102","74","28"
"2025-12-03T11:00:00.000","104","73","31"
"2025-12-03T10:00:00.000","125","76","49"
"2025-12-03T09:00:00.000","242","129","113"
"2025-12-03T08:00:00.000","416","234","182"
"2025-12-03T07:00:00.000","262","152","110"
"2025-12-03T06:00:00.000","84","47","37"
"2025-12-03T05:00:00.000","27","18","9"
"2025-12-03T04:00:00.000","7","4","3"
"2025-12-03T03:00:00.000","4","1","3"
"2025-12-03T02:00:00.000","4","1","3"
"2025-12-03T01:00:00.000","6","2","4"
"2025-12-03T00:00:00.000","9","6","3"
"2025-12-02T23:00:00.000","20","13","7"
"2025-12-02T22:00:00.000","42","30","12"
"2025-12-02T21:00:00.000","54","40","14"
"2025-12-02T20:00:00.000","62","51","11"
"2025-12-02T19:00:00.000","101","78","23"
"2025-12-02T18:00:00.000","173","138","35"
"2025-12-02T17:00:00.000","258","202","56"
"2025-12-02T16:00:00.000","235","184","51"
"2025-12-02T15:00:00.000","157","126","31"
"2025-12-02T14:00:00.000","110","88","22"
"2025-12-02T13:00:00.000","106","82","24"
"2025-12-02T12:00:00.000","108","80","28"
"2025-12-02T11:00:00.000","101","69","32"
"2025-12-02T10:00:00.000","129","81","48"
"2025-12-02T09:00:00.000","241","128","113"
"2025-12-02T08:00:00.000","496","277","219"
"2025-12-02T07:00:00.000","311","182","129"
"2025-12-02T06:00:00.000","97","56","41"
"2025-12-02T05:00:00.000","31","21","10"
"2025-12-02T04:00:00.000","11","5","6"
"2025-12-02T03:00:00.000","8","4","4"
"2025-12-02T02:00:00.000","5","1","4"
"2025-12-02T01:00:00.000","3","0","3"
"2025-12-02T00:00:00.000","6","3","3"
"2025-12-01T23:00:00.000","14","10","4"
"2025-12-01T22:00:00.000","25","19","6"
"2025-12-01T21:00:00.000","37","29","8"
"2025-12-01T20:00:00.000","50","39","11"
"2025-12-01T19:00:00.000","81","62","19"
"2025-12-01T18:00:00.000","133","105","28"
"2025-12-01T17:00:00.000","191","151","40"
"2025-12-01T16:00:00.000","165","132","33"
"2025-12-01T15:00:00.000","113","91","22"
"2025-12-01T14:00:00.000","93","75","18"
"2025-12-01T13:00:00.000","83","64","19"
"2025-12-01T12:00:00.000","80","58","22"
"2025-12-01T11:00:00.000","82","58","24"
"2025-12-01T10:00:00.000","95","58","37"
"2025-12-01T09:00:00.000","189","100","89"
"2025-12-01T08:00:00.000","333","179","154"
"2025-12-01T07:00:00.000","202","115","87"
"2025-12-01T06:00:00.000","72","42","30"
"2025-12-01T05:00:00.000","25","16","9"
"2025-12-01T04:00:00.000","8","3","5"
"2025-12-01T03:00:00.000","5","2","3"
"2025-12-01T02:00:00.000","3","0","3"
"2025-12-01T01:00:00.000","4","2","2"
"2025-12-01T00:00:00.000","7","5","2"
"2025-11-30T23:00:00.000","13","9","4"
"2025-11-30T22:00:00.000","16","11","5"
"2025-11-30T21:00:00.000","31","23","8"
"2025-11-30T20:00:00.000","36","28","8"
"2025-11-30T19:00:00.000","49","38","11"
"2025-11-30T18:00:00.000","70","54","16"
"2025-11-30T17:00:00.000","87","68","19"
"2025-11-30T16:00:00.000","115","94","21"
"2025-11-30T15:00:00.000","131","105","26"
"2025-11-30T14:00:00.000","117","95","22"
"2025-11-30T13:00:00.000","114","91","23"
"2025-11-30T12:00:00.000","104","82","22"
"2025-11-30T11:00:00.000","99","77","22"
"2025-11-30T10:00:00.000","88","67","21"
"2025-11-30T09:00:00.000","64","50","14"
"2025-11-30T08:00:00.000","38","26","12"
"2025-11-30T07:00:00.000","21","13","8"
"2025-11-30T06:00:00.000","16","9","7"
"2025-11-30T05:00:00.000","2","2","0"
"2025-11-30T04:00:00.000","2","0","2"
"2025-11-30T03:00:00.000","3","1","2"
"2025-11-30T02:00:00.000","10","7","3"
"2025-11-30T01:00:00.000","15","10","5"
"2025-11-30T00:00:00.000","22","16","6"
"2025-11-29T23:00:00.000","28","22","6"
"2025-11-29T22:00:00.000","32","25","7"
"2025-11-29T21:00:00.000","40","30","10"
"2025-11-29T20:00:00.000","46","36","10"
"2025-11-29T19:00:00.000","83","51","32"
"2025-11-29T18:00:00.000","80","63","17"
"2025-11-29T17:00:00.000","97","77","20"
"2025-11-29T16:00:00.000","117","94","23"
"2025-11-29T15:00:00.000","114","92","22"
"2025-11-29T14:00:00.000","114","92","22"
"2025-11-29T13:00:00.000","113","93","20"
"2025-11-29T12:00:00.000","129","104","25"
"2025-11-29T11:00:00.000","109","88","21"
"2025-11-29T10:00:00.000","81","65","16"
"2025-11-29T09:00:00.000","70","55","15"
"2025-11-29T08:00:00.000","46","34","12"
"2025-11-29T07:00:00.000","24","16","8"
"2025-11-29T06:00:00.000","12","8","4"
"2025-11-29T05:00:00.000","8","5","3"
"2025-11-29T04:00:00.000","2","0","2"
"2025-11-29T03:00:00.000","1","0","1"
"2025-11-29T02:00:00.000","10","8","2"
"2025-11-29T01:00:00.000","12","8","4"
"2025-11-29T00:00:00.000","22","15","7"
"2025-11-28T23:00:00.000","27","19","8"
"2025-11-28T22:00:00.000","35","27","8"
"2025-11-28T21:00:00.000","40","32","8"
"2025-11-28T20:00:00.000","46","35","11"
"2025-11-28T19:00:00.000","66","53","13"
"2025-11-28T18:00:00.000","100","79","21"
"2025-11-28T17:00:00.000","138","110","28"
"2025-11-28T16:00:00.000","130","109","21"
"2025-11-28T15:00:00.000","103","83","20"
"2025-11-28T14:00:00.000","84","68","16"
"2025-11-28T13:00:00.000","74","59","15"
"2025-11-28T12:00:00.000","68","50","18"
"2025-11-28T11:00:00.000","68","47","21"
"2025-11-28T10:00:00.000","77","48","29"
"2025-11-28T09:00:00.000","127","71","56"
"2025-11-28T08:00:00.000","213","119","94"
"2025-11-28T07:00:00.000","126","77","49"
"2025-11-28T06:00:00.000","51","32","19"
"2025-11-28T05:00:00.000","16","11","5"
"2025-11-28T04:00:00.000","5","3","2"
"2025-11-28T03:00:00.000","4","1","3"
"2025-11-28T02:00:00.000","1","0","1"
"2025-11-28T01:00:00.000","3","2","1"
"2025-11-28T00:00:00.000","5","4","1"
"2025-11-27T23:00:00.000","0","0","0"
"2025-11-27T22:00:00.000","7","7","0"
"2025-11-27T21:00:00.000","9","9","0"
"2025-11-27T20:00:00.000","16","11","5"
"2025-11-27T19:00:00.000","24","18","6"
"2025-11-27T18:00:00.000","37","29","8"
"2025-11-27T17:00:00.000","54","42","12"
"2025-11-27T16:00:00.000","44","35","9"
"2025-11-27T15:00:00.000","29","22","7"
"2025-11-27T14:00:00.000","20","16","4"
"2025-11-27T13:00:00.000","19","15","4"
"2025-11-27T12:00:00.000","20","15","5"
"2025-11-27T11:00:00.000","20","14","6"
"2025-11-27T10:00:00.000","26","16","10"
"2025-11-27T09:00:00.000","46","25","21"
"2025-11-27T08:00:00.000","91","50","41"
"2025-11-27T07:00:00.000","57","33","24"
"2025-11-27T06:00:00.000","19","12","7"
"2025-11-27T05:00:00.000","3","3","0"
"2025-11-27T04:00:00.000","0","0","0"
"2025-11-27T03:00:00.000","0","0","0"
"2025-11-27T02:00:00.000","0","0","0"
"2025-11-27T01:00:00.000","0","0","0"
"2025-11-27T00:00:00.000","0","0","0"
"2025-11-26T23:00:00.000","8","7","1"
"2025-11-26T22:00:00.000","25","18","7"
"2025-11-26T21:00:00.000","31","23","8"
"2025-11-26T20:00:00.000","42","33","9"
"2025-11-26T19:00:00.000","66","51","15"
"2025-11-26T18:00:00.000","108","84","24"
"2025-11-26T17:00:00.000","156","124","32"
"2025-11-26T16:00:00.000","132","105","27"
"2025-11-26T15:00:00.000","92","73","19"
"2025-11-26T14:00:00.000","70","57","13"
"2025-11-26T13:00:00.000","60","47","13"
"2025-11-26T12:00:00.000","66","48","18"
"2025-11-26T11:00:00.000","67","48","19"
"2025-11-26T10:00:00.000","82","49","33"
"2025-11-26T09:00:00.000","158","84","74"
"2025-11-26T08:00:00.000","270","152","118"
"2025-11-26T07:00:00.000","169","98","71"
"2025-11-26T06:00:00.000","55","31","24"
"2025-11-26T05:00:00.000","16","10","6"
"2025-11-26T04:00:00.000","6","3","3"
"2025-11-26T03:00:00.000","2","0","2"
"2025-11-26T02:00:00.000","0","0","0"
"2025-11-26T01:00:00.000","1","0","1"
"2025-11-26T00:00:00.000","4","3","1"
"2025-11-25T23:00:00.000","11","8","3"
"2025-11-25T22:00:00.000","27","18","9"
"2025-11-25T21:00:00.000","36","27","9"
"2025-11-25T20:00:00.000","42","35","7"
"2025-11-25T19:00:00.000","66","51","15"
"2025-11-25T18:00:00.000","117","93","24"
"2025-11-25T17:00:00.000","169","132","37"
"2025-11-25T16:00:00.000","152","120","32"
"2025-11-25T15:00:00.000","105","83","22"
"2025-11-25T14:00:00.000","73","58","15"
"2025-11-25T13:00:00.000","70","55","15"
"2025-11-25T12:00:00.000","73","53","20"
"2025-11-25T11:00:00.000","68","46","22"
"2025-11-25T10:00:00.000","83","54","29"
"2025-11-25T09:00:00.000","157","82","75"
"2025-11-25T08:00:00.000","326","182","144"
"2025-11-25T07:00:00.000","203","118","85"
"2025-11-25T06:00:00.000","62","37","25"
"2025-11-25T05:00:00.000","20","14","6"
"2025-11-25T04:00:00.000","9","4","5"
"2025-11-25T03:00:00.000","5","2","3"
"2025-11-25T02:00:00.000","4","0","4"
"2025-11-25T01:00:00.000","2","0","2"
"2025-11-25T00:00:00.000","2","2","0"
"2025-11-24T23:00:00.000","14","10","4"
"2025-11-24T22:00:00.000","25","19","6"
"2025-11-24T21:00:00.000","40","30","10"
"2025-11-24T20:00:00.000","53","42","11"
"2025-11-24T19:00:00.000","86","66","20"
"2025-11-24T18:00:00.000","138","109","29"
"2025-11-24T17:00:00.000","199","157","42"
"2025-11-24T16:00:00.000","175","140","35"
"2025-11-24T15:00:00.000","120","96","24"
"2025-11-24T14:00:00.000","98","80","18"
"2025-11-24T13:00:00.000","85","66","19"
"2025-11-24T12:00:00.000","84","61","23"
"2025-11-24T11:00:00.000","86","61","25"
"2025-11-24T10:00:00.000","99","60","39"
"2025-11-24T09:00:00.000","198","106","92"
"2025-11-24T08:00:00.000","352","190","162"
"2025-11-24T07:00:00.000","210","119","91"
"2025-11-24T06:00:00.000","75","44","31"
"2025-11-24T05:00:00.000","25","16","9"
"2025-11-24T04:00:00.000","8","3","5"
"2025-11-24T03:00:00.000","6","2","4"
"2025-11-24T02:00:00.000","4","0","4"
"2025-11-24T01:00:00.000","4","2","2"
"2025-11-24T00:00:00.000","11","7","4"
"2025-11-23T23:00:00.000","8","6","2"
"2025-11-23T22:00:00.000","11","8","3"
"2025-11-23T21:00:00.000","26","18","8"
"2025-11-23T20:00:00.000","28","21","7"
"2025-11-23T19:00:00.000","39","30","9"
"2025-11-23T18:00:00.000","51","40","11"
"2025-11-23T17:00:00.000","63","51","12"
"2025-11-23T16:00:00.000","86","70","16"
"2025-11-23T15:00:00.000","96","78","18"
"2025-11-23T14:00:00.000","87","70","17"
"2025-11-23T13:00:00.000","87","68","19"
"2025-11-23T12:00:00.000","77","61","16"
"2025-11-23T11:00:00.000","76","60","16"
"2025-11-23T10:00:00.000","68","51","17"
"2025-11-23T09:00:00.000","49","38","11"
"2025-11-23T08:00:00.000","31","21","10"
"2025-11-23T07:00:00.000","18","11","7"
"2025-11-23T06:00:00.000","12","6","6"
"2025-11-23T05:00:00.000","2","2","0"
"2025-11-23T04:00:00.000","1","0","1"
"2025-11-23T03:00:00.000","2","1","1"
"2025-11-23T02:00:00.000","7","5","2"
"2025-11-23T01:00:00.000","12","9","3"
"2025-11-23T00:00:00.000","17","12","5"
"2025-11-22T23:00:00.000","52","41","11"
"2025-11-22T22:00:00.000","53","42","11"
"2025-11-22T21:00:00.000","69","50","19"
"2025-11-22T20:00:00.000","81","64","17"
"2025-11-22T19:00:00.000","142","88","54"
"2025-11-22T18:00:00.000","141","111","30"
"2025-11-22T17:00:00.000","176","141","35"
"2025-11-22T16:00:00.000","209","168","41"
"2025-11-22T15:00:00.000","201","162","39"
"2025-11-22T14:00:00.000","200","161","39"
"2025-11-22T13:00:00.000","198","164","34"
"2025-11-22T12:00:00.000","228","184","44"
"2025-11-22T11:00:00.000","197","159","38"
"2025-11-22T10:00:00.000","144","116","28"
"2025-11-22T09:00:00.000","121","96","25"
"2025-11-22T08:00:00.000","86","61","25"
"2025-11-22T07:00:00.000","43","29","14"
"2025-11-22T06:00:00.000","27","15","12"
"2025-11-22T05:00:00.000","17","11","6"
"2025-11-22T04:00:00.000","5","2","3"
"2025-11-22T03:00:00.000","6","2","4"
"2025-11-22T02:00:00.000","17","13","4"
"2025-11-22T01:00:00.000","23","15","8"
"2025-11-22T00:00:00.000","36","27","9"
"2025-11-21T23:00:00.000","34","26","8"
"2025-11-21T22:00:00.000","45","37","8"
"2025-11-21T21:00:00.000","54","42","12"
"2025-11-21T20:00:00.000","60","46","14"
"2025-11-21T19:00:00.000","90","71","19"
"2025-11-21T18:00:00.000","136","106","30"
"2025-11-21T17:00:00.000","187","149","38"
"2025-11-21T16:00:00.000","179","148","31"
"2025-11-21T15:00:00.000","138","112","26"
"2025-11-21T14:00:00.000","114","92","22"
"2025-11-21T13:00:00.000","101","80","21"
"2025-11-21T12:00:00.000","92","67","25"
"2025-11-21T11:00:00.000","89","64","25"
"2025-11-21T10:00:00.000","104","66","38"
"2025-11-21T09:00:00.000","170","94","76"
"2025-11-21T08:00:00.000","287","161","126"
"2025-11-21T07:00:00.000","171","104","67"
"2025-11-21T06:00:00.000","66","41","25"
"2025-11-21T05:00:00.000","21","16","5"
"2025-11-21T04:00:00.000","8","4","4"
"2025-11-21T03:00:00.000","6","1","5"
"2025-11-21T02:00:00.000","4","2","2"
"2025-11-21T01:00:00.000","6","3","3"
"2025-11-21T00:00:00.000","10","8","2"
"2025-11-20T23:00:00.000","22","13","9"
"2025-11-20T22:00:00.000","36","25","11"
"2025-11-20T21:00:00.000","50","35","15"
"2025-11-20T20:00:00.000","65","46","19"
"2025-11-20T19:00:00.000","80","57","23"
"2025-11-20T18:00:00.000","148","118","30"
"2025-11-20T17:00:00.000","255","192","63"
"2025-11-20T16:00:00.000","266","221","45"
"2025-11-20T15:00:00.000","186","147","39"
"2025-11-20T14:00:00.000","133","108","25"
"2025-11-20T13:00:00.000","172","139","33"
"2025-11-20T12:00:00.000","132","100","32"
"2025-11-20T11:00:00.000","124","87","37"
"2025-11-20T10:00:00.000","165","92","73"
"2025-11-20T09:00:00.000","322","174","148"
"2025-11-20T08:00:00.000","473","262","211"
"2025-11-20T07:00:00.000","290","181","109"
"2025-11-20T06:00:00.000","104","65","39"
"2025-11-20T05:00:00.000","33","12","21"
"2025-11-20T04:00:00.000","9","3","6"
"2025-11-20T03:00:00.000","8","0","8"
"2025-11-20T02:00:00.000","5","2","3"
"2025-11-20T01:00:00.000","10","8","2"
"2025-11-20T00:00:00.000","5","2","3"
"2025-11-19T23:00:00.000","29","20","9"
"2025-11-19T22:00:00.000","50","42","8"
"2025-11-19T21:00:00.000","52","29","23"
"2025-11-19T20:00:00.000","58","43","15"
"2025-11-19T19:00:00.000","60","40","20"
"2025-11-19T18:00:00.000","139","110","29"
"2025-11-19T17:00:00.000","185","137","48"
"2025-11-19T16:00:00.000","237","185","52"
"2025-11-19T15:00:00.000","212","180","32"
"2025-11-19T14:00:00.000","157","128","29"
"2025-11-19T13:00:00.000","127","101","26"
"2025-11-19T12:00:00.000","115","78","37"
"2025-11-19T11:00:00.000","114","74","40"
"2025-11-19T10:00:00.000","162","96","66"
"2025-11-19T09:00:00.000","293","140","153"
"2025-11-19T08:00:00.000","503","274","229"
"2025-11-19T07:00:00.000","303","189","114"
"2025-11-19T06:00:00.000","116","68","48"
"2025-11-19T05:00:00.000","31","13","18"
"2025-11-19T04:00:00.000","9","3","6"
"2025-11-19T03:00:00.000","7","2","5"
"2025-11-19T02:00:00.000","9","2","7"
"2025-11-19T01:00:00.000","15","7","8"
"2025-11-19T00:00:00.000","22","12","10"
"2025-11-18T23:00:00.000","22","10","12"
"2025-11-18T22:00:00.000","44","27","17"
"2025-11-18T21:00:00.000","54","30","24"
"2025-11-18T20:00:00.000","59","53","6"
"2025-11-18T19:00:00.000","77","54","23"
"2025-11-18T18:00:00.000","164","131","33"
"2025-11-18T17:00:00.000","218","175","43"
"2025-11-18T16:00:00.000","240","182","58"
"2025-11-18T15:00:00.000","156","128","28"
"2025-11-18T14:00:00.000","99","73","26"
"2025-11-18T13:00:00.000","115","93","22"
"2025-11-18T12:00:00.000","124","81","43"
"2025-11-18T11:00:00.000","115","82","33"
"2025-11-18T10:00:00.000","106","52","54"
"2025-11-18T09:00:00.000","252","122","130"
"2025-11-18T08:00:00.000","511","298","213"
"2025-11-18T07:00:00.000","343","198","145"
"2025-11-18T06:00:00.000","127","75","52"
"2025-11-18T05:00:00.000","41","23","18"
"2025-11-18T04:00:00.000","7","1","6"
"2025-11-18T03:00:00.000","11","5","6"
"2025-11-18T02:00:00.000","6","0","6"
"2025-11-18T01:00:00.000","8","2","6"
"2025-11-18T00:00:00.000","6","1","5"
"2025-11-17T23:00:00.000","11","8","3"
"2025-11-17T22:00:00.000","25","16","9"
"2025-11-17T21:00:00.000","26","11","15"
"2025-11-17T20:00:00.000","30","17","13"
"2025-11-17T19:00:00.000","40","27","13"
"2025-11-17T18:00:00.000","88","64","24"
"2025-11-17T17:00:00.000","128","100","28"
"2025-11-17T16:00:00.000","144","110","34"
"2025-11-17T15:00:00.000","97","74","23"
"2025-11-17T14:00:00.000","72","47","25"
"2025-11-17T13:00:00.000","58","41","17"
"2025-11-17T12:00:00.000","60","34","26"
"2025-11-17T11:00:00.000","55","31","24"
"2025-11-17T10:00:00.000","90","47","43"
"2025-11-17T09:00:00.000","195","97","98"
"2025-11-17T08:00:00.000","345","180","165"
"2025-11-17T07:00:00.000","213","129","84"
"2025-11-17T06:00:00.000","78","43","35"
"2025-11-17T05:00:00.000","23","14","9"
"2025-11-17T04:00:00.000","8","2","6"
"2025-11-17T03:00:00.000","5","0","5"
"2025-11-17T02:00:00.000","11","5","6"
"2025-11-17T01:00:00.000","3","0","3"
"2025-11-17T00:00:00.000","7","2","5"
"2025-11-16T23:00:00.000","8","3","5"
"2025-11-16T22:00:00.000","14","10","4"
"2025-11-16T21:00:00.000","33","17","16"
"2025-11-16T20:00:00.000","28","17","11"
"2025-11-16T19:00:00.000","32","22","10"
"2025-11-16T18:00:00.000","50","36","14"
"2025-11-16T17:00:00.000","48","38","10"
"2025-11-16T16:00:00.000","92","70","22"
"2025-11-16T15:00:00.000","66","49","17"
"2025-11-16T14:00:00.000","90","69","21"
"2025-11-16T13:00:00.000","105","83","22"
"2025-11-16T12:00:00.000","81","70","11"
"2025-11-16T11:00:00.000","52","40","12"
"2025-11-16T10:00:00.000","50","31","19"
"2025-11-16T09:00:00.000","60","48","12"
"2025-11-16T08:00:00.000","37","28","9"
"2025-11-16T07:00:00.000","15","8","7"
"2025-11-16T06:00:00.000","15","7","8"
"2025-11-16T05:00:00.000","5","1","4"
"2025-11-16T04:00:00.000","6","4","2"
"2025-11-16T03:00:00.000","17","7","10"
"2025-11-16T02:00:00.000","15","6","9"
"2025-11-16T01:00:00.000","12","5","7"
"2025-11-16T00:00:00.000","27","22","5"
"2025-11-15T23:00:00.000","20","12","8"
"2025-11-15T22:00:00.000","16","7","9"
"2025-11-15T21:00:00.000","26","15","11"
"2025-11-15T20:00:00.000","33","26","7"
"2025-11-15T19:00:00.000","117","83","34"
"2025-11-15T18:00:00.000","88","59","29"
"2025-11-15T17:00:00.000","74","54","20"
"2025-11-15T16:00:00.000","82","58","24"
"2025-11-15T15:00:00.000","77","61","16"
"2025-11-15T14:00:00.000","99","86","13"
"2025-11-15T13:00:00.000","148","129","19"
"2025-11-15T12:00:00.000","162","128","34"
"2025-11-15T11:00:00.000","121","94","27"
"2025-11-15T10:00:00.000","105","74","31"
"2025-11-15T09:00:00.000","75","50","25"
"2025-11-15T08:00:00.000","61","48","13"
"2025-11-15T07:00:00.000","16","8","8"
"2025-11-15T06:00:00.000","17","4","13"
"2025-11-15T05:00:00.000","17","8","9"
"2025-11-15T04:00:00.000","12","7","5"
"2025-11-15T03:00:00.000","9","4","5"
"2025-11-15T02:00:00.000","13","9","4"
"2025-11-15T01:00:00.000","13","7","6"
"2025-11-15T00:00:00.000","17","13","4"
"2025-11-14T23:00:00.000","24","16","8"
"2025-11-14T22:00:00.000","28","17","11"
"2025-11-14T21:00:00.000","29","25","4"
"2025-11-14T20:00:00.000","51","37","14"
"2025-11-14T19:00:00.000","55","39","16"
"2025-11-14T18:00:00.000","75","51","24"
"2025-11-14T17:00:00.000","101","69","32"
"2025-11-14T16:00:00.000","87","71","16"
"2025-11-14T15:00:00.000","50","38","12"
"2025-11-14T14:00:00.000","67","53","14"
"2025-11-14T13:00:00.000","27","17","10"
"2025-11-14T12:00:00.000","33","14","19"
"2025-11-14T11:00:00.000","37","21","16"
"2025-11-14T10:00:00.000","45","28","17"
"2025-11-14T09:00:00.000","103","55","48"
"2025-11-14T08:00:00.000","170","75","95"
"2025-11-14T07:00:00.000","90","55","35"
"2025-11-14T06:00:00.000","36","22","14"
"2025-11-14T05:00:00.000","17","8","9"
"2025-11-14T04:00:00.000","14","5","9"
"2025-11-14T03:00:00.000","14","4","10"
"2025-11-14T02:00:00.000","9","0","9"
"2025-11-14T01:00:00.000","10","2","8"
"2025-11-14T00:00:00.000","3","2","1"
"2025-11-13T23:00:00.000","10","5","5"
"2025-11-13T22:00:00.000","37","23","14"
"2025-11-13T21:00:00.000","36","24","12"
"2025-11-13T20:00:00.000","38","22","16"
"2025-11-13T19:00:00.000","61","46","15"
"2025-11-13T18:00:00.000","92","64","28"
"2025-11-13T17:00:00.000","158","121","37"
"2025-11-13T16:00:00.000","130","115","15"
"2025-11-13T15:00:00.000","95","66","29"
"2025-11-13T14:00:00.000","29","22","7"
"2025-11-13T13:00:00.000","56","41","15"
"2025-11-13T12:00:00.000","58","40","18"
"2025-11-13T11:00:00.000","56","37","19"
"2025-11-13T10:00:00.000","84","47","37"
"2025-11-13T09:00:00.000","171","90","81"
"2025-11-13T08:00:00.000","369","211","158"
"2025-11-13T07:00:00.000","228","139","89"
"2025-11-13T06:00:00.000","78","47","31"
"2025-11-13T05:00:00.000","20","11","9"
"2025-11-13T04:00:00.000","18","6","12"
"2025-11-13T03:00:00.000","8","3","5"
"2025-11-13T02:00:00.000","4","2","2"
"2025-11-13T01:00:00.000","12","5","7"
"2025-11-13T00:00:00.000","15","12","3"
"2025-11-12T23:00:00.000","15","9","6"
"2025-11-12T22:00:00.000","26","18","8"
"2025-11-12T21:00:00.000","42","29","13"
"2025-11-12T20:00:00.000","58","48","10"
"2025-11-12T19:00:00.000","78","57","21"
"2025-11-12T18:00:00.000","115","87","28"
"2025-11-12T17:00:00.000","210","166","44"
"2025-11-12T16:00:00.000","193","153","40"
"2025-11-12T15:00:00.000","170","142","28"
"2025-11-12T14:00:00.000","102","80","22"
"2025-11-12T13:00:00.000","93","71","22"
"2025-11-12T12:00:00.000","93","71","22"
"2025-11-12T11:00:00.000","111","77","34"
"2025-11-12T10:00:00.000","138","84","54"
"2025-11-12T09:00:00.000","275","143","132"
"2025-11-12T08:00:00.000","489","261","228"
"2025-11-12T07:00:00.000","294","177","117"
"2025-11-12T06:00:00.000","121","63","58"
"2025-11-12T05:00:00.000","34","16","18"
"2025-11-12T04:00:00.000","5","3","2"
"2025-11-12T03:00:00.000","11","3","8"
"2025-11-12T02:00:00.000","5","0","5"
"2025-11-12T01:00:00.000","9","2","7"
"2025-11-12T00:00:00.000","19","9","10"
"2025-11-11T23:00:00.000","29","24","5"
"2025-11-11T22:00:00.000","36","21","15"
"2025-11-11T21:00:00.000","40","30","10"
"2025-11-11T20:00:00.000","42","33","9"
"2025-11-11T19:00:00.000","70","48","22"
"2025-11-11T18:00:00.000","112","87","25"
"2025-11-11T17:00:00.000","201","152","49"
"2025-11-11T16:00:00.000","223","165","58"
"2025-11-11T15:00:00.000","199","144","55"
"2025-11-11T14:00:00.000","182","145","37"
"2025-11-11T13:00:00.000","160","124","36"
"2025-11-11T12:00:00.000","186","142","44"
"2025-11-11T11:00:00.000","155","117","38"
"2025-11-11T10:00:00.000","182","117","65"
"2025-11-11T09:00:00.000","246","121","125"
"2025-11-11T08:00:00.000","436","239","197"
"2025-11-11T07:00:00.000","280","158","122"
"2025-11-11T06:00:00.000","77","32","45"
"2025-11-11T05:00:00.000","21","13","8"
"2025-11-11T04:00:00.000","14","4","10"
"2025-11-11T03:00:00.000","7","3","4"
"2025-11-11T02:00:00.000","4","0","4"
"2025-11-11T01:00:00.000","8","6","2"
"2025-11-11T00:00:00.000","9","3","6"
"2025-11-10T23:00:00.000","33","25","8"
"2025-11-10T22:00:00.000","30","22","8"
"2025-11-10T21:00:00.000","30","21","9"
"2025-11-10T20:00:00.000","60","49","11"
"2025-11-10T19:00:00.000","72","46","26"
"2025-11-10T18:00:00.000","108","87","21"
"2025-11-10T17:00:00.000","168","129","39"
"2025-11-10T16:00:00.000","164","130","34"
"2025-11-10T15:00:00.000","112","82","30"
"2025-11-10T14:00:00.000","123","94","29"
"2025-11-10T13:00:00.000","100","75","25"
"2025-11-10T12:00:00.000","95","74","21"
"2025-11-10T11:00:00.000","103","63","40"
"2025-11-10T10:00:00.000","120","76","44"
"2025-11-10T09:00:00.000","247","130","117"
"2025-11-10T08:00:00.000","370","191","179"
"2025-11-10T07:00:00.000","240","134","106"
"2025-11-10T06:00:00.000","111","53","58"
"2025-11-10T05:00:00.000","23","15","8"
"2025-11-10T04:00:00.000","8","1","7"
"2025-11-10T03:00:00.000","10","5","5"
"2025-11-10T02:00:00.000","3","1","2"
"2025-11-10T01:00:00.000","1","0","1"
"2025-11-10T00:00:00.000","8","6","2"
"2025-11-09T23:00:00.000","15","9","6"
"2025-11-09T22:00:00.000","28","23","5"
"2025-11-09T21:00:00.000","35","24","11"
"2025-11-09T20:00:00.000","29","21","8"
"2025-11-09T19:00:00.000","22","14","8"
"2025-11-09T18:00:00.000","86","70","16"
"2025-11-09T17:00:00.000","122","96","26"
"2025-11-09T16:00:00.000","168","134","34"
"2025-11-09T15:00:00.000","224","182","42"
"2025-11-09T14:00:00.000","181","146","35"
"2025-11-09T13:00:00.000","244","197","47"
"2025-11-09T12:00:00.000","193","152","41"
"2025-11-09T11:00:00.000","215","165","50"
"2025-11-09T10:00:00.000","151","113","38"
"2025-11-09T09:00:00.000","119","100","19"
"2025-11-09T08:00:00.000","77","52","25"
"2025-11-09T07:00:00.000","40","22","18"
"2025-11-09T06:00:00.000","25","6","19"
"2025-11-09T05:00:00.000","9","1","8"
"2025-11-09T04:00:00.000","15","2","13"
"2025-11-09T03:00:00.000","14","7","7"
"2025-11-09T02:00:00.000","22","14","8"
"2025-11-09T01:00:00.000","20","7","13"
"2025-11-09T00:00:00.000","42","29","13"
"2025-11-08T23:00:00.000","49","38","11"
"2025-11-08T22:00:00.000","50","39","11"
"2025-11-08T21:00:00.000","47","34","13"
"2025-11-08T20:00:00.000","34","24","10"
"2025-11-08T19:00:00.000","91","51","40"
"2025-11-08T18:00:00.000","79","62","17"
"2025-11-08T17:00:00.000","132","97","35"
"2025-11-08T16:00:00.000","178","151","27"
"2025-11-08T15:00:00.000","160","117","43"
"2025-11-08T14:00:00.000","242","202","40"
"2025-11-08T13:00:00.000","251","210","41"
"2025-11-08T12:00:00.000","207","170","37"
"2025-11-08T11:00:00.000","192","157","35"
"2025-11-08T10:00:00.000","157","123","34"
"2025-11-08T09:00:00.000","127","100","27"
"2025-11-08T08:00:00.000","68","32","36"
"2025-11-08T07:00:00.000","42","22","20"
"2025-11-08T06:00:00.000","31","11","20"
"2025-11-08T05:00:00.000","17","8","9"
"2025-11-08T04:00:00.000","11","0","11"
"2025-11-08T03:00:00.000","19","4","15"
"2025-11-08T02:00:00.000","15","8","7"
"2025-11-08T01:00:00.000","32","11","21"
"2025-11-08T00:00:00.000","39","27","12"
"2025-11-07T23:00:00.000","35","23","12"
"2025-11-07T22:00:00.000","35","29","6"
"2025-11-07T21:00:00.000","66","57","9"
"2025-11-07T20:00:00.000","68","50","18"
"2025-11-07T19:00:00.000","70","46","24"
"2025-11-07T18:00:00.000","130","103","27"
"2025-11-07T17:00:00.000","184","138","46"
"2025-11-07T16:00:00.000","217","177","40"
"2025-11-07T15:00:00.000","190","151","39"
"2025-11-07T14:00:00.000","161","129","32"
"2025-11-07T13:00:00.000","141","113","28"
"2025-11-07T12:00:00.000","95","62","33"
"2025-11-07T11:00:00.000","124","87","37"
"2025-11-07T10:00:00.000","152","92","60"
"2025-11-07T09:00:00.000","224","128","96"
"2025-11-07T08:00:00.000","304","166","138"
"2025-11-07T07:00:00.000","183","96","87"
"2025-11-07T06:00:00.000","79","51","28"
"2025-11-07T05:00:00.000","22","12","10"
"2025-11-07T04:00:00.000","7","1","6"
"2025-11-07T03:00:00.000","10","2","8"
"2025-11-07T02:00:00.000","7","2","5"
"2025-11-07T01:00:00.000","10","1","9"
"2025-11-07T00:00:00.000","8","2","6"
"2025-11-06T23:00:00.000","13","7","6"
"2025-11-06T22:00:00.000","31","24","7"
"2025-11-06T21:00:00.000","35","26","9"
"2025-11-06T20:00:00.000","32","23","9"
"2025-11-06T19:00:00.000","50","33","17"
"2025-11-06T18:00:00.000","73","55","18"
"2025-11-06T17:00:00.000","160","120","40"
"2025-11-06T16:00:00.000","105","84","21"
"2025-11-06T15:00:00.000","75","53","22"
"2025-11-06T14:00:00.000","44","35","9"
"2025-11-06T13:00:00.000","48","36","12"
"2025-11-06T12:00:00.000","32","25","7"
"2025-11-06T11:00:00.000","59","41","18"
"2025-11-06T10:00:00.000","43","15","28"
"2025-11-06T09:00:00.000","161","77","84"
"2025-11-06T08:00:00.000","385","218","167"
"2025-11-06T07:00:00.000","269","156","113"
"2025-11-06T06:00:00.000","86","51","35"
"2025-11-06T05:00:00.000","20","8","12"
"2025-11-06T04:00:00.000","7","2","5"
"2025-11-06T03:00:00.000","8","4","4"
"2025-11-06T02:00:00.000","8","4","4"
"2025-11-06T01:00:00.000","11","0","11"
"2025-11-06T00:00:00.000","10","0","10"
"2025-11-05T23:00:00.000","13","8","5"
"2025-11-05T22:00:00.000","30","23","7"
"2025-11-05T21:00:00.000","40","26","14"
"2025-11-05T20:00:00.000","18","16","2"
"2025-11-05T19:00:00.000","49","33","16"
"2025-11-05T18:00:00.000","96","73","23"
"2025-11-05T17:00:00.000","124","87","37"
"2025-11-05T16:00:00.000","127","95","32"
"2025-11-05T15:00:00.000","62","40","22"
"2025-11-05T14:00:00.000","56","36","20"
"2025-11-05T13:00:00.000","72","58","14"
"2025-11-05T12:00:00.000","65","35","30"
"2025-11-05T11:00:00.000","61","38","23"
"2025-11-05T10:00:00.000","85","45","40"
"2025-11-05T09:00:00.000","186","92","94"
"2025-11-05T08:00:00.000","415","225","190"
"2025-11-05T07:00:00.000","237","131","106"
"2025-11-05T06:00:00.000","80","44","36"
"2025-11-05T05:00:00.000","28","16","12"
"2025-11-05T04:00:00.000","11","4","7"
"2025-11-05T03:00:00.000","4","1","3"
"2025-11-05T02:00:00.000","4","0","4"
"2025-11-05T01:00:00.000","7","0","7"
"2025-11-05T00:00:00.000","12","6","6"
"2025-11-04T23:00:00.000","20","10","10"
"2025-11-04T22:00:00.000","34","24","10"
"2025-11-04T21:00:00.000","51","36","15"
"2025-11-04T20:00:00.000","63","48","15"
"2025-11-04T19:00:00.000","77","61","16"
"2025-11-04T18:00:00.000","133","100","33"
"2025-11-04T17:00:00.000","244","186","58"
"2025-11-04T16:00:00.000","210","164","46"
"2025-11-04T15:00:00.000","200","160","40"
"2025-11-04T14:00:00.000","120","101","19"
"2025-11-04T13:00:00.000","124","96","28"
"2025-11-04T12:00:00.000","108","66","42"
"2025-11-04T11:00:00.000","137","91","46"
"2025-11-04T10:00:00.000","146","92","54"
"2025-11-04T09:00:00.000","271","139","132"
"2025-11-04T08:00:00.000","564","325","239"
"2025-11-04T07:00:00.000","362","205","157"
"2025-11-04T06:00:00.000","119","59","60"
"2025-11-04T05:00:00.000","37","28","9"
"2025-11-04T04:00:00.000","15","2","13"
"2025-11-04T03:00:00.000","28","17","11"
"2025-11-04T02:00:00.000","7","2","5"
"2025-11-04T01:00:00.000","6","0","6"
"2025-11-04T00:00:00.000","14","8","6"
"2025-11-03T23:00:00.000","8","2","6"
"2025-11-03T22:00:00.000","50","43","7"
"2025-11-03T21:00:00.000","25","14","11"
"2025-11-03T20:00:00.000","36","22","14"
"2025-11-03T19:00:00.000","64","43","21"
"2025-11-03T18:00:00.000","91","68","23"
"2025-11-03T17:00:00.000","194","136","58"
"2025-11-03T16:00:00.000","132","111","21"
"2025-11-03T15:00:00.000","106","82","24"
"2025-11-03T14:00:00.000","66","49","17"
"2025-11-03T13:00:00.000","66","37","29"
"2025-11-03T12:00:00.000","70","51","19"
"2025-11-03T11:00:00.000","78","49","29"
"2025-11-03T10:00:00.000","104","60","44"
"2025-11-03T09:00:00.000","224","126","98"
"2025-11-03T08:00:00.000","455","245","210"
"2025-11-03T07:00:00.000","261","137","124"
"2025-11-03T06:00:00.000","104","66","38"
"2025-11-03T05:00:00.000","37","21","16"
"2025-11-03T04:00:00.000","9","4","5"
"2025-11-03T03:00:00.000","8","0","8"
"2025-11-03T02:00:00.000","13","3","10"
"2025-11-03T01:00:00.000","5","2","3"
"2025-11-03T00:00:00.000","15","2","13"
"2025-11-02T23:00:00.000","11","6","5"
"2025-11-02T22:00:00.000","15","11","4"
"2025-11-02T21:00:00.000","41","28","13"
"2025-11-02T20:00:00.000","27","18","9"
"2025-11-02T19:00:00.000","62","50","12"
"2025-11-02T18:00:00.000","58","44","14"
"2025-11-02T17:00:00.000","110","78","32"
"2025-11-02T16:00:00.000","124","92","32"
"2025-11-02T15:00:00.000","201","166","35"
"2025-11-02T14:00:00.000","224","174","50"
"2025-11-02T13:00:00.000","175","150","25"
"2025-11-02T12:00:00.000","168","142","26"
"2025-11-02T11:00:00.000","208","163","45"
"2025-11-02T10:00:00.000","149","124","25"
"2025-11-02T09:00:00.000","101","88","13"
"2025-11-02T08:00:00.000","75","49","26"
"2025-11-02T07:00:00.000","26","15","11"
"2025-11-02T06:00:00.000","27","12","15"
"2025-11-02T05:00:00.000","10","5","5"
"2025-11-02T04:00:00.000","9","2","7"
"2025-11-02T03:00:00.000","5","0","5"
"2025-11-02T02:00:00.000","14","2","12"
"2025-11-02T01:00:00.000","43","35","8"
"2025-11-02T00:00:00.000","29","22","7"
"2025-11-01T23:00:00.000","32","21","11"
"2025-11-01T22:00:00.000","30","22","8"
"2025-11-01T21:00:00.000","54","40","14"
"2025-11-01T20:00:00.000","43","29","14"
"2025-11-01T19:00:00.000","58","40","18"
"2025-11-01T18:00:00.000","58","44","14"
"2025-11-01T17:00:00.000","74","59","15"
"2025-11-01T16:00:00.000","96","81","15"
"2025-11-01T15:00:00.000","65","50","15"
"2025-11-01T14:00:00.000","64","51","13"
"2025-11-01T13:00:00.000","74","65","9"
"2025-11-01T12:00:00.000","45","44","1"
"2025-11-01T11:00:00.000","36","20","16"
"2025-11-01T10:00:00.000","21","12","9"
"2025-11-01T09:00:00.000","24","19","5"
"2025-11-01T08:00:00.000","17","10","7"
"2025-11-01T07:00:00.000","3","0","3"
"2025-11-01T06:00:00.000","7","2","5"
"2025-11-01T05:00:00.000","9","6","3"
"2025-11-01T04:00:00.000","3","2","1"
"2025-11-01T03:00:00.000","5","2","3"
"2025-11-01T02:00:00.000","23","17","6"
"2025-11-01T01:00:00.000","19","14","5"
"2025-11-01T00:00:00.000","8","6","2"
"2025-10-31T23:00:00.000","15","7","8"
"2025-10-31T22:00:00.000","14","9","5"
"2025-10-31T21:00:00.000","14","9","5"
"2025-10-31T20:00:00.000","21","17","4"
"2025-10-31T19:00:00.000","27","21","6"
"2025-10-31T18:00:00.000","40","28","12"
"2025-10-31T17:00:00.000","79","54","25"
"2025-10-31T16:00:00.000","108","82","26"
"2025-10-31T15:00:00.000","88","71","17"
"2025-10-31T14:00:00.000","78","61","17"
"2025-10-31T13:00:00.000","114","93","21"
"2025-10-31T12:00:00.000","75","54","21"
"2025-10-31T11:00:00.000","108","73","35"
"2025-10-31T10:00:00.000","125","70","55"
"2025-10-31T09:00:00.000","171","80","91"
"2025-10-31T08:00:00.000","251","143","108"
"2025-10-31T07:00:00.000","155","87","68"
"2025-10-31T06:00:00.000","73","48","25"
"2025-10-31T05:00:00.000","18","14","4"
"2025-10-31T04:00:00.000","18","11","7"
"2025-10-31T03:00:00.000","17","4","13"
"2025-10-31T02:00:00.000","8","0","8"
"2025-10-31T01:00:00.000","10","4","6"
"2025-10-31T00:00:00.000","11","5","6"
"2025-10-30T23:00:00.000","25","18","7"
"2025-10-30T22:00:00.000","56","42","14"
"2025-10-30T21:00:00.000","54","39","15"
"2025-10-30T20:00:00.000","61","42","19"
"2025-10-30T19:00:00.000","86","62","24"
"2025-10-30T18:00:00.000","163","125","38"
"2025-10-30T17:00:00.000","297","233","64"
"2025-10-30T16:00:00.000","273","218","55"
"2025-10-30T15:00:00.000","163","131","32"
"2025-10-30T14:00:00.000","113","96","17"
"2025-10-30T13:00:00.000","72","58","14"
"2025-10-30T12:00:00.000","123","97","26"
"2025-10-30T11:00:00.000","121","81","40"
"2025-10-30T10:00:00.000","177","121","56"
"2025-10-30T09:00:00.000","309","153","156"
"2025-10-30T08:00:00.000","536","303","233"
"2025-10-30T07:00:00.000","300","160","140"
"2025-10-30T06:00:00.000","93","52","41"
"2025-10-30T05:00:00.000","29","12","17"
"2025-10-30T04:00:00.000","10","2","8"
"2025-10-30T03:00:00.000","13","7","6"
"2025-10-30T02:00:00.000","11","3","8"
"2025-10-30T01:00:00.000","6","5","1"
"2025-10-30T00:00:00.000","11","6","5"
"2025-10-29T23:00:00.000","25","17","8"
"2025-10-29T22:00:00.000","48","34","14"
"2025-10-29T21:00:00.000","60","42","18"
"2025-10-29T20:00:00.000","78","58","20"
"2025-10-29T19:00:00.000","94","73","21"
"2025-10-29T18:00:00.000","185","149","36"
"2025-10-29T17:00:00.000","318","252","66"
"2025-10-29T16:00:00.000","289","232","57"
"2025-10-29T15:00:00.000","204","154","50"
"2025-10-29T14:00:00.000","186","152","34"
"2025-10-29T13:00:00.000","158","124","34"
"2025-10-29T12:00:00.000","135","96","39"
"2025-10-29T11:00:00.000","146","94","52"
"2025-10-29T10:00:00.000","167","98","69"
"2025-10-29T09:00:00.000","335","180","155"
"2025-10-29T08:00:00.000","564","331","233"
"2025-10-29T07:00:00.000","351","196","155"
"2025-10-29T06:00:00.000","92","43","49"
"2025-10-29T05:00:00.000","31","20","11"
"2025-10-29T04:00:00.000","11","4","7"
"2025-10-29T03:00:00.000","3","2","1"
"2025-10-29T02:00:00.000","4","0","4"
"2025-10-29T01:00:00.000","5","1","4"
"2025-10-29T00:00:00.000","4","0","4"
"2025-10-28T23:00:00.000","14","6","8"
"2025-10-28T22:00:00.000","31","26","5"
"2025-10-28T21:00:00.000","40","27","13"
"2025-10-28T20:00:00.000","44","35","9"
"2025-10-28T19:00:00.000","69","46","23"
"2025-10-28T18:00:00.000","118","91","27"
"2025-10-28T17:00:00.000","275","227","48"
"2025-10-28T16:00:00.000","230","180","50"
"2025-10-28T15:00:00.000","168","135","33"
"2025-10-28T14:00:00.000","93","64","29"
"2025-10-28T13:00:00.000","117","87","30"
"2025-10-28T12:00:00.000","127","104","23"
"2025-10-28T11:00:00.000","86","57","29"
"2025-10-28T10:00:00.000","135","73","62"
"2025-10-28T09:00:00.000","293","144","149"
"2025-10-28T08:00:00.000","540","283","257"
"2025-10-28T07:00:00.000","331","205","126"
"2025-10-28T06:00:00.000","124","68","56"
"2025-10-28T05:00:00.000","40","18","22"
"2025-10-28T04:00:00.000","23","9","14"
"2025-10-28T03:00:00.000","10","0","10"
"2025-10-28T02:00:00.000","17","3","14"
"2025-10-28T01:00:00.000","13","2","11"
"2025-10-28T00:00:00.000","16","7","9"
"2025-10-27T23:00:00.000","29","18","11"
"2025-10-27T22:00:00.000","31","19","12"
"2025-10-27T21:00:00.000","45","32","13"
"2025-10-27T20:00:00.000","58","43","15"
"2025-10-27T19:00:00.000","83","57","26"
"2025-10-27T18:00:00.000","160","125","35"
"2025-10-27T17:00:00.000","280","221","59"
"2025-10-27T16:00:00.000","251","208","43"
"2025-10-27T15:00:00.000","138","115","23"
"2025-10-27T14:00:00.000","140","117","23"
"2025-10-27T13:00:00.000","109","81","28"
"2025-10-27T12:00:00.000","102","74","28"
"2025-10-27T11:00:00.000","128","96","32"
"2025-10-27T10:00:00.000","153","72","81"
"2025-10-27T09:00:00.000","287","155","132"
"2025-10-27T08:00:00.000","446","235","211"
"2025-10-27T07:00:00.000","268","149","119"
"2025-10-27T06:00:00.000","92","53","39"
"2025-10-27T05:00:00.000","33","22","11"
"2025-10-27T04:00:00.000","13","2","11"
"2025-10-27T03:00:00.000","9","0","9"
"2025-10-27T02:00:00.000","8","0","8"
"2025-10-27T01:00:00.000","9","4","5"
"2025-10-27T00:00:00.000","10","4","6"
"2025-10-26T23:00:00.000","11","4","7"
"2025-10-26T22:00:00.000","16","11","5"
"2025-10-26T21:00:00.000","35","24","11"
"2025-10-26T20:00:00.000","33","22","11"
"2025-10-26T19:00:00.000","20","9","11"
"2025-10-26T18:00:00.000","42","29","13"
"2025-10-26T17:00:00.000","39","30","9"
"2025-10-26T16:00:00.000","70","58","12"
"2025-10-26T15:00:00.000","45","32","13"
"2025-10-26T14:00:00.000","54","37","17"
"2025-10-26T13:00:00.000","40","23","17"
"2025-10-26T12:00:00.000","28","16","12"
"2025-10-26T11:00:00.000","32","8","24"
"2025-10-26T10:00:00.000","22","12","10"
"2025-10-26T09:00:00.000","26","15","11"
"2025-10-26T08:00:00.000","18","6","12"
"2025-10-26T07:00:00.000","14","4","10"
"2025-10-26T06:00:00.000","17","2","15"
"2025-10-26T05:00:00.000","13","2","11"
"2025-10-26T04:00:00.000","8","2","6"
"2025-10-26T03:00:00.000","4","0","4"
"2025-10-26T02:00:00.000","6","2","4"
"2025-10-26T01:00:00.000","10","2","8"
"2025-10-26T00:00:00.000","13","9","4"
"2025-10-25T23:00:00.000","9","6","3"
"2025-10-25T22:00:00.000","16","11","5"
"2025-10-25T21:00:00.000","29","21","8"
"2025-10-25T20:00:00.000","29","21","8"
"2025-10-25T19:00:00.000","30","19","11"
"2025-10-25T18:00:00.000","36","26","10"
"2025-10-25T17:00:00.000","58","44","14"
"2025-10-25T16:00:00.000","132","103","29"
"2025-10-25T15:00:00.000","83","59","24"
"2025-10-25T14:00:00.000","72","54","18"
"2025-10-25T13:00:00.000","65","42","23"
"2025-10-25T12:00:00.000","83","66","17"
"2025-10-25T11:00:00.000","68","56","12"
"2025-10-25T10:00:00.000","38","23","15"
"2025-10-25T09:00:00.000","41","21","20"
"2025-10-25T08:00:00.000","44","30","14"
"2025-10-25T07:00:00.000","17","12","5"
"2025-10-25T06:00:00.000","21","14","7"
"2025-10-25T05:00:00.000","13","2","11"
"2025-10-25T04:00:00.000","8","1","7"
"2025-10-25T03:00:00.000","11","5","6"
"2025-10-25T02:00:00.000","17","10","7"
"2025-10-25T01:00:00.000","12","4","8"
"2025-10-25T00:00:00.000","10","6","4"
"2025-10-24T23:00:00.000","21","12","9"
"2025-10-24T22:00:00.000","30","18","12"
"2025-10-24T21:00:00.000","25","13","12"
"2025-10-24T20:00:00.000","29","19","10"
"2025-10-24T19:00:00.000","30","21","9"
"2025-10-24T18:00:00.000","52","36","16"
"2025-10-24T17:00:00.000","89","71","18"
"2025-10-24T16:00:00.000","80","68","12"
"2025-10-24T15:00:00.000","51","37","14"
"2025-10-24T14:00:00.000","38","30","8"
"2025-10-24T13:00:00.000","47","35","12"
"2025-10-24T12:00:00.000","31","19","12"
"2025-10-24T11:00:00.000","25","15","10"
"2025-10-24T10:00:00.000","66","40","26"
"2025-10-24T09:00:00.000","137","68","69"
"2025-10-24T08:00:00.000","260","151","109"
"2025-10-24T07:00:00.000","139","78","61"
"2025-10-24T06:00:00.000","56","35","21"
"2025-10-24T05:00:00.000","25","18","7"
"2025-10-24T04:00:00.000","11","2","9"
"2025-10-24T03:00:00.000","6","3","3"
"2025-10-24T02:00:00.000","5","2","3"
"2025-10-24T01:00:00.000","5","0","5"
"2025-10-24T00:00:00.000","14","6","8"
"2025-10-23T23:00:00.000","26","17","9"
"2025-10-23T22:00:00.000","61","50","11"
"2025-10-23T21:00:00.000","51","33","18"
"2025-10-23T20:00:00.000","82","60","22"
"2025-10-23T19:00:00.000","91","73","18"
"2025-10-23T18:00:00.000","180","143","37"
"2025-10-23T17:00:00.000","288","224","64"
"2025-10-23T16:00:00.000","250","197","53"
"2025-10-23T15:00:00.000","157","123","34"
"2025-10-23T14:00:00.000","97","76","21"
"2025-10-23T13:00:00.000","122","94","28"
"2025-10-23T12:00:00.000","135","97","38"
"2025-10-23T11:00:00.000","120","82","38"
"2025-10-23T10:00:00.000","141","89","52"
"2025-10-23T09:00:00.000","316","154","162"
"2025-10-23T08:00:00.000","571","352","219"
"2025-10-23T07:00:00.000","322","165","157"
"2025-10-23T06:00:00.000","111","68","43"
"2025-10-23T05:00:00.000","32","18","14"
"2025-10-23T04:00:00.000","18","5","13"
"2025-10-23T03:00:00.000","5","3","2"
"2025-10-23T02:00:00.000","2","0","2"
"2025-10-23T01:00:00.000","14","10","4"
"2025-10-23T00:00:00.000","9","7","2"
"2025-10-22T23:00:00.000","27","14","13"
"2025-10-22T22:00:00.000","29","24","5"
"2025-10-22T21:00:00.000","61","43","18"
"2025-10-22T20:00:00.000","88","71","17"
"2025-10-22T19:00:00.000","97","77","20"
"2025-10-22T18:00:00.000","187","148","39"
"2025-10-22T17:00:00.000","339","269","70"
"2025-10-22T16:00:00.000","257","193","64"
"2025-10-22T15:00:00.000","175","134","41"
"2025-10-22T14:00:00.000","122","97","25"
"2025-10-22T13:00:00.000","109","87","22"
"2025-10-22T12:00:00.000","134","80","54"
"2025-10-22T11:00:00.000","139","100","39"
"2025-10-22T10:00:00.000","187","116","71"
"2025-10-22T09:00:00.000","318","140","178"
"2025-10-22T08:00:00.000","576","341","235"
"2025-10-22T07:00:00.000","324","185","139"
"2025-10-22T06:00:00.000","96","48","48"
"2025-10-22T05:00:00.000","41","30","11"
"2025-10-22T04:00:00.000","4","1","3"
"2025-10-22T03:00:00.000","5","0","5"
"2025-10-22T02:00:00.000","11","4","7"
"2025-10-22T01:00:00.000","10","1","9"
"2025-10-22T00:00:00.000","4","4","0"
"2025-10-21T23:00:00.000","29","25","4"
"2025-10-21T22:00:00.000","61","40","21"
"2025-10-21T21:00:00.000","68","38","30"
"2025-10-21T20:00:00.000","72","61","11"
"2025-10-21T19:00:00.000","122","100","22"
"2025-10-21T18:00:00.000","237","194","43"
"2025-10-21T17:00:00.000","377","308","69"
"2025-10-21T16:00:00.000","343","273","70"
"2025-10-21T15:00:00.000","193","149","44"
"2025-10-21T14:00:00.000","161","133","28"
"2025-10-21T13:00:00.000","149","111","38"
"2025-10-21T12:00:00.000","124","93","31"
"2025-10-21T11:00:00.000","118","79","39"
"2025-10-21T10:00:00.000","153","94","59"
"2025-10-21T09:00:00.000","321","168","153"
"2025-10-21T08:00:00.000","619","352","267"
"2025-10-21T07:00:00.000","401","231","170"
"2025-10-21T06:00:00.000","109","58","51"
"2025-10-21T05:00:00.000","38","23","15"
"2025-10-21T04:00:00.000","18","2","16"
"2025-10-21T03:00:00.000","10","2","8"
"2025-10-21T02:00:00.000","4","0","4"
"2025-10-21T01:00:00.000","19","10","9"
"2025-10-21T00:00:00.000","10","7","3"
"2025-10-20T23:00:00.000","26","17","9"
"2025-10-20T22:00:00.000","32","23","9"
"2025-10-20T21:00:00.000","70","58","12"
"2025-10-20T20:00:00.000","70","59","11"
"2025-10-20T19:00:00.000","78","61","17"
"2025-10-20T18:00:00.000","131","107","24"
"2025-10-20T17:00:00.000","209","166","43"
"2025-10-20T16:00:00.000","212","168","44"
"2025-10-20T15:00:00.000","154","126","28"
"2025-10-20T14:00:00.000","117","95","22"
"2025-10-20T13:00:00.000","107","86","21"
"2025-10-20T12:00:00.000","83","57","26"
"2025-10-20T11:00:00.000","85","55","30"
"2025-10-20T10:00:00.000","126","71","55"
"2025-10-20T09:00:00.000","254","134","120"
"2025-10-20T08:00:00.000","479","280","199"
"2025-10-20T07:00:00.000","240","129","111"
"2025-10-20T06:00:00.000","115","63","52"
"2025-10-20T05:00:00.000","27","19","8"
"2025-10-20T04:00:00.000","8","5","3"
"2025-10-20T03:00:00.000","3","0","3"
"2025-10-20T02:00:00.000","13","6","7"
"2025-10-20T01:00:00.000","10","3","7"
"2025-10-20T00:00:00.000","8","2","6"
"2025-10-19T23:00:00.000","16","7","9"
"2025-10-19T22:00:00.000","24","15","9"
"2025-10-19T21:00:00.000","45","40","5"
"2025-10-19T20:00:00.000","36","29","7"
"2025-10-19T19:00:00.000","53","40","13"
"2025-10-19T18:00:00.000","62","40","22"
"2025-10-19T17:00:00.000","96","74","22"
"2025-10-19T16:00:00.000","116","97","19"
"2025-10-19T15:00:00.000","155","126","29"
"2025-10-19T14:00:00.000","148","121","27"
"2025-10-19T13:00:00.000","127","97","30"
"2025-10-19T12:00:00.000","111","95","16"
"2025-10-19T11:00:00.000","77","64","13"
"2025-10-19T10:00:00.000","88","58","30"
"2025-10-19T09:00:00.000","49","34","15"
"2025-10-19T08:00:00.000","23","17","6"
"2025-10-19T07:00:00.000","11","4","7"
"2025-10-19T06:00:00.000","11","6","5"
"2025-10-19T05:00:00.000","5","2","3"
"2025-10-19T04:00:00.000","7","4","3"
"2025-10-19T03:00:00.000","9","3","6"
"2025-10-19T02:00:00.000","17","13","4"
"2025-10-19T01:00:00.000","4","2","2"
"2025-10-19T00:00:00.000","11","4","7"
"2025-10-18T23:00:00.000","22","15","7"
"2025-10-18T22:00:00.000","18","13","5"
"2025-10-18T21:00:00.000","31","20","11"
"2025-10-18T20:00:00.000","30","18","12"
"2025-10-18T19:00:00.000","36","19","17"
"2025-10-18T18:00:00.000","45","38","7"
"2025-10-18T17:00:00.000","53","37","16"
"2025-10-18T16:00:00.000","61","45","16"
"2025-10-18T15:00:00.000","131","101","30"
"2025-10-18T14:00:00.000","157","117","40"
"2025-10-18T13:00:00.000","161","120","41"
"2025-10-18T12:00:00.000","484","356","128"
"2025-10-18T11:00:00.000","336","257","79"
"2025-10-18T10:00:00.000","148","124","24"
"2025-10-18T09:00:00.000","108","79","29"
"2025-10-18T08:00:00.000","62","39","23"
"2025-10-18T07:00:00.000","28","16","12"
"2025-10-18T06:00:00.000","22","15","7"
"2025-10-18T05:00:00.000","16","5","11"
"2025-10-18T04:00:00.000","9","6","3"
"2025-10-18T03:00:00.000","4","1","3"
"2025-10-18T02:00:00.000","15","13","2"
"2025-10-18T01:00:00.000","14","12","2"
"2025-10-18T00:00:00.000","23","17","6"
"2025-10-17T23:00:00.000","73","60","13"
"2025-10-17T22:00:00.000","58","44","14"
"2025-10-17T21:00:00.000","80","65","15"
"2025-10-17T20:00:00.000","40","31","9"
"2025-10-17T19:00:00.000","80","61","19"
"2025-10-17T18:00:00.000","141","110","31"
"2025-10-17T17:00:00.000","206","171","35"
"2025-10-17T16:00:00.000","197","168","29"
"2025-10-17T15:00:00.000","189","160","29"
"2025-10-17T14:00:00.000","181","149","32"
"2025-10-17T13:00:00.000","108","79","29"
"2025-10-17T12:00:00.000","89","66","23"
"2025-10-17T11:00:00.000","111","73","38"
"2025-10-17T10:00:00.000","100","63","37"
"2025-10-17T09:00:00.000","198","101","97"
"2025-10-17T08:00:00.000","393","222","171"
"2025-10-17T07:00:00.000","179","112","67"
"2025-10-17T06:00:00.000","70","42","28"
"2025-10-17T05:00:00.000","23","15","8"
"2025-10-17T04:00:00.000","11","5","6"
"2025-10-17T03:00:00.000","6","4","2"
"2025-10-17T02:00:00.000","9","2","7"
"2025-10-17T01:00:00.000","9","6","3"
"2025-10-17T00:00:00.000","13","10","3"
"2025-10-16T23:00:00.000","20","12","8"
"2025-10-16T22:00:00.000","18","14","4"
"2025-10-16T21:00:00.000","47","32","15"
"2025-10-16T20:00:00.000","99","70","29"
"2025-10-16T19:00:00.000","111","87","24"
"2025-10-16T18:00:00.000","147","121","26"
"2025-10-16T17:00:00.000","304","251","53"
"2025-10-16T16:00:00.000","291","248","43"
"2025-10-16T15:00:00.000","180","144","36"
"2025-10-16T14:00:00.000","166","130","36"
"2025-10-16T13:00:00.000","109","95","14"
"2025-10-16T12:00:00.000","152","109","43"
"2025-10-16T11:00:00.000","102","70","32"
"2025-10-16T10:00:00.000","116","68","48"
"2025-10-16T09:00:00.000","315","162","153"
"2025-10-16T08:00:00.000","541","291","250"
"2025-10-16T07:00:00.000","321","189","132"
"2025-10-16T06:00:00.000","101","51","50"
"2025-10-16T05:00:00.000","31","23","8"
"2025-10-16T04:00:00.000","10","6","4"
"2025-10-16T03:00:00.000","10","4","6"
"2025-10-16T02:00:00.000","3","2","1"
"2025-10-16T01:00:00.000","10","4","6"
"2025-10-16T00:00:00.000","10","7","3"
"2025-10-15T23:00:00.000","26","16","10"
"2025-10-15T22:00:00.000","46","29","17"
"2025-10-15T21:00:00.000","47","35","12"
"2025-10-15T20:00:00.000","70","54","16"
"2025-10-15T19:00:00.000","122","95","27"
"2025-10-15T18:00:00.000","213","172","41"
"2025-10-15T17:00:00.000","362","284","78"
"2025-10-15T16:00:00.000","360","278","82"
"2025-10-15T15:00:00.000","200","160","40"
"2025-10-15T14:00:00.000","189","165","24"
"2025-10-15T13:00:00.000","131","98","33"
"2025-10-15T12:00:00.000","183","143","40"
"2025-10-15T11:00:00.000","140","107","33"
"2025-10-15T10:00:00.000","184","119","65"
"2025-10-15T09:00:00.000","353","186","167"
"2025-10-15T08:00:00.000","548","326","222"
"2025-10-15T07:00:00.000","359","213","146"
"2025-10-15T06:00:00.000","117","62","55"
"2025-10-15T05:00:00.000","30","10","20"
"2025-10-15T04:00:00.000","23","5","18"
"2025-10-15T03:00:00.000","7","0","7"
"2025-10-15T02:00:00.000","7","5","2"
"2025-10-15T01:00:00.000","10","4","6"
"2025-10-15T00:00:00.000","12","2","10"
"2025-10-14T23:00:00.000","20","9","11"
"2025-10-14T22:00:00.000","39","28","11"
"2025-10-14T21:00:00.000","58","43","15"
"2025-10-14T20:00:00.000","75","59","16"
"2025-10-14T19:00:00.000","113","83","30"
"2025-10-14T18:00:00.000","212","169","43"
"2025-10-14T17:00:00.000","340","259","81"
"2025-10-14T16:00:00.000","253","198","55"
"2025-10-14T15:00:00.000","205","161","44"
"2025-10-14T14:00:00.000","128","102","26"
"2025-10-14T13:00:00.000","109","70","39"
"2025-10-14T12:00:00.000","133","108","25"
"2025-10-14T11:00:00.000","121","81","40"
"2025-10-14T10:00:00.000","150","93","57"
"2025-10-14T09:00:00.000","364","193","171"
"2025-10-14T08:00:00.000","671","371","300"
"2025-10-14T07:00:00.000","371","204","167"
"2025-10-14T06:00:00.000","129","79","50"
"2025-10-14T05:00:00.000","39","28","11"
"2025-10-14T04:00:00.000","17","9","8"
"2025-10-14T03:00:00.000","11","4","7"
"2025-10-14T02:00:00.000","18","6","12"
"2025-10-14T01:00:00.000","8","2","6"
"2025-10-14T00:00:00.000","9","2","7"
"2025-10-13T23:00:00.000","17","11","6"
"2025-10-13T22:00:00.000","30","26","4"
"2025-10-13T21:00:00.000","55","45","10"
"2025-10-13T20:00:00.000","52","34","18"
"2025-10-13T19:00:00.000","86","67","19"
"2025-10-13T18:00:00.000","181","152","29"
"2025-10-13T17:00:00.000","217","169","48"
"2025-10-13T16:00:00.000","208","164","44"
"2025-10-13T15:00:00.000","141","108","33"
"2025-10-13T14:00:00.000","127","99","28"
"2025-10-13T13:00:00.000","119","93","26"
"2025-10-13T12:00:00.000","105","78","27"
"2025-10-13T11:00:00.000","113","78","35"
"2025-10-13T10:00:00.000","149","93","56"
"2025-10-13T09:00:00.000","258","129","129"
"2025-10-13T08:00:00.000","464","242","222"
"2025-10-13T07:00:00.000","244","142","102"
"2025-10-13T06:00:00.000","87","46","41"
"2025-10-13T05:00:00.000","28","18","10"
"2025-10-13T04:00:00.000","16","4","12"
"2025-10-13T03:00:00.000","11","2","9"
"2025-10-13T02:00:00.000","3","0","3"
"2025-10-13T01:00:00.000","8","2","6"
"2025-10-13T00:00:00.000","5","2","3"
"2025-10-12T23:00:00.000","20","10","10"
"2025-10-12T22:00:00.000","16","7","9"
"2025-10-12T21:00:00.000","29","18","11"
"2025-10-12T20:00:00.000","26","15","11"
"2025-10-12T19:00:00.000","14","6","8"
"2025-10-12T18:00:00.000","50","40","10"
"2025-10-12T17:00:00.000","40","31","9"
"2025-10-12T16:00:00.000","127","118","9"
"2025-10-12T15:00:00.000","153","125","28"
"2025-10-12T14:00:00.000","139","115","24"
"2025-10-12T13:00:00.000","127","107","20"
"2025-10-12T12:00:00.000","107","82","25"
"2025-10-12T11:00:00.000","89","69","20"
"2025-10-12T10:00:00.000","70","51","19"
"2025-10-12T09:00:00.000","65","40","25"
"2025-10-12T08:00:00.000","34","18","16"
"2025-10-12T07:00:00.000","24","16","8"
"2025-10-12T06:00:00.000","16","11","5"
"2025-10-12T05:00:00.000","6","2","4"
"2025-10-12T04:00:00.000","8","2","6"
"2025-10-12T03:00:00.000","3","0","3"
"2025-10-12T02:00:00.000","12","6","6"
"2025-10-12T01:00:00.000","11","6","5"
"2025-10-12T00:00:00.000","26","21","5"
"2025-10-11T23:00:00.000","25","14","11"
"2025-10-11T22:00:00.000","22","15","7"
"2025-10-11T21:00:00.000","21","14","7"
"2025-10-11T20:00:00.000","27","16","11"
"2025-10-11T19:00:00.000","55","33","22"
"2025-10-11T18:00:00.000","83","69","14"
"2025-10-11T17:00:00.000","100","89","11"
"2025-10-11T16:00:00.000","137","104","33"
"2025-10-11T15:00:00.000","103","84","19"
"2025-10-11T14:00:00.000","133","104","29"
"2025-10-11T13:00:00.000","98","83","15"
"2025-10-11T12:00:00.000","134","109","25"
"2025-10-11T11:00:00.000","118","91","27"
"2025-10-11T10:00:00.000","106","88","18"
"2025-10-11T09:00:00.000","95","69","26"
"2025-10-11T08:00:00.000","58","40","18"
"2025-10-11T07:00:00.000","31","17","14"
"2025-10-11T06:00:00.000","15","10","5"
"2025-10-11T05:00:00.000","15","10","5"
"2025-10-11T04:00:00.000","3","0","3"
"2025-10-11T03:00:00.000","3","2","1"
"2025-10-11T02:00:00.000","13","8","5"
"2025-10-11T01:00:00.000","22","16","6"
"2025-10-11T00:00:00.000","29","21","8"
"2025-10-10T23:00:00.000","44","33","11"
"2025-10-10T22:00:00.000","111","93","18"
"2025-10-10T21:00:00.000","77","64","13"
"2025-10-10T20:00:00.000","55","36","19"
"2025-10-10T19:00:00.000","91","68","23"
"2025-10-10T18:00:00.000","131","112","19"
"2025-10-10T17:00:00.000","252","201","51"
"2025-10-10T16:00:00.000","232","189","43"
"2025-10-10T15:00:00.000","226","185","41"
"2025-10-10T14:00:00.000","134","100","34"
"2025-10-10T13:00:00.000","110","83","27"
"2025-10-10T12:00:00.000","99","82","17"
"2025-10-10T11:00:00.000","107","76","31"
"2025-10-10T10:00:00.000","131","82","49"
"2025-10-10T09:00:00.000","202","114","88"
"2025-10-10T08:00:00.000","290","148","142"
"2025-10-10T07:00:00.000","170","97","73"
"2025-10-10T06:00:00.000","92","52","40"
"2025-10-10T05:00:00.000","33","17","16"
"2025-10-10T04:00:00.000","13","3","10"
"2025-10-10T03:00:00.000","10","3","7"
"2025-10-10T02:00:00.000","4","3","1"
"2025-10-10T01:00:00.000","5","1","4"
"2025-10-10T00:00:00.000","11","6","5"
"2025-10-09T23:00:00.000","15","13","2"
"2025-10-09T22:00:00.000","51","34","17"
"2025-10-09T21:00:00.000","61","49","12"
"2025-10-09T20:00:00.000","70","52","18"
"2025-10-09T19:00:00.000","119","91","28"
"2025-10-09T18:00:00.000","179","155","24"
"2025-10-09T17:00:00.000","283","231","52"
"2025-10-09T16:00:00.000","230","191","39"
"2025-10-09T15:00:00.000","198","168","30"
"2025-10-09T14:00:00.000","140","114","26"
"2025-10-09T13:00:00.000","103","75","28"
"2025-10-09T12:00:00.000","111","75","36"
"2025-10-09T11:00:00.000","94","66","28"
"2025-10-09T10:00:00.000","138","81","57"
"2025-10-09T09:00:00.000","269","171","98"
"2025-10-09T08:00:00.000","528","278","250"
"2025-10-09T07:00:00.000","288","162","126"
"2025-10-09T06:00:00.000","98","69","29"
"2025-10-09T05:00:00.000","30","18","12"
"2025-10-09T04:00:00.000","10","4","6"
"2025-10-09T03:00:00.000","3","0","3"
"2025-10-09T02:00:00.000","3","2","1"
"2025-10-09T01:00:00.000","2","0","2"
"2025-10-09T00:00:00.000","8","4","4"
"2025-10-08T23:00:00.000","22","18","4"
"2025-10-08T22:00:00.000","54","41","13"
"2025-10-08T21:00:00.000","56","43","13"
"2025-10-08T20:00:00.000","64","47","17"
"2025-10-08T19:00:00.000","117","99","18"
"2025-10-08T18:00:00.000","236","180","56"
"2025-10-08T17:00:00.000","363","277","86"
"2025-10-08T16:00:00.000","301","237","64"
"2025-10-08T15:00:00.000","175","133","42"
"2025-10-08T14:00:00.000","144","101","43"
"2025-10-08T13:00:00.000","130","92","38"
"2025-10-08T12:00:00.000","121","85","36"
"2025-10-08T11:00:00.000","116","77","39"
"2025-10-08T10:00:00.000","181","108","73"
"2025-10-08T09:00:00.000","342","197","145"
"2025-10-08T08:00:00.000","588","302","286"
"2025-10-08T07:00:00.000","349","192","157"
"2025-10-08T06:00:00.000","136","88","48"
"2025-10-08T05:00:00.000","25","14","11"
"2025-10-08T04:00:00.000","16","9","7"
"2025-10-08T03:00:00.000","7","1","6"
"2025-10-08T02:00:00.000","8","5","3"
"2025-10-08T01:00:00.000","11","4","7"
"2025-10-08T00:00:00.000","12","8","4"
"2025-10-07T23:00:00.000","25","11","14"
"2025-10-07T22:00:00.000","52","34","18"
"2025-10-07T21:00:00.000","66","48","18"
"2025-10-07T20:00:00.000","90","76","14"
"2025-10-07T19:00:00.000","169","137","32"
"2025-10-07T18:00:00.000","312","263","49"
"2025-10-07T17:00:00.000","394","316","78"
"2025-10-07T16:00:00.000","423","344","79"
"2025-10-07T15:00:00.000","217","172","45"
"2025-10-07T14:00:00.000","155","112","43"
"2025-10-07T13:00:00.000","153","128","25"
"2025-10-07T12:00:00.000","152","119","33"
"2025-10-07T11:00:00.000","174","106","68"
"2025-10-07T10:00:00.000","199","129","70"
"2025-10-07T09:00:00.000","375","204","171"
"2025-10-07T08:00:00.000","732","419","313"
"2025-10-07T07:00:00.000","461","277","184"
"2025-10-07T06:00:00.000","130","77","53"
"2025-10-07T05:00:00.000","34","21","13"
"2025-10-07T04:00:00.000","22","14","8"
"2025-10-07T03:00:00.000","5","0","5"
"2025-10-07T02:00:00.000","8","2","6"
"2025-10-07T01:00:00.000","10","4","6"
"2025-10-07T00:00:00.000","7","5","2"
"2025-10-06T23:00:00.000","11","9","2"
"2025-10-06T22:00:00.000","25","16","9"
"2025-10-06T21:00:00.000","57","44","13"
"2025-10-06T20:00:00.000","99","85","14"
"2025-10-06T19:00:00.000","88","62","26"
"2025-10-06T18:00:00.000","255","209","46"
"2025-10-06T17:00:00.000","357","289","68"
"2025-10-06T16:00:00.000","292","232","60"
"2025-10-06T15:00:00.000","204","167","37"
"2025-10-06T14:00:00.000","171","142","29"
"2025-10-06T13:00:00.000","131","101","30"
"2025-10-06T12:00:00.000","104","66","38"
"2025-10-06T11:00:00.000","97","50","47"
"2025-10-06T10:00:00.000","136","79","57"
"2025-10-06T09:00:00.000","332","168","164"
"2025-10-06T08:00:00.000","561","296","265"
"2025-10-06T07:00:00.000","343","202","141"
"2025-10-06T06:00:00.000","115","78","37"
"2025-10-06T05:00:00.000","32","16","16"
"2025-10-06T04:00:00.000","14","7","7"
"2025-10-06T03:00:00.000","9","2","7"
"2025-10-06T02:00:00.000","7","2","5"
"2025-10-06T01:00:00.000","5","4","1"
"2025-10-06T00:00:00.000","4","0","4"
"2025-10-05T23:00:00.000","32","26","6"
"2025-10-05T22:00:00.000","25","15","10"
"2025-10-05T21:00:00.000","40","34","6"
"2025-10-05T20:00:00.000","57","39","18"
"2025-10-05T19:00:00.000","97","74","23"
"2025-10-05T18:00:00.000","132","91","41"
"2025-10-05T17:00:00.000","193","167","26"
"2025-10-05T16:00:00.000","221","177","44"
"2025-10-05T15:00:00.000","241","187","54"
"2025-10-05T14:00:00.000","267","207","60"
"2025-10-05T13:00:00.000","251","200","51"
"2025-10-05T12:00:00.000","192","149","43"
"2025-10-05T11:00:00.000","190","154","36"
"2025-10-05T10:00:00.000","187","148","39"
"2025-10-05T09:00:00.000","119","109","10"
"2025-10-05T08:00:00.000","106","89","17"
"2025-10-05T07:00:00.000","45","31","14"
"2025-10-05T06:00:00.000","32","19","13"
"2025-10-05T05:00:00.000","12","11","1"
"2025-10-05T04:00:00.000","7","4","3"
"2025-10-05T03:00:00.000","7","4","3"
"2025-10-05T02:00:00.000","21","18","3"
"2025-10-05T01:00:00.000","30","25","5"
"2025-10-05T00:00:00.000","26","18","8"
"2025-10-04T23:00:00.000","50","38","12"
"2025-10-04T22:00:00.000","55","42","13"
"2025-10-04T21:00:00.000","63","46","17"
"2025-10-04T20:00:00.000","66","51","15"
"2025-10-04T19:00:00.000","124","73","51"
"2025-10-04T18:00:00.000","123","103","20"
"2025-10-04T17:00:00.000","187","150","37"
"2025-10-04T16:00:00.000","264","205","59"
"2025-10-04T15:00:00.000","229","194","35"
"2025-10-04T14:00:00.000","244","200","44"
"2025-10-04T13:00:00.000","190","160","30"
"2025-10-04T12:00:00.000","182","150","32"
"2025-10-04T11:00:00.000","139","111","28"
"2025-10-04T10:00:00.000","106","88","18"
"2025-10-04T09:00:00.000","118","93","25"
"2025-10-04T08:00:00.000","63","45","18"
"2025-10-04T07:00:00.000","45","31","14"
"2025-10-04T06:00:00.000","23","12","11"
"2025-10-04T05:00:00.000","14","11","3"
"2025-10-04T04:00:00.000","7","2","5"
"2025-10-04T03:00:00.000","4","2","2"
"2025-10-04T02:00:00.000","17","11","6"
"2025-10-04T01:00:00.000","23","17","6"
"2025-10-04T00:00:00.000","39","24","15"
"2025-10-03T23:00:00.000","54","43","11"
"2025-10-03T22:00:00.000","57","48","9"
"2025-10-03T21:00:00.000","60","48","12"
"2025-10-03T20:00:00.000","74","55","19"
"2025-10-03T19:00:00.000","119","89","30"
"2025-10-03T18:00:00.000","202","167","35"
"2025-10-03T17:00:00.000","307","253","54"
"2025-10-03T16:00:00.000","297","261","36"
"2025-10-03T15:00:00.000","220","177","43"
"2025-10-03T14:00:00.000","162","128","34"
"2025-10-03T13:00:00.000","139","108","31"
"2025-10-03T12:00:00.000","137","100","37"
"2025-10-03T11:00:00.000","124","86","38"
"2025-10-03T10:00:00.000","144","93","51"
"2025-10-03T09:00:00.000","267","152","115"
"2025-10-03T08:00:00.000","438","247","191"
"2025-10-03T07:00:00.000","267","163","104"
"2025-10-03T06:00:00.000","87","54","33"
"2025-10-03T05:00:00.000","30","17","13"
"2025-10-03T04:00:00.000","12","6","6"
"2025-10-03T03:00:00.000","13","4","9"
"2025-10-03T02:00:00.000","1","1","0"
"2025-10-03T01:00:00.000","4","3","1"
"2025-10-03T00:00:00.000","23","16","7"
"2025-10-02T23:00:00.000","20","15","5"
"2025-10-02T22:00:00.000","43","31","12"
"2025-10-02T21:00:00.000","72","60","12"
"2025-10-02T20:00:00.000","74","54","20"
"2025-10-02T19:00:00.000","148","126","22"
"2025-10-02T18:00:00.000","256","203","53"
"2025-10-02T17:00:00.000","388","300","88"
"2025-10-02T16:00:00.000","313","263","50"
"2025-10-02T15:00:00.000","197","166","31"
"2025-10-02T14:00:00.000","148","121","27"
"2025-10-02T13:00:00.000","147","127","20"
"2025-10-02T12:00:00.000","154","116","38"
"2025-10-02T11:00:00.000","126","91","35"
"2025-10-02T10:00:00.000","175","104","71"
"2025-10-02T09:00:00.000","286","162","124"
"2025-10-02T08:00:00.000","630","365","265"
"2025-10-02T07:00:00.000","338","197","141"
"2025-10-02T06:00:00.000","115","72","43"
"2025-10-02T05:00:00.000","34","22","12"
"2025-10-02T04:00:00.000","9","6","3"
"2025-10-02T03:00:00.000","9","8","1"
"2025-10-02T02:00:00.000","4","0","4"
"2025-10-02T01:00:00.000","7","4","3"
"2025-10-02T00:00:00.000","2","1","1"
"2025-10-01T23:00:00.000","23","18","5"
"2025-10-01T22:00:00.000","52","42","10"
"2025-10-01T21:00:00.000","49","37","12"
"2025-10-01T20:00:00.000","58","40","18"
"2025-10-01T19:00:00.000","104","75","29"
"2025-10-01T18:00:00.000","162","134","28"
"2025-10-01T17:00:00.000","272","218","54"
"2025-10-01T16:00:00.000","276","234","42"
"2025-10-01T15:00:00.000","174","152","22"
"2025-10-01T14:00:00.000","124","107","17"
"2025-10-01T13:00:00.000","109","94","15"
"2025-10-01T12:00:00.000","100","77","23"
"2025-10-01T11:00:00.000","114","78","36"
"2025-10-01T10:00:00.000","128","71","57"
"2025-10-01T09:00:00.000","290","145","145"
"2025-10-01T08:00:00.000","479","270","209"
"2025-10-01T07:00:00.000","251","155","96"
"2025-10-01T06:00:00.000","77","43","34"
"2025-10-01T05:00:00.000","25","18","7"
"2025-10-01T04:00:00.000","11","6","5"
"2025-10-01T03:00:00.000","9","4","5"
"2025-10-01T02:00:00.000","4","1","3"
"2025-10-01T01:00:00.000","5","0","5"
"2025-10-01T00:00:00.000","6","2","4"
"2025-09-30T23:00:00.000","14","10","4"
"2025-09-30T22:00:00.000","42","32","10"
"2025-09-30T21:00:00.000","60","44","16"
"2025-09-30T20:00:00.000","46","30","16"
"2025-09-30T19:00:00.000","59","46","13"
"2025-09-30T18:00:00.000","166","133","33"
"2025-09-30T17:00:00.000","274","205","69"
"2025-09-30T16:00:00.000","302","237","65"
"2025-09-30T15:00:00.000","222","183","39"
"2025-09-30T14:00:00.000","148","120","28"
"2025-09-30T13:00:00.000","140","103","37"
"2025-09-30T12:00:00.000","150","103","47"
"2025-09-30T11:00:00.000","139","89","50"
"2025-09-30T10:00:00.000","165","101","64"
"2025-09-30T09:00:00.000","292","154","138"
"2025-09-30T08:00:00.000","674","401","273"
"2025-09-30T07:00:00.000","400","237","163"
"2025-09-30T06:00:00.000","126","82","44"
"2025-09-30T05:00:00.000","33","29","4"
"2025-09-30T04:00:00.000","19","9","10"
"2025-09-30T03:00:00.000","8","6","2"
"2025-09-30T02:00:00.000","3","2","1"
"2025-09-30T01:00:00.000","1","0","1"
"2025-09-30T00:00:00.000","5","2","3"
"2025-09-29T23:00:00.000","14","11","3"
"2025-09-29T22:00:00.000","22","16","6"
"2025-09-29T21:00:00.000","26","14","12"
"2025-09-29T20:00:00.000","38","26","12"
"2025-09-29T19:00:00.000","77","61","16"
"2025-09-29T18:00:00.000","137","109","28"
"2025-09-29T17:00:00.000","244","206","38"
"2025-09-29T16:00:00.000","160","132","28"
"2025-09-29T15:00:00.000","96","77","19"
"2025-09-29T14:00:00.000","62","57","5"
"2025-09-29T13:00:00.000","56","46","10"
"2025-09-29T12:00:00.000","56","39","17"
"2025-09-29T11:00:00.000","37","22","15"
"2025-09-29T10:00:00.000","77","42","35"
"2025-09-29T09:00:00.000","237","135","102"
"2025-09-29T08:00:00.000","472","263","209"
"2025-09-29T07:00:00.000","270","151","119"
"2025-09-29T06:00:00.000","82","44","38"
"2025-09-29T05:00:00.000","32","23","9"
"2025-09-29T04:00:00.000","19","9","10"
"2025-09-29T03:00:00.000","4","0","4"
"2025-09-29T02:00:00.000","5","2","3"
"2025-09-29T01:00:00.000","11","9","2"
"2025-09-29T00:00:00.000","9","4","5"
"2025-09-28T23:00:00.000","3","1","2"
"2025-09-28T22:00:00.000","13","6","7"
"2025-09-28T21:00:00.000","54","46","8"
"2025-09-28T20:00:00.000","38","31","7"
"2025-09-28T19:00:00.000","110","86","24"
"2025-09-28T18:00:00.000","127","98","29"
"2025-09-28T17:00:00.000","165","127","38"
"2025-09-28T16:00:00.000","236","196","40"
"2025-09-28T15:00:00.000","219","172","47"
"2025-09-28T14:00:00.000","199","173","26"
"2025-09-28T13:00:00.000","195","156","39"
"2025-09-28T12:00:00.000","183","146","37"
"2025-09-28T11:00:00.000","166","133","33"
"2025-09-28T10:00:00.000","169","119","50"
"2025-09-28T09:00:00.000","124","98","26"
"2025-09-28T08:00:00.000","67","51","16"
"2025-09-28T07:00:00.000","28","18","10"
"2025-09-28T06:00:00.000","21","17","4"
"2025-09-28T05:00:00.000","12","10","2"
"2025-09-28T04:00:00.000","1","0","1"
"2025-09-28T03:00:00.000","10","8","2"
"2025-09-28T02:00:00.000","20","12","8"
"2025-09-28T01:00:00.000","29","27","2"
"2025-09-28T00:00:00.000","39","27","12"
"2025-09-27T23:00:00.000","28","20","8"
"2025-09-27T22:00:00.000","62","48","14"
"2025-09-27T21:00:00.000","68","53","15"
"2025-09-27T20:00:00.000","89","68","21"
"2025-09-27T19:00:00.000","195","106","89"
"2025-09-27T18:00:00.000","203","153","50"
"2025-09-27T17:00:00.000","288","241","47"
"2025-09-27T16:00:00.000","437","366","71"
"2025-09-27T15:00:00.000","353","275","78"
"2025-09-27T14:00:00.000","210","163","47"
"2025-09-27T13:00:00.000","249","198","51"
"2025-09-27T12:00:00.000","304","255","49"
"2025-09-27T11:00:00.000","245","208","37"
"2025-09-27T10:00:00.000","178","153","25"
"2025-09-27T09:00:00.000","137","112","25"
"2025-09-27T08:00:00.000","129","101","28"
"2025-09-27T07:00:00.000","48","38","10"
"2025-09-27T06:00:00.000","32","23","9"
"2025-09-27T05:00:00.000","13","10","3"
"2025-09-27T04:00:00.000","7","2","5"
"2025-09-27T03:00:00.000","2","2","0"
"2025-09-27T02:00:00.000","8","4","4"
"2025-09-27T01:00:00.000","22","21","1"
"2025-09-27T00:00:00.000","41","36","5"
"2025-09-26T23:00:00.000","41","35","6"
"2025-09-26T22:00:00.000","63","47","16"
"2025-09-26T21:00:00.000","79","64","15"
"2025-09-26T20:00:00.000","71","60","11"
"2025-09-26T19:00:00.000","131","101","30"
"2025-09-26T18:00:00.000","282","225","57"
"2025-09-26T17:00:00.000","310","240","70"
"2025-09-26T16:00:00.000","302","251","51"
"2025-09-26T15:00:00.000","218","176","42"
"2025-09-26T14:00:00.000","144","106","38"
"2025-09-26T13:00:00.000","150","118","32"
"2025-09-26T12:00:00.000","171","127","44"
"2025-09-26T11:00:00.000","115","86","29"
"2025-09-26T10:00:00.000","126","80","46"
"2025-09-26T09:00:00.000","193","121","72"
"2025-09-26T08:00:00.000","453","253","200"
"2025-09-26T07:00:00.000","225","149","76"
"2025-09-26T06:00:00.000","90","53","37"
"2025-09-26T05:00:00.000","37","28","9"
"2025-09-26T04:00:00.000","7","4","3"
"2025-09-26T03:00:00.000","5","2","3"
"2025-09-26T02:00:00.000","0","0","0"
"2025-09-26T01:00:00.000","8","6","2"
"2025-09-26T00:00:00.000","10","7","3"
"2025-09-25T23:00:00.000","24","17","7"
"2025-09-25T22:00:00.000","58","46","12"
"2025-09-25T21:00:00.000","77","58","19"
"2025-09-25T20:00:00.000","82","63","19"
"2025-09-25T19:00:00.000","134","97","37"
"2025-09-25T18:00:00.000","228","181","47"
"2025-09-25T17:00:00.000","370","294","76"
"2025-09-25T16:00:00.000","290","234","56"
"2025-09-25T15:00:00.000","177","151","26"
"2025-09-25T14:00:00.000","164","127","37"
"2025-09-25T13:00:00.000","124","88","36"
"2025-09-25T12:00:00.000","131","90","41"
"2025-09-25T11:00:00.000","149","102","47"
"2025-09-25T10:00:00.000","174","113","61"
"2025-09-25T09:00:00.000","311","171","140"
"2025-09-25T08:00:00.000","659","366","293"
"2025-09-25T07:00:00.000","376","223","153"
"2025-09-25T06:00:00.000","108","57","51"
"2025-09-25T05:00:00.000","41","23","18"
"2025-09-25T04:00:00.000","16","8","8"
"2025-09-25T03:00:00.000","9","4","5"
"2025-09-25T02:00:00.000","8","4","4"
"2025-09-25T01:00:00.000","11","9","2"
"2025-09-25T00:00:00.000","6","4","2"
"2025-09-24T23:00:00.000","8","4","4"
"2025-09-24T22:00:00.000","79","61","18"
"2025-09-24T21:00:00.000","76","57","19"
"2025-09-24T20:00:00.000","107","86","21"
"2025-09-24T19:00:00.000","166","125","41"
"2025-09-24T18:00:00.000","295","215","80"
"2025-09-24T17:00:00.000","417","341","76"
"2025-09-24T16:00:00.000","322","255","67"
"2025-09-24T15:00:00.000","205","164","41"
"2025-09-24T14:00:00.000","200","174","26"
"2025-09-24T13:00:00.000","160","130","30"
"2025-09-24T12:00:00.000","159","116","43"
"2025-09-24T11:00:00.000","159","109","50"
"2025-09-24T10:00:00.000","174","101","73"
"2025-09-24T09:00:00.000","359","197","162"
"2025-09-24T08:00:00.000","637","346","291"
"2025-09-24T07:00:00.000","401","235","166"
"2025-09-24T06:00:00.000","125","78","47"
"2025-09-24T05:00:00.000","47","36","11"
"2025-09-24T04:00:00.000","17","11","6"
"2025-09-24T03:00:00.000","4","0","4"
"2025-09-24T02:00:00.000","8","7","1"
"2025-09-24T01:00:00.000","2","1","1"
"2025-09-24T00:00:00.000","8","5","3"
"2025-09-23T23:00:00.000","17","11","6"
"2025-09-23T22:00:00.000","64","51","13"
"2025-09-23T21:00:00.000","79","64","15"
"2025-09-23T20:00:00.000","97","83","14"
"2025-09-23T19:00:00.000","155","121","34"
"2025-09-23T18:00:00.000","247","172","75"
"2025-09-23T17:00:00.000","386","314","72"
"2025-09-23T16:00:00.000","357","268","89"
"2025-09-23T15:00:00.000","232","184","48"
"2025-09-23T14:00:00.000","149","120","29"
"2025-09-23T13:00:00.000","147","120","27"
"2025-09-23T12:00:00.000","145","108","37"
"2025-09-23T11:00:00.000","134","104","30"
"2025-09-23T10:00:00.000","170","104","66"
"2025-09-23T09:00:00.000","342","158","184"
"2025-09-23T08:00:00.000","783","425","358"
"2025-09-23T07:00:00.000","406","222","184"
"2025-09-23T06:00:00.000","129","79","50"
"2025-09-23T05:00:00.000","49","35","14"
"2025-09-23T04:00:00.000","13","6","7"
"2025-09-23T03:00:00.000","7","4","3"
"2025-09-23T02:00:00.000","10","4","6"
"2025-09-23T01:00:00.000","8","5","3"
"2025-09-23T00:00:00.000","9","7","2"
"2025-09-22T23:00:00.000","20","14","6"
"2025-09-22T22:00:00.000","30","19","11"
"2025-09-22T21:00:00.000","76","56","20"
"2025-09-22T20:00:00.000","81","67","14"
"2025-09-22T19:00:00.000","133","99","34"
"2025-09-22T18:00:00.000","233","186","47"
"2025-09-22T17:00:00.000","374","302","72"
"2025-09-22T16:00:00.000","316","247","69"
"2025-09-22T15:00:00.000","209","172","37"
"2025-09-22T14:00:00.000","108","85","23"
"2025-09-22T13:00:00.000","113","93","20"
"2025-09-22T12:00:00.000","146","108","38"
"2025-09-22T11:00:00.000","123","83","40"
"2025-09-22T10:00:00.000","163","103","60"
"2025-09-22T09:00:00.000","328","175","153"
"2025-09-22T08:00:00.000","648","367","281"
"2025-09-22T07:00:00.000","377","209","168"
"2025-09-22T06:00:00.000","128","78","50"
"2025-09-22T05:00:00.000","39","24","15"
"2025-09-22T04:00:00.000","17","10","7"
"2025-09-22T03:00:00.000","6","2","4"
"2025-09-22T02:00:00.000","7","6","1"
"2025-09-22T01:00:00.000","10","7","3"
"2025-09-22T00:00:00.000","11","7","4"
"2025-09-21T23:00:00.000","13","10","3"
"2025-09-21T22:00:00.000","20","12","8"
"2025-09-21T21:00:00.000","39","34","5"
"2025-09-21T20:00:00.000","48","42","6"
"2025-09-21T19:00:00.000","87","67","20"
"2025-09-21T18:00:00.000","122","95","27"
"2025-09-21T17:00:00.000","143","114","29"
"2025-09-21T16:00:00.000","161","121","40"
"2025-09-21T15:00:00.000","136","108","28"
"2025-09-21T14:00:00.000","101","78","23"
"2025-09-21T13:00:00.000","100","81","19"
"2025-09-21T12:00:00.000","70","54","16"
"2025-09-21T11:00:00.000","83","59","24"
"2025-09-21T10:00:00.000","79","59","20"
"2025-09-21T09:00:00.000","64","49","15"
"2025-09-21T08:00:00.000","20","13","7"
"2025-09-21T07:00:00.000","13","7","6"
"2025-09-21T06:00:00.000","10","5","5"
"2025-09-21T05:00:00.000","9","5","4"
"2025-09-21T04:00:00.000","1","0","1"
"2025-09-21T03:00:00.000","4","4","0"
"2025-09-21T02:00:00.000","13","11","2"
"2025-09-21T01:00:00.000","18","18","0"
"2025-09-21T00:00:00.000","35","26","9"
"2025-09-20T23:00:00.000","60","54","6"
"2025-09-20T22:00:00.000","100","81","19"
"2025-09-20T21:00:00.000","88","67","21"
"2025-09-20T20:00:00.000","114","94","20"
"2025-09-20T19:00:00.000","200","115","85"
"2025-09-20T18:00:00.000","236","190","46"
"2025-09-20T17:00:00.000","253","205","48"
"2025-09-20T16:00:00.000","197","152","45"
"2025-09-20T15:00:00.000","205","165","40"
"2025-09-20T14:00:00.000","265","205","60"
"2025-09-20T13:00:00.000","264","221","43"
"2025-09-20T12:00:00.000","281","248","33"
"2025-09-20T11:00:00.000","247","206","41"
"2025-09-20T10:00:00.000","184","142","42"
"2025-09-20T09:00:00.000","110","88","22"
"2025-09-20T08:00:00.000","100","77","23"
"2025-09-20T07:00:00.000","42","28","14"
"2025-09-20T06:00:00.000","20","11","9"
"2025-09-20T05:00:00.000","15","12","3"
"2025-09-20T04:00:00.000","7","6","1"
"2025-09-20T03:00:00.000","7","4","3"
"2025-09-20T02:00:00.000","17","15","2"
"2025-09-20T01:00:00.000","26","14","12"
"2025-09-20T00:00:00.000","39","32","7"
"2025-09-19T23:00:00.000","56","40","16"
"2025-09-19T22:00:00.000","87","71","16"
"2025-09-19T21:00:00.000","107","85","22"
"2025-09-19T20:00:00.000","103","85","18"
"2025-09-19T19:00:00.000","248","205","43"
"2025-09-19T18:00:00.000","216","179","37"
"2025-09-19T17:00:00.000","367","302","65"
"2025-09-19T16:00:00.000","272","218","54"
"2025-09-19T15:00:00.000","205","171","34"
"2025-09-19T14:00:00.000","165","140","25"
"2025-09-19T13:00:00.000","180","144","36"
"2025-09-19T12:00:00.000","155","111","44"
"2025-09-19T11:00:00.000","132","98","34"
"2025-09-19T10:00:00.000","179","112","67"
"2025-09-19T09:00:00.000","287","172","115"
"2025-09-19T08:00:00.000","458","258","200"
"2025-09-19T07:00:00.000","261","170","91"
"2025-09-19T06:00:00.000","86","56","30"
"2025-09-19T05:00:00.000","28","24","4"
"2025-09-19T04:00:00.000","12","10","2"
"2025-09-19T03:00:00.000","7","3","4"
"2025-09-19T02:00:00.000","5","3","2"
"2025-09-19T01:00:00.000","5","2","3"
"2025-09-19T00:00:00.000","7","3","4"
"2025-09-18T23:00:00.000","28","22","6"
"2025-09-18T22:00:00.000","47","38","9"
"2025-09-18T21:00:00.000","77","61","16"
"2025-09-18T20:00:00.000","117","83","34"
"2025-09-18T19:00:00.000","174","126","48"
"2025-09-18T18:00:00.000","303","251","52"
"2025-09-18T17:00:00.000","381","266","115"
"2025-09-18T16:00:00.000","316","252","64"
"2025-09-18T15:00:00.000","174","142","32"
"2025-09-18T14:00:00.000","164","130","34"
"2025-09-18T13:00:00.000","144","109","35"
"2025-09-18T12:00:00.000","171","125","46"
"2025-09-18T11:00:00.000","133","82","51"
"2025-09-18T10:00:00.000","183","129","54"
"2025-09-18T09:00:00.000","346","180","166"
"2025-09-18T08:00:00.000","690","372","318"
"2025-09-18T07:00:00.000","444","260","184"
"2025-09-18T06:00:00.000","141","92","49"
"2025-09-18T05:00:00.000","41","33","8"
"2025-09-18T04:00:00.000","16","13","3"
"2025-09-18T03:00:00.000","10","8","2"
"2025-09-18T02:00:00.000","3","2","1"
"2025-09-18T01:00:00.000","6","4","2"
"2025-09-18T00:00:00.000","9","6","3"
"2025-09-17T23:00:00.000","30","22","8"
"2025-09-17T22:00:00.000","66","52","14"
"2025-09-17T21:00:00.000","65","52","13"
"2025-09-17T20:00:00.000","138","105","33"
"2025-09-17T19:00:00.000","212","156","56"
"2025-09-17T18:00:00.000","352","270","82"
"2025-09-17T17:00:00.000","415","336","79"
"2025-09-17T16:00:00.000","331","274","57"
"2025-09-17T15:00:00.000","256","198","58"
"2025-09-17T14:00:00.000","138","107","31"
"2025-09-17T13:00:00.000","158","124","34"
"2025-09-17T12:00:00.000","165","123","42"
"2025-09-17T11:00:00.000","162","117","45"
"2025-09-17T10:00:00.000","190","126","64"
"2025-09-17T09:00:00.000","393","207","186"
"2025-09-17T08:00:00.000","697","403","294"
"2025-09-17T07:00:00.000","451","261","190"
"2025-09-17T06:00:00.000","142","89","53"
"2025-09-17T05:00:00.000","48","32","16"
"2025-09-17T04:00:00.000","10","8","2"
"2025-09-17T03:00:00.000","4","2","2"
"2025-09-17T02:00:00.000","0","0","0"
"2025-09-17T01:00:00.000","7","5","2"
"2025-09-17T00:00:00.000","9","6","3"
"2025-09-16T23:00:00.000","31","30","1"
"2025-09-16T22:00:00.000","71","53","18"
"2025-09-16T21:00:00.000","109","85","24"
"2025-09-16T20:00:00.000","117","91","26"
"2025-09-16T19:00:00.000","236","188","48"
"2025-09-16T18:00:00.000","393","317","76"
"2025-09-16T17:00:00.000","454","356","98"
"2025-09-16T16:00:00.000","358","292","66"
"2025-09-16T15:00:00.000","193","152","41"
"2025-09-16T14:00:00.000","181","137","44"
"2025-09-16T13:00:00.000","157","124","33"
"2025-09-16T12:00:00.000","156","104","52"
"2025-09-16T11:00:00.000","130","80","50"
"2025-09-16T10:00:00.000","203","139","64"
"2025-09-16T09:00:00.000","314","177","137"
"2025-09-16T08:00:00.000","747","394","353"
"2025-09-16T07:00:00.000","452","246","206"
"2025-09-16T06:00:00.000","138","82","56"
"2025-09-16T05:00:00.000","47","38","9"
"2025-09-16T04:00:00.000","15","11","4"
"2025-09-16T03:00:00.000","8","4","4"
"2025-09-16T02:00:00.000","5","2","3"
"2025-09-16T01:00:00.000","2","0","2"
"2025-09-16T00:00:00.000","8","6","2"
"2025-09-15T23:00:00.000","18","18","0"
"2025-09-15T22:00:00.000","42","30","12"
"2025-09-15T21:00:00.000","62","45","17"
"2025-09-15T20:00:00.000","84","55","29"
"2025-09-15T19:00:00.000","200","172","28"
"2025-09-15T18:00:00.000","300","228","72"
"2025-09-15T17:00:00.000","406","325","81"
"2025-09-15T16:00:00.000","278","216","62"
"2025-09-15T15:00:00.000","196","143","53"
"2025-09-15T14:00:00.000","186","154","32"
"2025-09-15T13:00:00.000","136","109","27"
"2025-09-15T12:00:00.000","110","78","32"
"2025-09-15T11:00:00.000","147","105","42"
"2025-09-15T10:00:00.000","125","75","50"
"2025-09-15T09:00:00.000","303","155","148"
"2025-09-15T08:00:00.000","565","295","270"
"2025-09-15T07:00:00.000","359","203","156"
"2025-09-15T06:00:00.000","114","77","37"
"2025-09-15T05:00:00.000","51","42","9"
"2025-09-15T04:00:00.000","5","1","4"
"2025-09-15T03:00:00.000","8","6","2"
"2025-09-15T02:00:00.000","0","0","0"
"2025-09-15T01:00:00.000","6","1","5"
"2025-09-15T00:00:00.000","21","16","5"
"2025-09-14T23:00:00.000","6","4","2"
"2025-09-14T22:00:00.000","9","6","3"
"2025-09-14T21:00:00.000","29","20","9"
"2025-09-14T20:00:00.000","47","40","7"
"2025-09-14T19:00:00.000","60","44","16"
"2025-09-14T18:00:00.000","78","61","17"
"2025-09-14T17:00:00.000","87","72","15"
"2025-09-14T16:00:00.000","124","94","30"
"2025-09-14T15:00:00.000","134","115","19"
"2025-09-14T14:00:00.000","96","83","13"
"2025-09-14T13:00:00.000","88","57","31"
"2025-09-14T12:00:00.000","124","93","31"
"2025-09-14T11:00:00.000","96","77","19"
"2025-09-14T10:00:00.000","75","58","17"
"2025-09-14T09:00:00.000","74","59","15"
"2025-09-14T08:00:00.000","29","23","6"
"2025-09-14T07:00:00.000","22","18","4"
"2025-09-14T06:00:00.000","8","6","2"
"2025-09-14T05:00:00.000","4","3","1"
"2025-09-14T04:00:00.000","1","1","0"
"2025-09-14T03:00:00.000","3","2","1"
"2025-09-14T02:00:00.000","9","8","1"
"2025-09-14T01:00:00.000","31","22","9"
"2025-09-14T00:00:00.000","41","25","16"
"2025-09-13T23:00:00.000","49","39","10"
"2025-09-13T22:00:00.000","47","42","5"
"2025-09-13T21:00:00.000","86","55","31"
"2025-09-13T20:00:00.000","130","105","25"
"2025-09-13T19:00:00.000","178","118","60"
"2025-09-13T18:00:00.000","200","160","40"
"2025-09-13T17:00:00.000","245","189","56"
"2025-09-13T16:00:00.000","282","235","47"
"2025-09-13T15:00:00.000","300","255","45"
"2025-09-13T14:00:00.000","242","199","43"
"2025-09-13T13:00:00.000","232","200","32"
"2025-09-13T12:00:00.000","247","191","56"
"2025-09-13T11:00:00.000","221","181","40"
"2025-09-13T10:00:00.000","158","122","36"
"2025-09-13T09:00:00.000","118","94","24"
"2025-09-13T08:00:00.000","100","68","32"
"2025-09-13T07:00:00.000","37","24","13"
"2025-09-13T06:00:00.000","21","8","13"
"2025-09-13T05:00:00.000","9","4","5"
"2025-09-13T04:00:00.000","2","1","1"
"2025-09-13T03:00:00.000","6","3","3"
"2025-09-13T02:00:00.000","16","14","2"
"2025-09-13T01:00:00.000","17","12","5"
"2025-09-13T00:00:00.000","41","28","13"
"2025-09-12T23:00:00.000","46","32","14"
"2025-09-12T22:00:00.000","59","42","17"
"2025-09-12T21:00:00.000","51","40","11"
"2025-09-12T20:00:00.000","77","55","22"
"2025-09-12T19:00:00.000","155","126","29"
"2025-09-12T18:00:00.000","257","213","44"
"2025-09-12T17:00:00.000","281","219","62"
"2025-09-12T16:00:00.000","292","242","50"
"2025-09-12T15:00:00.000","213","174","39"
"2025-09-12T14:00:00.000","154","134","20"
"2025-09-12T13:00:00.000","152","117","35"
"2025-09-12T12:00:00.000","145","115","30"
"2025-09-12T11:00:00.000","135","97","38"
"2025-09-12T10:00:00.000","137","89","48"
"2025-09-12T09:00:00.000","237","128","109"
"2025-09-12T08:00:00.000","426","235","191"
"2025-09-12T07:00:00.000","238","141","97"
"2025-09-12T06:00:00.000","108","71","37"
"2025-09-12T05:00:00.000","20","13","7"
"2025-09-12T04:00:00.000","12","8","4"
"2025-09-12T03:00:00.000","8","2","6"
"2025-09-12T02:00:00.000","7","5","2"
"2025-09-12T01:00:00.000","8","7","1"
"2025-09-12T00:00:00.000","9","5","4"
"2025-09-11T23:00:00.000","24","18","6"
"2025-09-11T22:00:00.000","42","34","8"
"2025-09-11T21:00:00.000","80","52","28"
"2025-09-11T20:00:00.000","103","81","22"
"2025-09-11T19:00:00.000","184","145","39"
"2025-09-11T18:00:00.000","286","236","50"
"2025-09-11T17:00:00.000","389","305","84"
"2025-09-11T16:00:00.000","325","254","71"
"2025-09-11T15:00:00.000","176","133","43"
"2025-09-11T14:00:00.000","134","110","24"
"2025-09-11T13:00:00.000","143","115","28"
"2025-09-11T12:00:00.000","138","109","29"
"2025-09-11T11:00:00.000","122","89","33"
"2025-09-11T10:00:00.000","195","135","60"
"2025-09-11T09:00:00.000","341","180","161"
"2025-09-11T08:00:00.000","607","319","288"
"2025-09-11T07:00:00.000","378","209","169"
"2025-09-11T06:00:00.000","135","85","50"
"2025-09-11T05:00:00.000","50","38","12"
"2025-09-11T04:00:00.000","17","13","4"
"2025-09-11T03:00:00.000","5","3","2"
"2025-09-11T02:00:00.000","4","2","2"
"2025-09-11T01:00:00.000","7","4","3"
"2025-09-11T00:00:00.000","5","3","2"
"2025-09-10T23:00:00.000","20","19","1"
"2025-09-10T22:00:00.000","48","37","11"
"2025-09-10T21:00:00.000","95","69","26"
"2025-09-10T20:00:00.000","129","100","29"
"2025-09-10T19:00:00.000","184","140","44"
"2025-09-10T18:00:00.000","300","243","57"
"2025-09-10T17:00:00.000","439","341","98"
"2025-09-10T16:00:00.000","346","280","66"
"2025-09-10T15:00:00.000","212","153","59"
"2025-09-10T14:00:00.000","211","168","43"
"2025-09-10T13:00:00.000","113","81","32"
"2025-09-10T12:00:00.000","178","128","50"
"2025-09-10T11:00:00.000","197","148","49"
"2025-09-10T10:00:00.000","201","127","74"
"2025-09-10T09:00:00.000","339","188","151"
"2025-09-10T08:00:00.000","668","386","282"
"2025-09-10T07:00:00.000","412","228","184"
"2025-09-10T06:00:00.000","139","80","59"
"2025-09-10T05:00:00.000","34","26","8"
"2025-09-10T04:00:00.000","20","14","6"
"2025-09-10T03:00:00.000","3","0","3"
"2025-09-10T02:00:00.000","10","7","3"
"2025-09-10T01:00:00.000","9","8","1"
"2025-09-10T00:00:00.000","10","9","1"
"2025-09-09T23:00:00.000","26","19","7"
"2025-09-09T22:00:00.000","55","41","14"
"2025-09-09T21:00:00.000","93","66","27"
"2025-09-09T20:00:00.000","109","101","8"
"2025-09-09T19:00:00.000","160","124","36"
"2025-09-09T18:00:00.000","311","252","59"
"2025-09-09T17:00:00.000","419","323","96"
"2025-09-09T16:00:00.000","336","272","64"
"2025-09-09T15:00:00.000","199","154","45"
"2025-09-09T14:00:00.000","138","100","38"
"2025-09-09T13:00:00.000","118","91","27"
"2025-09-09T12:00:00.000","162","128","34"
"2025-09-09T11:00:00.000","142","102","40"
"2025-09-09T10:00:00.000","186","120","66"
"2025-09-09T09:00:00.000","342","193","149"
"2025-09-09T08:00:00.000","730","413","317"
"2025-09-09T07:00:00.000","479","282","197"
"2025-09-09T06:00:00.000","143","86","57"
"2025-09-09T05:00:00.000","34","24","10"
"2025-09-09T04:00:00.000","19","15","4"
"2025-09-09T03:00:00.000","6","4","2"
"2025-09-09T02:00:00.000","6","6","0"
"2025-09-09T01:00:00.000","8","6","2"
"2025-09-09T00:00:00.000","7","2","5"
"2025-09-08T23:00:00.000","14","9","5"
"2025-09-08T22:00:00.000","25","21","4"
"2025-09-08T21:00:00.000","56","39","17"
"2025-09-08T20:00:00.000","114","91","23"
"2025-09-08T19:00:00.000","163","126","37"
"2025-09-08T18:00:00.000","284","230","54"
"2025-09-08T17:00:00.000","366","298","68"
"2025-09-08T16:00:00.000","279","216","63"
"2025-09-08T15:00:00.000","198","164","34"
"2025-09-08T14:00:00.000","139","119","20"
"2025-09-08T13:00:00.000","130","98","32"
"2025-09-08T12:00:00.000","131","99","32"
"2025-09-08T11:00:00.000","139","99","40"
"2025-09-08T10:00:00.000","151","94","57"
"2025-09-08T09:00:00.000","330","188","142"
"2025-09-08T08:00:00.000","617","338","279"
"2025-09-08T07:00:00.000","387","229","158"
"2025-09-08T06:00:00.000","117","63","54"
"2025-09-08T05:00:00.000","48","36","12"
"2025-09-08T04:00:00.000","9","3","6"
"2025-09-08T03:00:00.000","11","5","6"
"2025-09-08T02:00:00.000","2","0","2"
"2025-09-08T01:00:00.000","6","6","0"
"2025-09-08T00:00:00.000","6","5","1"
"2025-09-07T23:00:00.000","10","4","6"
"2025-09-07T22:00:00.000","28","18","10"
"2025-09-07T21:00:00.000","44","36","8"
"2025-09-07T20:00:00.000","69","60","9"
"2025-09-07T19:00:00.000","82","62","20"
"2025-09-07T18:00:00.000","141","106","35"
"2025-09-07T17:00:00.000","163","136","27"
"2025-09-07T16:00:00.000","226","180","46"
"2025-09-07T15:00:00.000","199","163","36"
"2025-09-07T14:00:00.000","204","164","40"
"2025-09-07T13:00:00.000","192","158","34"
"2025-09-07T12:00:00.000","177","144","33"
"2025-09-07T11:00:00.000","193","157","36"
"2025-09-07T10:00:00.000","186","147","39"
"2025-09-07T09:00:00.000","89","60","29"
"2025-09-07T08:00:00.000","53","36","17"
"2025-09-07T07:00:00.000","48","36","12"
"2025-09-07T06:00:00.000","12","7","5"
"2025-09-07T05:00:00.000","5","5","0"
"2025-09-07T04:00:00.000","9","6","3"
"2025-09-07T03:00:00.000","6","6","0"
"2025-09-07T02:00:00.000","8","7","1"
"2025-09-07T01:00:00.000","11","10","1"
"2025-09-07T00:00:00.000","39","29","10"
"2025-09-06T23:00:00.000","102","85","17"
"2025-09-06T22:00:00.000","93","79","14"
"2025-09-06T21:00:00.000","93","70","23"
"2025-09-06T20:00:00.000","71","62","9"
"2025-09-06T19:00:00.000","182","121","61"
"2025-09-06T18:00:00.000","177","147","30"
"2025-09-06T17:00:00.000","200","158","42"
"2025-09-06T16:00:00.000","196","162","34"
"2025-09-06T15:00:00.000","253","201","52"
"2025-09-06T14:00:00.000","180","146","34"
"2025-09-06T13:00:00.000","189","161","28"
"2025-09-06T12:00:00.000","135","104","31"
"2025-09-06T11:00:00.000","174","146","28"
"2025-09-06T10:00:00.000","153","130","23"
"2025-09-06T09:00:00.000","121","94","27"
"2025-09-06T08:00:00.000","76","62","14"
"2025-09-06T07:00:00.000","36","27","9"
"2025-09-06T06:00:00.000","20","13","7"
"2025-09-06T05:00:00.000","20","16","4"
"2025-09-06T04:00:00.000","8","6","2"
"2025-09-06T03:00:00.000","2","1","1"
"2025-09-06T02:00:00.000","18","16","2"
"2025-09-06T01:00:00.000","22","19","3"
"2025-09-06T00:00:00.000","28","22","6"
"2025-09-05T23:00:00.000","34","27","7"
"2025-09-05T22:00:00.000","63","51","12"
"2025-09-05T21:00:00.000","77","62","15"
"2025-09-05T20:00:00.000","119","86","33"
"2025-09-05T19:00:00.000","149","128","21"
"2025-09-05T18:00:00.000","215","162","53"
"2025-09-05T17:00:00.000","294","242","52"
"2025-09-05T16:00:00.000","274","233","41"
"2025-09-05T15:00:00.000","219","186","33"
"2025-09-05T14:00:00.000","190","162","28"
"2025-09-05T13:00:00.000","164","141","23"
"2025-09-05T12:00:00.000","159","121","38"
"2025-09-05T11:00:00.000","142","99","43"
"2025-09-05T10:00:00.000","158","112","46"
"2025-09-05T09:00:00.000","252","138","114"
"2025-09-05T08:00:00.000","465","272","193"
"2025-09-05T07:00:00.000","326","213","113"
"2025-09-05T06:00:00.000","113","69","44"
"2025-09-05T05:00:00.000","32","26","6"
"2025-09-05T04:00:00.000","28","23","5"
"2025-09-05T03:00:00.000","4","2","2"
"2025-09-05T02:00:00.000","6","5","1"
"2025-09-05T01:00:00.000","7","6","1"
"2025-09-05T00:00:00.000","18","16","2"
"2025-09-04T23:00:00.000","31","25","6"
"2025-09-04T22:00:00.000","55","44","11"
"2025-09-04T21:00:00.000","83","68","15"
"2025-09-04T20:00:00.000","113","86","27"
"2025-09-04T19:00:00.000","182","160","22"
"2025-09-04T18:00:00.000","288","239","49"
"2025-09-04T17:00:00.000","410","322","88"
"2025-09-04T16:00:00.000","319","258","61"
