{"type": "FeatureCollection", "features": [{"type": "Feature", "properties": {"osm_id": 13866261, "source": "OpenStreetMap", "building": "yes", "name": "Seattle Convention Center Arch", "building:levels": "6"}, "geometry": {"type": "Polygon", "coordinates": [[[-122.3302402, 47.6120328], [-122.3302401, 47.6121476], [-122.3301685, 47.6124679], [-122.3303716, 47.6126942], [-122.3307742, 47.6125258], [-122.3310488, 47.6124108], [-122.3311364, 47.6123743], [-122.3312038, 47.612346], [-122.3313, 47.6123059], [-122.3313199, 47.6122976], [-122.3316383, 47.6121644], [-122.332078, 47.6119805], [-122.3321635, 47.6119447], [-122.3322372, 47.6119139], [-122.3324298, 47.6118333], [-122.3331073, 47.61155], [-122.3331371, 47.6115375], [-122.3330569, 47.6114504], [-122.3328033, 47.6111747], [-122.3323848, 47.6113485], [-122.3320193, 47.6109291], [-122.3320004, 47.610937], [-122.3318457, 47.6110018], [-122.3318239, 47.6109781], [-122.3318176, 47.6109722], [-122.3317065, 47.6108505], [-122.3314891, 47.6109414], [-122.331508, 47.6109619], [-122.3314719, 47.610977], [-122.3315621, 47.611075], [-122.3314927, 47.6111041], [-122.3315128, 47.6111259], [-122.3314509, 47.6111518], [-122.3312726, 47.6112264], [-122.3312524, 47.6112044], [-122.331188, 47.6112313], [-122.3311435, 47.611183], [-122.3311064, 47.6111985], [-122.3310876, 47.611178], [-122.331019, 47.6112067], [-122.3309724, 47.6111561], [-122.3309037, 47.6111848], [-122.330862, 47.6111394], [-122.330614, 47.6112432], [-122.3306357, 47.6112667], [-122.3305649, 47.6112963], [-122.3305873, 47.6113206], [-122.3305533, 47.6113348], [-122.3305738, 47.6113571], [-122.3305385, 47.6113719], [-122.330559, 47.6113941], [-122.3305242, 47.6114086], [-122.3305468, 47.6114332], [-122.330477, 47.6114624], [-122.330497, 47.6114842], [-122.3304641, 47.6114979], [-122.3305524, 47.6115939], [-122.3304817, 47.6116234], [-122.3305363, 47.6116827], [-122.3304669, 47.6117117], [-122.3305445, 47.611796], [-122.3304397, 47.6118398], [-122.3304921, 47.6118967], [-122.3304061, 47.6119327], [-122.3304265, 47.6119549], [-122.3302402, 47.6120328]]]}}, {"type": "Feature", "properties": {"osm_id": 35345179, "source": "OpenStreetMap", "building": "yes"}, "geometry": {"type": "Polygon", "coordinates": [[[-122.3423645, 47.6075078], [-122.3421216, 47.6073502], [-122.342054, 47.6073069], [-122.3436659, 47.6073128], [-122.3440086, 47.6075133], [-122.3434143, 47.6075118], [-122.343329, 47.6075116], [-122.3430397, 47.6075117], [-122.3429223, 47.6075116], [-122.3423645, 47.6075078]]]}}, {"type": "Feature", "properties": {"osm_id": 35824879, "source": "OpenStreetMap", "building": "office", "name": "Rainier Tower", "height": "156"}, "geometry": {"type": "Polygon", "coordinates": [[[-122.3344388, 47.6085408], [-122.3339487, 47.6087425], [-122.3342664, 47.6090934], [-122.3347565, 47.6088918], [-122.3344388, 47.6085408]]]}}, {"type": "Feature", "properties": {"osm_id": 35824976, "source": "OpenStreetMap", "building": "hotel", "name": "Fairmont Olympic Hotel", "building:levels": "12"}, "geometry": {"type": "Polygon", "coordinates": [[[-122.3339612, 47.6084541], [-122.3339715, 47.6084654], [-122.3337668, 47.6085498], [-122.3332779, 47.608011], [-122.3334899, 47.6079235], [-122.3335082, 47.6079437], [-122.333586, 47.6079116], [-122.3338912, 47.6077858], [-122.333964, 47.6077557], [-122.3339423, 47.6077318], [-122.3341534, 47.6076447], [-122.3346434, 47.6081848], [-122.3344511, 47.6082641], [-122.3344072, 47.6082822], [-122.3342546, 47.608114], [-122.3342019, 47.6081358], [-122.3342368, 47.6081742], [-122.3342251, 47.608179], [-122.3341839, 47.608196], [-122.334155, 47.608208], [-122.3340599, 47.6082471], [-122.3340134, 47.6082663], [-122.3339915, 47.6082754], [-122.333959, 47.6082888], [-122.3339209, 47.6082468], [-122.3338629, 47.6082707], [-122.3340108, 47.6084337], [-122.3339612, 47.6084541]]]}}, {"type": "Feature", "properties": {"osm_id": 36869313, "source": "OpenStreetMap", "building": "retail", "name": "Pacific Place", "building:levels": "5"}, "geometry": {"type": "Polygon", "coordinates": [[[-122.3361199, 47.6131016], [-122.3358704, 47.6132038], [-122.3358181, 47.6132252], [-122.3358131, 47.6132196], [-122.3356578, 47.6132831], [-122.3355054, 47.6133455], [-122.3355134, 47.6133544], [-122.335256, 47.6134597], [-122.3352123, 47.6134776], [-122.3350052, 47.6132477], [-122.3350125, 47.6132447], [-122.3349563, 47.6131824], [-122.3346995, 47.6128973], [-122.3346884, 47.6129018], [-122.3344877, 47.612679], [-122.3344529, 47.6126404], [-122.334507, 47.6126182], [-122.334745, 47.6125208], [-122.3347541, 47.6125309], [-122.3351217, 47.6123804], [-122.3351457, 47.6123705], [-122.3351365, 47.6123604], [-122.3353616, 47.6122682], [-122.3355862, 47.6125176], [-122.3355794, 47.6125204], [-122.3356056, 47.6125496], [-122.3356323, 47.6125791], [-122.3358936, 47.6128693], [-122.3359438, 47.612925], [-122.3359562, 47.6129199], [-122.3361199, 47.6131016]]]}}, {"type": "Feature", "properties": {"osm_id": 36869314, "source": "OpenStreetMap", "building": "retail", "name": "Westlake Center", "building:levels": "4"}, "geometry": {"type": "Polygon", "coordinates": [[[-122.3378986, 47.6117756], [-122.3379064, 47.6117725], [-122.3380328, 47.6119144], [-122.3376553, 47.6120672], [-122.3377654, 47.6121925], [-122.3378758, 47.6123137], [-122.337833, 47.6123315], [-122.3377829, 47.6123527], [-122.3377199, 47.6123798], [-122.3377187, 47.6123965], [-122.3375549, 47.6124835], [-122.3374013, 47.6124914], [-122.3371794, 47.6122522], [-122.3371317, 47.6122004], [-122.3368609, 47.6119062], [-122.336838, 47.611882], [-122.3367196, 47.6117528], [-122.3368158, 47.6117111], [-122.33721, 47.6116879], [-122.3377331, 47.6116541], [-122.3377824, 47.6116333], [-122.3378986, 47.6117756]]]}}, {"type": "Feature", "properties": {"osm_id": 36975035, "source": "OpenStreetMap", "building": "government", "name": "United States Courthouse"}, "geometry": {"type": "Polygon", "coordinates": [[[-122.3365662, 47.6155572], [-122.3356617, 47.6150242], [-122.3358818, 47.6149314], [-122.3359461, 47.6149891], [-122.3360238, 47.6150475], [-122.3361151, 47.61511], [-122.3362079, 47.6151642], [-122.3362656, 47.6151223], [-122.3362524, 47.6151147], [-122.3362926, 47.6150833], [-122.3362356, 47.6150501], [-122.3363931, 47.6149269], [-122.336512, 47.6148342], [-122.3365604, 47.6148624], [-122.3366002, 47.6148312], [-122.3368661, 47.6149859], [-122.336937, 47.6149059], [-122.33715, 47.6150318], [-122.3371151, 47.6150612], [-122.3371552, 47.6150836], [-122.3371116, 47.6151194], [-122.3371286, 47.6151287], [-122.3367459, 47.6154277], [-122.3367016, 47.6154623], [-122.3366495, 47.6154318], [-122.3365662, 47.6155572]]]}}, {"type": "Feature", "properties": {"osm_id": 37056442, "source": "OpenStreetMap", "building": "yes", "name": "The Seattle Public Library - Central Library", "height": "60", "building:levels": "11"}, "geometry": {"type": "Polygon", "coordinates": [[[-122.3325946, 47.6070912], [-122.3332937, 47.6067985], [-122.3333097, 47.6067469], [-122.3331133, 47.6065307], [-122.333058, 47.6064699], [-122.3329112, 47.6063737], [-122.3326897, 47.6062919], [-122.3321152, 47.6065331], [-122.331995, 47.6065836], [-122.3320862, 47.6066815], [-122.3323726, 47.606989], [-122.3324368, 47.6070579], [-122.3325946, 47.6070912]]]}}, {"type": "Feature", "properties": {"osm_id": 37546711, "source": "OpenStreetMap", "building": "yes", "name": "West Precinct"}, "geometry": {"type": "Polygon", "coordinates": [[[-122.336764, 47.6164391], [-122.3366073, 47.6163483], [-122.3363516, 47.6165489], [-122.3363157, 47.6165279], [-122.3362729, 47.616503], [-122.3362278, 47.6165384], [-122.3359422, 47.6163712], [-122.3363432, 47.616058], [-122.3364587, 47.6161256], [-122.3365712, 47.6160376], [-122.3367086, 47.6159307], [-122.3370623, 47.616138], [-122.3371422, 47.6161848], [-122.3372263, 47.6162338], [-122.3370939, 47.6163371], [-122.3371929, 47.6163951], [-122.3371625, 47.6164189], [-122.3370668, 47.6163627], [-122.3368816, 47.6165073], [-122.336764, 47.6164391]]]}}, {"type": "Feature", "properties": {"osm_id": 37551460, "source": "OpenStreetMap", "building": "yes", "name": "King County Courthouse", "building:levels": "1"}, "geometry": {"type": "Polygon", "coordinates": [[[-122.3306663, 47.6029788], [-122.3303691, 47.6031024], [-122.3300938, 47.6028015], [-122.3300783, 47.6027846], [-122.3300695, 47.6027749], [-122.3298483, 47.602533], [-122.3301496, 47.6024077], [-122.3303866, 47.6023092], [-122.3306847, 47.6021852], [-122.3309232, 47.6024459], [-122.3312055, 47.6027546], [-122.3309056, 47.6028793], [-122.3306663, 47.6029788]]]}}, {"type": "Feature", "properties": {"osm_id": 37551461, "source": "OpenStreetMap", "building": "office", "name": "King County Administration Building", "building:levels": "9"}, "geometry": {"type": "Polygon", "coordinates": [[[-122.3289689, 47.6029824], [-122.3290036, 47.6029679], [-122.3295197, 47.6027522], [-122.329687, 47.6029342], [-122.3297115, 47.6029608], [-122.3298616, 47.6031241], [-122.3293454, 47.6033398], [-122.3293108, 47.6033543], [-122.3292696, 47.6033096], [-122.3291601, 47.6031904], [-122.3291488, 47.6031781], [-122.3291442, 47.6031731], [-122.3291356, 47.6031638], [-122.3290257, 47.6030442], [-122.3289689, 47.6029824]]]}}, {"type": "Feature", "properties": {"osm_id": 37551462, "source": "OpenStreetMap", "building": "yes", "name": "King County Correctional Facility", "building:levels": "17"}, "geometry": {"type": "Polygon", "coordinates": [[[-122.3286119, 47.6033819], [-122.3286233, 47.6033944], [-122.3286363, 47.6034086], [-122.3286893, 47.6034663], [-122.32846, 47.6035618], [-122.3285016, 47.6036072], [-122.3286522, 47.6035444], [-122.3287987, 47.6037042], [-122.3284138, 47.6038647], [-122.3282735, 47.6037116], [-122.3282058, 47.6037399], [-122.3282497, 47.6037878], [-122.3280166, 47.603885], [-122.3278261, 47.6036773], [-122.32805, 47.603584], [-122.3280079, 47.603538], [-122.3279342, 47.6035688], [-122.3277892, 47.6034107], [-122.3280974, 47.6032823], [-122.3282378, 47.6034354], [-122.3283095, 47.6034055], [-122.3281665, 47.6032497], [-122.3284018, 47.6031516], [-122.3284564, 47.6032111], [-122.3283828, 47.6032418], [-122.3284239, 47.6032866], [-122.3284967, 47.6032562], [-122.3286119, 47.6033819]]]}}, {"type": "Feature", "properties": {"osm_id": 37585125, "source": "OpenStreetMap", "building": "yes", "name": "Skinner Building", "building:levels": "6"}, "geometry": {"type": "Polygon", "coordinates": [[[-122.3337319, 47.6088284], [-122.3338675, 47.6089766], [-122.33399, 47.6091103], [-122.3339959, 47.6091167], [-122.3342211, 47.6093627], [-122.3343473, 47.6095005], [-122.3344842, 47.6096501], [-122.3340629, 47.6098254], [-122.3339582, 47.609711], [-122.3341924, 47.6096135], [-122.3341602, 47.6095783], [-122.3341361, 47.609552], [-122.3341119, 47.6095255], [-122.3338776, 47.609623], [-122.3338009, 47.6095393], [-122.3334064, 47.6091085], [-122.3333106, 47.6090038], [-122.3337319, 47.6088284]]]}}, {"type": "Feature", "properties": {"osm_id": 37585127, "source": "OpenStreetMap", "building": "apartments", "name": "Exeter House", "height": "6.6", "building:levels": "2"}, "geometry": {"type": "Polygon", "coordinates": [[[-122.3302237, 47.609688], [-122.3299602, 47.6094024], [-122.3303814, 47.6092258], [-122.3305131, 47.6093686], [-122.3306449, 47.6095114], [-122.3304363, 47.6095989], [-122.3302237, 47.609688]]]}}, {"type": "Feature", "properties": {"osm_id": 41842296, "source": "OpenStreetMap", "building": "yes", "name": "Hotel Andra", "building:levels": "3"}, "geometry": {"type": "Polygon", "coordinates": [[[-122.3400875, 47.6136523], [-122.3398783, 47.6135289], [-122.3397306, 47.6134417], [-122.3400284, 47.6132124], [-122.3402629, 47.6133507], [-122.3403853, 47.613423], [-122.3403765, 47.6134298], [-122.3403095, 47.6134814], [-122.3402397, 47.6135351], [-122.3400875, 47.6136523]]]}}, {"type": "Feature", "properties": {"osm_id": 44130342, "source": "OpenStreetMap", "building": "yes", "name": "Nordstrom", "building:levels": "10"}, "geometry": {"type": "Polygon", "coordinates": [[[-122.336997, 47.6124184], [-122.3361321, 47.6127784], [-122.3358593, 47.6124798], [-122.3358314, 47.6124508], [-122.3357136, 47.6123218], [-122.3355965, 47.6121936], [-122.3356935, 47.6121532], [-122.335691, 47.6121504], [-122.335908, 47.6120598], [-122.3361837, 47.6119452], [-122.3363659, 47.6118695], [-122.3363674, 47.6118712], [-122.3364604, 47.6118325], [-122.3365408, 47.6119208], [-122.336997, 47.6124184]]]}}, {"type": "Feature", "properties": {"osm_id": 44130355, "source": "OpenStreetMap", "building": "retail", "building:levels": "7"}, "geometry": {"type": "Polygon", "coordinates": [[[-122.3388315, 47.6111192], [-122.338854, 47.6111437], [-122.3392152, 47.6115394], [-122.3393201, 47.6116545], [-122.3393179, 47.6117041], [-122.3391906, 47.6118035], [-122.3386147, 47.6120453], [-122.3385643, 47.6120377], [-122.3382151, 47.6116559], [-122.3382057, 47.6116456], [-122.338122, 47.6115538], [-122.3379418, 47.6113569], [-122.337854, 47.611261], [-122.3378647, 47.6112273], [-122.338384, 47.6110112], [-122.3386069, 47.6109189], [-122.3386547, 47.6109255], [-122.3387562, 47.6110367], [-122.3388315, 47.6111192]]]}}, {"type": "Feature", "properties": {"osm_id": 44598313, "source": "OpenStreetMap", "building": "apartments", "name": "Premiere on Pine", "height": "130", "building:levels": "42"}, "geometry": {"type": "Polygon", "coordinates": [[[-122.332477, 47.6132058], [-122.3324375, 47.6132218], [-122.3324611, 47.6132482], [-122.3320873, 47.6134002], [-122.3319279, 47.6132221], [-122.3318594, 47.6131455], [-122.3322726, 47.6129775], [-122.332477, 47.6132058]]]}}, {"type": "Feature", "properties": {"osm_id": 51817337, "source": "OpenStreetMap", "building": "yes"}, "geometry": {"type": "Polygon", "coordinates": [[[-122.3374181, 47.6021421], [-122.3374861, 47.6020874], [-122.3374631, 47.6020728], [-122.3374741, 47.6020633], [-122.3375181, 47.6020247], [-122.3374951, 47.6020113], [-122.3375347, 47.6019723], [-122.3375371, 47.6019696], [-122.3375131, 47.6019574], [-122.3375521, 47.601909], [-122.3375271, 47.6018969], [-122.337531, 47.6018919], [-122.3375671, 47.6018445], [-122.3376561, 47.601875], [-122.3376531, 47.6019072], [-122.3376464, 47.6019398], [-122.3376401, 47.6019698], [-122.3376276, 47.6020163], [-122.3376181, 47.6020402], [-122.3376049, 47.6020697], [-122.3375851, 47.602114], [-122.3375771, 47.6021316], [-122.3375631, 47.6021557], [-122.3375341, 47.6021972], [-122.3375051, 47.6022337], [-122.3374181, 47.6021421]]]}}, {"type": "Feature", "properties": {"osm_id": 52781661, "source": "OpenStreetMap", "building": "office", "name": "Smith Tower", "height": "75", "building:levels": "22"}, "geometry": {"type": "Polygon", "coordinates": [[[-122.3320735, 47.6020358], [-122.3319154, 47.6021013], [-122.3319009, 47.6020853], [-122.3318336, 47.602113], [-122.331848, 47.602129], [-122.3316629, 47.602205], [-122.3315317, 47.6020597], [-122.3315569, 47.6020494], [-122.3315161, 47.6020044], [-122.3314921, 47.6020143], [-122.3313925, 47.6019041], [-122.3315714, 47.601817], [-122.3318783, 47.6018168], [-122.3320735, 47.6020358]]]}}, {"type": "Feature", "properties": {"osm_id": 52781697, "source": "OpenStreetMap", "building": "yes", "name": "Sinking Ship Garage", "building:levels": "3"}, "geometry": {"type": "Polygon", "coordinates": [[[-122.3326166, 47.6021623], [-122.3333891, 47.6018512], [-122.3333998, 47.6018295], [-122.3329798, 47.6018253], [-122.3323108, 47.6018187], [-122.3323776, 47.6018937], [-122.3325432, 47.6020799], [-122.3326166, 47.6021623]]]}}, {"type": "Feature", "properties": {"osm_id": 52782046, "source": "OpenStreetMap", "building": "yes", "name": "Pioneer Building", "height": "28", "building:levels": "6"}, "geometry": {"type": "Polygon", "coordinates": [[[-122.3338119, 47.6022625], [-122.3337423, 47.6021865], [-122.3337384, 47.6021882], [-122.3336052, 47.6020449], [-122.3336101, 47.6020428], [-122.3335798, 47.6020103], [-122.3335731, 47.6019906], [-122.3335552, 47.6019798], [-122.3335394, 47.6019793], [-122.3335254, 47.6019829], [-122.3335144, 47.6019917], [-122.3333694, 47.6020518], [-122.3333616, 47.6020471], [-122.333352, 47.6020452], [-122.3333378, 47.6020457], [-122.333324, 47.6020522], [-122.3333172, 47.6020598], [-122.3333151, 47.6020665], [-122.3333171, 47.6020746], [-122.3331662, 47.6021384], [-122.3334308, 47.6024235], [-122.3338119, 47.6022625]]]}}, {"type": "Feature", "properties": {"osm_id": 52782171, "source": "OpenStreetMap", "building": "yes", "name": "Merchant's Cafe and Saloon", "building:levels": "3"}, "geometry": {"type": "Polygon", "coordinates": [[[-122.3334916, 47.60163], [-122.3334927, 47.6014661], [-122.3333649, 47.6014657], [-122.3333639, 47.6016296], [-122.3334916, 47.60163]]]}}, {"type": "Feature", "properties": {"osm_id": 53192725, "source": "OpenStreetMap", "building": "school", "name": "O'Dea High School"}, "geometry": {"type": "Polygon", "coordinates": [[[-122.3250233, 47.6077243], [-122.3250316, 47.6077336], [-122.3250126, 47.6077415], [-122.3249319, 47.6077815], [-122.3250206, 47.6078727], [-122.3251172, 47.6078345], [-122.3253768, 47.6081397], [-122.3249866, 47.6083134], [-122.3246161, 47.6079122], [-122.3246415, 47.6079014], [-122.3245858, 47.6078432], [-122.3245527, 47.6078513], [-122.324517, 47.6078138], [-122.3245503, 47.607798], [-122.3245008, 47.60775], [-122.324893, 47.6075812], [-122.3250233, 47.6077243]]]}}, {"type": "Feature", "properties": {"osm_id": 68665991, "source": "OpenStreetMap", "building": "apartments", "name": "Viktoria"}, "geometry": {"type": "Polygon", "coordinates": [[[-122.3412319, 47.6112653], [-122.3415228, 47.6110426], [-122.3414661, 47.611009], [-122.3414174, 47.61098], [-122.3412547, 47.6108835], [-122.341156, 47.6108249], [-122.3411448, 47.6108336], [-122.3409343, 47.6109948], [-122.3408652, 47.6110477], [-122.3409015, 47.6110692], [-122.341197, 47.6112446], [-122.3412319, 47.6112653]]]}}, {"type": "Feature", "properties": {"osm_id": 69273374, "source": "OpenStreetMap", "building": "yes", "name": "Benaroya Hall", "height": "4"}, "geometry": {"type": "Polygon", "coordinates": [[[-122.3375337, 47.6083782], [-122.3375414, 47.6083867], [-122.3371416, 47.6085513], [-122.3371326, 47.6085413], [-122.3370553, 47.6085731], [-122.3370595, 47.6085778], [-122.3370128, 47.608597], [-122.3369646, 47.6086168], [-122.3368688, 47.608511], [-122.3362488, 47.6078263], [-122.3362864, 47.6078108], [-122.3363437, 47.6077873], [-122.3366356, 47.6076671], [-122.3366768, 47.6076575], [-122.336718, 47.6076494], [-122.3367606, 47.6076453], [-122.3368036, 47.6076451], [-122.3368494, 47.6076495], [-122.3368683, 47.6076178], [-122.336907, 47.6076285], [-122.3369491, 47.6076397], [-122.3369311, 47.6076698], [-122.3369638, 47.6076831], [-122.3369972, 47.6077014], [-122.3370265, 47.6077226], [-122.3370512, 47.6077463], [-122.3370681, 47.6077645], [-122.3370736, 47.6077626], [-122.3372152, 47.607919], [-122.3373667, 47.6080862], [-122.3373798, 47.6080808], [-122.3374729, 47.6081485], [-122.3376043, 47.6080944], [-122.3376446, 47.6081389], [-122.3377724, 47.60828], [-122.3375337, 47.6083782]]]}}, {"type": "Feature", "properties": {"osm_id": 94026095, "source": "OpenStreetMap", "building": "apartments", "name": "Helios", "building:levels": "7"}, "geometry": {"type": "Polygon", "coordinates": [[[-122.340039, 47.6107495], [-122.3397629, 47.6104418], [-122.3397271, 47.6104564], [-122.3396394, 47.6104922], [-122.3394169, 47.610583], [-122.3393815, 47.6105974], [-122.3394486, 47.6106723], [-122.3396576, 47.6109051], [-122.3397836, 47.6108537], [-122.339895, 47.6108082], [-122.3400323, 47.6107522], [-122.340039, 47.6107495]]]}}, {"type": "Feature", "properties": {"osm_id": 107124282, "source": "OpenStreetMap", "building": "yes", "name": "1200 Fifth"}, "geometry": {"type": "Polygon", "coordinates": [[[-122.3333068, 47.6087537], [-122.3332505, 47.6087774], [-122.3332362, 47.6087835], [-122.3332176, 47.6087913], [-122.3330829, 47.6086461], [-122.3330472, 47.6086611], [-122.3330212, 47.6086721], [-122.3330089, 47.6086773], [-122.3329156, 47.6085767], [-122.3329205, 47.608574], [-122.3326776, 47.6083101], [-122.3330772, 47.6081429], [-122.3333201, 47.6084068], [-122.333323, 47.6084049], [-122.3333932, 47.6084806], [-122.3333656, 47.6084922], [-122.3332367, 47.6085465], [-122.333149, 47.6085835], [-122.3332161, 47.6086559], [-122.333237, 47.6086785], [-122.3332608, 47.6087041], [-122.3333068, 47.6087537]]]}}, {"type": "Feature", "properties": {"osm_id": 107124286, "source": "OpenStreetMap", "building": "office", "name": "Seattle Municipal Tower", "building:levels": "6"}, "geometry": {"type": "Polygon", "coordinates": [[[-122.3293467, 47.6047377], [-122.3293702, 47.6047417], [-122.3293748, 47.604726], [-122.3295162, 47.6047467], [-122.3295411, 47.6047765], [-122.3295556, 47.6047939], [-122.3295474, 47.6048122], [-122.3295623, 47.6048314], [-122.3295463, 47.6048827], [-122.3296161, 47.6048942], [-122.329643, 47.6048814], [-122.3296559, 47.6048438], [-122.3297143, 47.6048549], [-122.3297022, 47.6048918], [-122.3297184, 47.6049118], [-122.3297093, 47.6049404], [-122.3297931, 47.604906], [-122.3298207, 47.6049107], [-122.3298336, 47.604872], [-122.3298926, 47.6048822], [-122.3299158, 47.6048185], [-122.3298047, 47.6047997], [-122.3298323, 47.6047174], [-122.329782, 47.6047092], [-122.3297686, 47.6047469], [-122.3297135, 47.6047379], [-122.3297269, 47.6047003], [-122.329649, 47.6046876], [-122.3296733, 47.6046056], [-122.3297232, 47.6045821], [-122.3297918, 47.6045938], [-122.329832, 47.6046006], [-122.3301988, 47.6049842], [-122.3302865, 47.605096], [-122.3302164, 47.6050869], [-122.3301806, 47.6051592], [-122.3300629, 47.6052071], [-122.3297669, 47.6053273], [-122.3295729, 47.6054067], [-122.3294249, 47.605467], [-122.3293311, 47.6053623], [-122.3292455, 47.6052668], [-122.3292368, 47.6052571], [-122.3289252, 47.6049094], [-122.3292483, 47.6047778], [-122.3293467, 47.6047377]]]}}, {"type": "Feature", "properties": {"osm_id": 107124288, "source": "OpenStreetMap", "building": "office", "name": "Columbia Center", "building:levels": "4"}, "geometry": {"type": "Polygon", "coordinates": [[[-122.3306507, 47.6047713], [-122.3306283, 47.6047461], [-122.3306008, 47.6047233], [-122.3305686, 47.6047035], [-122.3305322, 47.6046874], [-122.3304926, 47.6046751], [-122.3304507, 47.604667], [-122.3304075, 47.6046634], [-122.3303639, 47.6046642], [-122.3302909, 47.6046654], [-122.3302478, 47.604659], [-122.3300432, 47.604439], [-122.3307178, 47.6041537], [-122.3308721, 47.6040884], [-122.3309479, 47.6041619], [-122.3313915, 47.6046467], [-122.3310816, 47.6047778], [-122.3307767, 47.6049067], [-122.3306507, 47.6047713]]]}}, {"type": "Feature", "properties": {"osm_id": 107124293, "source": "OpenStreetMap", "building": "yes", "name": "William Kenzo Nakamura US Courthouse", "building:levels": "3"}, "geometry": {"type": "Polygon", "coordinates": [[[-122.33104, 47.6070633], [-122.3309782, 47.607089], [-122.3313843, 47.6075322], [-122.3314461, 47.6075065], [-122.3314783, 47.6075417], [-122.3317334, 47.6074354], [-122.3317012, 47.6074002], [-122.3317531, 47.6073786], [-122.331594, 47.607205], [-122.3315515, 47.6071586], [-122.3315123, 47.6071159], [-122.331347, 47.6069354], [-122.3312951, 47.606957], [-122.3312648, 47.606924], [-122.3310097, 47.6070302], [-122.33104, 47.6070633]]]}}, {"type": "Feature", "properties": {"osm_id": 108384951, "source": "OpenStreetMap", "building": "cathedral", "name": "Saint James Cathedral", "height": "22"}, "geometry": {"type": "Polygon", "coordinates": [[[-122.3258514, 47.607843], [-122.3258593, 47.6078521], [-122.3258253, 47.607866], [-122.3256245, 47.6079483], [-122.3255696, 47.6078874], [-122.3255675, 47.607885], [-122.3255272, 47.6078732], [-122.3254836, 47.6078426], [-122.3254606, 47.6078031], [-122.3254616, 47.6077676], [-122.325461, 47.607767], [-122.3253866, 47.6076844], [-122.3254675, 47.6076512], [-122.325426, 47.6076051], [-122.3255866, 47.6075393], [-122.3256376, 47.6075959], [-122.3256449, 47.6075929], [-122.3256455, 47.607583], [-122.3256636, 47.6075568], [-122.3256953, 47.6075373], [-122.3257355, 47.6075274], [-122.3257784, 47.6075287], [-122.3258172, 47.6075409], [-122.3258198, 47.6075429], [-122.3258234, 47.6075414], [-122.3258619, 47.6075256], [-122.3258851, 47.6075514], [-122.3260633, 47.6074777], [-122.3260154, 47.607424], [-122.3261074, 47.6073867], [-122.3261625, 47.6074485], [-122.3263083, 47.607609], [-122.3263603, 47.6076656], [-122.3262706, 47.607703], [-122.3262271, 47.6076558], [-122.3260565, 47.6077259], [-122.3260782, 47.6077501], [-122.3260288, 47.6077703], [-122.3260326, 47.6077775], [-122.3260308, 47.6078063], [-122.3260126, 47.6078325], [-122.325981, 47.607852], [-122.3259407, 47.6078619], [-122.3258979, 47.6078606], [-122.3258591, 47.6078484], [-122.3258514, 47.607843]]]}}, {"type": "Feature", "properties": {"osm_id": 110175996, "source": "OpenStreetMap", "building": "yes", "name": "Millennium Tower", "height": "83.3", "building:levels": "20"}, "geometry": {"type": "Polygon", "coordinates": [[[-122.3342322, 47.6034567], [-122.3339787, 47.6035508], [-122.3339385, 47.603586], [-122.333614, 47.6032614], [-122.333731, 47.6032128], [-122.3338541, 47.6031617], [-122.3339318, 47.6031294], [-122.3340525, 47.6032207], [-122.334137, 47.6033003], [-122.3341933, 47.6033781], [-122.3342322, 47.6034567]]]}}, {"type": "Feature", "properties": {"osm_id": 110175997, "source": "OpenStreetMap", "building": "yes", "name": "Lyon Building", "building:levels": "7"}, "geometry": {"type": "Polygon", "coordinates": [[[-122.3320117, 47.6026179], [-122.3320284, 47.6026365], [-122.3320196, 47.6026403], [-122.3321028, 47.6027327], [-122.3320913, 47.6027376], [-122.3321384, 47.6027883], [-122.3321489, 47.6027842], [-122.3322645, 47.6029091], [-122.3320079, 47.6030141], [-122.3318795, 47.6030668], [-122.3318713, 47.6030698], [-122.331611, 47.6027862], [-122.3319377, 47.6026486], [-122.3320117, 47.6026179]]]}}, {"type": "Feature", "properties": {"osm_id": 110175999, "source": "OpenStreetMap", "building": "yes", "building:levels": "1"}, "geometry": {"type": "Polygon", "coordinates": [[[-122.3318202, 47.6040758], [-122.3314241, 47.6042408], [-122.3313746, 47.6041867], [-122.3312471, 47.6040477], [-122.3311781, 47.6039723], [-122.3315742, 47.6038073], [-122.3318202, 47.6040758]]]}}, {"type": "Feature", "properties": {"osm_id": 110176001, "source": "OpenStreetMap", "building": "yes", "name": "Arctic Building"}, "geometry": {"type": "Polygon", "coordinates": [[[-122.3319933, 47.6036191], [-122.331998, 47.6036174], [-122.3320034, 47.6036168], [-122.3320087, 47.6036174], [-122.3320134, 47.6036193], [-122.3320169, 47.6036221], [-122.3322742, 47.6039029], [-122.3322589, 47.6039093], [-122.3320966, 47.6039769], [-122.3319965, 47.6040186], [-122.331869, 47.6040717], [-122.3317031, 47.6038907], [-122.3316032, 47.6037816], [-122.3319933, 47.6036191]]]}}, {"type": "Feature", "properties": {"osm_id": 110176004, "source": "OpenStreetMap", "building": "yes", "name": "Hoge Building", "height": "62.9", "building:levels": "17"}, "geometry": {"type": "Polygon", "coordinates": [[[-122.3339081, 47.6030233], [-122.3337986, 47.6030685], [-122.3337626, 47.603029], [-122.3336531, 47.6030742], [-122.3336875, 47.6031121], [-122.3335168, 47.6031826], [-122.3333834, 47.6030358], [-122.333773, 47.6028747], [-122.3339081, 47.6030233]]]}}, {"type": "Feature", "properties": {"osm_id": 110176007, "source": "OpenStreetMap", "building": "yes", "name": "Dexter Horton Building"}, "geometry": {"type": "Polygon", "coordinates": [[[-122.3333574, 47.6034557], [-122.3333684, 47.6034511], [-122.3333246, 47.603403], [-122.3331027, 47.6031596], [-122.332941, 47.6032266], [-122.3328713, 47.6032554], [-122.33271, 47.6033222], [-122.3326414, 47.6033506], [-122.332496, 47.6034109], [-122.3324298, 47.6034383], [-122.3322684, 47.6035052], [-122.3324871, 47.6037452], [-122.3325341, 47.6037968], [-122.3327179, 47.6037206], [-122.3329407, 47.6036284], [-122.3329914, 47.6036073], [-122.3333574, 47.6034557]]]}}, {"type": "Feature", "properties": {"osm_id": 111557287, "source": "OpenStreetMap", "building": "yes", "name": "Seattle City Hall"}, "geometry": {"type": "Polygon", "coordinates": [[[-122.3303276, 47.6034857], [-122.3302705, 47.6035587], [-122.3302088, 47.60363], [-122.3301426, 47.6036994], [-122.3301543, 47.6037057], [-122.3302939, 47.6037814], [-122.3303622, 47.603811], [-122.3303947, 47.6038162], [-122.3304341, 47.6038195], [-122.3304888, 47.6038169], [-122.3305435, 47.6038105], [-122.3305971, 47.6038015], [-122.3306359, 47.6038439], [-122.3307209, 47.6039369], [-122.3304557, 47.6040478], [-122.3298823, 47.6042875], [-122.3296973, 47.6040862], [-122.329607, 47.6039871], [-122.3293775, 47.6037352], [-122.3295057, 47.6036821], [-122.3298602, 47.6035353], [-122.3298973, 47.6035199], [-122.3299225, 47.6035476], [-122.3300445, 47.6036782], [-122.330051, 47.603671], [-122.3300904, 47.6036279], [-122.3301031, 47.6036112], [-122.3301304, 47.6035753], [-122.3301643, 47.6035208], [-122.3301918, 47.6034647], [-122.3302128, 47.6034073], [-122.3302732, 47.6034486], [-122.3303276, 47.6034857]]]}}, {"type": "Feature", "properties": {"osm_id": 115042486, "source": "OpenStreetMap", "building": "yes", "name": "Paramount Theatre", "building:levels": "9"}, "geometry": {"type": "Polygon", "coordinates": [[[-122.3313095, 47.6129023], [-122.331314, 47.6129005], [-122.3315124, 47.6131185], [-122.3318516, 47.6134858], [-122.3314398, 47.613665], [-122.3310621, 47.6132536], [-122.3311037, 47.6132363], [-122.3310027, 47.6131252], [-122.3309428, 47.613055], [-122.3309652, 47.6129501], [-122.3312472, 47.6128332], [-122.3313095, 47.6129023]]]}}, {"type": "Feature", "properties": {"osm_id": 118778508, "source": "OpenStreetMap", "building": "yes", "building:levels": "2"}, "geometry": {"type": "Polygon", "coordinates": [[[-122.3414566, 47.6133485], [-122.3416386, 47.6134563], [-122.3413467, 47.6136803], [-122.3411647, 47.6135725], [-122.341323, 47.613451], [-122.3414566, 47.6133485]]]}}, {"type": "Feature", "properties": {"osm_id": 118979624, "source": "OpenStreetMap", "building": "apartments", "name": "Elektra Condominiums", "height": "59", "building:levels": "16"}, "geometry": {"type": "Polygon", "coordinates": [[[-122.3296845, 47.6120817], [-122.3296336, 47.6120781], [-122.3296497, 47.6119587], [-122.3296926, 47.6119605], [-122.3297033, 47.6118773], [-122.3299152, 47.6118954], [-122.3299098, 47.6119858], [-122.329869, 47.6119849], [-122.3298526, 47.6121634], [-122.329883, 47.6121649], [-122.3298754, 47.6122528], [-122.329908, 47.6122538], [-122.3298751, 47.612544], [-122.3297386, 47.6125275], [-122.3296431, 47.6124325], [-122.329652, 47.6123478], [-122.3296085, 47.6123448], [-122.3295788, 47.6123429], [-122.3295614, 47.6123251], [-122.3295667, 47.6122436], [-122.3295805, 47.6122295], [-122.329616, 47.6122315], [-122.329669, 47.6122345], [-122.3296845, 47.6120817]]]}}, {"type": "Feature", "properties": {"osm_id": 122317424, "source": "OpenStreetMap", "building": "yes", "name": "James Albert Claypool Memorial Garage"}, "geometry": {"type": "Polygon", "coordinates": [[[-122.3526898, 47.6187469], [-122.352088, 47.618745], [-122.3520876, 47.6188], [-122.3520442, 47.6187999], [-122.3520436, 47.6188861], [-122.3520874, 47.6188864], [-122.3520851, 47.6190705], [-122.3525196, 47.6190719], [-122.3525537, 47.619072], [-122.3526154, 47.6190722], [-122.3526446, 47.6190723], [-122.3526447, 47.6190608], [-122.3526876, 47.6190609], [-122.3526898, 47.6187469]]]}}, {"type": "Feature", "properties": {"osm_id": 128369624, "source": "OpenStreetMap", "building": "yes", "building:levels": "6"}, "geometry": {"type": "Polygon", "coordinates": [[[-122.3315195, 47.6125155], [-122.3313375, 47.6125916], [-122.3318184, 47.6131141], [-122.332303, 47.6129114], [-122.3327266, 47.6127342], [-122.3328056, 47.6127012], [-122.3328596, 47.6126785], [-122.3329069, 47.6126586], [-122.3329257, 47.612651], [-122.3331799, 47.6129272], [-122.3333616, 47.6128509], [-122.3335565, 47.6127693], [-122.3336037, 47.6127499], [-122.3340779, 47.6125516], [-122.3338587, 47.6123133], [-122.3336158, 47.6120502], [-122.3333429, 47.6117529], [-122.3333076, 47.6117676], [-122.3324375, 47.6121315], [-122.3324191, 47.612139], [-122.332363, 47.6121626], [-122.332324, 47.612179], [-122.3322361, 47.6122157], [-122.3318377, 47.6123824], [-122.3318216, 47.6123891], [-122.3315195, 47.6125155]]]}}, {"type": "Feature", "properties": {"osm_id": 131705785, "source": "OpenStreetMap", "building": "yes", "name": "Plymouth Congregational Church", "building:levels": "3"}, "geometry": {"type": "Polygon", "coordinates": [[[-122.3325989, 47.6089157], [-122.3325931, 47.6088885], [-122.3325948, 47.6088585], [-122.3326142, 47.6088282], [-122.3326295, 47.6088153], [-122.3325856, 47.6087689], [-122.3325139, 47.6087978], [-122.3322799, 47.6085385], [-122.3322632, 47.6085386], [-122.3322377, 47.6085321], [-122.3322237, 47.6085234], [-122.3322075, 47.6085059], [-122.3322056, 47.6084923], [-122.3322142, 47.6084751], [-122.3322236, 47.6084657], [-122.3322436, 47.6084551], [-122.3322824, 47.60845], [-122.3325759, 47.6083294], [-122.3326971, 47.6084702], [-122.3327231, 47.6084586], [-122.3331098, 47.6088629], [-122.332825, 47.6089837], [-122.3328018, 47.6089911], [-122.3327739, 47.6089946], [-122.3327414, 47.6089954], [-122.3327009, 47.6089903], [-122.3326712, 47.6089805], [-122.3326388, 47.6089628], [-122.3326159, 47.6089425], [-122.3325989, 47.6089157]]]}}, {"type": "Feature", "properties": {"osm_id": 139320255, "source": "OpenStreetMap", "building": "office", "name": "Safeco Plaza", "building:levels": "4"}, "geometry": {"type": "Polygon", "coordinates": [[[-122.3335591, 47.6065037], [-122.3335895, 47.6064913], [-122.3335686, 47.606468], [-122.333829, 47.6063618], [-122.3338079, 47.6063382], [-122.3337372, 47.606367], [-122.3335869, 47.6061993], [-122.3334722, 47.6060714], [-122.3334652, 47.6060636], [-122.3332674, 47.6061442], [-122.3332298, 47.6061022], [-122.3339795, 47.6057966], [-122.3341137, 47.6059463], [-122.33434, 47.6061988], [-122.3342785, 47.6062239], [-122.3343972, 47.6063562], [-122.3339782, 47.606527], [-122.3339491, 47.6064946], [-122.3338803, 47.6065226], [-122.3338064, 47.6064402], [-122.3337102, 47.6064794], [-122.3337419, 47.6065148], [-122.3337261, 47.6065212], [-122.3337869, 47.606589], [-122.3337126, 47.6066193], [-122.3336936, 47.6065981], [-122.3336571, 47.606613], [-122.3335591, 47.6065037]]]}}, {"type": "Feature", "properties": {"osm_id": 139320258, "source": "OpenStreetMap", "building": "office", "name": "Docusign Tower", "building:levels": "4"}, "geometry": {"type": "Polygon", "coordinates": [[[-122.3343148, 47.6053904], [-122.3342603, 47.6053299], [-122.3341959, 47.6053577], [-122.3341586, 47.605316], [-122.3340684, 47.6053544], [-122.3340096, 47.6053793], [-122.3339714, 47.6053382], [-122.3337219, 47.6050703], [-122.3337616, 47.6049534], [-122.3337994, 47.6048419], [-122.3341896, 47.6046819], [-122.3343256, 47.6048283], [-122.3342971, 47.6049111], [-122.3343061, 47.6049209], [-122.3343889, 47.604686], [-122.3344363, 47.6046951], [-122.3344612, 47.6046998], [-122.3344225, 47.6048092], [-122.3343616, 47.6049812], [-122.3343775, 47.6049985], [-122.3344603, 47.6050886], [-122.3345388, 47.605174], [-122.3346412, 47.6051967], [-122.3346548, 47.6051989], [-122.3346326, 47.6052616], [-122.3345266, 47.6053053], [-122.3343148, 47.6053904]]]}}, {"type": "Feature", "properties": {"osm_id": 140345962, "source": "OpenStreetMap", "building": "office", "name": "Butler Block", "building:levels": "9"}, "geometry": {"type": "Polygon", "coordinates": [[[-122.3329899, 47.6025843], [-122.3327456, 47.6023171], [-122.3330268, 47.6021994], [-122.3331151, 47.6021624], [-122.3332051, 47.6022608], [-122.333359, 47.6024299], [-122.3329899, 47.6025843]]]}}, {"type": "Feature", "properties": {"osm_id": 140345965, "source": "OpenStreetMap", "building": "office", "name": "Maritime Building", "building:levels": "4"}, "geometry": {"type": "Polygon", "coordinates": [[[-122.3378685, 47.6039214], [-122.3374032, 47.6041111], [-122.3368909, 47.6035498], [-122.3368999, 47.6035461], [-122.3373542, 47.6033611], [-122.3378685, 47.6039214]]]}}, {"type": "Feature", "properties": {"osm_id": 140345971, "source": "OpenStreetMap", "building": "office", "name": "The Mutual Life Building", "building:levels": "6"}, "geometry": {"type": "Polygon", "coordinates": [[[-122.3343518, 47.6021153], [-122.3343536, 47.6018372], [-122.3346948, 47.6018382], [-122.3346931, 47.6021163], [-122.3343518, 47.6021153]]]}}, {"type": "Feature", "properties": {"osm_id": 140436171, "source": "OpenStreetMap", "building": "office", "name": "1201 Third Avenue", "height": "12", "building:levels": "4"}, "geometry": {"type": "Polygon", "coordinates": [[[-122.3368061, 47.6072162], [-122.336874, 47.6072896], [-122.3360661, 47.607629], [-122.3359709, 47.607526], [-122.3356004, 47.6071251], [-122.335586, 47.6071105], [-122.3355551, 47.6070761], [-122.3357694, 47.6069861], [-122.3363472, 47.6067434], [-122.3364271, 47.6068298], [-122.3362936, 47.6068859], [-122.3366568, 47.6072789], [-122.3368061, 47.6072162]]]}}, {"type": "Feature", "properties": {"osm_id": 140628794, "source": "OpenStreetMap", "building": "yes"}, "geometry": {"type": "Polygon", "coordinates": [[[-122.3399283, 47.6073732], [-122.3395774, 47.6069695], [-122.3396872, 47.6069261], [-122.3397108, 47.6069168], [-122.3400617, 47.6073205], [-122.3400497, 47.6073252], [-122.3399283, 47.6073732]]]}}, {"type": "Feature", "properties": {"osm_id": 140628831, "source": "OpenStreetMap", "building": "yes", "name": "1st and Columbia Parking Garage", "building:levels": "9"}, "geometry": {"type": "Polygon", "coordinates": [[[-122.3350596, 47.6031091], [-122.3350522, 47.6031016], [-122.3350367, 47.6031082], [-122.3349939, 47.6031005], [-122.3349851, 47.6030911], [-122.334976, 47.6030947], [-122.334908, 47.6030217], [-122.334918, 47.603016], [-122.3349086, 47.6030065], [-122.334918, 47.6029799], [-122.3349044, 47.6029661], [-122.3348647, 47.6029589], [-122.3348558, 47.60295], [-122.3348463, 47.6029537], [-122.3345239, 47.6026015], [-122.3345339, 47.6025971], [-122.3345104, 47.6025706], [-122.3345159, 47.6025513], [-122.3348419, 47.6024158], [-122.3348694, 47.6024193], [-122.3348919, 47.6024459], [-122.334906, 47.6024425], [-122.3353556, 47.6029354], [-122.3353456, 47.6029398], [-122.3353545, 47.6029505], [-122.3353437, 47.6029794], [-122.3353287, 47.6029861], [-122.3353339, 47.6029935], [-122.3352673, 47.6030203], [-122.3352578, 47.6030085], [-122.3352493, 47.6030288], [-122.3351452, 47.603073], [-122.3351182, 47.6030682], [-122.3351282, 47.6030804], [-122.3350596, 47.6031091]]]}}, {"type": "Feature", "properties": {"osm_id": 140628855, "source": "OpenStreetMap", "building": "yes", "name": "Broderick Building", "building:levels": "7"}, "geometry": {"type": "Polygon", "coordinates": [[[-122.3330034, 47.6026074], [-122.3333819, 47.6024497], [-122.333423, 47.6024946], [-122.3334823, 47.6025591], [-122.3334704, 47.6025641], [-122.3335247, 47.6026233], [-122.3335384, 47.6026175], [-122.3336092, 47.6026946], [-122.3336351, 47.6027229], [-122.3332544, 47.6028814], [-122.3330034, 47.6026074]]]}}, {"type": "Feature", "properties": {"osm_id": 140628856, "source": "OpenStreetMap", "building": "retail", "name": "Kress Building", "building:levels": "3"}, "geometry": {"type": "Polygon", "coordinates": [[[-122.3379917, 47.6091703], [-122.3382439, 47.6094423], [-122.3378587, 47.6096029], [-122.3376112, 47.6093313], [-122.3379917, 47.6091703]]]}}, {"type": "Feature", "properties": {"osm_id": 140628857, "source": "OpenStreetMap", "building": "yes", "name": "Public Storage", "building:levels": "5"}, "geometry": {"type": "Polygon", "coordinates": [[[-122.3404695, 47.6067766], [-122.3407289, 47.6070591], [-122.3404215, 47.6071882], [-122.3404481, 47.6072159], [-122.3403015, 47.6072729], [-122.3400196, 47.6069656], [-122.3404695, 47.6067766]]]}}, {"type": "Feature", "properties": {"osm_id": 140631761, "source": "OpenStreetMap", "building": "yes", "name": "Pioneer Square Hotel", "building:levels": "4"}, "geometry": {"type": "Polygon", "coordinates": [[[-122.334855, 47.6016389], [-122.3348559, 47.6014446], [-122.3355751, 47.6014479], [-122.3355473, 47.6016403], [-122.334855, 47.6016389]]]}}, {"type": "Feature", "properties": {"osm_id": 140675988, "source": "OpenStreetMap", "building": "civic", "name": "Town Hall Seattle", "building:levels": "3"}, "geometry": {"type": "Polygon", "coordinates": [[[-122.330223, 47.609058], [-122.3301714, 47.6090787], [-122.3301916, 47.6091016], [-122.3301728, 47.6091091], [-122.3299793, 47.6091867], [-122.329963, 47.6091932], [-122.3299517, 47.6091804], [-122.3298611, 47.6092168], [-122.3298113, 47.6091603], [-122.3297562, 47.6090978], [-122.3296934, 47.6090266], [-122.3296561, 47.6089844], [-122.3297466, 47.6089481], [-122.329729, 47.6089282], [-122.3300094, 47.6088158], [-122.3300642, 47.6088779], [-122.3301197, 47.6089409], [-122.3301821, 47.6090116], [-122.330223, 47.609058]]]}}, {"type": "Feature", "properties": {"osm_id": 140675989, "source": "OpenStreetMap", "building": "yes"}, "geometry": {"type": "Polygon", "coordinates": [[[-122.3259673, 47.6094901], [-122.3258309, 47.6095468], [-122.3257179, 47.6094233], [-122.3258552, 47.6093666], [-122.3259673, 47.6094901]]]}}, {"type": "Feature", "properties": {"osm_id": 140676001, "source": "OpenStreetMap", "building": "yes", "name": "9th Avenue Garage", "building:levels": "4"}, "geometry": {"type": "Polygon", "coordinates": [[[-122.3282529, 47.6091574], [-122.3287181, 47.6096597], [-122.3290954, 47.6095009], [-122.3286303, 47.6089986], [-122.3282529, 47.6091574]]]}}, {"type": "Feature", "properties": {"osm_id": 140676005, "source": "OpenStreetMap", "building": "retail"}, "geometry": {"type": "Polygon", "coordinates": [[[-122.3269275, 47.6083034], [-122.3270635, 47.6082466], [-122.3270923, 47.6082786], [-122.3270974, 47.608277], [-122.327178, 47.608368], [-122.3271719, 47.6083868], [-122.3271678, 47.6083993], [-122.3270386, 47.6084511], [-122.3269579, 47.6084846], [-122.326778, 47.608558], [-122.326679, 47.6084474], [-122.3269551, 47.6083348], [-122.3269275, 47.6083034]]]}}, {"type": "Feature", "properties": {"osm_id": 140676007, "source": "OpenStreetMap", "building": "yes", "name": "Baroness Hotel"}, "geometry": {"type": "Polygon", "coordinates": [[[-122.3262157, 47.609622], [-122.3264174, 47.6095375], [-122.3266256, 47.6094509], [-122.3267229, 47.6095572], [-122.3265284, 47.6096381], [-122.3263133, 47.6097278], [-122.3262927, 47.6097054], [-122.3262616, 47.6096718], [-122.3262157, 47.609622]]]}}, {"type": "Feature", "properties": {"osm_id": 140676009, "source": "OpenStreetMap", "building": "apartments", "name": "The Chasselton"}, "geometry": {"type": "Polygon", "coordinates": [[[-122.3262586, 47.6097627], [-122.3258381, 47.6099321], [-122.3257516, 47.6098344], [-122.3256511, 47.609721], [-122.3258209, 47.6096526], [-122.3260716, 47.6095516], [-122.3261472, 47.609637], [-122.3262035, 47.6097006], [-122.3262586, 47.6097627]]]}}, {"type": "Feature", "properties": {"osm_id": 140676013, "source": "OpenStreetMap", "building": "yes"}, "geometry": {"type": "Polygon", "coordinates": [[[-122.3273378, 47.6085348], [-122.327598, 47.6088129], [-122.3271791, 47.6089877], [-122.3269181, 47.6087081], [-122.3273378, 47.6085348]]]}}, {"type": "Feature", "properties": {"osm_id": 140676014, "source": "OpenStreetMap", "building": "apartments", "name": "Emerson Apartments", "building:levels": "9"}, "geometry": {"type": "Polygon", "coordinates": [[[-122.3293094, 47.6090731], [-122.3291055, 47.6091571], [-122.3290196, 47.6090624], [-122.3291886, 47.6089927], [-122.3292235, 47.6089784], [-122.3293094, 47.6090731]]]}}, {"type": "Feature", "properties": {"osm_id": 140676015, "source": "OpenStreetMap", "building": "apartments", "building:levels": "13"}, "geometry": {"type": "Polygon", "coordinates": [[[-122.3287269, 47.6084268], [-122.3286118, 47.608474], [-122.3286218, 47.6084851], [-122.3285993, 47.6085051], [-122.3285741, 47.6085154], [-122.3285403, 47.6085186], [-122.3285302, 47.6085075], [-122.3284118, 47.6085561], [-122.328308, 47.6084411], [-122.3284088, 47.6083997], [-122.3283358, 47.6083189], [-122.328228, 47.6083632], [-122.3281241, 47.6082481], [-122.3282495, 47.6081966], [-122.3282411, 47.6081873], [-122.3282616, 47.6081693], [-122.3282868, 47.608159], [-122.3283227, 47.6081538], [-122.3283311, 47.6081632], [-122.3284453, 47.6081163], [-122.3285492, 47.6082314], [-122.3284525, 47.608271], [-122.3285255, 47.6083518], [-122.3286231, 47.6083118], [-122.3287269, 47.6084268]]]}}, {"type": "Feature", "properties": {"osm_id": 140676018, "source": "OpenStreetMap", "building": "yes", "name": "Benaroya Research Institute", "building:levels": "5"}, "geometry": {"type": "Polygon", "coordinates": [[[-122.3292676, 47.610322], [-122.3289548, 47.6099833], [-122.328908, 47.60989], [-122.328938, 47.6098774], [-122.3289056, 47.6098423], [-122.3292792, 47.6096847], [-122.3293749, 47.609788], [-122.3293479, 47.6097993], [-122.3295095, 47.6099744], [-122.3296283, 47.6101029], [-122.3295456, 47.6101377], [-122.3295592, 47.6101526], [-122.3293745, 47.6102307], [-122.3294053, 47.6102639], [-122.3292676, 47.610322]]]}}, {"type": "Feature", "properties": {"osm_id": 150165124, "source": "OpenStreetMap", "building": "apartments", "name": "Moda Apartments"}, "geometry": {"type": "Polygon", "coordinates": [[[-122.3457058, 47.615407], [-122.3454119, 47.6156323], [-122.3446801, 47.6151985], [-122.3449741, 47.6149732], [-122.3457058, 47.615407]]]}}, {"type": "Feature", "properties": {"osm_id": 160311199, "source": "OpenStreetMap", "building": "apartments", "name": "Met Tower"}, "geometry": {"type": "Polygon", "coordinates": [[[-122.337565, 47.6148333], [-122.337559, 47.6148469], [-122.3375498, 47.6148596], [-122.3375375, 47.614871], [-122.3375224, 47.6148809], [-122.3375051, 47.6148889], [-122.3374861, 47.6148948], [-122.3374658, 47.6148985], [-122.3374449, 47.6148998], [-122.337424, 47.6148986], [-122.3374037, 47.6148951], [-122.3373845, 47.6148893], [-122.3373671, 47.6148814], [-122.3370567, 47.6147011], [-122.3367906, 47.6145465], [-122.336774, 47.6145367], [-122.3367557, 47.6145259], [-122.3367601, 47.6145221], [-122.3367137, 47.6144947], [-122.3370182, 47.6142614], [-122.3375154, 47.6145424], [-122.33755, 47.6147096], [-122.337565, 47.6148333]]]}}, {"type": "Feature", "properties": {"osm_id": 160311202, "source": "OpenStreetMap", "building": "yes", "name": "Cirrus", "building:levels": "5"}, "geometry": {"type": "Polygon", "coordinates": [[[-122.3371625, 47.6164189], [-122.3371929, 47.6163951], [-122.3373372, 47.6162822], [-122.3377084, 47.6164977], [-122.3373965, 47.6167418], [-122.3370253, 47.6165263], [-122.3371625, 47.6164189]]]}}, {"type": "Feature", "properties": {"osm_id": 160311209, "source": "OpenStreetMap", "building": "apartments", "height": "20", "building:levels": "5"}, "geometry": {"type": "Polygon", "coordinates": [[[-122.3389691, 47.6181805], [-122.3389043, 47.6181412], [-122.3385858, 47.6179483], [-122.3386231, 47.6178762], [-122.3386611, 47.6178299], [-122.3387101, 47.6177898], [-122.3387768, 47.6177494], [-122.3387599, 47.6177434], [-122.3388596, 47.6176672], [-122.3390632, 47.6177894], [-122.3390542, 47.6177964], [-122.3392801, 47.6179319], [-122.3399409, 47.6183282], [-122.3398318, 47.6184166], [-122.3398206, 47.6184113], [-122.3397751, 47.6184518], [-122.339673, 47.6184437], [-122.3395724, 47.6184294], [-122.339474, 47.6184091], [-122.3393789, 47.6183829], [-122.3392876, 47.618351], [-122.3392009, 47.6183136], [-122.3389691, 47.6181805]]]}}, {"type": "Feature", "properties": {"osm_id": 164129842, "source": "OpenStreetMap", "building": "apartments", "name": "John Alden"}, "geometry": {"type": "Polygon", "coordinates": [[[-122.327224, 47.609129], [-122.3271355, 47.6090333], [-122.3267883, 47.6091799], [-122.3267686, 47.6091588], [-122.3267036, 47.6091863], [-122.3268096, 47.6093], [-122.3268989, 47.6092621], [-122.3269245, 47.6092896], [-122.3269496, 47.6093169], [-122.3268609, 47.609354], [-122.3269639, 47.6094658], [-122.3272504, 47.6093458], [-122.3273753, 47.6092937], [-122.3272704, 47.6091795], [-122.327224, 47.609129]]]}}, {"type": "Feature", "properties": {"osm_id": 164659864, "source": "OpenStreetMap", "building": "yes", "name": "Metropolitan Park: East Tower"}, "geometry": {"type": "Polygon", "coordinates": [[[-122.3299018, 47.6168609], [-122.3299421, 47.6168908], [-122.3299598, 47.6169102], [-122.3299698, 47.6169319], [-122.3299715, 47.6169546], [-122.329965, 47.6169769], [-122.3299504, 47.6169974], [-122.3299288, 47.6170149], [-122.3299015, 47.6170282], [-122.3298701, 47.6170366], [-122.3297769, 47.6173073], [-122.3297695, 47.6173204], [-122.329756, 47.617331], [-122.3297378, 47.6173379], [-122.3297173, 47.6173402], [-122.3296969, 47.6173376], [-122.329679, 47.6173305], [-122.3296657, 47.6173197], [-122.329624, 47.6172745], [-122.3295707, 47.6172166], [-122.3294483, 47.6170838], [-122.3294401, 47.6170739], [-122.3294355, 47.6170629], [-122.3294348, 47.6170516], [-122.3294381, 47.6170404], [-122.3295826, 47.6166285], [-122.32959, 47.6166186], [-122.3296012, 47.6166106], [-122.3296154, 47.6166052], [-122.3296314, 47.6166028], [-122.3296477, 47.6166036], [-122.3296629, 47.6166075], [-122.3296758, 47.6166143], [-122.3296917, 47.6166316], [-122.3297134, 47.6166552], [-122.3298875, 47.6165823], [-122.3299051, 47.6165844], [-122.3299138, 47.6165906], [-122.3299165, 47.6166027], [-122.3298548, 47.6168096], [-122.3299018, 47.6168609]]]}}, {"type": "Feature", "properties": {"osm_id": 164659865, "source": "OpenStreetMap", "building": "yes", "name": "Metropolitan Park: West Tower", "building:levels": "15"}, "geometry": {"type": "Polygon", "coordinates": [[[-122.3300023, 47.6160866], [-122.330241, 47.615986], [-122.3302551, 47.6159816], [-122.3302705, 47.6159805], [-122.3302856, 47.6159827], [-122.3302989, 47.6159881], [-122.330309, 47.615996], [-122.3305545, 47.6162604], [-122.3306145, 47.6163251], [-122.33068, 47.6163958], [-122.3307169, 47.6164356], [-122.3307234, 47.6164452], [-122.3307248, 47.6164556], [-122.330721, 47.6164658], [-122.3307124, 47.6164745], [-122.3307, 47.6164808], [-122.3304613, 47.6165814], [-122.3304475, 47.6165861], [-122.3304321, 47.6165875], [-122.330417, 47.6165853], [-122.3304038, 47.6165799], [-122.3303941, 47.6165718], [-122.3303535, 47.616528], [-122.330288, 47.6164574], [-122.330228, 47.6163927], [-122.3299861, 47.6161322], [-122.3299792, 47.6161227], [-122.3299775, 47.6161121], [-122.3299811, 47.6161018], [-122.3299897, 47.6160929], [-122.3300023, 47.6160866]]]}}, {"type": "Feature", "properties": {"osm_id": 165086034, "source": "OpenStreetMap", "building": "hotel", "name": "Hotel Sorrento", "building:levels": "7"}, "geometry": {"type": "Polygon", "coordinates": [[[-122.3266703, 47.6090412], [-122.3266616, 47.6090317], [-122.3266039, 47.6090551], [-122.3266245, 47.6090756], [-122.3265965, 47.6090871], [-122.3266872, 47.6091843], [-122.326974, 47.6090658], [-122.32701, 47.6090716], [-122.327076, 47.6090432], [-122.3270971, 47.6089908], [-122.3268604, 47.608739], [-122.3267091, 47.6088017], [-122.326721, 47.6088148], [-122.3266854, 47.6088291], [-122.3267212, 47.6088663], [-122.3267377, 47.6088594], [-122.3267794, 47.6089061], [-122.3267611, 47.6089135], [-122.3267961, 47.6089489], [-122.3267904, 47.6089651], [-122.3267847, 47.6089813], [-122.3267308, 47.6090033], [-122.326739, 47.6090128], [-122.3266703, 47.6090412]]]}}, {"type": "Feature", "properties": {"osm_id": 165914187, "source": "OpenStreetMap", "building": "retail"}, "geometry": {"type": "Polygon", "coordinates": [[[-122.337534, 47.6113663], [-122.337633, 47.6114734], [-122.337346, 47.611491], [-122.33734, 47.6114479], [-122.337534, 47.6113663]]]}}, {"type": "Feature", "properties": {"osm_id": 166910697, "source": "OpenStreetMap", "building": "yes", "name": "Pier 56"}, "geometry": {"type": "Polygon", "coordinates": [[[-122.3414621, 47.6053167], [-122.3410805, 47.6053077], [-122.3407859, 47.6053045], [-122.3401308, 47.6052973], [-122.340081, 47.6052962], [-122.3403467, 47.6055837], [-122.341741, 47.6055907], [-122.3416898, 47.6055404], [-122.3415343, 47.6053877], [-122.3414982, 47.6053522], [-122.3414621, 47.6053167]]]}}, {"type": "Feature", "properties": {"osm_id": 166910699, "source": "OpenStreetMap", "building": "retail", "name": "Pier 57 - Miner's Landing"}, "geometry": {"type": "Polygon", "coordinates": [[[-122.3409176, 47.6062172], [-122.3408139, 47.6061032], [-122.3407739, 47.6060592], [-122.340679, 47.6059548], [-122.3406634, 47.6059377], [-122.3406081, 47.6058837], [-122.3406328, 47.6058737], [-122.3409361, 47.6058749], [-122.3409364, 47.6059067], [-122.34134, 47.6059099], [-122.341341, 47.6059438], [-122.3414236, 47.6059442], [-122.3414738, 47.6059444], [-122.3417337, 47.6059454], [-122.3417338, 47.6059399], [-122.341803, 47.6059402], [-122.3418842, 47.605941], [-122.341966, 47.6059409], [-122.3419711, 47.6059409], [-122.3420158, 47.6059411], [-122.3420496, 47.6059412], [-122.34206, 47.6059409], [-122.3421495, 47.6059416], [-122.3422095, 47.6059418], [-122.3422971, 47.6059422], [-122.3422963, 47.6060287], [-122.3423088, 47.606043], [-122.3423106, 47.6061374], [-122.3422953, 47.6061472], [-122.3422947, 47.6062138], [-122.3423547, 47.6062141], [-122.3423543, 47.6062578], [-122.3422756, 47.6062574], [-122.342276, 47.6062227], [-122.3422085, 47.6062224], [-122.3421445, 47.6062216], [-122.342143, 47.6062215], [-122.3420565, 47.6062213], [-122.3419732, 47.6062211], [-122.3418193, 47.6062207], [-122.3417618, 47.6062205], [-122.3417373, 47.6062204], [-122.3415927, 47.60622], [-122.3414115, 47.6062195], [-122.3413397, 47.6062193], [-122.3411963, 47.6062189], [-122.3411829, 47.6062189], [-122.3410873, 47.6062186], [-122.3409926, 47.6062175], [-122.3409176, 47.6062172]]]}}, {"type": "Feature", "properties": {"osm_id": 166910704, "source": "OpenStreetMap", "building": "warehouse", "name": "Pier 55", "building:levels": "3"}, "geometry": {"type": "Polygon", "coordinates": [[[-122.3397079, 47.6049013], [-122.3402073, 47.604903], [-122.3402072, 47.6049168], [-122.3404249, 47.6049176], [-122.3404268, 47.6046706], [-122.3394919, 47.6046673], [-122.3397079, 47.6049013]]]}}, {"type": "Feature", "properties": {"osm_id": 166911086, "source": "OpenStreetMap", "building": "yes", "name": "JPMorganChase Center", "height": "22.9", "building:levels": "3"}, "geometry": {"type": "Polygon", "coordinates": [[[-122.3382742, 47.6071704], [-122.3382722, 47.6071791], [-122.338274, 47.6071879], [-122.3382795, 47.607196], [-122.3382882, 47.6072027], [-122.3382995, 47.6072073], [-122.3383122, 47.6072096], [-122.3383254, 47.6072093], [-122.3383951, 47.6072849], [-122.3384208, 47.6073134], [-122.3387028, 47.6076267], [-122.3387269, 47.6076169], [-122.3388778, 47.6077844], [-122.3388641, 47.60779], [-122.3388295, 47.6078042], [-122.3388573, 47.6078351], [-122.3388421, 47.6078413], [-122.3386344, 47.6079263], [-122.3386142, 47.6079346], [-122.3386214, 47.6079426], [-122.3384979, 47.6079932], [-122.3384923, 47.6079955], [-122.3384849, 47.6079874], [-122.3384679, 47.6079943], [-122.3384803, 47.6080082], [-122.3380858, 47.6081697], [-122.3378384, 47.6078948], [-122.3375936, 47.6076229], [-122.3374649, 47.6074799], [-122.3374939, 47.6074681], [-122.3374601, 47.6074305], [-122.3374114, 47.6073764], [-122.3378761, 47.6071828], [-122.3378797, 47.6071866], [-122.3380044, 47.6071442], [-122.3380499, 47.6071353], [-122.338097, 47.6071316], [-122.3381444, 47.6071335], [-122.3381906, 47.6071407], [-122.3382342, 47.6071531], [-122.3382742, 47.6071704]]]}}, {"type": "Feature", "properties": {"osm_id": 169505841, "source": "OpenStreetMap", "building": "apartments", "name": "Tower 801 Apartments", "building:levels": "25"}, "geometry": {"type": "Polygon", "coordinates": [[[-122.3327382, 47.6130806], [-122.3327621, 47.6130696], [-122.3327738, 47.6130748], [-122.3327898, 47.6130711], [-122.3327969, 47.6130614], [-122.3327912, 47.6130512], [-122.3328086, 47.6130368], [-122.3328227, 47.6130368], [-122.3328348, 47.6130305], [-122.3328381, 47.6130205], [-122.3328267, 47.6130124], [-122.3328307, 47.6129943], [-122.3328462, 47.6129884], [-122.3328535, 47.6129812], [-122.3328515, 47.6129717], [-122.3328354, 47.6129654], [-122.3328294, 47.6129459], [-122.3328408, 47.6129391], [-122.3328408, 47.6129251], [-122.3328307, 47.6129183], [-122.332816, 47.6129197], [-122.3327992, 47.6129021], [-122.3328066, 47.6128926], [-122.3328046, 47.6128826], [-122.3327925, 47.6128754], [-122.3327724, 47.6128745], [-122.3327483, 47.6128659], [-122.3327496, 47.6128569], [-122.3327369, 47.6128465], [-122.3327188, 47.6128483], [-122.3327054, 47.6128555], [-122.3326815, 47.6128511], [-122.3326691, 47.6128397], [-122.3326544, 47.612837], [-122.3326399, 47.6128393], [-122.3326293, 47.6128499], [-122.3326054, 47.6128523], [-122.3325914, 47.6128447], [-122.3325733, 47.6128456], [-122.3325652, 47.6128546], [-122.3325645, 47.612865], [-122.3325414, 47.6128752], [-122.3325337, 47.6128709], [-122.3325156, 47.6128722], [-122.3325046, 47.6128829], [-122.3325113, 47.6128969], [-122.3325015, 47.6129075], [-122.3324847, 47.6129061], [-122.3324619, 47.6129134], [-122.332463, 47.6129267], [-122.3324767, 47.6129373], [-122.3324751, 47.6129539], [-122.3324619, 47.6129563], [-122.3324476, 47.6129679], [-122.3324619, 47.6129803], [-122.332474, 47.6129825], [-122.3324774, 47.6130024], [-122.332465, 47.6130081], [-122.3324646, 47.613021], [-122.3324737, 47.613028], [-122.3324928, 47.61303], [-122.3325069, 47.6130454], [-122.3325002, 47.6130553], [-122.3325089, 47.6130684], [-122.332523, 47.6130707], [-122.3325364, 47.613068], [-122.3325569, 47.6130782], [-122.3325572, 47.6130874], [-122.3325683, 47.6130967], [-122.332588, 47.6130964], [-122.3325981, 47.6130888], [-122.3326269, 47.6130933], [-122.3326293, 47.613103], [-122.3326434, 47.6131089], [-122.3326604, 47.6131059], [-122.3326685, 47.6130951], [-122.3326926, 47.6130924], [-122.332706, 47.6130987], [-122.3327228, 47.613101], [-122.3327362, 47.6130937], [-122.3327382, 47.6130806]]]}}, {"type": "Feature", "properties": {"osm_id": 169508513, "source": "OpenStreetMap", "building": "yes", "name": "Biltmore Apartments"}, "geometry": {"type": "Polygon", "coordinates": [[[-122.3260683, 47.6195756], [-122.3260676, 47.6194693], [-122.3259815, 47.6194696], [-122.3259808, 47.619359], [-122.3260009, 47.6193589], [-122.3260004, 47.6192878], [-122.3257711, 47.6192885], [-122.3257717, 47.6193677], [-122.3257908, 47.6193676], [-122.3257914, 47.6194531], [-122.3257645, 47.6194532], [-122.3257644, 47.6194431], [-122.3256429, 47.6194435], [-122.3256429, 47.6194534], [-122.3256245, 47.6194534], [-122.3256239, 47.6193641], [-122.3256451, 47.6193641], [-122.3256446, 47.6192862], [-122.3254134, 47.6192869], [-122.3254141, 47.6193944], [-122.3254362, 47.6193943], [-122.3254367, 47.619469], [-122.325414, 47.619469], [-122.3254148, 47.6195776], [-122.3260683, 47.6195756]]]}}, {"type": "Feature", "properties": {"osm_id": 169510052, "source": "OpenStreetMap", "building": "yes", "name": "The Convention Center Arch", "height": "18", "min_height": "10", "building:levels": "1"}, "geometry": {"type": "Polygon", "coordinates": [[[-122.3332228, 47.6116755], [-122.3333076, 47.6117676], [-122.3324375, 47.6121315], [-122.3323511, 47.6120377], [-122.3322372, 47.6119139], [-122.3331073, 47.61155], [-122.3332228, 47.6116755]]]}}, {"type": "Feature", "properties": {"osm_id": 169634344, "source": "OpenStreetMap", "building": "apartments", "name": "Crest Apartments", "building:levels": "4"}, "geometry": {"type": "Polygon", "coordinates": [[[-122.3277185, 47.6178445], [-122.3277185, 47.6178178], [-122.327705, 47.6178183], [-122.3277064, 47.617798], [-122.3277211, 47.6178002], [-122.3277191, 47.617769], [-122.3277084, 47.6177686], [-122.3277084, 47.6177577], [-122.3277231, 47.6177586], [-122.3277245, 47.6177415], [-122.3276809, 47.617741], [-122.3276796, 47.6177193], [-122.3276903, 47.6177193], [-122.3276863, 47.6177085], [-122.3277203, 47.6177063], [-122.3277204, 47.617657], [-122.3277205, 47.6176], [-122.3276856, 47.6176], [-122.3276863, 47.6175688], [-122.3277117, 47.6175697], [-122.3277265, 47.6175692], [-122.3277299, 47.6175543], [-122.3277185, 47.6175494], [-122.3277158, 47.6175353], [-122.3277275, 47.617536], [-122.3277278, 47.6175322], [-122.3277292, 47.6175087], [-122.3277151, 47.6175078], [-122.3277144, 47.6174919], [-122.3277285, 47.6174919], [-122.3277265, 47.6174684], [-122.327699, 47.6174698], [-122.3274288, 47.6174662], [-122.3274291, 47.6175586], [-122.3274429, 47.6175593], [-122.3274439, 47.6175871], [-122.3274335, 47.6175891], [-122.3274351, 47.617626], [-122.3274429, 47.6176266], [-122.3274442, 47.6176483], [-122.3274361, 47.6176483], [-122.3274328, 47.6177116], [-122.3274418, 47.6177096], [-122.3274408, 47.6177455], [-122.3274301, 47.6177451], [-122.3274298, 47.6178375], [-122.3276883, 47.6178391], [-122.3276896, 47.6178463], [-122.3277185, 47.6178445]]]}}, {"type": "Feature", "properties": {"osm_id": 171729601, "source": "OpenStreetMap", "building": "apartments", "name": "The Dover Apartments", "building:levels": "5"}, "geometry": {"type": "Polygon", "coordinates": [[[-122.3303544, 47.6064686], [-122.3302958, 47.6064025], [-122.3302356, 47.6063389], [-122.3306492, 47.6061631], [-122.3307773, 47.6062997], [-122.3306845, 47.6063384], [-122.3306686, 47.6063203], [-122.3304344, 47.6064185], [-122.3304454, 47.6064305], [-122.3303544, 47.6064686]]]}}, {"type": "Feature", "properties": {"osm_id": 171729606, "source": "OpenStreetMap", "building": "commercial", "name": "Renaissance Seattle Hotel", "building:levels": "5"}, "geometry": {"type": "Polygon", "coordinates": [[[-122.330544, 47.6066137], [-122.3305532, 47.6066099], [-122.3305362, 47.6065911], [-122.3305274, 47.6065947], [-122.3304054, 47.6064599], [-122.3307828, 47.6063046], [-122.3308876, 47.6064205], [-122.3310415, 47.6065906], [-122.3311351, 47.606694], [-122.3310505, 47.6067288], [-122.3310012, 47.6067491], [-122.3310248, 47.6067752], [-122.3307809, 47.6068755], [-122.330711, 47.6067983], [-122.330544, 47.6066137]]]}}, {"type": "Feature", "properties": {"osm_id": 172851168, "source": "OpenStreetMap", "building": "yes", "name": "The Cosmopolitan", "building:levels": "4"}, "geometry": {"type": "Polygon", "coordinates": [[[-122.3353653, 47.6160436], [-122.335377, 47.6160346], [-122.3355184, 47.6159267], [-122.3356714, 47.6158099], [-122.3358465, 47.615914], [-122.3360232, 47.6160192], [-122.33587, 47.6161362], [-122.3357171, 47.616253], [-122.3355399, 47.6161475], [-122.3353653, 47.6160436]]]}}, {"type": "Feature", "properties": {"osm_id": 173339734, "source": "OpenStreetMap", "building": "office", "name": "Melbourne Tower", "height": "51", "building:levels": "11"}, "geometry": {"type": "Polygon", "coordinates": [[[-122.3382691, 47.6100358], [-122.3380207, 47.6097647], [-122.3383902, 47.6096109], [-122.3384929, 47.609723], [-122.3382986, 47.6098039], [-122.3383512, 47.6098612], [-122.3385446, 47.6097807], [-122.3386377, 47.6098823], [-122.3382691, 47.6100358]]]}}, {"type": "Feature", "properties": {"osm_id": 173339778, "source": "OpenStreetMap", "building": "yes", "name": "West Edge Garage", "building:levels": "8"}, "geometry": {"type": "Polygon", "coordinates": [[[-122.3390745, 47.609704], [-122.3387056, 47.6098554], [-122.3384612, 47.6095848], [-122.3388301, 47.6094334], [-122.3390745, 47.609704]]]}}, {"type": "Feature", "properties": {"osm_id": 173341060, "source": "OpenStreetMap", "building": "yes", "name": "Sorreano Parking Garage", "height": "29", "building:levels": "8"}, "geometry": {"type": "Polygon", "coordinates": [[[-122.3379496, 47.6089929], [-122.337918, 47.6090061], [-122.337537, 47.6085898], [-122.3379081, 47.6084358], [-122.3382901, 47.6088497], [-122.3382555, 47.6088643], [-122.3379496, 47.6089929]]]}}, {"type": "Feature", "properties": {"osm_id": 175464262, "source": "OpenStreetMap", "building": "apartments", "name": "Insignia"}, "geometry": {"type": "Polygon", "coordinates": [[[-122.3424929, 47.6167019], [-122.3426499, 47.6165825], [-122.3426239, 47.6165675], [-122.3427649, 47.6164602], [-122.3427899, 47.616475], [-122.3431299, 47.6162162], [-122.3434299, 47.6163953], [-122.3438159, 47.6166257], [-122.3438251, 47.6166185], [-122.3441407, 47.6168059], [-122.3439221, 47.6169716], [-122.3439099, 47.6169645], [-122.3434809, 47.6172916], [-122.3424929, 47.6167019]]]}}, {"type": "Feature", "properties": {"osm_id": 175465902, "source": "OpenStreetMap", "building": "yes"}, "geometry": {"type": "Polygon", "coordinates": [[[-122.3366108, 47.6182029], [-122.3369353, 47.6183935], [-122.3368678, 47.6184381], [-122.3364095, 47.618437], [-122.336355, 47.6184225], [-122.336335, 47.6184177], [-122.3366108, 47.6182029]]]}}, {"type": "Feature", "properties": {"osm_id": 184237077, "source": "OpenStreetMap", "building": "apartments", "name": "Hartford Building"}, "geometry": {"type": "Polygon", "coordinates": [[[-122.3325547, 47.6025906], [-122.3321911, 47.6027428], [-122.3320685, 47.6026104], [-122.3320796, 47.6026057], [-122.3320746, 47.6026004], [-122.3324255, 47.6024527], [-122.3324303, 47.6024579], [-122.3324385, 47.6024544], [-122.3325548, 47.6025799], [-122.3325475, 47.602583], [-122.3325547, 47.6025906]]]}}, {"type": "Feature", "properties": {"osm_id": 184253177, "source": "OpenStreetMap", "building": "yes", "name": "Scheuerman Block", "height": "11.1", "building:levels": "3"}, "geometry": {"type": "Polygon", "coordinates": [[[-122.3343353, 47.6028263], [-122.3342089, 47.6026882], [-122.3338253, 47.6028477], [-122.3339516, 47.6029858], [-122.3343353, 47.6028263]]]}}, {"type": "Feature", "properties": {"osm_id": 184253480, "source": "OpenStreetMap", "building": "yes", "name": "Lowman Building", "building:levels": "10"}, "geometry": {"type": "Polygon", "coordinates": [[[-122.3339554, 47.6024146], [-122.3340712, 47.6025373], [-122.3338945, 47.6026108], [-122.3336852, 47.6026978], [-122.3335708, 47.6025745], [-122.3339554, 47.6024146]]]}}, {"type": "Feature", "properties": {"osm_id": 184253615, "source": "OpenStreetMap", "building": "yes", "name": "Lowman & Hanford Building", "building:levels": "7"}, "geometry": {"type": "Polygon", "coordinates": [[[-122.3338785, 47.6023331], [-122.3339554, 47.6024146], [-122.3335708, 47.6025745], [-122.3334946, 47.6024924], [-122.3338785, 47.6023331]]]}}, {"type": "Feature", "properties": {"osm_id": 184253774, "source": "OpenStreetMap", "building": "yes", "name": "Howard Building", "building:levels": "3"}, "geometry": {"type": "Polygon", "coordinates": [[[-122.3338119, 47.6022625], [-122.3334308, 47.6024235], [-122.3334946, 47.6024924], [-122.3338785, 47.6023331], [-122.3338119, 47.6022625]]]}}, {"type": "Feature", "properties": {"osm_id": 184253784, "source": "OpenStreetMap", "building": "yes", "building:levels": "2"}, "geometry": {"type": "Polygon", "coordinates": [[[-122.3347188, 47.6032483], [-122.3343353, 47.6028263], [-122.3339516, 47.6029858], [-122.3342993, 47.603369], [-122.3343336, 47.6034068], [-122.3347188, 47.6032483]]]}}, {"type": "Feature", "properties": {"osm_id": 184525923, "source": "OpenStreetMap", "building": "hospital", "name": "Health Resources Building", "building:levels": "4"}, "geometry": {"type": "Polygon", "coordinates": [[[-122.3284288, 47.6104905], [-122.3284468, 47.6105099], [-122.3285661, 47.6104594], [-122.3285273, 47.6104177], [-122.3287224, 47.6103351], [-122.3284513, 47.6100439], [-122.3285959, 47.6099827], [-122.3289466, 47.6103592], [-122.3288917, 47.6103824], [-122.3289277, 47.6104211], [-122.3289814, 47.6103984], [-122.3290378, 47.610459], [-122.3290684, 47.610446], [-122.3291148, 47.6104959], [-122.329086, 47.6105081], [-122.3290925, 47.6105152], [-122.3288364, 47.6106235], [-122.3288278, 47.6106143], [-122.3282785, 47.6108468], [-122.3281852, 47.6107466], [-122.3284022, 47.6106547], [-122.3283577, 47.6106069], [-122.3282206, 47.6106649], [-122.3281629, 47.610603], [-122.3284288, 47.6104905]]]}}, {"type": "Feature", "properties": {"osm_id": 184525992, "source": "OpenStreetMap", "building": "yes", "name": "Inn at Virginia Mason"}, "geometry": {"type": "Polygon", "coordinates": [[[-122.3268708, 47.609719], [-122.3269741, 47.6098311], [-122.3269964, 47.6098554], [-122.3268948, 47.6098979], [-122.3268598, 47.6098599], [-122.3265446, 47.6099918], [-122.326454, 47.6098934], [-122.3268708, 47.609719]]]}}, {"type": "Feature", "properties": {"osm_id": 184526371, "source": "OpenStreetMap", "building": "yes", "name": "Optum Madison Center", "building:levels": "9"}, "geometry": {"type": "Polygon", "coordinates": [[[-122.3293768, 47.6074655], [-122.3292376, 47.607272], [-122.3288795, 47.6069663], [-122.3288104, 47.6070035], [-122.3288213, 47.6070174], [-122.3287851, 47.6070316], [-122.3287669, 47.6070125], [-122.3286298, 47.6070673], [-122.3285273, 47.6071111], [-122.3289975, 47.6076262], [-122.3292666, 47.6075156], [-122.3292504, 47.6074949], [-122.3292769, 47.6074839], [-122.3292906, 47.6074966], [-122.3293768, 47.6074655]]]}}, {"type": "Feature", "properties": {"osm_id": 184797695, "source": "OpenStreetMap", "building": "apartments", "name": "Schillestad Building", "building:levels": "3"}, "geometry": {"type": "Polygon", "coordinates": [[[-122.3445074, 47.6120337], [-122.3443118, 47.6119182], [-122.3445093, 47.6117661], [-122.3447049, 47.6118816], [-122.3446698, 47.6119086], [-122.3445074, 47.6120337]]]}}, {"type": "Feature", "properties": {"osm_id": 184798620, "source": "OpenStreetMap", "building": "apartments", "name": "Guiry Building", "building:levels": "4"}, "geometry": {"type": "Polygon", "coordinates": [[[-122.3443118, 47.6119182], [-122.3441255, 47.6118083], [-122.3444217, 47.6115802], [-122.3446079, 47.6116901], [-122.3445093, 47.6117661], [-122.3443118, 47.6119182]]]}}, {"type": "Feature", "properties": {"osm_id": 184870422, "source": "OpenStreetMap", "building": "parking", "name": "Pike Place Market Parking"}, "geometry": {"type": "Polygon", "coordinates": [[[-122.3427721, 47.6090332], [-122.3425811, 47.6091138], [-122.3423741, 47.609201], [-122.3422511, 47.6090683], [-122.3421597, 47.6091068], [-122.3421499, 47.6090963], [-122.3421276, 47.6090722], [-122.3421082, 47.6090513], [-122.3421519, 47.6090328], [-122.342199, 47.609013], [-122.342166, 47.6089775], [-122.3421336, 47.6089911], [-122.3421266, 47.6089836], [-122.3419429, 47.609061], [-122.3417556, 47.608859], [-122.3416807, 47.6087786], [-122.3416219, 47.6087158], [-122.3421912, 47.6084763], [-122.3422119, 47.6084972], [-122.3422181, 47.6084945], [-122.3422607, 47.6084759], [-122.3422678, 47.6084836], [-122.342274, 47.6084904], [-122.3422866, 47.608504], [-122.3427721, 47.6090332]]]}}, {"type": "Feature", "properties": {"osm_id": 184870423, "source": "OpenStreetMap", "building": "industrial", "building:levels": "3"}, "geometry": {"type": "Polygon", "coordinates": [[[-122.3408415, 47.6072174], [-122.3409695, 47.6073567], [-122.3410923, 47.6074903], [-122.3410732, 47.6074982], [-122.340927, 47.6075593], [-122.3406572, 47.607672], [-122.3404729, 47.6074715], [-122.3404065, 47.6073992], [-122.3408415, 47.6072174]]]}}, {"type": "Feature", "properties": {"osm_id": 184870424, "source": "OpenStreetMap", "building": "retail", "name": "MarketFront", "building:levels": "1"}, "geometry": {"type": "Polygon", "coordinates": [[[-122.3432801, 47.6099177], [-122.3433157, 47.6098909], [-122.3434018, 47.6098262], [-122.3435504, 47.6097145], [-122.3434953, 47.609675], [-122.3431273, 47.6094109], [-122.3429413, 47.609278], [-122.3428206, 47.6091522], [-122.3428417, 47.6091432], [-122.3428627, 47.6091341], [-122.3428192, 47.6090857], [-122.3427895, 47.6090526], [-122.3427819, 47.6090441], [-122.342588, 47.6091254], [-122.3424677, 47.6091753], [-122.3421856, 47.6092923], [-122.3425112, 47.6094784], [-122.3425596, 47.609506], [-122.3425722, 47.6095132], [-122.3426211, 47.6095411], [-122.3427221, 47.6095989], [-122.3427826, 47.6096334], [-122.3428062, 47.6096469], [-122.3431201, 47.6098273], [-122.3431895, 47.6098673], [-122.343249, 47.6099004], [-122.3432801, 47.6099177]]]}}, {"type": "Feature", "properties": {"osm_id": 185400434, "source": "OpenStreetMap", "building": "office", "name": "West 8th"}, "geometry": {"type": "Polygon", "coordinates": [[[-122.3377737, 47.6158645], [-122.3377786, 47.6158691], [-122.3377821, 47.6158742], [-122.3377844, 47.6158796], [-122.3378701, 47.6163085], [-122.3378378, 47.6163312], [-122.3376578, 47.616224], [-122.3376624, 47.6162204], [-122.3373763, 47.61605], [-122.3373174, 47.6160214], [-122.3372598, 47.6159917], [-122.3372035, 47.6159609], [-122.3371485, 47.615929], [-122.3370948, 47.6158961], [-122.3370426, 47.6158621], [-122.3369919, 47.6158271], [-122.3369427, 47.6157912], [-122.3369467, 47.6157881], [-122.3368416, 47.6157255], [-122.3368698, 47.615704], [-122.3368409, 47.6156868], [-122.3371195, 47.6154746], [-122.3376021, 47.6157625], [-122.3377737, 47.6158645]]]}}, {"type": "Feature", "properties": {"osm_id": 185786800, "source": "OpenStreetMap", "building": "yes", "name": "Warwick Seattle Hotel", "building:levels": "19"}, "geometry": {"type": "Polygon", "coordinates": [[[-122.3409253, 47.6137535], [-122.3410582, 47.6138319], [-122.3410802, 47.6138149], [-122.3411493, 47.6138557], [-122.3410299, 47.6139477], [-122.3410063, 47.6139338], [-122.3408148, 47.6140814], [-122.3406364, 47.6139761], [-122.3409253, 47.6137535]]]}}, {"type": "Feature", "properties": {"osm_id": 189283343, "source": "OpenStreetMap", "building": "apartments", "name": "Josephinum"}, "geometry": {"type": "Polygon", "coordinates": [[[-122.340876, 47.6113776], [-122.3407712, 47.6114585], [-122.3406918, 47.6114117], [-122.3406669, 47.6114309], [-122.3405096, 47.6115524], [-122.3403365, 47.6114504], [-122.3401456, 47.6113381], [-122.3404325, 47.6111166], [-122.340876, 47.6113776]]]}}, {"type": "Feature", "properties": {"osm_id": 189283346, "source": "OpenStreetMap", "building": "yes", "name": "Moore Building", "building:levels": "6"}, "geometry": {"type": "Polygon", "coordinates": [[[-122.340876, 47.6113776], [-122.3415311, 47.6117649], [-122.341243, 47.6119867], [-122.3408834, 47.6117743], [-122.3408813, 47.6117759], [-122.340752, 47.6116995], [-122.3409513, 47.6115461], [-122.3409033, 47.6115177], [-122.3407036, 47.6116714], [-122.3405853, 47.6116015], [-122.3407712, 47.6114585], [-122.340876, 47.6113776]]]}}, {"type": "Feature", "properties": {"osm_id": 189460316, "source": "OpenStreetMap", "building": "apartments", "name": "Cyrene"}, "geometry": {"type": "Polygon", "coordinates": [[[-122.3395143, 47.6064079], [-122.3395969, 47.6065016], [-122.3397522, 47.6066776], [-122.3397542, 47.6066798], [-122.3398821, 47.6066285], [-122.340244, 47.6064833], [-122.3402267, 47.6064637], [-122.3400868, 47.6063051], [-122.3400041, 47.6062114], [-122.3397197, 47.6063255], [-122.3395143, 47.6064079]]]}}, {"type": "Feature", "properties": {"osm_id": 194727566, "source": "OpenStreetMap", "building": "commercial", "name": "Bank of California Building", "building:levels": "3"}, "geometry": {"type": "Polygon", "coordinates": [[[-122.3344375, 47.6041708], [-122.3343701, 47.6040973], [-122.3343064, 47.6040279], [-122.3346156, 47.603899], [-122.3346782, 47.6038729], [-122.334682, 47.6038771], [-122.3348093, 47.6040159], [-122.3344375, 47.6041708]]]}}, {"type": "Feature", "properties": {"osm_id": 201041425, "source": "OpenStreetMap", "building": "apartments", "name": "The Post Apartments", "building:levels": "16"}, "geometry": {"type": "Polygon", "coordinates": [[[-122.3361897, 47.6036369], [-122.3365286, 47.6034956], [-122.3364463, 47.6034073], [-122.3363037, 47.6032565], [-122.3360094, 47.6029377], [-122.3356675, 47.6030795], [-122.3361897, 47.6036369]]]}}, {"type": "Feature", "properties": {"osm_id": 203321142, "source": "OpenStreetMap", "building": "office", "name": "Amazon.com Blackfoot", "height": "150", "building:levels": "36"}, "geometry": {"type": "Polygon", "coordinates": [[[-122.3360637, 47.615953], [-122.3358816, 47.615846], [-122.3358978, 47.6158335], [-122.3357976, 47.6157746], [-122.3357821, 47.6157866], [-122.3355972, 47.6156779], [-122.3356126, 47.6156659], [-122.3355779, 47.6156456], [-122.335449, 47.6155698], [-122.3357321, 47.6153508], [-122.335861, 47.6154266], [-122.3358957, 47.615447], [-122.3359115, 47.6154348], [-122.336097, 47.6155437], [-122.3360812, 47.6155559], [-122.3361305, 47.6155852], [-122.3361807, 47.6156144], [-122.3361965, 47.6156022], [-122.3363788, 47.6157093], [-122.336363, 47.6157215], [-122.3363981, 47.6157421], [-122.336115, 47.6159611], [-122.3360799, 47.6159405], [-122.3360637, 47.615953]]]}}, {"type": "Feature", "properties": {"osm_id": 204323475, "source": "OpenStreetMap", "building": "apartments", "name": "Annaliese", "building:levels": "8"}, "geometry": {"type": "Polygon", "coordinates": [[[-122.3447307, 47.6190209], [-122.3447532, 47.6190208], [-122.3447526, 47.6190536], [-122.3447759, 47.6190538], [-122.3447752, 47.6190889], [-122.3447985, 47.6190891], [-122.3447979, 47.6191218], [-122.344822, 47.619122], [-122.3448213, 47.619162], [-122.3447735, 47.6191616], [-122.344773, 47.6191878], [-122.3448214, 47.6191882], [-122.3448206, 47.6192327], [-122.34482, 47.6192644], [-122.3446525, 47.619263], [-122.3446527, 47.6192501], [-122.3445651, 47.6192493], [-122.3445648, 47.6192631], [-122.3443972, 47.6192616], [-122.3443987, 47.6191818], [-122.3444497, 47.6191823], [-122.3444502, 47.6191576], [-122.3444003, 47.6191572], [-122.3444011, 47.6191151], [-122.3444218, 47.6191153], [-122.3444223, 47.6190855], [-122.344451, 47.6190857], [-122.3444517, 47.6190532], [-122.3444746, 47.6190534], [-122.3444752, 47.6190192], [-122.3444922, 47.619019], [-122.3447307, 47.6190209]]]}}, {"type": "Feature", "properties": {"osm_id": 206047738, "source": "OpenStreetMap", "building": "apartments", "name": "The Snowden"}, "geometry": {"type": "Polygon", "coordinates": [[[-122.3262773, 47.6188643], [-122.3262772, 47.6187325], [-122.326623, 47.6187324], [-122.326623, 47.6187479], [-122.3266271, 47.6187524], [-122.3266271, 47.6187686], [-122.326623, 47.6187737], [-122.326623, 47.6188249], [-122.3266287, 47.6188293], [-122.3266287, 47.6188441], [-122.326623, 47.6188498], [-122.326623, 47.6188642], [-122.3262773, 47.6188643]]]}}, {"type": "Feature", "properties": {"osm_id": 206047744, "source": "OpenStreetMap", "building": "yes", "name": "The Iliad"}, "geometry": {"type": "Polygon", "coordinates": [[[-122.3261465, 47.6189447], [-122.3265454, 47.6189439], [-122.3265456, 47.6189987], [-122.3264872, 47.6189988], [-122.3264877, 47.6190918], [-122.3264639, 47.6190919], [-122.3264641, 47.6191425], [-122.3261609, 47.6191432], [-122.326161, 47.6191629], [-122.3260786, 47.6191631], [-122.3260783, 47.6190861], [-122.3261471, 47.6190859], [-122.3261465, 47.6189447]]]}}, {"type": "Feature", "properties": {"osm_id": 206047746, "source": "OpenStreetMap", "building": "apartments", "name": "Casa Nova", "building:levels": "3"}, "geometry": {"type": "Polygon", "coordinates": [[[-122.3263909, 47.6187077], [-122.3263124, 47.6187072], [-122.3263128, 47.6186801], [-122.3262767, 47.6186111], [-122.3263857, 47.6185846], [-122.3263974, 47.6186052], [-122.3264826, 47.6185851], [-122.3264977, 47.6186077], [-122.3265804, 47.6185872], [-122.3265933, 47.6186136], [-122.3265766, 47.6186174], [-122.3265976, 47.6186635], [-122.3265584, 47.618673], [-122.3265643, 47.6186815], [-122.3266179, 47.6186819], [-122.3266175, 47.6187153], [-122.3265826, 47.6187151], [-122.3265827, 47.618708], [-122.3265097, 47.6187075], [-122.3265098, 47.6186979], [-122.3263906, 47.6186972], [-122.3263909, 47.6187077]]]}}, {"type": "Feature", "properties": {"osm_id": 206047748, "source": "OpenStreetMap", "building": "apartments", "name": "Faneuil Hall"}, "geometry": {"type": "Polygon", "coordinates": [[[-122.3254247, 47.6190337], [-122.3254242, 47.6189494], [-122.325458, 47.6189233], [-122.3254692, 47.6189233], [-122.325469, 47.6188969], [-122.3259144, 47.6188955], [-122.3259155, 47.6190541], [-122.3257513, 47.6190546], [-122.3257508, 47.6189851], [-122.325665, 47.6189854], [-122.3256651, 47.6190027], [-122.3256378, 47.6190028], [-122.325638, 47.619033], [-122.3255293, 47.6190334], [-122.3254247, 47.6190337]]]}}, {"type": "Feature", "properties": {"osm_id": 206047749, "source": "OpenStreetMap", "building": "retail", "name": "All The Best"}, "geometry": {"type": "Polygon", "coordinates": [[[-122.3251428, 47.6192824], [-122.325144, 47.619417], [-122.3251803, 47.6194168], [-122.325181, 47.6194984], [-122.3251032, 47.6194988], [-122.3251038, 47.6195657], [-122.3250425, 47.619566], [-122.3250423, 47.6195393], [-122.3249891, 47.6195395], [-122.3249879, 47.6194117], [-122.3249512, 47.6194119], [-122.3249504, 47.6193292], [-122.3249868, 47.619329], [-122.3249867, 47.6193189], [-122.3250302, 47.6193187], [-122.32503, 47.6192976], [-122.3250852, 47.6192973], [-122.3250851, 47.6192826], [-122.3251428, 47.6192824]]]}}, {"type": "Feature", "properties": {"osm_id": 206047755, "source": "OpenStreetMap", "building": "yes"}, "geometry": {"type": "Polygon", "coordinates": [[[-122.3261534, 47.6193895], [-122.326153, 47.6192914], [-122.3262032, 47.6192911], [-122.3262027, 47.6192749], [-122.3263602, 47.6192742], [-122.3263603, 47.619281], [-122.3264338, 47.6192811], [-122.3264339, 47.6193181], [-122.3264405, 47.6193182], [-122.3264397, 47.6193976], [-122.3263877, 47.6193975], [-122.3263878, 47.6194526], [-122.326441, 47.6194526], [-122.3264395, 47.6195334], [-122.3264168, 47.6195333], [-122.3264165, 47.6195625], [-122.3263604, 47.6195627], [-122.3263605, 47.6195749], [-122.3262039, 47.6195762], [-122.3262034, 47.6195597], [-122.3261538, 47.6195598], [-122.3261538, 47.6194617], [-122.3261251, 47.6194617], [-122.3261253, 47.6193897], [-122.3261534, 47.6193895]]]}}, {"type": "Feature", "properties": {"osm_id": 206047757, "source": "OpenStreetMap", "building": "yes"}, "geometry": {"type": "Polygon", "coordinates": [[[-122.3262409, 47.618861], [-122.3255087, 47.6188575], [-122.3257284, 47.6185854], [-122.3262433, 47.6185843], [-122.3262409, 47.618861]]]}}, {"type": "Feature", "properties": {"osm_id": 206047767, "source": "OpenStreetMap", "building": "yes"}, "geometry": {"type": "Polygon", "coordinates": [[[-122.3260625, 47.6190252], [-122.3260617, 47.6191322], [-122.3259616, 47.6191318], [-122.3259617, 47.6191191], [-122.3259282, 47.619119], [-122.3259289, 47.6190248], [-122.3260625, 47.6190252]]]}}, {"type": "Feature", "properties": {"osm_id": 206048348, "source": "OpenStreetMap", "building": "apartments", "name": "The Olive Terrace Apartments", "building:levels": "4"}, "geometry": {"type": "Polygon", "coordinates": [[[-122.3254289, 47.6182456], [-122.3254272, 47.6178275], [-122.3255084, 47.6178274], [-122.3255085, 47.6178381], [-122.3258127, 47.6178375], [-122.3258137, 47.6178982], [-122.3257803, 47.6178983], [-122.3257805, 47.617935], [-122.3255734, 47.6179354], [-122.325574, 47.6180769], [-122.3256903, 47.6180767], [-122.325691, 47.6182451], [-122.3254289, 47.6182456]]]}}, {"type": "Feature", "properties": {"osm_id": 206048349, "source": "OpenStreetMap", "building": "apartments", "name": "The Ambassador", "building:levels": "7"}, "geometry": {"type": "Polygon", "coordinates": [[[-122.3251066, 47.6184083], [-122.3247149, 47.6184033], [-122.3247151, 47.618396], [-122.3246633, 47.6183954], [-122.3246671, 47.6182587], [-122.3246824, 47.6182589], [-122.3246821, 47.6182704], [-122.3250571, 47.6182751], [-122.3250579, 47.6182446], [-122.3251674, 47.618246], [-122.3251631, 47.618402], [-122.3251068, 47.6184013], [-122.3251066, 47.6184083]]]}}, {"type": "Feature", "properties": {"osm_id": 206048352, "source": "OpenStreetMap", "building": "retail"}, "geometry": {"type": "Polygon", "coordinates": [[[-122.3241572, 47.6189227], [-122.3244545, 47.6189229], [-122.3244546, 47.6189116], [-122.3245571, 47.6189117], [-122.3245571, 47.6189271], [-122.3246129, 47.6189272], [-122.3246126, 47.6190961], [-122.3244919, 47.619096], [-122.3244919, 47.6191125], [-122.3244555, 47.6191125], [-122.3244555, 47.6190926], [-122.324157, 47.6190924], [-122.3241571, 47.6190021], [-122.3241572, 47.6189227]]]}}, {"type": "Feature", "properties": {"osm_id": 206048354, "source": "OpenStreetMap", "building": "house", "building:levels": "2"}, "geometry": {"type": "Polygon", "coordinates": [[[-122.3244108, 47.6187232], [-122.3244103, 47.6185848], [-122.3244221, 47.6185848], [-122.3244221, 47.6185892], [-122.3244673, 47.6185891], [-122.3244673, 47.6186048], [-122.3245175, 47.6186047], [-122.3245179, 47.6187227], [-122.3245128, 47.6187227], [-122.3245129, 47.6187341], [-122.3244174, 47.6187343], [-122.3244174, 47.6187232], [-122.3244108, 47.6187232]]]}}, {"type": "Feature", "properties": {"osm_id": 206048355, "source": "OpenStreetMap", "building": "apartments", "building:levels": "3"}, "geometry": {"type": "Polygon", "coordinates": [[[-122.3269465, 47.6173147], [-122.3273244, 47.617315], [-122.3273242, 47.6174471], [-122.3272039, 47.617447], [-122.3272039, 47.6174371], [-122.3270313, 47.617437], [-122.3270312, 47.6174445], [-122.3269395, 47.6174444], [-122.3269395, 47.6174507], [-122.3268984, 47.6174506], [-122.3268987, 47.6173081], [-122.3269465, 47.6173082], [-122.3269465, 47.6173147]]]}}, {"type": "Feature", "properties": {"osm_id": 206048361, "source": "OpenStreetMap", "building": "apartments", "name": "Alexander Apartments", "building:levels": "3"}, "geometry": {"type": "Polygon", "coordinates": [[[-122.3269073, 47.6175767], [-122.3269056, 47.6174559], [-122.3269924, 47.6174553], [-122.3269925, 47.6174684], [-122.3271458, 47.6174674], [-122.3271457, 47.6174575], [-122.3272994, 47.6174565], [-122.3273011, 47.6175766], [-122.3271429, 47.6175776], [-122.3271428, 47.6175696], [-122.3269882, 47.6175706], [-122.3269883, 47.6175762], [-122.3269073, 47.6175767]]]}}, {"type": "Feature", "properties": {"osm_id": 206048367, "source": "OpenStreetMap", "building": "apartments", "name": "Kulle Urban Living", "building:levels": "6"}, "geometry": {"type": "Polygon", "coordinates": [[[-122.3272692, 47.6182542], [-122.3269376, 47.6182529], [-122.3269379, 47.6182213], [-122.3269188, 47.6182212], [-122.3269193, 47.6181575], [-122.32727, 47.6181588], [-122.3272692, 47.6182542]]]}}, {"type": "Feature", "properties": {"osm_id": 206048369, "source": "OpenStreetMap", "building": "apartments", "name": "Lauren Renee Apartments", "building:levels": "3"}, "geometry": {"type": "Polygon", "coordinates": [[[-122.3269199, 47.6172914], [-122.3269217, 47.6172203], [-122.3269569, 47.6172202], [-122.3269578, 47.6171504], [-122.3273244, 47.6171524], [-122.3273237, 47.6172448], [-122.3273331, 47.6172448], [-122.3273333, 47.6172997], [-122.3271841, 47.6172992], [-122.3271844, 47.6172907], [-122.3269199, 47.6172914]]]}}, {"type": "Feature", "properties": {"osm_id": 206048370, "source": "OpenStreetMap", "building": "apartments", "building:levels": "6"}, "geometry": {"type": "Polygon", "coordinates": [[[-122.3272783, 47.6180868], [-122.3271066, 47.6180858], [-122.3271063, 47.6181066], [-122.3269578, 47.6181057], [-122.3269581, 47.6180857], [-122.3269253, 47.6180855], [-122.3269263, 47.6180114], [-122.3269075, 47.6180112], [-122.326908, 47.6179735], [-122.3269261, 47.6179736], [-122.3269275, 47.6178764], [-122.3270695, 47.6178773], [-122.3270694, 47.6178811], [-122.3272529, 47.6178823], [-122.3272808, 47.6179035], [-122.3272783, 47.6180868]]]}}, {"type": "Feature", "properties": {"osm_id": 206048371, "source": "OpenStreetMap", "building": "yes"}, "geometry": {"type": "Polygon", "coordinates": [[[-122.3268015, 47.6193608], [-122.3270414, 47.6193567], [-122.3270412, 47.6193516], [-122.3271447, 47.6193498], [-122.3271474, 47.6194255], [-122.3271276, 47.6194258], [-122.3271321, 47.6195473], [-122.3270508, 47.6195486], [-122.3270509, 47.6195526], [-122.3268973, 47.6195552], [-122.326897, 47.6195454], [-122.326778, 47.6195474], [-122.3267734, 47.6194225], [-122.3268154, 47.6194218], [-122.3268144, 47.6193939], [-122.3268028, 47.6193941], [-122.3268015, 47.6193608]]]}}, {"type": "Feature", "properties": {"osm_id": 206048375, "source": "OpenStreetMap", "building": "yes", "name": "Maison Ville Condominiums", "building:levels": "7"}, "geometry": {"type": "Polygon", "coordinates": [[[-122.3277398, 47.6179133], [-122.327731, 47.6183877], [-122.3275108, 47.6183859], [-122.3275115, 47.6183495], [-122.3275042, 47.6183494], [-122.3275048, 47.6183157], [-122.3275397, 47.6183159], [-122.3275423, 47.6181747], [-122.3274977, 47.6181743], [-122.3274981, 47.6181479], [-122.3275437, 47.6181483], [-122.3275469, 47.617974], [-122.32751, 47.6179737], [-122.3275107, 47.617936], [-122.3275209, 47.6179361], [-122.3275214, 47.6179114], [-122.3277398, 47.6179133]]]}}, {"type": "Feature", "properties": {"osm_id": 206048380, "source": "OpenStreetMap", "building": "apartments", "name": "Belgrove Court", "building:levels": "7"}, "geometry": {"type": "Polygon", "coordinates": [[[-122.3262717, 47.6182297], [-122.3262717, 47.6181309], [-122.3262611, 47.6181309], [-122.3262611, 47.6180869], [-122.3262723, 47.6180869], [-122.3262723, 47.6179995], [-122.3263652, 47.6179994], [-122.3263652, 47.6179902], [-122.3264874, 47.6179902], [-122.3264874, 47.6180029], [-122.3265393, 47.6180029], [-122.3265393, 47.6179936], [-122.3266347, 47.6179936], [-122.3266347, 47.6180972], [-122.3266513, 47.6180972], [-122.3266513, 47.6181398], [-122.3266321, 47.6181398], [-122.3266321, 47.6182215], [-122.3264709, 47.6182216], [-122.3264709, 47.6182297], [-122.3262717, 47.6182297]]]}}, {"type": "Feature", "properties": {"osm_id": 206048383, "source": "OpenStreetMap", "building": "apartments", "name": "Denny Terrace", "height": "40.0", "building:levels": "11"}, "geometry": {"type": "Polygon", "coordinates": [[[-122.3276685, 47.6189267], [-122.3276685, 47.6189777], [-122.3275806, 47.6189777], [-122.3275807, 47.6190763], [-122.3276503, 47.6190763], [-122.3276505, 47.619288], [-122.3276316, 47.619288], [-122.3276316, 47.6193861], [-122.3277017, 47.6193861], [-122.3277018, 47.6194669], [-122.3273676, 47.619467], [-122.3273675, 47.6193271], [-122.3274999, 47.619327], [-122.3274999, 47.6192529], [-122.3275195, 47.6192529], [-122.3275194, 47.6191277], [-122.3274479, 47.6191277], [-122.3274477, 47.6189246], [-122.3275057, 47.6189246], [-122.3275056, 47.6188006], [-122.3273671, 47.6188007], [-122.327367, 47.6186439], [-122.3276879, 47.6186438], [-122.327688, 47.6187245], [-122.3276134, 47.6187246], [-122.3276136, 47.6189267], [-122.3276685, 47.6189267]]]}}, {"type": "Feature", "properties": {"osm_id": 206048394, "source": "OpenStreetMap", "building": "retail"}, "geometry": {"type": "Polygon", "coordinates": [[[-122.325149, 47.6188916], [-122.3247837, 47.6188918], [-122.3247835, 47.6187881], [-122.3251489, 47.6187879], [-122.325149, 47.6188916]]]}}, {"type": "Feature", "properties": {"osm_id": 206048400, "source": "OpenStreetMap", "building": "yes", "name": "Melrose Condo"}, "geometry": {"type": "Polygon", "coordinates": [[[-122.3277373, 47.6174162], [-122.3274677, 47.6174144], [-122.3274689, 47.6173332], [-122.3277385, 47.6173351], [-122.3277373, 47.6174162]]]}}, {"type": "Feature", "properties": {"osm_id": 206048410, "source": "OpenStreetMap", "building": "yes"}, "geometry": {"type": "Polygon", "coordinates": [[[-122.3277851, 47.6173087], [-122.3275354, 47.6173067], [-122.3275379, 47.6171671], [-122.3277876, 47.6171692], [-122.3277851, 47.6173087]]]}}, {"type": "Feature", "properties": {"osm_id": 206048418, "source": "OpenStreetMap", "building": "yes", "name": "C. H. Cleaners"}, "geometry": {"type": "Polygon", "coordinates": [[[-122.3248539, 47.6191042], [-122.3247218, 47.6190179], [-122.3248076, 47.6189579], [-122.3249397, 47.6190442], [-122.3248539, 47.6191042]]]}}, {"type": "Feature", "properties": {"osm_id": 206048422, "source": "OpenStreetMap", "building": "apartments", "name": "The Caravilla", "building:levels": "3"}, "geometry": {"type": "Polygon", "coordinates": [[[-122.324341, 47.6181956], [-122.3245878, 47.6181963], [-122.3245868, 47.6183739], [-122.32434, 47.6183732], [-122.324341, 47.6181956]]]}}, {"type": "Feature", "properties": {"osm_id": 206048423, "source": "OpenStreetMap", "building": "yes", "name": "The Marq Condominiums", "building:levels": "6"}, "geometry": {"type": "Polygon", "coordinates": [[[-122.3268642, 47.6185883], [-122.3270823, 47.6185867], [-122.3270822, 47.6186423], [-122.3270992, 47.6186422], [-122.3271002, 47.6186512], [-122.3271322, 47.6186736], [-122.3271512, 47.6186735], [-122.3271512, 47.6186904], [-122.3272102, 47.61869], [-122.3272102, 47.618703], [-122.3272702, 47.6187027], [-122.3272712, 47.618752], [-122.3272812, 47.6187589], [-122.3272682, 47.618768], [-122.3272692, 47.6188042], [-122.3272072, 47.6188045], [-122.3272072, 47.618819], [-122.3271422, 47.6188194], [-122.3271432, 47.6188351], [-122.3270732, 47.6188355], [-122.3270662, 47.6188405], [-122.3270582, 47.6188351], [-122.3269872, 47.6188355], [-122.3269862, 47.6188181], [-122.3269262, 47.6188184], [-122.3269262, 47.6188062], [-122.3269012, 47.6187913], [-122.3268862, 47.6187914], [-122.3268852, 47.6187443], [-122.3268662, 47.6187444], [-122.3268662, 47.6187344], [-122.3268572, 47.6187284], [-122.3268662, 47.618723], [-122.3268662, 47.6187047], [-122.3268532, 47.6186961], [-122.3268652, 47.6186883], [-122.3268642, 47.6186726], [-122.3268562, 47.6186652], [-122.3268652, 47.6186603], [-122.3268642, 47.6185883]]]}}, {"type": "Feature", "properties": {"osm_id": 206048424, "source": "OpenStreetMap", "building": "apartments", "name": "Ambassador II Condominiums"}, "geometry": {"type": "Polygon", "coordinates": [[[-122.3247107, 47.6181696], [-122.324716, 47.6178943], [-122.3247393, 47.6178945], [-122.3247403, 47.6178458], [-122.3248349, 47.6178467], [-122.324835, 47.6178388], [-122.3248656, 47.617839], [-122.3248658, 47.6178307], [-122.3249233, 47.6178312], [-122.3249212, 47.6179244], [-122.3249193, 47.6180385], [-122.3250254, 47.6180394], [-122.3250265, 47.6179837], [-122.3250014, 47.6179835], [-122.3250025, 47.6179243], [-122.3250271, 47.6179245], [-122.3250285, 47.6178495], [-122.3250717, 47.6178498], [-122.3250719, 47.6178406], [-122.3251087, 47.6178409], [-122.3251088, 47.6178388], [-122.3251403, 47.6178391], [-122.32514, 47.617851], [-122.32516, 47.6178512], [-122.3251579, 47.6179602], [-122.325127, 47.61796], [-122.3251254, 47.6180416], [-122.3251597, 47.6180419], [-122.3251576, 47.6181505], [-122.3251366, 47.6181503], [-122.3251364, 47.6181617], [-122.3251085, 47.6181615], [-122.3251086, 47.6181563], [-122.3250694, 47.618156], [-122.3250696, 47.6181497], [-122.3250236, 47.6181493], [-122.3250254, 47.6180602], [-122.3249204, 47.6180593], [-122.3249173, 47.6182214], [-122.3248248, 47.6182206], [-122.3248244, 47.6182392], [-122.3247931, 47.6182389], [-122.3247933, 47.6182313], [-122.3247542, 47.618231], [-122.3247544, 47.6182171], [-122.3247329, 47.618217], [-122.3247338, 47.6181698], [-122.3247107, 47.6181696]]]}}, {"type": "Feature", "properties": {"osm_id": 206048426, "source": "OpenStreetMap", "building": "retail"}, "geometry": {"type": "Polygon", "coordinates": [[[-122.3258422, 47.6180724], [-122.3258166, 47.6180726], [-122.3258137, 47.6178982], [-122.3258127, 47.6178375], [-122.3258123, 47.6178275], [-122.3260411, 47.6178253], [-122.3260412, 47.6178312], [-122.3258422, 47.6180724]]]}}, {"type": "Feature", "properties": {"osm_id": 206048430, "source": "OpenStreetMap", "building": "yes", "name": "E.A.T. Asian Tapas"}, "geometry": {"type": "Polygon", "coordinates": [[[-122.3244612, 47.6193817], [-122.3244645, 47.6193092], [-122.3244663, 47.6192685], [-122.3246292, 47.6192692], [-122.3246292, 47.6192898], [-122.3244612, 47.6193817]]]}}, {"type": "Feature", "properties": {"osm_id": 206048431, "source": "OpenStreetMap", "building": "apartments", "name": "St. Florence Apartments", "building:levels": "4"}, "geometry": {"type": "Polygon", "coordinates": [[[-122.3246946, 47.6185817], [-122.3251823, 47.6185817], [-122.3251822, 47.6187412], [-122.3248388, 47.6187411], [-122.3248387, 47.6187823], [-122.3246945, 47.6187823], [-122.3246946, 47.6185817]]]}}, {"type": "Feature", "properties": {"osm_id": 206048432, "source": "OpenStreetMap", "building": "yes"}, "geometry": {"type": "Polygon", "coordinates": [[[-122.3248136, 47.6182501], [-122.3249225, 47.6182508], [-122.3249221, 47.6182727], [-122.3248902, 47.6182725], [-122.3248903, 47.6182697], [-122.3248133, 47.6182692], [-122.3248136, 47.6182501]]]}}, {"type": "Feature", "properties": {"osm_id": 206048439, "source": "OpenStreetMap", "building": "apartments", "building:levels": "3"}, "geometry": {"type": "Polygon", "coordinates": [[[-122.3259131, 47.618403], [-122.3259054, 47.6184011], [-122.3258999, 47.618397], [-122.3258978, 47.6183917], [-122.3258994, 47.6183863], [-122.326173, 47.6180354], [-122.3261828, 47.618031], [-122.3261946, 47.6180303], [-122.3262053, 47.6180337], [-122.3262121, 47.6180402], [-122.3262123, 47.6184031], [-122.3259131, 47.618403]]]}}, {"type": "Feature", "properties": {"osm_id": 206048440, "source": "OpenStreetMap", "building": "retail", "building:levels": "2"}, "geometry": {"type": "Polygon", "coordinates": [[[-122.3254223, 47.6182456], [-122.3254289, 47.6182456], [-122.325691, 47.6182451], [-122.3256977, 47.6182451], [-122.3256072, 47.6183575], [-122.3255636, 47.6183833], [-122.3254999, 47.6184016], [-122.325449, 47.6184034], [-122.3254229, 47.6183855], [-122.3254223, 47.6182456]]]}}, {"type": "Feature", "properties": {"osm_id": 206048441, "source": "OpenStreetMap", "building": "apartments", "building:levels": "4"}, "geometry": {"type": "Polygon", "coordinates": [[[-122.3272815, 47.6184169], [-122.3268841, 47.6184126], [-122.3268874, 47.6182739], [-122.3270242, 47.6182754], [-122.3270235, 47.6183042], [-122.3270736, 47.6183047], [-122.3270738, 47.6182963], [-122.3272843, 47.6182986], [-122.3272815, 47.6184169]]]}}, {"type": "Feature", "properties": {"osm_id": 206048442, "source": "OpenStreetMap", "building": "apartments", "name": "Burlingame Apartments", "building:levels": "6"}, "geometry": {"type": "Polygon", "coordinates": [[[-122.3262277, 47.6179743], [-122.3263567, 47.6178273], [-122.3266424, 47.6178272], [-122.3266425, 47.6179752], [-122.3265059, 47.6179753], [-122.3265059, 47.6179429], [-122.326413, 47.6179429], [-122.326413, 47.6179742], [-122.3262277, 47.6179743]]]}}, {"type": "Feature", "properties": {"osm_id": 206048446, "source": "OpenStreetMap", "building": "house"}, "geometry": {"type": "Polygon", "coordinates": [[[-122.3246087, 47.6185893], [-122.3246097, 47.6187445], [-122.3245558, 47.6187446], [-122.3245557, 47.6187329], [-122.324531, 47.618733], [-122.3245309, 47.6187242], [-122.3245287, 47.6187242], [-122.3245279, 47.6185896], [-122.3246087, 47.6185893]]]}}, {"type": "Feature", "properties": {"osm_id": 206048452, "source": "OpenStreetMap", "building": "apartments", "name": "The Oleta", "building:levels": "4"}, "geometry": {"type": "Polygon", "coordinates": [[[-122.326645, 47.6184069], [-122.3262239, 47.6184069], [-122.3262239, 47.6182513], [-122.3263528, 47.6182513], [-122.3263529, 47.6182749], [-122.3265265, 47.6182749], [-122.3265265, 47.618251], [-122.326645, 47.6182509], [-122.326645, 47.6184069]]]}}, {"type": "Feature", "properties": {"osm_id": 206048453, "source": "OpenStreetMap", "building": "apartments", "name": "Troy Apartments"}, "geometry": {"type": "Polygon", "coordinates": [[[-122.3268536, 47.6188886], [-122.3272291, 47.6188868], [-122.3272427, 47.6188906], [-122.3272541, 47.6188981], [-122.3272591, 47.6189077], [-122.327261, 47.6189953], [-122.3268252, 47.618996], [-122.3268536, 47.6188886]]]}}, {"type": "Feature", "properties": {"osm_id": 206048458, "source": "OpenStreetMap", "building": "apartments", "building:levels": "4"}, "geometry": {"type": "Polygon", "coordinates": [[[-122.3272367, 47.6176295], [-122.3272323, 47.6178289], [-122.326929, 47.6178258], [-122.3269313, 47.6177222], [-122.32692, 47.6177221], [-122.326921, 47.6176768], [-122.32693, 47.6176769], [-122.3269311, 47.6176265], [-122.3272367, 47.6176295]]]}}, {"type": "Feature", "properties": {"osm_id": 206051216, "source": "OpenStreetMap", "building": "apartments", "name": "Melrose Court Apartments", "building:levels": "3"}, "geometry": {"type": "Polygon", "coordinates": [[[-122.3273944, 47.6163078], [-122.3277743, 47.6163072], [-122.3277747, 47.6164344], [-122.3277372, 47.6164345], [-122.3277371, 47.6164048], [-122.3275453, 47.616405], [-122.3275458, 47.616545], [-122.3274868, 47.616545], [-122.3274867, 47.6165312], [-122.3273951, 47.6165314], [-122.3273944, 47.6163078]]]}}, {"type": "Feature", "properties": {"osm_id": 206051217, "source": "OpenStreetMap", "building": "house"}, "geometry": {"type": "Polygon", "coordinates": [[[-122.3248814, 47.6168222], [-122.3246638, 47.6168232], [-122.3246632, 47.6167693], [-122.3246804, 47.6167692], [-122.32468, 47.6167348], [-122.3248771, 47.6167339], [-122.3248775, 47.6167737], [-122.324933, 47.6167734], [-122.3249335, 47.6168158], [-122.3248814, 47.616816], [-122.3248814, 47.6168222]]]}}, {"type": "Feature", "properties": {"osm_id": 206051218, "source": "OpenStreetMap", "building": "apartments", "name": "Summit Vista Apartments"}, "geometry": {"type": "Polygon", "coordinates": [[[-122.3254477, 47.6175101], [-122.3250785, 47.6175124], [-122.3250754, 47.6173903], [-122.3252033, 47.6173918], [-122.3252039, 47.6174104], [-122.3253339, 47.6174101], [-122.3253342, 47.6173892], [-122.3254359, 47.617389], [-122.3254333, 47.6174059], [-122.3254461, 47.617407], [-122.3254477, 47.6175101]]]}}, {"type": "Feature", "properties": {"osm_id": 206051220, "source": "OpenStreetMap", "building": "apartments"}, "geometry": {"type": "Polygon", "coordinates": [[[-122.3261778, 47.6169615], [-122.3257137, 47.6169625], [-122.3257132, 47.6169185], [-122.3257217, 47.6169184], [-122.3257211, 47.6168634], [-122.3258447, 47.6168624], [-122.325845, 47.6168828], [-122.3260203, 47.616882], [-122.3260199, 47.6168635], [-122.3261771, 47.6168621], [-122.3261778, 47.6169615]]]}}, {"type": "Feature", "properties": {"osm_id": 206051221, "source": "OpenStreetMap", "building": "apartments", "name": "Consulate"}, "geometry": {"type": "Polygon", "coordinates": [[[-122.3250287, 47.6158772], [-122.3247256, 47.6158769], [-122.3247274, 47.6159118], [-122.3246325, 47.6159128], [-122.3246319, 47.6158948], [-122.3246189, 47.6158949], [-122.3246161, 47.6157215], [-122.3247332, 47.6157221], [-122.3247339, 47.6157551], [-122.3250259, 47.6157543], [-122.3250287, 47.6158772]]]}}, {"type": "Feature", "properties": {"osm_id": 206051222, "source": "OpenStreetMap", "building": "apartments"}, "geometry": {"type": "Polygon", "coordinates": [[[-122.3259247, 47.6155904], [-122.326086, 47.6155889], [-122.3260879, 47.615681], [-122.3259293, 47.6156825], [-122.325929, 47.6156654], [-122.325848, 47.6156662], [-122.3258484, 47.6156862], [-122.3256913, 47.6156877], [-122.3256893, 47.6155894], [-122.3258475, 47.6155879], [-122.3258483, 47.6156256], [-122.3259254, 47.6156249], [-122.3259247, 47.6155904]]]}}, {"type": "Feature", "properties": {"osm_id": 206051223, "source": "OpenStreetMap", "building": "apartments", "name": "Mercury Apartments", "building:levels": "3"}, "geometry": {"type": "Polygon", "coordinates": [[[-122.3261809, 47.617089], [-122.3257077, 47.6170916], [-122.3257074, 47.6170854], [-122.3256972, 47.6170791], [-122.3256971, 47.6170633], [-122.3257089, 47.6170569], [-122.3257083, 47.6170224], [-122.3256964, 47.6170165], [-122.3256964, 47.6169992], [-122.325708, 47.6169928], [-122.3257079, 47.6169886], [-122.3261805, 47.6169861], [-122.3261809, 47.617089]]]}}, {"type": "Feature", "properties": {"osm_id": 206051224, "source": "OpenStreetMap", "building": "yes", "name": "The Curben Hotel"}, "geometry": {"type": "Polygon", "coordinates": [[[-122.3250399, 47.6171282], [-122.3253987, 47.6171247], [-122.3253989, 47.617133], [-122.3254124, 47.6171419], [-122.3254127, 47.6171568], [-122.3254003, 47.6171637], [-122.325401, 47.6171964], [-122.3254143, 47.6172054], [-122.3254146, 47.6172198], [-122.3254009, 47.6172288], [-122.325401, 47.6172346], [-122.3250423, 47.6172381], [-122.3250399, 47.6171282]]]}}, {"type": "Feature", "properties": {"osm_id": 206051227, "source": "OpenStreetMap", "building": "apartments", "name": "Richard M. Hudson House", "building:levels": "3"}, "geometry": {"type": "Polygon", "coordinates": [[[-122.3250317, 47.6166212], [-122.325428, 47.6166177], [-122.3254322, 47.6168362], [-122.3250339, 47.6168397], [-122.3250319, 47.6167354], [-122.325066, 47.6167351], [-122.3250661, 47.6167396], [-122.3252744, 47.6167378], [-122.325274, 47.6167147], [-122.3250655, 47.6167165], [-122.3250656, 47.6167256], [-122.3250337, 47.6167259], [-122.3250317, 47.6166212]]]}}, {"type": "Feature", "properties": {"osm_id": 206051228, "source": "OpenStreetMap", "building": "apartments", "name": "Corinthian", "building:levels": "4"}, "geometry": {"type": "Polygon", "coordinates": [[[-122.3261724, 47.6164267], [-122.3261752, 47.6167039], [-122.3260773, 47.6167034], [-122.3260775, 47.6166642], [-122.3257801, 47.6166649], [-122.3257812, 47.6167048], [-122.3256843, 47.6167052], [-122.3256794, 47.6164282], [-122.3257763, 47.616428], [-122.3257764, 47.6164665], [-122.3260741, 47.6164665], [-122.3260733, 47.616428], [-122.3261724, 47.6164267]]]}}, {"type": "Feature", "properties": {"osm_id": 206051230, "source": "OpenStreetMap", "building": "retail", "building:levels": "3"}, "geometry": {"type": "Polygon", "coordinates": [[[-122.3265731, 47.6166853], [-122.3264336, 47.616686], [-122.3264336, 47.6166827], [-122.3264215, 47.6166827], [-122.3264211, 47.6166424], [-122.3264365, 47.6166424], [-122.3264362, 47.6166131], [-122.3264857, 47.6166129], [-122.3264856, 47.6165995], [-122.3265486, 47.6165992], [-122.3265488, 47.6166123], [-122.3265724, 47.6166122], [-122.3265731, 47.6166853]]]}}, {"type": "Feature", "properties": {"osm_id": 206051231, "source": "OpenStreetMap", "building": "yes", "name": "Uncle Ike's", "building:levels": "3"}, "geometry": {"type": "Polygon", "coordinates": [[[-122.3263098, 47.6172444], [-122.3265023, 47.6172448], [-122.3263913, 47.6173778], [-122.3263075, 47.6173773], [-122.3263098, 47.6172444]]]}}, {"type": "Feature", "properties": {"osm_id": 206051232, "source": "OpenStreetMap", "building": "apartments", "name": "Sherwood Apartments", "building:levels": "6"}, "geometry": {"type": "Polygon", "coordinates": [[[-122.3280795, 47.6160537], [-122.3283528, 47.6163586], [-122.3280693, 47.6164763], [-122.3280555, 47.6164776], [-122.3280417, 47.6164749], [-122.32803, 47.6164692], [-122.3280187, 47.6164619], [-122.3280072, 47.6164484], [-122.3280096, 47.6163505], [-122.3280181, 47.6163482], [-122.3281021, 47.6163118], [-122.3280116, 47.6162115], [-122.3280118, 47.6160673], [-122.3280265, 47.6160573], [-122.328039, 47.6160509], [-122.3280541, 47.616048], [-122.3280697, 47.6160491], [-122.3280795, 47.6160537]]]}}, {"type": "Feature", "properties": {"osm_id": 206051234, "source": "OpenStreetMap", "building": "apartments", "name": "Summit Court"}, "geometry": {"type": "Polygon", "coordinates": [[[-122.3253782, 47.6169561], [-122.3251425, 47.6169598], [-122.3251421, 47.6169479], [-122.3250894, 47.6169487], [-122.3250864, 47.6168611], [-122.3251549, 47.6168601], [-122.3251554, 47.6168734], [-122.3253012, 47.6168711], [-122.3253007, 47.6168571], [-122.3253348, 47.6168566], [-122.3253357, 47.6168839], [-122.3253757, 47.6168833], [-122.3253782, 47.6169561]]]}}, {"type": "Feature", "properties": {"osm_id": 206051235, "source": "OpenStreetMap", "building": "apartments", "name": "The Ansonia", "building:levels": "3"}, "geometry": {"type": "Polygon", "coordinates": [[[-122.326308, 47.6160086], [-122.3265674, 47.616007], [-122.3265672, 47.6159867], [-122.3266613, 47.6159861], [-122.326663, 47.6161145], [-122.3265627, 47.6161151], [-122.3265624, 47.616095], [-122.3263194, 47.6160965], [-122.3263197, 47.6161185], [-122.3262499, 47.6161189], [-122.3262481, 47.6159875], [-122.3263077, 47.6159871], [-122.326308, 47.6160086]]]}}, {"type": "Feature", "properties": {"osm_id": 206051237, "source": "OpenStreetMap", "building": "yes"}, "geometry": {"type": "Polygon", "coordinates": [[[-122.3277235, 47.6153687], [-122.3277408, 47.615375], [-122.3277517, 47.615386], [-122.3277493, 47.6155358], [-122.3276959, 47.6155354], [-122.3276953, 47.6155745], [-122.3273817, 47.6155722], [-122.3273848, 47.6153721], [-122.3274411, 47.6153725], [-122.3274413, 47.6153619], [-122.3276189, 47.6153632], [-122.327619, 47.6153566], [-122.3276974, 47.6153572], [-122.3276972, 47.6153685], [-122.3277235, 47.6153687]]]}}, {"type": "Feature", "properties": {"osm_id": 206051239, "source": "OpenStreetMap", "building": "apartments"}, "geometry": {"type": "Polygon", "coordinates": [[[-122.325922, 47.61556], [-122.3256715, 47.6155632], [-122.3256666, 47.6154411], [-122.3258352, 47.6154404], [-122.325835, 47.615449], [-122.3259749, 47.6154482], [-122.325975, 47.6154397], [-122.3261473, 47.6154398], [-122.3261488, 47.6155715], [-122.3259779, 47.6155716], [-122.3259775, 47.6155497], [-122.3259215, 47.6155498], [-122.325922, 47.61556]]]}}, {"type": "Feature", "properties": {"osm_id": 206051241, "source": "OpenStreetMap", "building": "apartments"}, "geometry": {"type": "Polygon", "coordinates": [[[-122.3260814, 47.6171425], [-122.3260881, 47.6174757], [-122.3259612, 47.617477], [-122.3259602, 47.617467], [-122.3257012, 47.6174695], [-122.3256992, 47.6173822], [-122.3259342, 47.6173813], [-122.3259319, 47.617278], [-122.325906, 47.6172778], [-122.3259057, 47.6172406], [-122.3256965, 47.6172411], [-122.3256956, 47.6171519], [-122.3259506, 47.6171512], [-122.3259504, 47.6171428], [-122.3260814, 47.6171425]]]}}, {"type": "Feature", "properties": {"osm_id": 206051243, "source": "OpenStreetMap", "building": "apartments", "name": "Summit View"}, "geometry": {"type": "Polygon", "coordinates": [[[-122.3257604, 47.6167122], [-122.3260169, 47.6167096], [-122.3260173, 47.6167251], [-122.3260422, 47.6167253], [-122.3260424, 47.6167396], [-122.3260473, 47.6167397], [-122.3260492, 47.6168063], [-122.3260428, 47.6168063], [-122.3260433, 47.6168222], [-122.3260231, 47.6168223], [-122.3260238, 47.616829], [-122.3260184, 47.6168292], [-122.3260183, 47.6168428], [-122.325759, 47.6168445], [-122.3257588, 47.6168415], [-122.3257484, 47.6168415], [-122.3257483, 47.6168169], [-122.3257415, 47.6168168], [-122.3257398, 47.6167373], [-122.3257571, 47.6167371], [-122.3257568, 47.6167254], [-122.3257602, 47.6167254], [-122.3257604, 47.6167122]]]}}, {"type": "Feature", "properties": {"osm_id": 206051247, "source": "OpenStreetMap", "building": "apartments", "name": "The Parc on Summit"}, "geometry": {"type": "Polygon", "coordinates": [[[-122.3251082, 47.6157288], [-122.3251055, 47.6155899], [-122.3252758, 47.6155884], [-122.3252761, 47.6156073], [-122.3253843, 47.6156064], [-122.325386, 47.615694], [-122.3253774, 47.6156941], [-122.3253779, 47.6157202], [-122.3253976, 47.61572], [-122.3253986, 47.6157707], [-122.3253793, 47.6157708], [-122.3253797, 47.6157909], [-122.3253888, 47.6157908], [-122.3253905, 47.6158805], [-122.3252794, 47.6158815], [-122.3252798, 47.6159021], [-122.3251093, 47.6159036], [-122.3251067, 47.6157673], [-122.3251499, 47.6157669], [-122.3251491, 47.6157284], [-122.3251082, 47.6157288]]]}}, {"type": "Feature", "properties": {"osm_id": 206051248, "source": "OpenStreetMap", "building": "apartments", "name": "The Parc on Summit", "building:levels": "5"}, "geometry": {"type": "Polygon", "coordinates": [[[-122.3251116, 47.6160752], [-122.3251089, 47.6159364], [-122.3252791, 47.6159349], [-122.3252795, 47.6159537], [-122.3253877, 47.6159528], [-122.3253894, 47.6160405], [-122.3253808, 47.6160405], [-122.3253813, 47.6160666], [-122.325401, 47.6160665], [-122.3254019, 47.6161171], [-122.3253827, 47.6161173], [-122.3253831, 47.6161373], [-122.3253921, 47.6161372], [-122.3253939, 47.6162269], [-122.3252827, 47.6162279], [-122.3252831, 47.6162485], [-122.3251127, 47.61625], [-122.32511, 47.6161137], [-122.3251532, 47.6161133], [-122.3251525, 47.6160748], [-122.3251116, 47.6160752]]]}}, {"type": "Feature", "properties": {"osm_id": 206051251, "source": "OpenStreetMap", "building": "apartments", "name": "Capitol Steps Apartments and Executive Suites", "building:levels": "7"}, "geometry": {"type": "Polygon", "coordinates": [[[-122.3274939, 47.6162826], [-122.3270153, 47.6162774], [-122.3270155, 47.6162686], [-122.3269784, 47.6162688], [-122.3269786, 47.6162513], [-122.3269687, 47.6162512], [-122.3269679, 47.616219], [-122.3269773, 47.6162189], [-122.3269815, 47.6160934], [-122.3269722, 47.6160932], [-122.3269719, 47.6160623], [-122.3269803, 47.6160623], [-122.3269803, 47.6160485], [-122.3272654, 47.6160501], [-122.3272652, 47.6160447], [-122.3273299, 47.6160455], [-122.3273324, 47.6161614], [-122.327721, 47.6161628], [-122.3277209, 47.6161784], [-122.327763, 47.6161787], [-122.327763, 47.6162875], [-122.3276701, 47.6162867], [-122.3276702, 47.6162776], [-122.327494, 47.6162761], [-122.3274939, 47.6162826]]]}}, {"type": "Feature", "properties": {"osm_id": 206051252, "source": "OpenStreetMap", "building": "apartments", "name": "El Capitan"}, "geometry": {"type": "Polygon", "coordinates": [[[-122.3282966, 47.6159729], [-122.3280439, 47.6156968], [-122.3281019, 47.6156702], [-122.328131, 47.6156579], [-122.3281351, 47.6156623], [-122.3281572, 47.6156532], [-122.3281535, 47.6156489], [-122.3282562, 47.6156058], [-122.3282991, 47.6156525], [-122.3282455, 47.6156749], [-122.3282743, 47.6157061], [-122.3283098, 47.6156913], [-122.3283036, 47.6156844], [-122.3285189, 47.615594], [-122.3286267, 47.6157113], [-122.3286429, 47.6157293], [-122.3284266, 47.6158198], [-122.3284203, 47.6158128], [-122.3283857, 47.6158272], [-122.3284134, 47.6158573], [-122.3284635, 47.6158363], [-122.3285075, 47.6158845], [-122.3284063, 47.6159269], [-122.3284027, 47.615925], [-122.3283847, 47.6159325], [-122.3283873, 47.6159349], [-122.3282966, 47.6159729]]]}}, {"type": "Feature", "properties": {"osm_id": 206051254, "source": "OpenStreetMap", "building": "apartments", "building:levels": "5"}, "geometry": {"type": "Polygon", "coordinates": [[[-122.3269189, 47.6164451], [-122.3272644, 47.616447], [-122.3272635, 47.6165243], [-122.3272478, 47.6165242], [-122.3272475, 47.6165493], [-122.3272374, 47.6165493], [-122.3272371, 47.6165786], [-122.3272468, 47.6165787], [-122.3272457, 47.6166738], [-122.3272319, 47.6166737], [-122.3272315, 47.6167057], [-122.3272445, 47.6167058], [-122.3272442, 47.6167308], [-122.3272601, 47.6167309], [-122.3272595, 47.6167792], [-122.3271352, 47.6168323], [-122.3271293, 47.6168253], [-122.3270674, 47.6168497], [-122.3270744, 47.6168576], [-122.3269849, 47.6168945], [-122.3269564, 47.6168995], [-122.3269293, 47.6168922], [-122.3269161, 47.616876], [-122.3269181, 47.6167693], [-122.3269347, 47.6167694], [-122.3269349, 47.6167507], [-122.3269207, 47.6167506], [-122.3269226, 47.6165872], [-122.3269353, 47.6165872], [-122.3269355, 47.6165646], [-122.3269176, 47.6165645], [-122.3269189, 47.6164451]]]}}, {"type": "Feature", "properties": {"osm_id": 206051257, "source": "OpenStreetMap", "building": "apartments", "name": "Hawthorne", "building:levels": "6"}, "geometry": {"type": "Polygon", "coordinates": [[[-122.326288, 47.6155734], [-122.3266689, 47.6155702], [-122.3266696, 47.6156084], [-122.3266449, 47.6156086], [-122.3266472, 47.6157352], [-122.3266686, 47.615735], [-122.3266699, 47.6158056], [-122.3266426, 47.6158059], [-122.3266448, 47.6159262], [-122.3266667, 47.615926], [-122.3266674, 47.6159659], [-122.3265263, 47.6159671], [-122.3265258, 47.6159411], [-122.3263977, 47.6159422], [-122.3263981, 47.6159636], [-122.3262863, 47.6159645], [-122.3262856, 47.6159262], [-122.3262726, 47.6159263], [-122.3262714, 47.6158602], [-122.3262662, 47.6158602], [-122.3262653, 47.6158117], [-122.3263031, 47.6158114], [-122.3263028, 47.6157957], [-122.3263573, 47.6157952], [-122.3263574, 47.6158006], [-122.326474, 47.6157996], [-122.3264729, 47.6157396], [-122.3263577, 47.6157405], [-122.3263577, 47.6157454], [-122.3263071, 47.6157458], [-122.3263068, 47.6157287], [-122.3262683, 47.615729], [-122.3262674, 47.615678], [-122.3262793, 47.6156779], [-122.326278, 47.6156068], [-122.3262886, 47.6156067], [-122.326288, 47.6155734]]]}}, {"type": "Feature", "properties": {"osm_id": 206051259, "source": "OpenStreetMap", "building": "apartments", "building:levels": "5"}, "geometry": {"type": "Polygon", "coordinates": [[[-122.326233, 47.6165597], [-122.3262286, 47.6164376], [-122.3262474, 47.6164373], [-122.3262471, 47.6164276], [-122.3262865, 47.6164269], [-122.3262868, 47.6164342], [-122.3263472, 47.6164332], [-122.3263469, 47.6164251], [-122.3263841, 47.6164245], [-122.3263844, 47.6164332], [-122.3264452, 47.6164322], [-122.3264449, 47.6164241], [-122.3264848, 47.6164234], [-122.3264851, 47.6164333], [-122.3265285, 47.6164326], [-122.3265281, 47.6164228], [-122.3266227, 47.6164212], [-122.326623, 47.6164292], [-122.3266602, 47.6164285], [-122.326661, 47.616453], [-122.3266703, 47.6164528], [-122.3266712, 47.6164775], [-122.3266643, 47.6164776], [-122.3266648, 47.616492], [-122.3266693, 47.6164919], [-122.3266704, 47.6165217], [-122.3266612, 47.6165219], [-122.326662, 47.6165438], [-122.3266253, 47.6165444], [-122.3266255, 47.6165487], [-122.3265729, 47.6165495], [-122.3265732, 47.6165578], [-122.3264288, 47.6165602], [-122.3264284, 47.61655], [-122.3263317, 47.6165516], [-122.3263319, 47.6165581], [-122.326233, 47.6165597]]]}}, {"type": "Feature", "properties": {"osm_id": 206051264, "source": "OpenStreetMap", "building": "yes"}, "geometry": {"type": "Polygon", "coordinates": [[[-122.3266717, 47.6155567], [-122.3262329, 47.6155571], [-122.3262324, 47.6153333], [-122.3266712, 47.6153328], [-122.3266717, 47.6155567]]]}}, {"type": "Feature", "properties": {"osm_id": 206051266, "source": "OpenStreetMap", "building": "house"}, "geometry": {"type": "Polygon", "coordinates": [[[-122.3248575, 47.6159864], [-122.3246719, 47.6159889], [-122.3246699, 47.6159172], [-122.3248555, 47.6159148], [-122.3248575, 47.6159864]]]}}, {"type": "Feature", "properties": {"osm_id": 206051267, "source": "OpenStreetMap", "building": "retail", "building:levels": "2"}, "geometry": {"type": "Polygon", "coordinates": [[[-122.3277392, 47.6165905], [-122.3275192, 47.6166829], [-122.3274798, 47.6166831], [-122.3273437, 47.6166834], [-122.3273435, 47.616553], [-122.3277711, 47.6165517], [-122.3277392, 47.6165905]]]}}, {"type": "Feature", "properties": {"osm_id": 206051269, "source": "OpenStreetMap", "building": "retail", "building:levels": "1"}, "geometry": {"type": "Polygon", "coordinates": [[[-122.3264833, 47.6176564], [-122.3266392, 47.6174603], [-122.3266517, 47.6174578], [-122.3266544, 47.6176584], [-122.3264833, 47.6176564]]]}}, {"type": "Feature", "properties": {"osm_id": 206051271, "source": "OpenStreetMap", "building": "retail", "building:levels": "1"}, "geometry": {"type": "Polygon", "coordinates": [[[-122.3263884, 47.6173824], [-122.3262522, 47.6175466], [-122.32623, 47.6175474], [-122.3262265, 47.6173828], [-122.3263884, 47.6173824]]]}}, {"type": "Feature", "properties": {"osm_id": 206051272, "source": "OpenStreetMap", "building": "apartments", "name": "Summit Apartments", "building:levels": "3"}, "geometry": {"type": "Polygon", "coordinates": [[[-122.3253836, 47.6165789], [-122.3250881, 47.6165828], [-122.3250845, 47.6164584], [-122.32538, 47.6164546], [-122.3253836, 47.6165789]]]}}, {"type": "Feature", "properties": {"osm_id": 206051273, "source": "OpenStreetMap", "building": "apartments", "name": "Kensington", "building:levels": "3"}, "geometry": {"type": "Polygon", "coordinates": [[[-122.3249861, 47.6161104], [-122.3246263, 47.616116], [-122.3246224, 47.6160014], [-122.3249822, 47.6159958], [-122.3249861, 47.6161104]]]}}, {"type": "Feature", "properties": {"osm_id": 206051275, "source": "OpenStreetMap", "building": "yes", "name": "Bellevue Terrace"}, "geometry": {"type": "Polygon", "coordinates": [[[-122.3273027, 47.6159794], [-122.3269755, 47.6159775], [-122.3269768, 47.6158788], [-122.327304, 47.6158807], [-122.3273027, 47.6159794]]]}}, {"type": "Feature", "properties": {"osm_id": 206051276, "source": "OpenStreetMap", "building": "retail"}, "geometry": {"type": "Polygon", "coordinates": [[[-122.3266489, 47.6169852], [-122.3264727, 47.616986], [-122.3264692, 47.6168649], [-122.3266467, 47.6168645], [-122.3266489, 47.6169852]]]}}, {"type": "Feature", "properties": {"osm_id": 206051278, "source": "OpenStreetMap", "building": "apartments", "name": "Summit Place", "building:levels": "4"}, "geometry": {"type": "Polygon", "coordinates": [[[-122.3260993, 47.6162216], [-122.3257001, 47.6162292], [-122.3256913, 47.6160166], [-122.3260905, 47.616009], [-122.3260993, 47.6162216]]]}}, {"type": "Feature", "properties": {"osm_id": 206051280, "source": "OpenStreetMap", "building": "apartments", "name": "Aspen Terrace"}, "geometry": {"type": "Polygon", "coordinates": [[[-122.3250354, 47.6171062], [-122.3247747, 47.6171055], [-122.3247752, 47.6170226], [-122.3246689, 47.6170223], [-122.3246698, 47.6168697], [-122.3250368, 47.6168707], [-122.3250354, 47.6171062]]]}}, {"type": "Feature", "properties": {"osm_id": 206051281, "source": "OpenStreetMap", "building": "apartments"}, "geometry": {"type": "Polygon", "coordinates": [[[-122.3256904, 47.6158783], [-122.325842, 47.6158775], [-122.3258412, 47.615812], [-122.3256913, 47.6158129], [-122.325691, 47.6157859], [-122.3256988, 47.6157859], [-122.3256985, 47.6157639], [-122.3256899, 47.6157603], [-122.3256897, 47.6157381], [-122.3256949, 47.6157347], [-122.3258084, 47.6157341], [-122.3258083, 47.6157264], [-122.3258516, 47.6157262], [-122.3258519, 47.6157453], [-122.3259119, 47.615745], [-122.3259117, 47.6157229], [-122.3259581, 47.6157226], [-122.3259584, 47.6157431], [-122.3260717, 47.6157425], [-122.3260722, 47.615777], [-122.3260846, 47.6157769], [-122.326085, 47.6158045], [-122.3260748, 47.6158046], [-122.3260752, 47.615842], [-122.3260944, 47.6158419], [-122.3260948, 47.6158713], [-122.3260778, 47.6158714], [-122.3260782, 47.615903], [-122.326087, 47.615903], [-122.3260874, 47.615936], [-122.3259846, 47.6159365], [-122.3259848, 47.6159575], [-122.3259415, 47.6159578], [-122.3259413, 47.615939], [-122.3258577, 47.6159394], [-122.3258579, 47.6159622], [-122.3258165, 47.6159624], [-122.3258164, 47.6159582], [-122.3257035, 47.6159588], [-122.3256956, 47.6159526], [-122.3256954, 47.6159313], [-122.3257002, 47.6159274], [-122.3256999, 47.6159052], [-122.3256907, 47.6159052], [-122.3256904, 47.6158783]]]}}, {"type": "Feature", "properties": {"osm_id": 206051283, "source": "OpenStreetMap", "building": "yes", "name": "City Market", "building:levels": "1"}, "geometry": {"type": "Polygon", "coordinates": [[[-122.3262344, 47.6169871], [-122.3264727, 47.616986], [-122.3266489, 47.6169852], [-122.3266499, 47.617087], [-122.3266201, 47.6171111], [-122.3262357, 47.6171128], [-122.3262344, 47.6169871]]]}}, {"type": "Feature", "properties": {"osm_id": 206051284, "source": "OpenStreetMap", "building": "yes"}, "geometry": {"type": "Polygon", "coordinates": [[[-122.3280994, 47.6154758], [-122.3280104, 47.6153802], [-122.3282313, 47.6152863], [-122.3284154, 47.6154845], [-122.3281946, 47.6155783], [-122.3280994, 47.6154758]]]}}, {"type": "Feature", "properties": {"osm_id": 206051286, "source": "OpenStreetMap", "building": "apartments", "name": "Coniston Apts", "building:levels": "4"}, "geometry": {"type": "Polygon", "coordinates": [[[-122.3262291, 47.6171156], [-122.3264206, 47.617116], [-122.3264201, 47.6172393], [-122.3263409, 47.6172391], [-122.326341, 47.6172314], [-122.3262285, 47.6172311], [-122.3262291, 47.6171156]]]}}, {"type": "Feature", "properties": {"osm_id": 206051288, "source": "OpenStreetMap", "building": "apartments", "name": "Stephensberg Apartments", "building:levels": "4"}, "geometry": {"type": "Polygon", "coordinates": [[[-122.3266608, 47.616253], [-122.3262183, 47.6162552], [-122.3262171, 47.6161464], [-122.3265628, 47.6161446], [-122.3265626, 47.6161209], [-122.3266593, 47.6161204], [-122.3266608, 47.616253]]]}}, {"type": "Feature", "properties": {"osm_id": 206051289, "source": "OpenStreetMap", "building": "apartments", "name": "Conrad", "building:levels": "4"}, "geometry": {"type": "Polygon", "coordinates": [[[-122.3249723, 47.6162581], [-122.3246006, 47.6162621], [-122.3245974, 47.6161265], [-122.3247514, 47.6161248], [-122.324752, 47.6161484], [-122.3249697, 47.616146], [-122.3249723, 47.6162581]]]}}, {"type": "Feature", "properties": {"osm_id": 206051290, "source": "OpenStreetMap", "building": "retail"}, "geometry": {"type": "Polygon", "coordinates": [[[-122.3256699, 47.6153263], [-122.3261546, 47.6153231], [-122.3261581, 47.6154337], [-122.3256706, 47.6154378], [-122.3256699, 47.6153263]]]}}, {"type": "Feature", "properties": {"osm_id": 206051292, "source": "OpenStreetMap", "building": "apartments", "name": "Emerald Arms Apartments"}, "geometry": {"type": "Polygon", "coordinates": [[[-122.3249985, 47.6176703], [-122.3246329, 47.6176715], [-122.3246318, 47.617516], [-122.3247448, 47.6175157], [-122.3247474, 47.6175466], [-122.3249976, 47.6175458], [-122.3249985, 47.6176703]]]}}, {"type": "Feature", "properties": {"osm_id": 206051294, "source": "OpenStreetMap", "building": "apartments", "name": "Charbern", "building:levels": "9"}, "geometry": {"type": "Polygon", "coordinates": [[[-122.3246113, 47.6166953], [-122.3246095, 47.6164269], [-122.3248968, 47.616426], [-122.3250162, 47.6164256], [-122.325018, 47.616694], [-122.3248448, 47.6166946], [-122.3246113, 47.6166953]]]}}, {"type": "Feature", "properties": {"osm_id": 206051297, "source": "OpenStreetMap", "building": "apartments", "name": "The Morris"}, "geometry": {"type": "Polygon", "coordinates": [[[-122.3261752, 47.6176512], [-122.3257011, 47.6176556], [-122.3256996, 47.6175245], [-122.3256949, 47.6175245], [-122.3256949, 47.6175175], [-122.325826, 47.6175177], [-122.3258262, 47.6175411], [-122.3261752, 47.6175377], [-122.3261752, 47.6176512]]]}}, {"type": "Feature", "properties": {"osm_id": 206051299, "source": "OpenStreetMap", "building": "apartments", "name": "Violett On Melrose Apartments"}, "geometry": {"type": "Polygon", "coordinates": [[[-122.327452, 47.6160929], [-122.3274539, 47.6157478], [-122.3276746, 47.6157484], [-122.3276732, 47.6160202], [-122.3277415, 47.6160203], [-122.3277411, 47.6160936], [-122.327452, 47.6160929]]]}}, {"type": "Feature", "properties": {"osm_id": 206051301, "source": "OpenStreetMap", "building": "yes", "name": "Summit Inn", "building:levels": "5"}, "geometry": {"type": "Polygon", "coordinates": [[[-122.3250676, 47.6169905], [-122.3253696, 47.6169869], [-122.3253696, 47.6169778], [-122.3254366, 47.616977], [-122.3254406, 47.6171065], [-122.3253676, 47.6171074], [-122.3253676, 47.6171007], [-122.3250706, 47.6171042], [-122.3250676, 47.6169905]]]}}, {"type": "Feature", "properties": {"osm_id": 206051305, "source": "OpenStreetMap", "building": "apartments", "name": "Belvedere Vista Apartments", "building:levels": "4"}, "geometry": {"type": "Polygon", "coordinates": [[[-122.3277812, 47.6169831], [-122.3274075, 47.616982], [-122.3273984, 47.6169597], [-122.327695, 47.6168364], [-122.3277173, 47.6168271], [-122.3277395, 47.6168239], [-122.3277626, 47.6168278], [-122.3277773, 47.6168399], [-122.3277812, 47.6169831]]]}}, {"type": "Feature", "properties": {"osm_id": 206070521, "source": "OpenStreetMap", "building": "apartments"}, "geometry": {"type": "Polygon", "coordinates": [[[-122.3259155, 47.6190541], [-122.3259163, 47.6191714], [-122.3254469, 47.6191729], [-122.3254256, 47.6191571], [-122.3254247, 47.6190337], [-122.3255293, 47.6190334], [-122.3255295, 47.6190663], [-122.3257514, 47.6190656], [-122.3257513, 47.6190546], [-122.3259155, 47.6190541]]]}}, {"type": "Feature", "properties": {"osm_id": 206623291, "source": "OpenStreetMap", "building": "apartments", "name": "Pine + Minor", "building:levels": "2"}, "geometry": {"type": "Polygon", "coordinates": [[[-122.3286714, 47.6147742], [-122.328475, 47.6145575], [-122.3283378, 47.6144061], [-122.3285288, 47.6143274], [-122.3287976, 47.6142167], [-122.3288865, 47.6143147], [-122.3287024, 47.6147713], [-122.3286714, 47.6147742]]]}}, {"type": "Feature", "properties": {"osm_id": 206623301, "source": "OpenStreetMap", "building": "yes", "name": "Victrola Coffee Roasters", "building:levels": "1"}, "geometry": {"type": "Polygon", "coordinates": [[[-122.3272097, 47.6142017], [-122.3273928, 47.6142028], [-122.3273912, 47.614322], [-122.3273894, 47.6144581], [-122.3272063, 47.6144572], [-122.3272097, 47.6142017]]]}}, {"type": "Feature", "properties": {"osm_id": 206623330, "source": "OpenStreetMap", "building": "yes"}, "geometry": {"type": "Polygon", "coordinates": [[[-122.3289524, 47.6141341], [-122.3289472, 47.6141285], [-122.3289331, 47.6141133], [-122.3289428, 47.6141092], [-122.3287513, 47.6139023], [-122.3290292, 47.6137855], [-122.3291017, 47.6138605], [-122.3290666, 47.6138722], [-122.3290798, 47.6138919], [-122.3290447, 47.6139046], [-122.3289524, 47.6141341]]]}}, {"type": "Feature", "properties": {"osm_id": 206623333, "source": "OpenStreetMap", "building": "retail", "building:levels": "2"}, "geometry": {"type": "Polygon", "coordinates": [[[-122.3245855, 47.6137893], [-122.3245989, 47.6137893], [-122.3247406, 47.6137892], [-122.3247405, 47.6137372], [-122.3247489, 47.6137372], [-122.3249179, 47.6137371], [-122.324918, 47.6137616], [-122.324918, 47.613787], [-122.3249835, 47.613787], [-122.3249838, 47.613991], [-122.3245858, 47.6139912], [-122.3245855, 47.6137893]]]}}, {"type": "Feature", "properties": {"osm_id": 206623364, "source": "OpenStreetMap", "building": "yes"}, "geometry": {"type": "Polygon", "coordinates": [[[-122.3276712, 47.6144938], [-122.3276698, 47.6145684], [-122.327607, 47.6145679], [-122.3276069, 47.6145733], [-122.3275078, 47.6145724], [-122.327508, 47.6145664], [-122.3274613, 47.614566], [-122.3274627, 47.6144932], [-122.3275087, 47.6144936], [-122.3275088, 47.6144841], [-122.3276061, 47.6144849], [-122.3276059, 47.6144932], [-122.3276712, 47.6144938]]]}}, {"type": "Feature", "properties": {"osm_id": 206623371, "source": "OpenStreetMap", "building": "apartments", "name": "Villa Apartments"}, "geometry": {"type": "Polygon", "coordinates": [[[-122.3289213, 47.6141616], [-122.3288501, 47.6141916], [-122.3284783, 47.6137899], [-122.3288934, 47.6136153], [-122.3290448, 47.6137789], [-122.3290292, 47.6137855], [-122.3287513, 47.6139023], [-122.3289428, 47.6141092], [-122.3289331, 47.6141133], [-122.3289472, 47.6141285], [-122.3289524, 47.6141341], [-122.3289383, 47.6141401], [-122.3289479, 47.6141504], [-122.3289213, 47.6141616]]]}}, {"type": "Feature", "properties": {"osm_id": 206623396, "source": "OpenStreetMap", "building": "house"}, "geometry": {"type": "Polygon", "coordinates": [[[-122.3253795, 47.613468], [-122.3252579, 47.6134695], [-122.3252573, 47.6134482], [-122.3250936, 47.6134501], [-122.3250939, 47.6134578], [-122.324994, 47.613459], [-122.3249944, 47.6133292], [-122.3251043, 47.6133285], [-122.3251048, 47.6133439], [-122.3252588, 47.6133421], [-122.3252584, 47.6133276], [-122.3253831, 47.6133261], [-122.3253891, 47.613326], [-122.3253927, 47.6134679], [-122.3253795, 47.613468]]]}}, {"type": "Feature", "properties": {"osm_id": 206623465, "source": "OpenStreetMap", "building": "school", "name": "The Northwest School - Main School Building", "building:levels": "3"}, "geometry": {"type": "Polygon", "coordinates": [[[-122.3256967, 47.6135479], [-122.3257195, 47.6135478], [-122.3257205, 47.6134524], [-122.3258241, 47.6134524], [-122.3258091, 47.6134431], [-122.3258099, 47.6134209], [-122.3258299, 47.6134072], [-122.3258481, 47.613407], [-122.3258477, 47.6133814], [-122.3258319, 47.6133814], [-122.3258097, 47.6133661], [-122.3258094, 47.6133427], [-122.3258295, 47.6133298], [-122.3258648, 47.6133296], [-122.3258614, 47.6132393], [-122.3256961, 47.613241], [-122.325696, 47.6132156], [-122.3256953, 47.6131659], [-122.3256952, 47.6131412], [-122.3258376, 47.6131405], [-122.3258376, 47.6131207], [-122.3259956, 47.6131207], [-122.325995, 47.6131385], [-122.3261353, 47.6131372], [-122.3261386, 47.6132365], [-122.3260805, 47.6132366], [-122.3260808, 47.613545], [-122.3261385, 47.6135451], [-122.3261395, 47.6136454], [-122.3256969, 47.6136475], [-122.3256967, 47.6135479]]]}}, {"type": "Feature", "properties": {"osm_id": 206623484, "source": "OpenStreetMap", "building": "apartments", "name": "MUSE", "building:levels": "3"}, "geometry": {"type": "Polygon", "coordinates": [[[-122.3273754, 47.6145813], [-122.3269492, 47.6145786], [-122.3269504, 47.6144804], [-122.3273767, 47.6144832], [-122.3273754, 47.6145813]]]}}, {"type": "Feature", "properties": {"osm_id": 206623487, "source": "OpenStreetMap", "building": "apartments", "building:levels": "3"}, "geometry": {"type": "Polygon", "coordinates": [[[-122.3261549, 47.6151126], [-122.3256618, 47.6151169], [-122.3256592, 47.6148645], [-122.3261478, 47.6148602], [-122.3261549, 47.6151126]]]}}, {"type": "Feature", "properties": {"osm_id": 206623520, "source": "OpenStreetMap", "building": "retail", "building:levels": "2"}, "geometry": {"type": "Polygon", "coordinates": [[[-122.3254141, 47.6146715], [-122.3254147, 47.6148698], [-122.3250159, 47.6148704], [-122.3250152, 47.6146721], [-122.3254141, 47.6146715]]]}}, {"type": "Feature", "properties": {"osm_id": 206623524, "source": "OpenStreetMap", "building": "apartments", "name": "Melrose Apartments"}, "geometry": {"type": "Polygon", "coordinates": [[[-122.3278149, 47.6146188], [-122.3273789, 47.6146172], [-122.3273781, 47.6147318], [-122.3278141, 47.6147334], [-122.3278149, 47.6146188]]]}}, {"type": "Feature", "properties": {"osm_id": 206623527, "source": "OpenStreetMap", "building": "church", "name": "First Covenant Church", "building:levels": "3"}, "geometry": {"type": "Polygon", "coordinates": [[[-122.3266965, 47.6144501], [-122.3263001, 47.6144482], [-122.3262999, 47.6144561], [-122.3262685, 47.614456], [-122.3262712, 47.6141914], [-122.3266937, 47.6141933], [-122.3267023, 47.6141963], [-122.3266965, 47.6144501]]]}}, {"type": "Feature", "properties": {"osm_id": 206623547, "source": "OpenStreetMap", "building": "apartments"}, "geometry": {"type": "Polygon", "coordinates": [[[-122.3249329, 47.6149804], [-122.324645, 47.6149822], [-122.3246436, 47.6148713], [-122.3249301, 47.6148701], [-122.3249329, 47.6149804]]]}}, {"type": "Feature", "properties": {"osm_id": 206623574, "source": "OpenStreetMap", "building": "apartments", "building:levels": "5"}, "geometry": {"type": "Polygon", "coordinates": [[[-122.3254102, 47.6144943], [-122.3254114, 47.6146614], [-122.325037, 47.6146627], [-122.3250358, 47.6144956], [-122.3254102, 47.6144943]]]}}, {"type": "Feature", "properties": {"osm_id": 206623580, "source": "OpenStreetMap", "building": "yes", "building:levels": "3"}, "geometry": {"type": "Polygon", "coordinates": [[[-122.325019, 47.6150054], [-122.3254248, 47.6150033], [-122.325427, 47.6150983], [-122.3253977, 47.6151187], [-122.3250194, 47.6151212], [-122.325019, 47.6150054]]]}}, {"type": "Feature", "properties": {"osm_id": 206623581, "source": "OpenStreetMap", "building": "retail", "name": "Melrose Market"}, "geometry": {"type": "Polygon", "coordinates": [[[-122.3280263, 47.6149182], [-122.3280282, 47.614751], [-122.3283516, 47.6146162], [-122.3284639, 47.6147376], [-122.3280263, 47.6149182]]]}}, {"type": "Feature", "properties": {"osm_id": 206623582, "source": "OpenStreetMap", "building": "apartments"}, "geometry": {"type": "Polygon", "coordinates": [[[-122.325102, 47.6130527], [-122.3251015, 47.6131768], [-122.3249799, 47.6131767], [-122.3249799, 47.6130526], [-122.3250118, 47.6130526], [-122.325102, 47.6130527]]]}}, {"type": "Feature", "properties": {"osm_id": 206623587, "source": "OpenStreetMap", "building": "retail", "building:levels": "2"}, "geometry": {"type": "Polygon", "coordinates": [[[-122.3262523, 47.6151054], [-122.326255, 47.6147311], [-122.3266906, 47.6147351], [-122.3266843, 47.615106], [-122.3266546, 47.6151269], [-122.3262799, 47.6151244], [-122.3262523, 47.6151054]]]}}, {"type": "Feature", "properties": {"osm_id": 206623597, "source": "OpenStreetMap", "building": "apartments", "name": "Union Plaza Apartments", "building:levels": "4"}, "geometry": {"type": "Polygon", "coordinates": [[[-122.3262962, 47.6131592], [-122.3262983, 47.6130721], [-122.3266664, 47.6130763], [-122.3266666, 47.6130835], [-122.3266644, 47.6131634], [-122.3262962, 47.6131592]]]}}, {"type": "Feature", "properties": {"osm_id": 206623604, "source": "OpenStreetMap", "building": "retail", "name": "Greenus Building", "building:levels": "2"}, "geometry": {"type": "Polygon", "coordinates": [[[-122.3249984, 47.6142013], [-122.3253953, 47.6142011], [-122.3253957, 47.6144835], [-122.3249988, 47.6144837], [-122.3249987, 47.6144589], [-122.324998, 47.6143226], [-122.3249984, 47.6142013]]]}}, {"type": "Feature", "properties": {"osm_id": 206623610, "source": "OpenStreetMap", "building": "apartments", "name": "Dunn Motors Building", "building:levels": "1"}, "geometry": {"type": "Polygon", "coordinates": [[[-122.3249977, 47.6135012], [-122.3251985, 47.6135011], [-122.3252414, 47.613501], [-122.3254006, 47.6135009], [-122.3254008, 47.6135287], [-122.3254008, 47.6137497], [-122.3254013, 47.6139929], [-122.3249984, 47.6139931], [-122.3249983, 47.6139531], [-122.3249981, 47.6137677], [-122.3249977, 47.6135012]]]}}, {"type": "Feature", "properties": {"osm_id": 206623612, "source": "OpenStreetMap", "building": "commercial"}, "geometry": {"type": "Polygon", "coordinates": [[[-122.3280603, 47.6141052], [-122.3280508, 47.6140424], [-122.3280403, 47.613973], [-122.3284375, 47.6138104], [-122.3286718, 47.6140705], [-122.3282022, 47.6142628], [-122.3280603, 47.6141052]]]}}, {"type": "Feature", "properties": {"osm_id": 206623639, "source": "OpenStreetMap", "building": "yes", "name": "McDermott Apartments", "building:levels": "7"}, "geometry": {"type": "Polygon", "coordinates": [[[-122.3266973, 47.6144525], [-122.3266936, 47.6147304], [-122.3265261, 47.6147285], [-122.3265273, 47.614688], [-122.3265207, 47.6146672], [-122.3262585, 47.6146651], [-122.3262591, 47.6145112], [-122.3265233, 47.614514], [-122.3265314, 47.6144912], [-122.3265309, 47.6144521], [-122.3266973, 47.6144525]]]}}, {"type": "Feature", "properties": {"osm_id": 206623642, "source": "OpenStreetMap", "building": "yes"}, "geometry": {"type": "Polygon", "coordinates": [[[-122.3261291, 47.6137371], [-122.3260511, 47.6137372], [-122.3258875, 47.613738], [-122.3257215, 47.6137388], [-122.3257192, 47.613655], [-122.3257304, 47.613655], [-122.3257302, 47.613648], [-122.3258406, 47.6136474], [-122.3258406, 47.6136525], [-122.3261286, 47.6136521], [-122.3261291, 47.6137371]]]}}, {"type": "Feature", "properties": {"osm_id": 206623647, "source": "OpenStreetMap", "building": "apartments", "name": "Norman F. Chamberlain House"}, "geometry": {"type": "Polygon", "coordinates": [[[-122.3246078, 47.6145627], [-122.3246079, 47.6145437], [-122.324602, 47.6145367], [-122.3246021, 47.6145216], [-122.3246081, 47.6145145], [-122.3246082, 47.6144936], [-122.3246004, 47.6144901], [-122.3246005, 47.6144776], [-122.3246124, 47.6144686], [-122.3246299, 47.6144682], [-122.3246384, 47.6144721], [-122.3248762, 47.6144709], [-122.3248767, 47.6144802], [-122.3249178, 47.61448], [-122.3249175, 47.6145741], [-122.3248807, 47.6145744], [-122.3248807, 47.6145803], [-122.3246403, 47.6145819], [-122.3246327, 47.6145872], [-122.3246151, 47.6145871], [-122.3246015, 47.6145799], [-122.3246013, 47.6145669], [-122.3246078, 47.6145627]]]}}, {"type": "Feature", "properties": {"osm_id": 206623656, "source": "OpenStreetMap", "building": "apartments", "name": "Santa Fe"}, "geometry": {"type": "Polygon", "coordinates": [[[-122.3246136, 47.6135738], [-122.324612, 47.6135006], [-122.3246997, 47.6134997], [-122.3246995, 47.613494], [-122.3247877, 47.6134931], [-122.3247879, 47.6135], [-122.3248761, 47.6134991], [-122.3248776, 47.6135711], [-122.3246136, 47.6135738]]]}}, {"type": "Feature", "properties": {"osm_id": 206623677, "source": "OpenStreetMap", "building": "apartments", "name": "Annapolis Apartments", "building:levels": "3"}, "geometry": {"type": "Polygon", "coordinates": [[[-122.3250152, 47.6151197], [-122.3246035, 47.6151229], [-122.324603, 47.6150379], [-122.3247395, 47.6150375], [-122.3247392, 47.614992], [-122.3249334, 47.6149916], [-122.3249334, 47.6149744], [-122.3249988, 47.6149741], [-122.3249979, 47.6150556], [-122.3250156, 47.6150667], [-122.3250152, 47.6151197]]]}}, {"type": "Feature", "properties": {"osm_id": 206623689, "source": "OpenStreetMap", "building": "apartments", "name": "Blanche Clare"}, "geometry": {"type": "Polygon", "coordinates": [[[-122.3266458, 47.61326], [-122.3266459, 47.613279], [-122.3266028, 47.6132786], [-122.3266022, 47.6133125], [-122.3264354, 47.6133113], [-122.3264369, 47.6132037], [-122.3266037, 47.6132049], [-122.3266032, 47.6132403], [-122.3266463, 47.6132407], [-122.3266458, 47.61326]]]}}, {"type": "Feature", "properties": {"osm_id": 206858876, "source": "OpenStreetMap", "building": "yes", "name": "Corner Market", "building:levels": "3"}, "geometry": {"type": "Polygon", "coordinates": [[[-122.3408579, 47.6089711], [-122.3404902, 47.6091244], [-122.3403005, 47.6089056], [-122.3404195, 47.6088542], [-122.3405644, 47.6087916], [-122.3408579, 47.6089711]]]}}, {"type": "Feature", "properties": {"osm_id": 206858888, "source": "OpenStreetMap", "building": "yes", "name": "Sanitary Public Market", "building:levels": "3"}, "geometry": {"type": "Polygon", "coordinates": [[[-122.3407445, 47.6094025], [-122.3404902, 47.6091244], [-122.3408579, 47.6089711], [-122.3409094, 47.6090093], [-122.3409864, 47.6090872], [-122.3411363, 47.6092389], [-122.3410894, 47.6092588], [-122.3410767, 47.6092642], [-122.3407445, 47.6094025]]]}}, {"type": "Feature", "properties": {"osm_id": 206877616, "source": "OpenStreetMap", "building": "yes", "name": "Landes Block", "building:levels": "5"}, "geometry": {"type": "Polygon", "coordinates": [[[-122.3429202, 47.6106931], [-122.3426406, 47.6109093], [-122.3426371, 47.61092], [-122.3426308, 47.6109234], [-122.3426241, 47.6109251], [-122.3426153, 47.6109245], [-122.3426093, 47.6109222], [-122.3426059, 47.6109156], [-122.3426056, 47.6109076], [-122.3424494, 47.6108171], [-122.3427443, 47.6105887], [-122.3429202, 47.6106931]]]}}, {"type": "Feature", "properties": {"osm_id": 206880345, "source": "OpenStreetMap", "building": "apartments", "name": "Market Place Tower", "building:levels": "17"}, "geometry": {"type": "Polygon", "coordinates": [[[-122.3441995, 47.6114741], [-122.344101, 47.6115509], [-122.3439238, 47.611689], [-122.3434367, 47.6114051], [-122.3434824, 47.6113695], [-122.3434112, 47.611328], [-122.3435295, 47.6112357], [-122.3434956, 47.6112159], [-122.3436355, 47.6111069], [-122.3437009, 47.611145], [-122.3442098, 47.6114417], [-122.3441816, 47.6114636], [-122.3441995, 47.6114741]]]}}, {"type": "Feature", "properties": {"osm_id": 206883222, "source": "OpenStreetMap", "building": "hotel", "name": "Thompson Seattle", "height": "38.1", "building:levels": "11"}, "geometry": {"type": "Polygon", "coordinates": [[[-122.3416359, 47.6106485], [-122.341313, 47.6104588], [-122.3410633, 47.6106519], [-122.3410206, 47.6106849], [-122.3412016, 47.6107913], [-122.3413925, 47.6106436], [-122.3415344, 47.610727], [-122.3416359, 47.6106485]]]}}, {"type": "Feature", "properties": {"osm_id": 206883226, "source": "OpenStreetMap", "building": "yes", "name": "Terminal Sales Building", "building:levels": "11"}, "geometry": {"type": "Polygon", "coordinates": [[[-122.3424024, 47.6110936], [-122.3421088, 47.611322], [-122.341836, 47.6111626], [-122.3421296, 47.6109342], [-122.3424024, 47.6110936]]]}}, {"type": "Feature", "properties": {"osm_id": 217604410, "source": "OpenStreetMap", "building": "yes"}, "geometry": {"type": "Polygon", "coordinates": [[[-122.3448232, 47.6196402], [-122.3444097, 47.6196399], [-122.3444096, 47.6193625], [-122.3444784, 47.6193625], [-122.3444784, 47.6193469], [-122.3445557, 47.619347], [-122.3445558, 47.6193625], [-122.3446505, 47.6193625], [-122.3446505, 47.619319], [-122.3447649, 47.619319], [-122.3447649, 47.6193626], [-122.3448233, 47.6193627], [-122.3448232, 47.6196402]]]}}, {"type": "Feature", "properties": {"osm_id": 217604438, "source": "OpenStreetMap", "building": "yes", "name": "Stadium Market"}, "geometry": {"type": "Polygon", "coordinates": [[[-122.3442135, 47.6188579], [-122.3442119, 47.6189663], [-122.3439149, 47.6189643], [-122.3439165, 47.6188559], [-122.3442135, 47.6188579]]]}}, {"type": "Feature", "properties": {"osm_id": 217604441, "source": "OpenStreetMap", "building": "apartments", "name": "Marselle", "building:levels": "7"}, "geometry": {"type": "Polygon", "coordinates": [[[-122.3441607, 47.6189714], [-122.344286, 47.6189708], [-122.3442857, 47.6190016], [-122.3442682, 47.6190013], [-122.3442686, 47.6190298], [-122.3442842, 47.6190295], [-122.344297, 47.6190544], [-122.3442882, 47.6190562], [-122.3442882, 47.6190795], [-122.3442991, 47.6190822], [-122.3442877, 47.6191061], [-122.3442743, 47.6191061], [-122.3442743, 47.6191344], [-122.3442879, 47.6191344], [-122.344288, 47.6191442], [-122.3442991, 47.6191478], [-122.3442861, 47.6191735], [-122.3442728, 47.6191735], [-122.3442726, 47.6192038], [-122.3442831, 47.619204], [-122.3442848, 47.6192427], [-122.3443053, 47.6192428], [-122.3443052, 47.6192989], [-122.3442848, 47.6193], [-122.3442852, 47.6193367], [-122.3442636, 47.6193366], [-122.344265, 47.6193647], [-122.3442841, 47.6193653], [-122.3442956, 47.6193892], [-122.3442846, 47.6193919], [-122.3442847, 47.6194153], [-122.3442956, 47.619418], [-122.3442842, 47.6194419], [-122.3442707, 47.6194419], [-122.3442708, 47.6194701], [-122.3443037, 47.6194701], [-122.3443037, 47.6194799], [-122.3443148, 47.6194835], [-122.3443018, 47.6195092], [-122.3442886, 47.6195092], [-122.3442882, 47.6195391], [-122.3443018, 47.619539], [-122.3443024, 47.6195724], [-122.344293, 47.6195731], [-122.3442937, 47.6195968], [-122.3443161, 47.6195973], [-122.3443164, 47.619646], [-122.3442444, 47.6196462], [-122.3442436, 47.6196402], [-122.3441631, 47.6196398], [-122.3441638, 47.6196464], [-122.3440991, 47.6196465], [-122.3440997, 47.6196399], [-122.3440187, 47.6196401], [-122.3440189, 47.6196467], [-122.3439511, 47.6196469], [-122.3439508, 47.6195947], [-122.3439737, 47.6195944], [-122.3439742, 47.6195719], [-122.3439642, 47.6195715], [-122.3439644, 47.6194986], [-122.3439534, 47.6194817], [-122.3439634, 47.6194781], [-122.3439632, 47.6194565], [-122.3439554, 47.6194546], [-122.3439668, 47.6194307], [-122.3439802, 47.6194307], [-122.3439802, 47.6194024], [-122.343948, 47.6194019], [-122.3439477, 47.6193922], [-122.3439361, 47.619389], [-122.3439491, 47.6193634], [-122.3439585, 47.6193634], [-122.3439585, 47.6193076], [-122.3439485, 47.6193076], [-122.3439371, 47.6192837], [-122.343948, 47.619281], [-122.3439479, 47.6192576], [-122.343937, 47.6192549], [-122.3439484, 47.619231], [-122.3439563, 47.619231], [-122.3439569, 47.6191713], [-122.3439499, 47.6191714], [-122.3439355, 47.6191469], [-122.3439479, 47.619142], [-122.343948, 47.6191333], [-122.3439581, 47.6191329], [-122.3439581, 47.619105], [-122.3439495, 47.6191046], [-122.3439375, 47.619081], [-122.3439503, 47.6190773], [-122.34395, 47.6190557], [-122.3439393, 47.619053], [-122.3439504, 47.6190282], [-122.3439625, 47.6190278], [-122.3439601, 47.6190015], [-122.3439434, 47.6190015], [-122.3439451, 47.6189679], [-122.3440666, 47.6189683], [-122.3440669, 47.6189836], [-122.3440949, 47.6189836], [-122.3440946, 47.6189671], [-122.3441354, 47.6189674], [-122.3441359, 47.6189832], [-122.3441607, 47.6189836], [-122.3441607, 47.6189714]]]}}, {"type": "Feature", "properties": {"osm_id": 217604461, "source": "OpenStreetMap", "building": "apartments", "name": "Borealis", "building:levels": "6"}, "geometry": {"type": "Polygon", "coordinates": [[[-122.3426566, 47.6186834], [-122.3427504, 47.6186841], [-122.3427508, 47.6186564], [-122.3428968, 47.6186575], [-122.3428966, 47.6186705], [-122.3431061, 47.618672], [-122.3431047, 47.6187644], [-122.3430702, 47.6187641], [-122.3430701, 47.6187756], [-122.3430817, 47.6187756], [-122.3430802, 47.6188728], [-122.3430307, 47.6188725], [-122.3430308, 47.618867], [-122.3429873, 47.6188667], [-122.3429872, 47.6188734], [-122.3427531, 47.6188717], [-122.3427525, 47.6189115], [-122.3426625, 47.6189109], [-122.3426628, 47.6188882], [-122.3426566, 47.6186834]]]}}, {"type": "Feature", "properties": {"osm_id": 217604479, "source": "OpenStreetMap", "building": "yes", "name": "Shell"}, "geometry": {"type": "Polygon", "coordinates": [[[-122.3440593, 47.6186661], [-122.3442513, 47.6186661], [-122.3442513, 47.6188468], [-122.3440593, 47.6188468], [-122.3440593, 47.6186661]]]}}, {"type": "Feature", "properties": {"osm_id": 221357249, "source": "OpenStreetMap", "building": "office", "name": "Centennial Building", "building:levels": "2"}, "geometry": {"type": "Polygon", "coordinates": [[[-122.3390798, 47.6126602], [-122.3387884, 47.6128875], [-122.338442, 47.6126761], [-122.3387252, 47.6124548], [-122.3390798, 47.6126602]]]}}, {"type": "Feature", "properties": {"osm_id": 223171636, "source": "OpenStreetMap", "building": "garage", "name": "Cobb Garage", "building:levels": "7"}, "geometry": {"type": "Polygon", "coordinates": [[[-122.3357504, 47.6083549], [-122.3355335, 47.6081089], [-122.335539, 47.6081067], [-122.3355074, 47.6080708], [-122.335584, 47.6080401], [-122.335861, 47.6079287], [-122.3359152, 47.6079074], [-122.3361637, 47.6081893], [-122.3357504, 47.6083549]]]}}, {"type": "Feature", "properties": {"osm_id": 223171639, "source": "OpenStreetMap", "building": "residential", "name": "The Cobb Apartments", "building:levels": "11"}, "geometry": {"type": "Polygon", "coordinates": [[[-122.3351416, 47.6082209], [-122.3351234, 47.6082314], [-122.3351116, 47.6082453], [-122.3351073, 47.6082611], [-122.3351112, 47.608277], [-122.3351228, 47.6082911], [-122.3353406, 47.6085277], [-122.3355116, 47.608456], [-122.335448, 47.6083871], [-122.3354947, 47.6083675], [-122.335521, 47.6083961], [-122.3356117, 47.608358], [-122.3355277, 47.6082671], [-122.3355955, 47.6082386], [-122.335457, 47.6080886], [-122.3351416, 47.6082209]]]}}, {"type": "Feature", "properties": {"osm_id": 223171640, "source": "OpenStreetMap", "building": "yes", "name": "Puget Sound Plaza"}, "geometry": {"type": "Polygon", "coordinates": [[[-122.3358468, 47.6088204], [-122.3358932, 47.6088008], [-122.336057, 47.6089771], [-122.3361536, 47.6089362], [-122.336252, 47.6088947], [-122.3357504, 47.6083549], [-122.3355458, 47.6084413], [-122.3355116, 47.608456], [-122.3353406, 47.6085277], [-122.3355458, 47.6087426], [-122.3355876, 47.6087249], [-122.3357101, 47.6086732], [-122.3357401, 47.6087055], [-122.3356176, 47.6087572], [-122.3356575, 47.6088002], [-122.3356962, 47.6088418], [-122.3358187, 47.6087901], [-122.3358468, 47.6088204]]]}}, {"type": "Feature", "properties": {"osm_id": 223423532, "source": "OpenStreetMap", "building": "garage"}, "geometry": {"type": "Polygon", "coordinates": [[[-122.3283269, 47.6130218], [-122.3282385, 47.6129236], [-122.3278359, 47.6130884], [-122.3279244, 47.6131866], [-122.3283269, 47.6130218]]]}}, {"type": "Feature", "properties": {"osm_id": 223423533, "source": "OpenStreetMap", "building": "apartments", "name": "Oxford Crest", "building:levels": "4"}, "geometry": {"type": "Polygon", "coordinates": [[[-122.3282543, 47.6129171], [-122.3281555, 47.6128074], [-122.3279066, 47.6129093], [-122.3278664, 47.6128647], [-122.327817, 47.6128099], [-122.3280552, 47.6127124], [-122.3279604, 47.6126071], [-122.3275527, 47.6127739], [-122.3278359, 47.6130884], [-122.3282543, 47.6129171]]]}}, {"type": "Feature", "properties": {"osm_id": 223423538, "source": "OpenStreetMap", "building": "apartments", "name": "1300 University"}, "geometry": {"type": "Polygon", "coordinates": [[[-122.3250266, 47.6128714], [-122.3246297, 47.6128733], [-122.3245694, 47.6128751], [-122.3244466, 47.612734], [-122.3244848, 47.6127189], [-122.3245028, 47.6127114], [-122.3245807, 47.6126792], [-122.3245878, 47.612687], [-122.3246933, 47.6126433], [-122.3246861, 47.6126354], [-122.3247817, 47.6125958], [-122.3248052, 47.6125862], [-122.3250491, 47.6128385], [-122.3250266, 47.6128714]]]}}, {"type": "Feature", "properties": {"osm_id": 223594077, "source": "OpenStreetMap", "building": "retail"}, "geometry": {"type": "Polygon", "coordinates": [[[-122.348222, 47.6180574], [-122.3480341, 47.6179454], [-122.3477944, 47.6181315], [-122.3477919, 47.6182123], [-122.3479259, 47.6182877], [-122.348222, 47.6180574]]]}}, {"type": "Feature", "properties": {"osm_id": 223883435, "source": "OpenStreetMap", "building": "apartments", "name": "Gallery Condominiums", "building:levels": "13"}, "geometry": {"type": "Polygon", "coordinates": [[[-122.3526471, 47.617986], [-122.3521625, 47.6177003], [-122.3521406, 47.6177172], [-122.3519126, 47.6175829], [-122.3521361, 47.6174106], [-122.3521107, 47.6173957], [-122.3521449, 47.6173693], [-122.3521698, 47.617384], [-122.352184, 47.617373], [-122.352628, 47.6176347], [-122.3526441, 47.6176223], [-122.3529131, 47.6177809], [-122.3526471, 47.617986]]]}}, {"type": "Feature", "properties": {"osm_id": 223915536, "source": "OpenStreetMap", "building": "yes", "name": "Grange Insurance Group", "building:levels": "4"}, "geometry": {"type": "Polygon", "coordinates": [[[-122.349824, 47.6170554], [-122.3501183, 47.6168253], [-122.350492, 47.6170476], [-122.3501964, 47.6172767], [-122.349824, 47.6170554]]]}}, {"type": "Feature", "properties": {"osm_id": 223915537, "source": "OpenStreetMap", "building": "retail"}, "geometry": {"type": "Polygon", "coordinates": [[[-122.3502181, 47.6165713], [-122.3499905, 47.6164403], [-122.3502797, 47.6162178], [-122.3505114, 47.6163531], [-122.3502181, 47.6165713]]]}}, {"type": "Feature", "properties": {"osm_id": 223915538, "source": "OpenStreetMap", "building": "yes"}, "geometry": {"type": "Polygon", "coordinates": [[[-122.3505424, 47.6167648], [-122.3507869, 47.6165749], [-122.3508615, 47.616617], [-122.3509044, 47.6165845], [-122.3510159, 47.6166494], [-122.3507283, 47.6168733], [-122.3505424, 47.6167648]]]}}, {"type": "Feature", "properties": {"osm_id": 223915541, "source": "OpenStreetMap", "building": "yes", "name": "Labor Temple", "building:levels": "2"}, "geometry": {"type": "Polygon", "coordinates": [[[-122.351587, 47.6169254], [-122.3514617, 47.6168525], [-122.3516465, 47.6167077], [-122.3515532, 47.6166534], [-122.3514387, 47.6167432], [-122.3513664, 47.6167999], [-122.3512441, 47.616729], [-122.351434, 47.6165826], [-122.3515382, 47.6165031], [-122.3518769, 47.6166995], [-122.351587, 47.6169254]]]}}, {"type": "Feature", "properties": {"osm_id": 223915542, "source": "OpenStreetMap", "building": "yes", "name": "KIRO TV", "building:levels": "3"}, "geometry": {"type": "Polygon", "coordinates": [[[-122.3505516, 47.6179001], [-122.350534, 47.6179001], [-122.350111, 47.6176501], [-122.3501118, 47.6176415], [-122.3503573, 47.6174484], [-122.3503745, 47.6174475], [-122.3504084, 47.6174677], [-122.3504214, 47.6174587], [-122.3504361, 47.6174489], [-122.3503771, 47.6174132], [-122.3505937, 47.6172482], [-122.3506343, 47.6172703], [-122.3506528, 47.6172566], [-122.350636, 47.6172461], [-122.3506361, 47.6172369], [-122.3506945, 47.6171908], [-122.3507061, 47.6171901], [-122.3508137, 47.6172549], [-122.3508268, 47.6172443], [-122.3509456, 47.6173147], [-122.350931, 47.6173258], [-122.351019, 47.6173771], [-122.3510213, 47.617386], [-122.3509624, 47.6174325], [-122.3509469, 47.6174325], [-122.3509184, 47.6174152], [-122.3508999, 47.6174285], [-122.3509557, 47.6174613], [-122.3507644, 47.6176126], [-122.3507376, 47.6175966], [-122.3507182, 47.617611], [-122.3507081, 47.617619], [-122.3507301, 47.6176326], [-122.3507075, 47.6176487], [-122.3507956, 47.6176989], [-122.3507947, 47.6177099], [-122.3505516, 47.6179001]]]}}, {"type": "Feature", "properties": {"osm_id": 223915543, "source": "OpenStreetMap", "building": "office", "building:levels": "6"}, "geometry": {"type": "Polygon", "coordinates": [[[-122.351668, 47.6177976], [-122.3526365, 47.6183601], [-122.3525652, 47.6184854], [-122.3515234, 47.6184837], [-122.3514334, 47.6184314], [-122.3513601, 47.6184283], [-122.3510762, 47.6182633], [-122.351668, 47.6177976]]]}}, {"type": "Feature", "properties": {"osm_id": 223915545, "source": "OpenStreetMap", "building": "apartments", "name": "Bay Vista Tower", "building:levels": "5"}, "geometry": {"type": "Polygon", "coordinates": [[[-122.3519502, 47.6172007], [-122.3516921, 47.6173993], [-122.3516715, 47.6174152], [-122.3516436, 47.6174156], [-122.3514551, 47.6173058], [-122.351369, 47.6172547], [-122.3513685, 47.6172379], [-122.3513749, 47.617233], [-122.3513115, 47.6171956], [-122.3512705, 47.6171962], [-122.3511905, 47.6171489], [-122.3511903, 47.6171437], [-122.3511686, 47.617144], [-122.3511015, 47.6171044], [-122.3511012, 47.6170943], [-122.3510835, 47.6170946], [-122.3510154, 47.6170544], [-122.3510149, 47.6170387], [-122.3509962, 47.6170389], [-122.3509224, 47.6169953], [-122.350922, 47.6169823], [-122.3511996, 47.6167675], [-122.3512249, 47.6167654], [-122.3514432, 47.6168968], [-122.3517857, 47.6170997], [-122.3519502, 47.6172007]]]}}, {"type": "Feature", "properties": {"osm_id": 223915547, "source": "OpenStreetMap", "building": "yes"}, "geometry": {"type": "Polygon", "coordinates": [[[-122.3494839, 47.6173114], [-122.3493026, 47.6172044], [-122.3495882, 47.6169844], [-122.3497696, 47.6170914], [-122.3494839, 47.6173114]]]}}, {"type": "Feature", "properties": {"osm_id": 223916458, "source": "OpenStreetMap", "building": "apartments", "name": "The Stonecliff", "building:levels": "3"}, "geometry": {"type": "Polygon", "coordinates": [[[-122.3467959, 47.6176168], [-122.3470835, 47.6173962], [-122.3471655, 47.6174451], [-122.3472403, 47.6174898], [-122.3469533, 47.6177104], [-122.3467959, 47.6176168]]]}}, {"type": "Feature", "properties": {"osm_id": 223916459, "source": "OpenStreetMap", "building": "apartments", "name": "Ellington Condominiums I", "building:levels": "12"}, "geometry": {"type": "Polygon", "coordinates": [[[-122.3518388, 47.6163699], [-122.3518437, 47.6163664], [-122.3518353, 47.6163611], [-122.351877, 47.6163309], [-122.3518835, 47.6163349], [-122.3519134, 47.6163132], [-122.3519015, 47.6163058], [-122.351943, 47.6162757], [-122.3519557, 47.6162836], [-122.3519867, 47.6162611], [-122.3519735, 47.6162528], [-122.3520145, 47.6162231], [-122.3520276, 47.6162313], [-122.3520583, 47.6162091], [-122.3520422, 47.616199], [-122.3520816, 47.6161704], [-122.352085, 47.6161725], [-122.3521165, 47.6161497], [-122.3521224, 47.6161534], [-122.3521277, 47.6161495], [-122.352169, 47.6161754], [-122.3521659, 47.6161776], [-122.3521943, 47.6161954], [-122.352211, 47.6161832], [-122.3523042, 47.6162416], [-122.3522912, 47.6162511], [-122.3523202, 47.6162693], [-122.3523368, 47.6162572], [-122.3523856, 47.6162878], [-122.3523383, 47.616322], [-122.3523512, 47.6163301], [-122.3523111, 47.6163591], [-122.3522997, 47.616352], [-122.3522669, 47.6163758], [-122.3522796, 47.6163837], [-122.3521998, 47.6164415], [-122.3521866, 47.6164332], [-122.3521581, 47.6164538], [-122.3521728, 47.6164631], [-122.3521313, 47.6164931], [-122.3521095, 47.6164795], [-122.3520646, 47.616512], [-122.3519152, 47.6164183], [-122.3519071, 47.6164242], [-122.3518775, 47.6164056], [-122.351886, 47.6163995], [-122.3518388, 47.6163699]]]}}, {"type": "Feature", "properties": {"osm_id": 223916460, "source": "OpenStreetMap", "building": "yes", "name": "Chase", "building:levels": "5"}, "geometry": {"type": "Polygon", "coordinates": [[[-122.3508688, 47.6157591], [-122.3511361, 47.6155539], [-122.3514522, 47.615741], [-122.3511849, 47.6159462], [-122.3508688, 47.6157591]]]}}, {"type": "Feature", "properties": {"osm_id": 223916464, "source": "OpenStreetMap", "building": "yes"}, "geometry": {"type": "Polygon", "coordinates": [[[-122.3497038, 47.6182414], [-122.349702, 47.6183658], [-122.3497297, 47.618366], [-122.3497683, 47.6183662], [-122.3497678, 47.618405], [-122.3497293, 47.6184047], [-122.3497001, 47.6184045], [-122.3496992, 47.6184628], [-122.3496831, 47.6184627], [-122.3496834, 47.6184456], [-122.3496523, 47.6184454], [-122.3496521, 47.6184528], [-122.3495029, 47.6184518], [-122.3495036, 47.6184056], [-122.3494365, 47.6184051], [-122.349437, 47.6183724], [-122.3494375, 47.6183396], [-122.3494434, 47.6183394], [-122.3494449, 47.6182416], [-122.3495939, 47.6182426], [-122.3495942, 47.6182258], [-122.3496183, 47.618226], [-122.3496181, 47.6182408], [-122.3497038, 47.6182414]]]}}, {"type": "Feature", "properties": {"osm_id": 223916465, "source": "OpenStreetMap", "building": "apartments", "name": "AVA Belltown", "building:levels": "6"}, "geometry": {"type": "Polygon", "coordinates": [[[-122.3525798, 47.61634], [-122.352621, 47.6163084], [-122.3526126, 47.6163034], [-122.3526346, 47.6162865], [-122.352645, 47.6162926], [-122.3526834, 47.6162632], [-122.3526741, 47.6162577], [-122.3526947, 47.6162419], [-122.3527025, 47.6162465], [-122.3527106, 47.6162403], [-122.3527174, 47.6162442], [-122.3527508, 47.6162186], [-122.3527156, 47.6161977], [-122.3526924, 47.6162154], [-122.3526827, 47.6162096], [-122.3526761, 47.6162146], [-122.3526474, 47.6161976], [-122.3526568, 47.6161904], [-122.3526496, 47.6161862], [-122.3526549, 47.6161822], [-122.3526202, 47.6161616], [-122.3526114, 47.6161684], [-122.3526018, 47.6161627], [-122.3525961, 47.616167], [-122.3525679, 47.6161503], [-122.3525755, 47.6161445], [-122.3525668, 47.6161394], [-122.3525879, 47.6161232], [-122.3525516, 47.6161017], [-122.3525189, 47.6161268], [-122.3525277, 47.616132], [-122.3525204, 47.6161376], [-122.3525293, 47.6161429], [-122.3525056, 47.616161], [-122.3524964, 47.6161556], [-122.3524616, 47.6161823], [-122.3524708, 47.6161877], [-122.3524423, 47.6162095], [-122.3524363, 47.6162059], [-122.3524013, 47.6162327], [-122.352205, 47.6161163], [-122.3522344, 47.6160938], [-122.352229, 47.6160906], [-122.3522955, 47.6160397], [-122.352304, 47.6160447], [-122.3523376, 47.6160189], [-122.3523309, 47.6160149], [-122.3524036, 47.6159592], [-122.3524106, 47.6159633], [-122.3524452, 47.6159369], [-122.3524382, 47.6159328], [-122.3525174, 47.6158721], [-122.3525733, 47.6159052], [-122.3525821, 47.6158985], [-122.3526065, 47.6159129], [-122.3525986, 47.6159189], [-122.3526064, 47.6159236], [-122.3526004, 47.6159282], [-122.3526392, 47.6159512], [-122.3526445, 47.6159471], [-122.3526519, 47.6159515], [-122.352659, 47.615946], [-122.3526855, 47.6159617], [-122.3526769, 47.6159683], [-122.3527316, 47.6160007], [-122.3527382, 47.6159956], [-122.3527616, 47.6160095], [-122.352757, 47.616013], [-122.3527674, 47.6160191], [-122.352762, 47.6160232], [-122.3528341, 47.616066], [-122.3528408, 47.6160608], [-122.3528541, 47.6160687], [-122.3528592, 47.6160648], [-122.3528838, 47.6160793], [-122.3528758, 47.6160855], [-122.3528834, 47.61609], [-122.3528789, 47.6160935], [-122.3529185, 47.6161169], [-122.3529242, 47.6161126], [-122.3529309, 47.6161165], [-122.3529376, 47.6161114], [-122.3529624, 47.6161261], [-122.3529565, 47.6161306], [-122.3529651, 47.6161357], [-122.3529592, 47.6161403], [-122.3529983, 47.6161635], [-122.3530042, 47.616159], [-122.3530113, 47.6161632], [-122.3530157, 47.6161598], [-122.3530396, 47.6161739], [-122.353035, 47.6161774], [-122.3530967, 47.616214], [-122.353016, 47.6162759], [-122.3530099, 47.6162723], [-122.3529777, 47.616297], [-122.3529851, 47.6163014], [-122.352907, 47.6163613], [-122.3528992, 47.6163567], [-122.3528702, 47.6163789], [-122.3528786, 47.616384], [-122.3528117, 47.6164353], [-122.3528066, 47.6164323], [-122.3527756, 47.6164561], [-122.3525798, 47.61634]]]}}, {"type": "Feature", "properties": {"osm_id": 223916466, "source": "OpenStreetMap", "building": "retail", "building:levels": "3"}, "geometry": {"type": "Polygon", "coordinates": [[[-122.3477852, 47.6184964], [-122.3477842, 47.6183112], [-122.3478892, 47.6183109], [-122.3479222, 47.6183329], [-122.3479182, 47.6183362], [-122.3480472, 47.6184149], [-122.3480392, 47.6184205], [-122.3480952, 47.6184566], [-122.3481052, 47.6184508], [-122.3481572, 47.6184793], [-122.3481572, 47.6184925], [-122.3479192, 47.618493], [-122.3479192, 47.6184961], [-122.3477852, 47.6184964]]]}}, {"type": "Feature", "properties": {"osm_id": 223916467, "source": "OpenStreetMap", "building": "yes", "name": "Edwards on Fifth", "building:levels": "6"}, "geometry": {"type": "Polygon", "coordinates": [[[-122.3469659, 47.6179894], [-122.3471479, 47.6180947], [-122.3470157, 47.6181986], [-122.3468337, 47.6180933], [-122.3469659, 47.6179894]]]}}, {"type": "Feature", "properties": {"osm_id": 223916468, "source": "OpenStreetMap", "building": "apartments", "name": "The Parc", "building:levels": "9"}, "geometry": {"type": "Polygon", "coordinates": [[[-122.3518716, 47.6158721], [-122.3516634, 47.6157504], [-122.3516932, 47.6157272], [-122.3517058, 47.6157346], [-122.3517299, 47.6157158], [-122.3517168, 47.6157082], [-122.3517688, 47.6156678], [-122.3517616, 47.6156636], [-122.3519246, 47.615537], [-122.3519855, 47.6155726], [-122.3519895, 47.6155695], [-122.3520905, 47.6156285], [-122.3520863, 47.6156318], [-122.3521473, 47.6156675], [-122.3519851, 47.6157936], [-122.3519786, 47.6157898], [-122.3519259, 47.6158308], [-122.3519126, 47.615823], [-122.3518885, 47.6158418], [-122.3519011, 47.6158492], [-122.3518716, 47.6158721]]]}}, {"type": "Feature", "properties": {"osm_id": 223916469, "source": "OpenStreetMap", "building": "apartments", "name": "The Parc", "building:levels": "13"}, "geometry": {"type": "Polygon", "coordinates": [[[-122.3518448, 47.6154821], [-122.3515495, 47.6157097], [-122.3514716, 47.6156639], [-122.3514636, 47.6156705], [-122.3513237, 47.6155875], [-122.3513177, 47.6155918], [-122.3511849, 47.6155104], [-122.351462, 47.6152977], [-122.3514815, 47.6153078], [-122.3515096, 47.6152847], [-122.3518448, 47.6154821]]]}}, {"type": "Feature", "properties": {"osm_id": 223916470, "source": "OpenStreetMap", "building": "apartments", "name": "Bayview Tower", "building:levels": "13"}, "geometry": {"type": "Polygon", "coordinates": [[[-122.3471509, 47.6177436], [-122.3471458, 47.6177435], [-122.3471427, 47.6177241], [-122.347153, 47.6177117], [-122.3471257, 47.6176953], [-122.3470741, 47.6176646], [-122.347136, 47.617616], [-122.347253, 47.6175239], [-122.3472914, 47.6175202], [-122.3474385, 47.6176103], [-122.3473731, 47.617662], [-122.3473788, 47.6176851], [-122.3474088, 47.6177039], [-122.3474432, 47.6177024], [-122.3474459, 47.6177246], [-122.3474784, 47.617745], [-122.3475098, 47.617743], [-122.3475136, 47.6177678], [-122.3474858, 47.6177899], [-122.3475101, 47.6178042], [-122.3474129, 47.6178809], [-122.3474088, 47.6178786], [-122.3473763, 47.6178599], [-122.347349, 47.6178622], [-122.3473469, 47.6178427], [-122.3473103, 47.6178214], [-122.3472825, 47.6178226], [-122.3472799, 47.6178037], [-122.3472417, 47.6177815], [-122.3472145, 47.6177847], [-122.3472113, 47.6177639], [-122.3471763, 47.6177437], [-122.3471509, 47.6177436]]]}}, {"type": "Feature", "properties": {"osm_id": 223916472, "source": "OpenStreetMap", "building": "yes"}, "geometry": {"type": "Polygon", "coordinates": [[[-122.3476354, 47.6177229], [-122.3478139, 47.617828], [-122.3475313, 47.6180475], [-122.3473509, 47.6179436], [-122.3476354, 47.6177229]]]}}, {"type": "Feature", "properties": {"osm_id": 223916473, "source": "OpenStreetMap", "building": "apartments", "name": "Fourth and Vine Building", "building:levels": "9"}, "geometry": {"type": "Polygon", "coordinates": [[[-122.3478019, 47.6174848], [-122.3477951, 47.617477], [-122.3477917, 47.617466], [-122.3477929, 47.6174547], [-122.3478047, 47.6174415], [-122.3478265, 47.6174248], [-122.3477527, 47.617381], [-122.3477343, 47.6173936], [-122.3477172, 47.6173961], [-122.3476968, 47.6173923], [-122.3474853, 47.6172664], [-122.3474816, 47.6172605], [-122.3474826, 47.6172452], [-122.3474934, 47.6172333], [-122.3477062, 47.61707], [-122.3477198, 47.6170682], [-122.3477381, 47.6170687], [-122.3477607, 47.617079], [-122.3479505, 47.6171922], [-122.347959, 47.6172044], [-122.3479597, 47.6172116], [-122.3479545, 47.6172232], [-122.3479445, 47.617231], [-122.3482685, 47.6174242], [-122.3482785, 47.6174353], [-122.3482809, 47.6174483], [-122.3482791, 47.6174569], [-122.3482668, 47.6174698], [-122.3480813, 47.617612], [-122.3480653, 47.6176191], [-122.3480532, 47.6176207], [-122.3480405, 47.6176198], [-122.3480241, 47.6176129], [-122.3478019, 47.6174848]]]}}, {"type": "Feature", "properties": {"osm_id": 223916474, "source": "OpenStreetMap", "building": "apartments", "name": "Ellington Condominiums II", "building:levels": "12"}, "geometry": {"type": "Polygon", "coordinates": [[[-122.3522263, 47.6165991], [-122.3522635, 47.6165703], [-122.3522384, 47.6165556], [-122.3522772, 47.6165255], [-122.352292, 47.6165342], [-122.352322, 47.616511], [-122.3522995, 47.6164978], [-122.3523776, 47.6164373], [-122.3523943, 47.6164471], [-122.3524245, 47.6164237], [-122.3524131, 47.6164171], [-122.3524821, 47.6163636], [-122.3524959, 47.6163717], [-122.3525025, 47.6163666], [-122.3525425, 47.6163901], [-122.3525328, 47.6163976], [-122.3525662, 47.6164172], [-122.3525786, 47.6164076], [-122.3526644, 47.616458], [-122.3526591, 47.6164622], [-122.3526919, 47.6164815], [-122.3526994, 47.6164757], [-122.3527512, 47.6165061], [-122.3527368, 47.6165172], [-122.3527318, 47.6165143], [-122.3527021, 47.6165372], [-122.35272, 47.6165477], [-122.3526835, 47.616576], [-122.3526698, 47.616568], [-122.3526388, 47.616592], [-122.35265, 47.6165985], [-122.3526105, 47.6166292], [-122.3525965, 47.616621], [-122.3525663, 47.6166444], [-122.3525832, 47.6166543], [-122.3525438, 47.6166848], [-122.3525255, 47.6166741], [-122.3524948, 47.6166979], [-122.3525139, 47.616709], [-122.3524733, 47.6167404], [-122.3524587, 47.6167319], [-122.3524558, 47.6167341], [-122.3523312, 47.6166611], [-122.3523192, 47.6166704], [-122.3522434, 47.6166259], [-122.3522557, 47.6166163], [-122.3522263, 47.6165991]]]}}, {"type": "Feature", "properties": {"osm_id": 223916475, "source": "OpenStreetMap", "building": "apartments", "name": "Avenue One", "building:levels": "12"}, "geometry": {"type": "Polygon", "coordinates": [[[-122.3512535, 47.6160234], [-122.3515419, 47.6158031], [-122.3515512, 47.6158087], [-122.351557, 47.6158043], [-122.3515993, 47.6158294], [-122.351589, 47.6158373], [-122.3516274, 47.6158602], [-122.3516387, 47.6158515], [-122.3517371, 47.6159101], [-122.3517247, 47.6159195], [-122.3517472, 47.6159329], [-122.351727, 47.6159484], [-122.3517529, 47.6159638], [-122.3517351, 47.6159773], [-122.3517591, 47.6159916], [-122.3517531, 47.6159962], [-122.3517579, 47.615999], [-122.3517038, 47.6160404], [-122.3516934, 47.6160342], [-122.3516709, 47.6160514], [-122.351685, 47.6160597], [-122.3516592, 47.6160794], [-122.3516432, 47.6160699], [-122.351617, 47.6160899], [-122.351631, 47.6160982], [-122.3515944, 47.6161261], [-122.3515785, 47.6161382], [-122.3515651, 47.6161302], [-122.3515452, 47.6161455], [-122.3515276, 47.616135], [-122.3515028, 47.6161539], [-122.3514915, 47.6161472], [-122.3514793, 47.6161565], [-122.3514563, 47.6161428], [-122.3514461, 47.6161506], [-122.3514314, 47.6161418], [-122.3514233, 47.616137], [-122.3514323, 47.61613], [-122.3514003, 47.616111], [-122.3514058, 47.6161068], [-122.3513712, 47.6160862], [-122.3513664, 47.6160898], [-122.3513336, 47.6160702], [-122.3513251, 47.6160768], [-122.3513058, 47.6160653], [-122.3513156, 47.6160578], [-122.3512858, 47.61604], [-122.3512764, 47.6160472], [-122.3512511, 47.6160321], [-122.3512586, 47.6160264], [-122.3512535, 47.6160234]]]}}, {"type": "Feature", "properties": {"osm_id": 223916476, "source": "OpenStreetMap", "building": "yes"}, "geometry": {"type": "Polygon", "coordinates": [[[-122.3470157, 47.6181986], [-122.3471479, 47.6180947], [-122.3472986, 47.6179764], [-122.3474803, 47.6180815], [-122.3471974, 47.6183037], [-122.3470157, 47.6181986]]]}}, {"type": "Feature", "properties": {"osm_id": 223916477, "source": "OpenStreetMap", "building": "yes"}, "geometry": {"type": "Polygon", "coordinates": [[[-122.3484856, 47.6163337], [-122.3488505, 47.6165513], [-122.3485633, 47.6167697], [-122.3481984, 47.6165541], [-122.3484856, 47.6163337]]]}}, {"type": "Feature", "properties": {"osm_id": 223916478, "source": "OpenStreetMap", "building": "apartments", "name": "Seattle Heights", "building:levels": "26"}, "geometry": {"type": "Polygon", "coordinates": [[[-122.3485413, 47.6162936], [-122.3488243, 47.6160765], [-122.3490793, 47.6162276], [-122.3495513, 47.6165073], [-122.3492693, 47.6167244], [-122.3485413, 47.6162936]]]}}, {"type": "Feature", "properties": {"osm_id": 223916480, "source": "OpenStreetMap", "building": "apartments", "name": "Mosler Condos and Lofts", "building:levels": "12"}, "geometry": {"type": "Polygon", "coordinates": [[[-122.3487765, 47.6176147], [-122.3490631, 47.6173929], [-122.3492425, 47.6174982], [-122.3496107, 47.6177143], [-122.349324, 47.6179362], [-122.3487765, 47.6176147]]]}}, {"type": "Feature", "properties": {"osm_id": 223917709, "source": "OpenStreetMap", "building": "house"}, "geometry": {"type": "Polygon", "coordinates": [[[-122.3508259, 47.613845], [-122.3507545, 47.6138042], [-122.3508233, 47.6137495], [-122.3508947, 47.6137902], [-122.3508259, 47.613845]]]}}, {"type": "Feature", "properties": {"osm_id": 223917710, "source": "OpenStreetMap", "building": "house"}, "geometry": {"type": "Polygon", "coordinates": [[[-122.3507138, 47.6139261], [-122.3506452, 47.6138856], [-122.3507122, 47.6138341], [-122.3507808, 47.6138746], [-122.3507138, 47.6139261]]]}}, {"type": "Feature", "properties": {"osm_id": 223917711, "source": "OpenStreetMap", "building": "house"}, "geometry": {"type": "Polygon", "coordinates": [[[-122.3508582, 47.6138627], [-122.3509258, 47.6138095], [-122.3509957, 47.6138499], [-122.3509281, 47.6139031], [-122.3508582, 47.6138627]]]}}, {"type": "Feature", "properties": {"osm_id": 223917712, "source": "OpenStreetMap", "building": "yes", "building:levels": "6"}, "geometry": {"type": "Polygon", "coordinates": [[[-122.3510922, 47.6142978], [-122.3514141, 47.614052], [-122.3521412, 47.6144846], [-122.3518193, 47.6147305], [-122.3510922, 47.6142978]]]}}, {"type": "Feature", "properties": {"osm_id": 223917715, "source": "OpenStreetMap", "building": "apartments", "name": "Bellora Condos", "building:levels": "13"}, "geometry": {"type": "Polygon", "coordinates": [[[-122.3523974, 47.6150698], [-122.3527128, 47.6148247], [-122.3530753, 47.6150366], [-122.3529256, 47.615153], [-122.3529048, 47.6151407], [-122.3527816, 47.6152365], [-122.3527992, 47.6152467], [-122.3527567, 47.6152798], [-122.3523974, 47.6150698]]]}}, {"type": "Feature", "properties": {"osm_id": 223917716, "source": "OpenStreetMap", "building": "yes", "building:levels": "5"}, "geometry": {"type": "Polygon", "coordinates": [[[-122.3524933, 47.6144456], [-122.3515952, 47.613908], [-122.351862, 47.6137036], [-122.351976, 47.6137011], [-122.3528133, 47.6141989], [-122.3524933, 47.6144456]]]}}, {"type": "Feature", "properties": {"osm_id": 223917718, "source": "OpenStreetMap", "building": "apartments", "name": "The Vine North", "building:levels": "12"}, "geometry": {"type": "Polygon", "coordinates": [[[-122.3511127, 47.6147857], [-122.3513078, 47.614639], [-122.3514311, 47.6145453], [-122.3517976, 47.6147621], [-122.3517076, 47.6148301], [-122.3516881, 47.6148591], [-122.3516755, 47.6148553], [-122.3516057, 47.6149102], [-122.3515879, 47.6149374], [-122.3515744, 47.6149337], [-122.3514797, 47.6150084], [-122.3511127, 47.6147857]]]}}, {"type": "Feature", "properties": {"osm_id": 223917719, "source": "OpenStreetMap", "building": "apartments", "name": "The Klee Lofts and Suites", "building:levels": "6"}, "geometry": {"type": "Polygon", "coordinates": [[[-122.3519877, 47.614888], [-122.3522285, 47.6150274], [-122.3520202, 47.6151908], [-122.3521525, 47.6152675], [-122.3523559, 47.615108], [-122.3526482, 47.6152774], [-122.3527152, 47.6153162], [-122.3524118, 47.6155541], [-122.3523449, 47.6155153], [-122.3520882, 47.6153666], [-122.3521314, 47.6153327], [-122.3520957, 47.6153121], [-122.3519404, 47.6152221], [-122.3518935, 47.6152589], [-122.3517275, 47.6151627], [-122.3517375, 47.6151549], [-122.3516927, 47.6151289], [-122.3517837, 47.6150575], [-122.351788, 47.6150601], [-122.3518145, 47.6150393], [-122.3518016, 47.6150318], [-122.3518667, 47.6149807], [-122.3518811, 47.6149891], [-122.3519062, 47.6149694], [-122.3518934, 47.614962], [-122.3519877, 47.614888]]]}}, {"type": "Feature", "properties": {"osm_id": 223917721, "source": "OpenStreetMap", "building": "yes"}, "geometry": {"type": "Polygon", "coordinates": [[[-122.3526098, 47.6125549], [-122.3526096, 47.6125991], [-122.3526095, 47.6126433], [-122.3524271, 47.6126433], [-122.3524271, 47.6125549], [-122.3526098, 47.6125549]]]}}, {"type": "Feature", "properties": {"osm_id": 223917723, "source": "OpenStreetMap", "building": "yes", "name": "Vine Street Self Storage"}, "geometry": {"type": "Polygon", "coordinates": [[[-122.3512647, 47.6132761], [-122.3517227, 47.6135447], [-122.3514037, 47.6137917], [-122.3509457, 47.6135231], [-122.3512647, 47.6132761]]]}}, {"type": "Feature", "properties": {"osm_id": 223917724, "source": "OpenStreetMap", "building": "yes", "building:levels": "2"}, "geometry": {"type": "Polygon", "coordinates": [[[-122.3502954, 47.6138869], [-122.3504759, 47.6139919], [-122.3501629, 47.6142363], [-122.3499824, 47.6141313], [-122.3502954, 47.6138869]]]}}, {"type": "Feature", "properties": {"osm_id": 223918083, "source": "OpenStreetMap", "building": "apartments", "name": "Bayview Apartments", "building:levels": "3"}, "geometry": {"type": "Polygon", "coordinates": [[[-122.3511155, 47.615045], [-122.3512857, 47.615146], [-122.3509639, 47.6153926], [-122.3507936, 47.6152916], [-122.3511155, 47.615045]]]}}, {"type": "Feature", "properties": {"osm_id": 223918084, "source": "OpenStreetMap", "building": "apartments", "name": "Banner Building"}, "geometry": {"type": "Polygon", "coordinates": [[[-122.3502441, 47.6149567], [-122.3505512, 47.6147214], [-122.350637, 47.6147724], [-122.3509113, 47.614935], [-122.3506042, 47.6151703], [-122.350331, 47.6150083], [-122.3502441, 47.6149567]]]}}, {"type": "Feature", "properties": {"osm_id": 223918087, "source": "OpenStreetMap", "building": "apartments", "name": "81 Vine Lofts"}, "geometry": {"type": "Polygon", "coordinates": [[[-122.3498466, 47.6147296], [-122.3498654, 47.6147151], [-122.3498427, 47.6147018], [-122.3499309, 47.6146325], [-122.3499593, 47.6146491], [-122.3501684, 47.614485], [-122.3503515, 47.6145917], [-122.3500333, 47.6148412], [-122.3498466, 47.6147296]]]}}, {"type": "Feature", "properties": {"osm_id": 223918089, "source": "OpenStreetMap", "building": "yes"}, "geometry": {"type": "Polygon", "coordinates": [[[-122.3497381, 47.6146425], [-122.3496432, 47.614586], [-122.3496328, 47.6145939], [-122.3496018, 47.6145758], [-122.3496123, 47.6145678], [-122.3495282, 47.6145179], [-122.3495709, 47.614487], [-122.3498257, 47.6142908], [-122.3499603, 47.6143706], [-122.3501424, 47.6144786], [-122.3500477, 47.6145523], [-122.3499384, 47.6144883], [-122.3497381, 47.6146425]]]}}, {"type": "Feature", "properties": {"osm_id": 223918091, "source": "OpenStreetMap", "building": "yes"}, "geometry": {"type": "Polygon", "coordinates": [[[-122.3496055, 47.6147279], [-122.3496586, 47.6147594], [-122.349611, 47.6147959], [-122.3495579, 47.6147645], [-122.3496055, 47.6147279]]]}}, {"type": "Feature", "properties": {"osm_id": 223918092, "source": "OpenStreetMap", "building": "apartments", "name": "The Cedars", "building:levels": "5"}, "geometry": {"type": "Polygon", "coordinates": [[[-122.3505159, 47.6152404], [-122.3505343, 47.6152268], [-122.3505285, 47.6152224], [-122.3505435, 47.6152122], [-122.3505878, 47.6152384], [-122.3505809, 47.6152454], [-122.3506846, 47.6153052], [-122.3506905, 47.6153007], [-122.3508442, 47.61539], [-122.3508442, 47.6154069], [-122.3508757, 47.6154272], [-122.3508603, 47.6154393], [-122.3508856, 47.6154547], [-122.3507478, 47.6155637], [-122.3507492, 47.6155768], [-122.3507235, 47.6155971], [-122.3507058, 47.6155979], [-122.350679, 47.6156196], [-122.3506798, 47.6156304], [-122.3506587, 47.6156515], [-122.3506389, 47.615653], [-122.350629, 47.6156606], [-122.3506151, 47.6156537], [-122.3505979, 47.6156549], [-122.3505701, 47.615639], [-122.3505677, 47.6156259], [-122.3505388, 47.615607], [-122.350519, 47.6156072], [-122.3504861, 47.6155916], [-122.3504872, 47.6155788], [-122.3504274, 47.615545], [-122.3504092, 47.6155453], [-122.3503804, 47.6155296], [-122.35038, 47.6155166], [-122.3503655, 47.6155078], [-122.3503744, 47.6154985], [-122.3503383, 47.6154774], [-122.3503279, 47.615486], [-122.3503114, 47.6154761], [-122.3502942, 47.615477], [-122.3502648, 47.6154595], [-122.3502639, 47.6154464], [-122.35025, 47.6154395], [-122.3502554, 47.6154348], [-122.3505159, 47.6152404]]]}}, {"type": "Feature", "properties": {"osm_id": 223918093, "source": "OpenStreetMap", "building": "apartments", "name": "First and Vine Apartments"}, "geometry": {"type": "Polygon", "coordinates": [[[-122.3493516, 47.6148849], [-122.3495082, 47.6147619], [-122.3496505, 47.6148449], [-122.3496257, 47.6148647], [-122.3498423, 47.6149908], [-122.3497016, 47.6151014], [-122.3496314, 47.6150606], [-122.3496409, 47.6150532], [-122.3493516, 47.6148849]]]}}, {"type": "Feature", "properties": {"osm_id": 223918390, "source": "OpenStreetMap", "building": "apartments", "name": "Arbor Place Tower", "building:levels": "26"}, "geometry": {"type": "Polygon", "coordinates": [[[-122.3486678, 47.6156727], [-122.3486911, 47.6156545], [-122.348582, 47.6155908], [-122.348653, 47.6155355], [-122.3485717, 47.615488], [-122.3487647, 47.6153378], [-122.3490733, 47.6155179], [-122.348786, 47.6157416], [-122.3486678, 47.6156727]]]}}, {"type": "Feature", "properties": {"osm_id": 223918391, "source": "OpenStreetMap", "building": "apartments", "name": "Site 17", "building:levels": "3"}, "geometry": {"type": "Polygon", "coordinates": [[[-122.3493059, 47.6144058], [-122.3496137, 47.614164], [-122.3496271, 47.6141719], [-122.3496543, 47.6141507], [-122.3497771, 47.6142223], [-122.3497582, 47.6142369], [-122.3498051, 47.6142641], [-122.3494885, 47.6145123], [-122.3493059, 47.6144058]]]}}, {"type": "Feature", "properties": {"osm_id": 223918392, "source": "OpenStreetMap", "building": "retail", "building:levels": "1"}, "geometry": {"type": "Polygon", "coordinates": [[[-122.3487499, 47.6152276], [-122.3490188, 47.615015], [-122.3491013, 47.6150623], [-122.3488323, 47.615275], [-122.3487499, 47.6152276]]]}}, {"type": "Feature", "properties": {"osm_id": 223918393, "source": "OpenStreetMap", "building": "yes"}, "geometry": {"type": "Polygon", "coordinates": [[[-122.3495713, 47.6159681], [-122.3495801, 47.615983], [-122.3495762, 47.6160006], [-122.3495611, 47.6160125], [-122.3495351, 47.6160153], [-122.3495127, 47.616011], [-122.3494166, 47.6160865], [-122.3492366, 47.6159824], [-122.3495124, 47.6157658], [-122.3495254, 47.6157556], [-122.3496253, 47.6158134], [-122.3497076, 47.6158611], [-122.3495713, 47.6159681]]]}}, {"type": "Feature", "properties": {"osm_id": 223918394, "source": "OpenStreetMap", "building": "apartments", "name": "Vine Court"}, "geometry": {"type": "Polygon", "coordinates": [[[-122.348942, 47.6153127], [-122.3489751, 47.6153322], [-122.3491189, 47.615221], [-122.3490836, 47.6152003], [-122.3490962, 47.6151906], [-122.3490103, 47.6151401], [-122.349107, 47.6150654], [-122.3494399, 47.6152611], [-122.3491406, 47.6154924], [-122.3488958, 47.6153484], [-122.348942, 47.6153127]]]}}, {"type": "Feature", "properties": {"osm_id": 223918395, "source": "OpenStreetMap", "building": "yes", "building:levels": "7"}, "geometry": {"type": "Polygon", "coordinates": [[[-122.348343, 47.6154746], [-122.3481022, 47.6153343], [-122.3481116, 47.6153272], [-122.3481008, 47.6153207], [-122.3483874, 47.6151004], [-122.3483956, 47.6151054], [-122.3484031, 47.6150999], [-122.3487162, 47.6152862], [-122.3487097, 47.6152908], [-122.3487164, 47.6152947], [-122.3484908, 47.6154678], [-122.3484821, 47.6154624], [-122.3484676, 47.6154708], [-122.348438, 47.6154816], [-122.3484152, 47.6154826], [-122.3483858, 47.6154795], [-122.3483504, 47.6154681], [-122.348343, 47.6154746]]]}}, {"type": "Feature", "properties": {"osm_id": 223918396, "source": "OpenStreetMap", "building": "yes", "name": "Trianon Building", "building:levels": "3"}, "geometry": {"type": "Polygon", "coordinates": [[[-122.3478784, 47.6163591], [-122.3479082, 47.6163339], [-122.3478516, 47.616299], [-122.3478179, 47.6163247], [-122.3476922, 47.6162486], [-122.3477247, 47.6162224], [-122.3476669, 47.6161887], [-122.3476347, 47.6162147], [-122.3472663, 47.6159988], [-122.3475512, 47.6157766], [-122.3477686, 47.6159036], [-122.3477326, 47.6159295], [-122.3482546, 47.6162375], [-122.3480323, 47.6164071], [-122.3480033, 47.61639], [-122.3479712, 47.6164162], [-122.3478784, 47.6163591]]]}}, {"type": "Feature", "properties": {"osm_id": 223918397, "source": "OpenStreetMap", "building": "yes", "name": "A.L. Humphrey House", "building:levels": "7"}, "geometry": {"type": "Polygon", "coordinates": [[[-122.3504244, 47.6158218], [-122.3502526, 47.6157177], [-122.3501752, 47.6157758], [-122.3502146, 47.6157996], [-122.3502293, 47.6157886], [-122.3502581, 47.6158061], [-122.3502396, 47.61582], [-122.3502145, 47.6158048], [-122.3501905, 47.6158228], [-122.3502198, 47.6158405], [-122.3501852, 47.6158665], [-122.3501542, 47.6158477], [-122.3501356, 47.6158617], [-122.3500941, 47.6158366], [-122.3499416, 47.6159509], [-122.3501134, 47.616055], [-122.3502261, 47.6159705], [-122.3501994, 47.6159543], [-122.3502293, 47.6159319], [-122.3502446, 47.6159412], [-122.3503318, 47.6158758], [-122.3503134, 47.6158646], [-122.3503495, 47.6158375], [-122.3503794, 47.6158556], [-122.3504244, 47.6158218]]]}}, {"type": "Feature", "properties": {"osm_id": 223918398, "source": "OpenStreetMap", "building": "apartments", "name": "Harbour Heights", "building:levels": "19"}, "geometry": {"type": "Polygon", "coordinates": [[[-122.3496895, 47.6162615], [-122.3495332, 47.6161692], [-122.3495317, 47.616135], [-122.3495012, 47.6161157], [-122.3495508, 47.6160758], [-122.3495461, 47.6160712], [-122.3495401, 47.616041], [-122.3496049, 47.6159867], [-122.3496566, 47.6159858], [-122.3496623, 47.6159895], [-122.3497149, 47.6159506], [-122.3497458, 47.6159676], [-122.3497964, 47.6159654], [-122.3499176, 47.6160368], [-122.3499186, 47.616069], [-122.3499516, 47.6160892], [-122.3499001, 47.6161288], [-122.3499062, 47.6161324], [-122.3499103, 47.6161679], [-122.3498448, 47.6162177], [-122.3497922, 47.6162183], [-122.3497886, 47.6162169], [-122.3497366, 47.6162586], [-122.3496895, 47.6162615]]]}}, {"type": "Feature", "properties": {"osm_id": 223918399, "source": "OpenStreetMap", "building": "yes"}, "geometry": {"type": "Polygon", "coordinates": [[[-122.3484378, 47.615073], [-122.3487322, 47.6148441], [-122.3489158, 47.6149521], [-122.3486209, 47.615181], [-122.3484378, 47.615073]]]}}, {"type": "Feature", "properties": {"osm_id": 223918400, "source": "OpenStreetMap", "building": "yes"}, "geometry": {"type": "Polygon", "coordinates": [[[-122.3492366, 47.6159824], [-122.3490572, 47.6158785], [-122.3493329, 47.615662], [-122.3495124, 47.6157658], [-122.3492366, 47.6159824]]]}}, {"type": "Feature", "properties": {"osm_id": 223918404, "source": "OpenStreetMap", "building": "apartments", "name": "The New Pacific", "building:levels": "3"}, "geometry": {"type": "Polygon", "coordinates": [[[-122.3495797, 47.615734], [-122.3493947, 47.6156275], [-122.3496877, 47.615393], [-122.3498787, 47.615503], [-122.3497647, 47.6155937], [-122.3496987, 47.615556], [-122.3496287, 47.6156117], [-122.3496897, 47.6156467], [-122.3495797, 47.615734]]]}}, {"type": "Feature", "properties": {"osm_id": 223920786, "source": "OpenStreetMap", "building": "apartments", "name": "Berkshires on Elliott", "building:levels": "6"}, "geometry": {"type": "Polygon", "coordinates": [[[-122.349704, 47.6134719], [-122.349711, 47.6134678], [-122.3497091, 47.6134563], [-122.3497363, 47.6134312], [-122.3497565, 47.6134301], [-122.3497609, 47.6134259], [-122.349783, 47.6134359], [-122.3498281, 47.613398], [-122.3498378, 47.6134015], [-122.3499358, 47.6133218], [-122.3499034, 47.6133045], [-122.349847, 47.6133523], [-122.3498259, 47.6133406], [-122.3497812, 47.6133729], [-122.3497611, 47.6133605], [-122.3497461, 47.6133685], [-122.3497214, 47.6133552], [-122.3497094, 47.613363], [-122.3496383, 47.6133214], [-122.3496482, 47.6133125], [-122.3496249, 47.6132972], [-122.3496348, 47.6132876], [-122.3496146, 47.6132734], [-122.3496527, 47.6132418], [-122.3496356, 47.6132291], [-122.3496955, 47.6131815], [-122.3496491, 47.6131545], [-122.3496253, 47.613173], [-122.3496393, 47.6131827], [-122.3495179, 47.6132787], [-122.3495422, 47.613294], [-122.3495362, 47.6132989], [-122.349538, 47.6133089], [-122.3495079, 47.6133339], [-122.3494917, 47.6133345], [-122.3494817, 47.6133404], [-122.3492299, 47.6131891], [-122.3492344, 47.6131848], [-122.3492315, 47.613174], [-122.3492647, 47.6131484], [-122.3492809, 47.6131466], [-122.3495431, 47.612943], [-122.3502755, 47.6133753], [-122.3500118, 47.6135797], [-122.3500126, 47.6135911], [-122.3499804, 47.6136165], [-122.3499627, 47.6136166], [-122.3499552, 47.6136214], [-122.349704, 47.6134719]]]}}, {"type": "Feature", "properties": {"osm_id": 223920787, "source": "OpenStreetMap", "building": "yes"}, "geometry": {"type": "Polygon", "coordinates": [[[-122.3474819, 47.6152858], [-122.3476649, 47.6153928], [-122.3473819, 47.6156142], [-122.3471968, 47.6155059], [-122.3472374, 47.6154738], [-122.3474819, 47.6152858]]]}}, {"type": "Feature", "properties": {"osm_id": 223920788, "source": "OpenStreetMap", "building": "yes"}, "geometry": {"type": "Polygon", "coordinates": [[[-122.3490971, 47.6142853], [-122.3487336, 47.6140703], [-122.3488619, 47.6139717], [-122.3488824, 47.613956], [-122.3492459, 47.6141711], [-122.3490971, 47.6142853]]]}}, {"type": "Feature", "properties": {"osm_id": 223920789, "source": "OpenStreetMap", "building": "office", "name": "Viewpoint", "building:levels": "5"}, "geometry": {"type": "Polygon", "coordinates": [[[-122.3497632, 47.6126365], [-122.3499394, 47.6125006], [-122.3507814, 47.6129968], [-122.3504645, 47.6132412], [-122.349748, 47.6128189], [-122.3497752, 47.6127979], [-122.3496749, 47.6126949], [-122.3497447, 47.612638], [-122.3497632, 47.6126365]]]}}, {"type": "Feature", "properties": {"osm_id": 223920790, "source": "OpenStreetMap", "building": "apartments", "name": "The Lexington-Concord Apartments", "building:levels": "3"}, "geometry": {"type": "Polygon", "coordinates": [[[-122.3466401, 47.615186], [-122.3469321, 47.6149603], [-122.3472957, 47.6151755], [-122.3472545, 47.6152077], [-122.3472298, 47.6151931], [-122.3470181, 47.6153565], [-122.347033, 47.6153652], [-122.3470494, 47.6153525], [-122.3470613, 47.6153595], [-122.3470102, 47.6153988], [-122.3468544, 47.6153064], [-122.3470879, 47.6151257], [-122.3470611, 47.6151098], [-122.3470725, 47.6151009], [-122.3470395, 47.6150813], [-122.3467896, 47.6152745], [-122.3466401, 47.615186]]]}}, {"type": "Feature", "properties": {"osm_id": 223920791, "source": "OpenStreetMap", "building": "apartments", "name": "Belltown Court", "building:levels": "3"}, "geometry": {"type": "Polygon", "coordinates": [[[-122.3479683, 47.6148614], [-122.3479773, 47.614855], [-122.3481985, 47.6149861], [-122.347915, 47.6152056], [-122.3475325, 47.6149794], [-122.347182, 47.6147721], [-122.3474672, 47.6145536], [-122.3476714, 47.6146742], [-122.3476417, 47.6146974], [-122.347651, 47.6147037], [-122.3475215, 47.6148], [-122.3475586, 47.6148228], [-122.3475929, 47.6147972], [-122.347821, 47.6149377], [-122.3477877, 47.6149619], [-122.3478419, 47.6149954], [-122.3479412, 47.6149224], [-122.3479112, 47.6149036], [-122.3479683, 47.6148614]]]}}, {"type": "Feature", "properties": {"osm_id": 223920792, "source": "OpenStreetMap", "building": "apartments", "name": "Montreux Condominiums", "building:levels": "7"}, "geometry": {"type": "Polygon", "coordinates": [[[-122.3461829, 47.6173157], [-122.3463469, 47.6174119], [-122.3465356, 47.617519], [-122.3465464, 47.6175264], [-122.3465492, 47.6175356], [-122.3465478, 47.6175406], [-122.3464461, 47.6176191], [-122.3462796, 47.6177477], [-122.3462625, 47.617752], [-122.3461093, 47.6176621], [-122.3460366, 47.6176195], [-122.3458989, 47.6175389], [-122.3461829, 47.6173157]]]}}, {"type": "Feature", "properties": {"osm_id": 223920793, "source": "OpenStreetMap", "building": "apartments", "name": "Site 17", "building:levels": "1"}, "geometry": {"type": "Polygon", "coordinates": [[[-122.3483676, 47.6138512], [-122.3486769, 47.6136136], [-122.3487622, 47.6136641], [-122.3487636, 47.613663], [-122.3489248, 47.6137584], [-122.3489933, 47.6137989], [-122.3493344, 47.6140007], [-122.3494076, 47.614044], [-122.3492579, 47.614159], [-122.3491845, 47.6141156], [-122.3489279, 47.6139638], [-122.3489508, 47.6139461], [-122.3488861, 47.6139079], [-122.3488724, 47.6139184], [-122.3488529, 47.6139068], [-122.3488687, 47.6138946], [-122.3487786, 47.6138413], [-122.3487189, 47.6138872], [-122.3488619, 47.6139717], [-122.3487336, 47.6140703], [-122.348601, 47.6139918], [-122.348451, 47.6139031], [-122.3484528, 47.6139017], [-122.3483676, 47.6138512]]]}}, {"type": "Feature", "properties": {"osm_id": 223920794, "source": "OpenStreetMap", "building": "yes", "building:levels": "3"}, "geometry": {"type": "Polygon", "coordinates": [[[-122.3443445, 47.6177948], [-122.3443357, 47.6177891], [-122.3438072, 47.6174804], [-122.3444242, 47.6169957], [-122.3450906, 47.6173889], [-122.3446584, 47.617728], [-122.3445874, 47.6177787], [-122.3445704, 47.6177864], [-122.3445593, 47.6177885], [-122.3445273, 47.6177873], [-122.3445226, 47.6177833], [-122.3444854, 47.6177946], [-122.3444409, 47.6177959], [-122.3444185, 47.6177924], [-122.344397, 47.6177853], [-122.344393, 47.6177894], [-122.3443734, 47.6177954], [-122.3443445, 47.6177948]]]}}, {"type": "Feature", "properties": {"osm_id": 223920795, "source": "OpenStreetMap", "building": "apartments", "name": "Skye at Belltown"}, "geometry": {"type": "Polygon", "coordinates": [[[-122.3449693, 47.6177672], [-122.3449628, 47.6177555], [-122.3449665, 47.6177468], [-122.3449805, 47.6177354], [-122.3449914, 47.6177325], [-122.3450093, 47.6177346], [-122.3450593, 47.6177628], [-122.3450968, 47.6177325], [-122.3451914, 47.6177863], [-122.3452784, 47.6177179], [-122.3451887, 47.6176673], [-122.3453013, 47.6175799], [-122.3453946, 47.6176371], [-122.3454508, 47.6175937], [-122.3455769, 47.6176694], [-122.345683, 47.617734], [-122.3460362, 47.6179413], [-122.3457561, 47.61816], [-122.3454115, 47.6184213], [-122.3450671, 47.6182181], [-122.3449677, 47.6181597], [-122.3448255, 47.6180776], [-122.3448849, 47.6180315], [-122.3447898, 47.6179751], [-122.3449017, 47.6178888], [-122.3449915, 47.6179409], [-122.3450787, 47.6178734], [-122.3449861, 47.617819], [-122.3450183, 47.6177953], [-122.3449693, 47.6177672]]]}}, {"type": "Feature", "properties": {"osm_id": 223920796, "source": "OpenStreetMap", "building": "yes", "name": "Fourth and Battery Building", "building:levels": "12"}, "geometry": {"type": "Polygon", "coordinates": [[[-122.3456232, 47.6159708], [-122.3456561, 47.6159697], [-122.3457125, 47.6159208], [-122.3457155, 47.6159192], [-122.345726, 47.6159157], [-122.3457376, 47.6159141], [-122.3457498, 47.6159144], [-122.3457712, 47.615919], [-122.3457822, 47.6159284], [-122.345844, 47.6159631], [-122.345882, 47.6159618], [-122.3459347, 47.6159953], [-122.3459386, 47.6160248], [-122.3462412, 47.616201], [-122.3462802, 47.6162004], [-122.3463385, 47.6162341], [-122.3463557, 47.6164054], [-122.3463041, 47.6164461], [-122.3460494, 47.6164561], [-122.3459927, 47.6164216], [-122.3459883, 47.6163764], [-122.3457149, 47.6162133], [-122.3456456, 47.6162169], [-122.3455867, 47.6161813], [-122.3455702, 47.6160125], [-122.3456232, 47.6159708]]]}}, {"type": "Feature", "properties": {"osm_id": 223920797, "source": "OpenStreetMap", "building": "yes"}, "geometry": {"type": "Polygon", "coordinates": [[[-122.344262, 47.6170319], [-122.3443203, 47.6170658], [-122.3442658, 47.6171086], [-122.3442075, 47.6170746], [-122.344262, 47.6170319]]]}}, {"type": "Feature", "properties": {"osm_id": 223920799, "source": "OpenStreetMap", "building": "yes"}, "geometry": {"type": "Polygon", "coordinates": [[[-122.3484259, 47.6139696], [-122.3484862, 47.6140037], [-122.3484214, 47.6140567], [-122.3483606, 47.6140226], [-122.3484259, 47.6139696]]]}}, {"type": "Feature", "properties": {"osm_id": 223920803, "source": "OpenStreetMap", "building": "hotel", "name": "Ace Hotel"}, "geometry": {"type": "Polygon", "coordinates": [[[-122.3485741, 47.6144433], [-122.3488684, 47.6142131], [-122.3490427, 47.6143153], [-122.3490494, 47.6143192], [-122.3487551, 47.6145493], [-122.3486965, 47.614515], [-122.3485741, 47.6144433]]]}}, {"type": "Feature", "properties": {"osm_id": 223920806, "source": "OpenStreetMap", "building": "apartments", "name": "Berkshires on Elliott", "building:levels": "4"}, "geometry": {"type": "Polygon", "coordinates": [[[-122.3496975, 47.613528], [-122.3498012, 47.6135898], [-122.3498673, 47.6136296], [-122.3498643, 47.6136331], [-122.3499047, 47.6136608], [-122.349811, 47.6137337], [-122.3498038, 47.6137296], [-122.3497844, 47.6137432], [-122.3497916, 47.6137486], [-122.3497163, 47.6138068], [-122.3497065, 47.613801], [-122.3496887, 47.6138161], [-122.3496974, 47.6138212], [-122.3496518, 47.6138562], [-122.3496441, 47.6138515], [-122.3496203, 47.613871], [-122.3496271, 47.6138756], [-122.3495943, 47.6139008], [-122.3488681, 47.61347], [-122.3489058, 47.6134413], [-122.3489135, 47.6134457], [-122.3489353, 47.6134282], [-122.3489281, 47.6134242], [-122.3489697, 47.6133922], [-122.3489759, 47.6133948], [-122.3489977, 47.6133798], [-122.348991, 47.6133757], [-122.3490639, 47.6133196], [-122.3490701, 47.6133235], [-122.3490909, 47.6133074], [-122.3490847, 47.6133036], [-122.3491785, 47.6132316], [-122.3492217, 47.6132566], [-122.3492272, 47.6132521], [-122.3493994, 47.61335], [-122.3493647, 47.6133777], [-122.3493472, 47.6133681], [-122.3493383, 47.6133752], [-122.349324, 47.6133735], [-122.3493246, 47.6133944], [-122.3492628, 47.6133962], [-122.3492535, 47.613405], [-122.3492529, 47.6134201], [-122.3492655, 47.6134194], [-122.3492658, 47.6134471], [-122.349287, 47.6134589], [-122.3493063, 47.6134438], [-122.349574, 47.6136025], [-122.3495562, 47.6136171], [-122.3495788, 47.6136284], [-122.3496127, 47.6136271], [-122.349617, 47.6136354], [-122.3496403, 47.6136349], [-122.3496507, 47.6136256], [-122.3496474, 47.6135832], [-122.3496753, 47.6135816], [-122.3496745, 47.6135713], [-122.3496813, 47.6135646], [-122.3496674, 47.6135556], [-122.3496975, 47.613528]]]}}, {"type": "Feature", "properties": {"osm_id": 223920814, "source": "OpenStreetMap", "building": "apartments", "name": "Centennial Tower and Court Apartments", "building:levels": "6"}, "geometry": {"type": "Polygon", "coordinates": [[[-122.3466812, 47.6164434], [-122.3467173, 47.6164649], [-122.3467262, 47.6164579], [-122.3474119, 47.6168712], [-122.3471218, 47.6170908], [-122.346401, 47.6166559], [-122.3466812, 47.6164434]]]}}, {"type": "Feature", "properties": {"osm_id": 223920817, "source": "OpenStreetMap", "building": "apartments", "name": "Belltown Court", "building:levels": "3"}, "geometry": {"type": "Polygon", "coordinates": [[[-122.3480322, 47.6148285], [-122.348058, 47.614809], [-122.3480441, 47.6148005], [-122.3480793, 47.6147736], [-122.3481036, 47.6147882], [-122.3481323, 47.6147664], [-122.3481442, 47.6147733], [-122.3481754, 47.6147493], [-122.3481625, 47.6147415], [-122.3481784, 47.6147299], [-122.3482077, 47.6147264], [-122.3482131, 47.6147208], [-122.348146, 47.6146805], [-122.3481088, 47.6147089], [-122.3479149, 47.6145923], [-122.3479233, 47.614586], [-122.3478882, 47.614565], [-122.347912, 47.6145469], [-122.3478413, 47.6145032], [-122.3478379, 47.6145074], [-122.3478389, 47.6145259], [-122.3478211, 47.6145393], [-122.3478071, 47.6145307], [-122.3477744, 47.6145554], [-122.3477893, 47.6145643], [-122.3477616, 47.6145856], [-122.3477843, 47.6145994], [-122.3477506, 47.6146252], [-122.3477387, 47.6146182], [-122.3477149, 47.6146364], [-122.347708, 47.6146416], [-122.3475016, 47.614518], [-122.3477907, 47.6142982], [-122.3478408, 47.6143283], [-122.3478512, 47.6143204], [-122.3479224, 47.6143633], [-122.3479145, 47.6143694], [-122.3479506, 47.614391], [-122.347958, 47.6143853], [-122.3480308, 47.6144292], [-122.3480203, 47.6144372], [-122.3480492, 47.614454], [-122.3480606, 47.6144459], [-122.3481906, 47.6145225], [-122.3481683, 47.6145392], [-122.34824, 47.614582], [-122.3482549, 47.6145705], [-122.3482894, 47.6145915], [-122.3483008, 47.6145829], [-122.3483767, 47.6146285], [-122.3483678, 47.6146353], [-122.3484013, 47.6146552], [-122.3484102, 47.6146482], [-122.348484, 47.6146925], [-122.3484746, 47.6146995], [-122.3485267, 47.6147308], [-122.3483923, 47.614833], [-122.348383, 47.6148273], [-122.3483587, 47.614846], [-122.3483721, 47.6148542], [-122.3482407, 47.614954], [-122.3480364, 47.6148308], [-122.3480322, 47.6148285]]]}}, {"type": "Feature", "properties": {"osm_id": 223920823, "source": "OpenStreetMap", "building": "yes"}, "geometry": {"type": "Polygon", "coordinates": [[[-122.3483957, 47.6140805], [-122.3484924, 47.6140062], [-122.3485028, 47.613998], [-122.3486823, 47.6141033], [-122.3483898, 47.6143312], [-122.3482083, 47.6142248], [-122.3483957, 47.6140805]]]}}, {"type": "Feature", "properties": {"osm_id": 223920826, "source": "OpenStreetMap", "building": "apartments", "name": "Centennial", "building:levels": "7"}, "geometry": {"type": "Polygon", "coordinates": [[[-122.3473341, 47.6167743], [-122.3473311, 47.6167726], [-122.3473041, 47.6167562], [-122.3473131, 47.616749], [-122.3472931, 47.6167368], [-122.3474021, 47.6166548], [-122.3472901, 47.6165873], [-122.3471821, 47.6166685], [-122.3470221, 47.6165717], [-122.3470341, 47.6165625], [-122.3470271, 47.6165585], [-122.3470601, 47.6165338], [-122.3470681, 47.6165385], [-122.3471301, 47.6164915], [-122.3470151, 47.616422], [-122.3469051, 47.6165051], [-122.3468911, 47.6164968], [-122.3468811, 47.6165043], [-122.3468771, 47.6165014], [-122.3468471, 47.6164834], [-122.3468561, 47.6164767], [-122.3467331, 47.616403], [-122.3467671, 47.6163778], [-122.3467571, 47.6163719], [-122.3467841, 47.6163513], [-122.3467921, 47.6163563], [-122.3468231, 47.6163331], [-122.3468141, 47.6163275], [-122.3468441, 47.6163048], [-122.3468531, 47.6163101], [-122.3469051, 47.6162708], [-122.3468951, 47.6162648], [-122.3469071, 47.6162561], [-122.3469211, 47.6162449], [-122.3469261, 47.6162476], [-122.3469351, 47.6162411], [-122.3469291, 47.616238], [-122.3469591, 47.6162159], [-122.3469651, 47.6162199], [-122.3470181, 47.61618], [-122.3470871, 47.6162211], [-122.3470951, 47.6162147], [-122.3471301, 47.6162356], [-122.3471231, 47.6162407], [-122.3471301, 47.6162452], [-122.3471381, 47.6162392], [-122.3471601, 47.6162526], [-122.3471691, 47.6162578], [-122.3471571, 47.6162667], [-122.3472221, 47.6163061], [-122.3472341, 47.6162975], [-122.3472691, 47.6163186], [-122.3472621, 47.6163236], [-122.3472771, 47.6163327], [-122.3472841, 47.6163273], [-122.3473181, 47.6163477], [-122.3473091, 47.6163547], [-122.3474591, 47.6164456], [-122.3474691, 47.6164379], [-122.3475041, 47.616459], [-122.3474971, 47.6164645], [-122.3475111, 47.616473], [-122.3475201, 47.6164669], [-122.3475551, 47.6164881], [-122.3475461, 47.6164945], [-122.3476101, 47.6165327], [-122.3476191, 47.616526], [-122.3476501, 47.616545], [-122.3476441, 47.6165496], [-122.3476561, 47.6165571], [-122.3476641, 47.6165516], [-122.3476961, 47.616571], [-122.3476871, 47.6165779], [-122.3477531, 47.6166178], [-122.3477021, 47.6166566], [-122.3477111, 47.6166624], [-122.3476861, 47.6166813], [-122.3476751, 47.6166746], [-122.3476661, 47.6166813], [-122.3476791, 47.6166891], [-122.3476511, 47.6167101], [-122.3476411, 47.6167038], [-122.3475911, 47.6167416], [-122.3475801, 47.6167499], [-122.3475911, 47.6167566], [-122.3475691, 47.6167732], [-122.3475581, 47.6167665], [-122.3475251, 47.6167914], [-122.3475331, 47.6167966], [-122.3475101, 47.616814], [-122.3475031, 47.6168098], [-122.3474691, 47.6168359], [-122.3474431, 47.6168203], [-122.3474371, 47.6168243], [-122.3473431, 47.6167674], [-122.3473341, 47.6167743]]]}}, {"type": "Feature", "properties": {"osm_id": 223920833, "source": "OpenStreetMap", "building": "apartments", "name": "Sidney Apartments", "building:levels": "6"}, "geometry": {"type": "Polygon", "coordinates": [[[-122.3466297, 47.6174952], [-122.346433, 47.6173787], [-122.3465527, 47.6172859], [-122.3465374, 47.6172773], [-122.3465221, 47.6172898], [-122.3464372, 47.6172389], [-122.3463172, 47.6173314], [-122.3462766, 47.6173089], [-122.3462705, 47.6173141], [-122.3461982, 47.6172719], [-122.3462053, 47.6172665], [-122.3461662, 47.617245], [-122.3462905, 47.6171521], [-122.3462042, 47.6171015], [-122.3462158, 47.6170924], [-122.3461991, 47.617083], [-122.3460684, 47.6171845], [-122.3460415, 47.6171695], [-122.3460357, 47.6171738], [-122.3460083, 47.6171575], [-122.3460144, 47.6171535], [-122.3459263, 47.617102], [-122.3459214, 47.617106], [-122.3458942, 47.6170903], [-122.3459001, 47.6170861], [-122.3458626, 47.6170661], [-122.3458847, 47.6170484], [-122.3459041, 47.617048], [-122.3459355, 47.617024], [-122.3459242, 47.6170185], [-122.3459467, 47.6170008], [-122.3459667, 47.6170007], [-122.3459945, 47.6169791], [-122.3459925, 47.6169688], [-122.3460077, 47.6169583], [-122.3460212, 47.6169582], [-122.3460495, 47.616935], [-122.3460565, 47.6169292], [-122.346055, 47.6169186], [-122.3460681, 47.6169084], [-122.3460868, 47.6169097], [-122.3460994, 47.616917], [-122.3461276, 47.6168953], [-122.3461101, 47.6168857], [-122.3461103, 47.6168732], [-122.346133, 47.6168543], [-122.3461638, 47.6168528], [-122.3461962, 47.6168701], [-122.346194, 47.6168816], [-122.3462729, 47.616927], [-122.3462921, 47.6169273], [-122.3463084, 47.6169357], [-122.3463095, 47.6169485], [-122.3463427, 47.6169668], [-122.3463625, 47.6169659], [-122.3463851, 47.61698], [-122.3463687, 47.6169929], [-122.3464079, 47.6170154], [-122.3464161, 47.6170106], [-122.3464335, 47.6170115], [-122.3464481, 47.6170195], [-122.3464505, 47.6170283], [-122.3464419, 47.6170352], [-122.3465853, 47.6171199], [-122.3465914, 47.6171149], [-122.3466059, 47.6171152], [-122.3466197, 47.6171224], [-122.3466224, 47.6171318], [-122.3466116, 47.6171387], [-122.3466543, 47.6171622], [-122.3466713, 47.6171485], [-122.3466946, 47.6171622], [-122.3466941, 47.6171756], [-122.3467264, 47.6171954], [-122.3467459, 47.6171965], [-122.3467622, 47.6172045], [-122.3467621, 47.6172155], [-122.346843, 47.6172661], [-122.3468576, 47.6172656], [-122.3468814, 47.6172803], [-122.3468794, 47.6173043], [-122.3468629, 47.6173167], [-122.3468442, 47.617317], [-122.3468277, 47.6173071], [-122.3467957, 47.6173323], [-122.3468111, 47.6173404], [-122.3468157, 47.6173491], [-122.3468047, 47.6173583], [-122.3467855, 47.6173578], [-122.3467483, 47.617388], [-122.346758, 47.6173935], [-122.3467365, 47.6174113], [-122.3467235, 47.6174051], [-122.3467016, 47.6174234], [-122.3467122, 47.6174294], [-122.3466876, 47.6174486], [-122.3466777, 47.6174439], [-122.3466497, 47.617466], [-122.3466521, 47.6174788], [-122.3466297, 47.6174952]]]}}, {"type": "Feature", "properties": {"osm_id": 223921448, "source": "OpenStreetMap", "building": "yes", "name": "5th & Bell Building", "building:levels": "6"}, "geometry": {"type": "Polygon", "coordinates": [[[-122.3443873, 47.6166488], [-122.3441067, 47.6164834], [-122.3441162, 47.6164749], [-122.3440826, 47.6164544], [-122.3440752, 47.616461], [-122.3433062, 47.6160003], [-122.3435865, 47.615786], [-122.3446674, 47.616431], [-122.3443873, 47.6166488]]]}}, {"type": "Feature", "properties": {"osm_id": 223921451, "source": "OpenStreetMap", "building": "yes", "building:levels": "2"}, "geometry": {"type": "Polygon", "coordinates": [[[-122.3459226, 47.6152152], [-122.346213, 47.6149857], [-122.3464053, 47.615097], [-122.3461154, 47.6153265], [-122.3459226, 47.6152152]]]}}, {"type": "Feature", "properties": {"osm_id": 223921452, "source": "OpenStreetMap", "building": "commercial"}, "geometry": {"type": "Polygon", "coordinates": [[[-122.3465485, 47.6147312], [-122.3467322, 47.6148391], [-122.3465508, 47.6149796], [-122.3464414, 47.6150643], [-122.3463324, 47.6150003], [-122.3463762, 47.6149664], [-122.3463014, 47.6149225], [-122.3465485, 47.6147312]]]}}, {"type": "Feature", "properties": {"osm_id": 223921453, "source": "OpenStreetMap", "building": "yes"}, "geometry": {"type": "Polygon", "coordinates": [[[-122.345358, 47.6156623], [-122.345077, 47.6158801], [-122.344898, 47.6157752], [-122.344901, 47.6157727], [-122.344967, 47.6157219], [-122.345179, 47.6155573], [-122.345358, 47.6156623]]]}}, {"type": "Feature", "properties": {"osm_id": 223921454, "source": "OpenStreetMap", "building": "apartments", "name": "Traugott Terrace", "building:levels": "7"}, "geometry": {"type": "Polygon", "coordinates": [[[-122.3456654, 47.6150531], [-122.3455639, 47.6149952], [-122.3455154, 47.6149841], [-122.345518, 47.6149665], [-122.3454003, 47.6148951], [-122.3453869, 47.6148856], [-122.3456665, 47.6146714], [-122.3457083, 47.6146942], [-122.3457114, 47.6147136], [-122.3457779, 47.614753], [-122.3458087, 47.6147507], [-122.3459457, 47.6148329], [-122.3458498, 47.6149098], [-122.3456654, 47.6150531]]]}}, {"type": "Feature", "properties": {"osm_id": 223921456, "source": "OpenStreetMap", "building": "apartments", "name": "3ZERO3"}, "geometry": {"type": "Polygon", "coordinates": [[[-122.3454119, 47.6156323], [-122.3457058, 47.615407], [-122.345873, 47.6155061], [-122.345579, 47.6157314], [-122.3454986, 47.6156837], [-122.3454119, 47.6156323]]]}}, {"type": "Feature", "properties": {"osm_id": 223921458, "source": "OpenStreetMap", "building": "apartments", "name": "The Adams Apartments", "building:levels": "3"}, "geometry": {"type": "Polygon", "coordinates": [[[-122.344877, 47.6150396], [-122.344801, 47.6149947], [-122.344697, 47.6150754], [-122.34475, 47.6151067], [-122.344661, 47.615176], [-122.344499, 47.6150805], [-122.344786, 47.6148575], [-122.344971, 47.6149664], [-122.344877, 47.6150396]]]}}, {"type": "Feature", "properties": {"osm_id": 223921989, "source": "OpenStreetMap", "building": "apartments", "name": "2300 Elliott"}, "geometry": {"type": "Polygon", "coordinates": [[[-122.3483741, 47.6126777], [-122.3483919, 47.6126623], [-122.34838, 47.612654], [-122.348386, 47.6126499], [-122.3483998, 47.6126556], [-122.3484474, 47.6126185], [-122.3484375, 47.6126107], [-122.348451, 47.6126012], [-122.3484613, 47.6126065], [-122.3484702, 47.6126008], [-122.3484898, 47.6126109], [-122.3485175, 47.6125891], [-122.3485366, 47.6125995], [-122.34855, 47.6125911], [-122.3485758, 47.6126064], [-122.348608, 47.6125808], [-122.3485796, 47.6125624], [-122.3485701, 47.612567], [-122.348534, 47.612547], [-122.3485142, 47.6125625], [-122.3484817, 47.6125436], [-122.3484465, 47.6125697], [-122.348415, 47.6125516], [-122.3484002, 47.6125643], [-122.3483899, 47.6125597], [-122.3483731, 47.6125729], [-122.3483375, 47.6125533], [-122.3483484, 47.6125438], [-122.3483262, 47.6125293], [-122.3483479, 47.6125091], [-122.3483252, 47.6124939], [-122.3483534, 47.6124716], [-122.3483358, 47.6124591], [-122.3483907, 47.6124128], [-122.348351, 47.6123884], [-122.3483287, 47.6124057], [-122.3483421, 47.612414], [-122.3482198, 47.6125117], [-122.3482409, 47.6125257], [-122.348234, 47.6125307], [-122.3482378, 47.61254], [-122.3482082, 47.6125662], [-122.3481899, 47.6125659], [-122.3481829, 47.6125707], [-122.3480164, 47.6124742], [-122.3479272, 47.6124218], [-122.3479341, 47.6124143], [-122.3479327, 47.6124024], [-122.3479635, 47.6123787], [-122.3479806, 47.6123768], [-122.3481636, 47.6122362], [-122.3482434, 47.6121749], [-122.3483253, 47.6122199], [-122.3483265, 47.6122243], [-122.3483281, 47.6122303], [-122.3484472, 47.6122992], [-122.3484527, 47.6122962], [-122.3487818, 47.6125027], [-122.3484819, 47.6127404], [-122.3483741, 47.6126777]]]}}, {"type": "Feature", "properties": {"osm_id": 223921990, "source": "OpenStreetMap", "building": "yes"}, "geometry": {"type": "Polygon", "coordinates": [[[-122.3482402, 47.6126652], [-122.348432, 47.6127774], [-122.3481156, 47.6130231], [-122.3479239, 47.6129109], [-122.3482402, 47.6126652]]]}}, {"type": "Feature", "properties": {"osm_id": 223921991, "source": "OpenStreetMap", "building": "yes"}, "geometry": {"type": "Polygon", "coordinates": [[[-122.3484769, 47.6132431], [-122.3487965, 47.612996], [-122.3489789, 47.6131032], [-122.3486593, 47.6133503], [-122.3484769, 47.6132431]]]}}, {"type": "Feature", "properties": {"osm_id": 223921992, "source": "OpenStreetMap", "building": "yes", "building:levels": "7"}, "geometry": {"type": "Polygon", "coordinates": [[[-122.3494604, 47.6126464], [-122.3492352, 47.6125131], [-122.3492281, 47.6125186], [-122.3491738, 47.6124865], [-122.3491818, 47.6124803], [-122.348443, 47.6120431], [-122.3486242, 47.611904], [-122.3487506, 47.6118069], [-122.3488367, 47.6118579], [-122.348826, 47.6118661], [-122.3492048, 47.6120903], [-122.3492154, 47.6120822], [-122.3497687, 47.6124097], [-122.3494604, 47.6126464]]]}}, {"type": "Feature", "properties": {"osm_id": 223921993, "source": "OpenStreetMap", "building": "apartments", "name": "Bell Apartments", "building:levels": "5"}, "geometry": {"type": "Polygon", "coordinates": [[[-122.3468921, 47.6141529], [-122.3471899, 47.6139214], [-122.3474745, 47.6140877], [-122.3474699, 47.6140913], [-122.3471846, 47.614313], [-122.3471766, 47.6143192], [-122.3468921, 47.6141529]]]}}, {"type": "Feature", "properties": {"osm_id": 223921994, "source": "OpenStreetMap", "building": "yes"}, "geometry": {"type": "Polygon", "coordinates": [[[-122.3467149, 47.6143651], [-122.3467439, 47.6143821], [-122.3469314, 47.6142363], [-122.3470595, 47.6143112], [-122.346867, 47.6144609], [-122.3468947, 47.6144771], [-122.346801, 47.61455], [-122.3466161, 47.6144419], [-122.3467149, 47.6143651]]]}}, {"type": "Feature", "properties": {"osm_id": 223921995, "source": "OpenStreetMap", "building": "yes", "name": "The Oregon Apartments", "building:levels": "5"}, "geometry": {"type": "Polygon", "coordinates": [[[-122.3470332, 47.6133711], [-122.3470494, 47.6133806], [-122.3470583, 47.6133737], [-122.3470968, 47.6133964], [-122.3471261, 47.6133737], [-122.3471384, 47.613381], [-122.3471687, 47.6133574], [-122.3471816, 47.613365], [-122.3472096, 47.6133433], [-122.3472257, 47.6133527], [-122.347298, 47.6132965], [-122.3473412, 47.6133218], [-122.3473516, 47.6133137], [-122.3474002, 47.6133436], [-122.3471042, 47.6135729], [-122.3471011, 47.6135715], [-122.3471044, 47.6135689], [-122.3469183, 47.6134593], [-122.3470332, 47.6133711]]]}}, {"type": "Feature", "properties": {"osm_id": 223921996, "source": "OpenStreetMap", "building": "yes"}, "geometry": {"type": "Polygon", "coordinates": [[[-122.3468243, 47.6145586], [-122.3470053, 47.6144194], [-122.346992, 47.6144115], [-122.3470912, 47.6143352], [-122.3472556, 47.6144323], [-122.3469752, 47.6146479], [-122.3468243, 47.6145586]]]}}, {"type": "Feature", "properties": {"osm_id": 223921997, "source": "OpenStreetMap", "building": "yes", "name": "Bakhita Gardens", "building:levels": "6"}, "geometry": {"type": "Polygon", "coordinates": [[[-122.3463466, 47.6138928], [-122.3462802, 47.6139437], [-122.3460581, 47.614114], [-122.3458734, 47.6140045], [-122.346162, 47.6137833], [-122.3463466, 47.6138928]]]}}, {"type": "Feature", "properties": {"osm_id": 223921998, "source": "OpenStreetMap", "building": "apartments", "name": "Dorothy Day House", "building:levels": "3"}, "geometry": {"type": "Polygon", "coordinates": [[[-122.346394, 47.613854], [-122.3463915, 47.6138558], [-122.3462095, 47.6137504], [-122.3464994, 47.6135218], [-122.3466814, 47.6136273], [-122.3465917, 47.613698], [-122.3465742, 47.6136879], [-122.3464404, 47.6137937], [-122.3464579, 47.6138038], [-122.346394, 47.613854]]]}}, {"type": "Feature", "properties": {"osm_id": 223921999, "source": "OpenStreetMap", "building": "apartments", "name": "Belltown Lofts", "building:levels": "6"}, "geometry": {"type": "Polygon", "coordinates": [[[-122.3477459, 47.6128068], [-122.3475613, 47.6126989], [-122.3478776, 47.6124531], [-122.3480688, 47.6125649], [-122.34794, 47.6126585], [-122.3478903, 47.6126294], [-122.3478097, 47.6126922], [-122.3478553, 47.6127188], [-122.3477459, 47.6128068]]]}}, {"type": "Feature", "properties": {"osm_id": 223922000, "source": "OpenStreetMap", "building": "yes", "name": "Belltown Lofts"}, "geometry": {"type": "Polygon", "coordinates": [[[-122.34794, 47.6126585], [-122.3480688, 47.6125649], [-122.3482402, 47.6126652], [-122.3479239, 47.6129109], [-122.3477459, 47.6128068], [-122.3478553, 47.6127188], [-122.3478825, 47.6126976], [-122.3479216, 47.6127204], [-122.3478955, 47.6127408], [-122.3479897, 47.6127958], [-122.3480692, 47.612734], [-122.34794, 47.6126585]]]}}, {"type": "Feature", "properties": {"osm_id": 223926935, "source": "OpenStreetMap", "building": "office", "name": "World Trade Center West", "building:levels": "4"}, "geometry": {"type": "Polygon", "coordinates": [[[-122.3481268, 47.6114606], [-122.3472832, 47.611245], [-122.3473334, 47.6111582], [-122.3472875, 47.611132], [-122.3474681, 47.6109971], [-122.347514, 47.6110248], [-122.3475421, 47.6110134], [-122.3475617, 47.6110114], [-122.3475749, 47.61101], [-122.347607, 47.6110151], [-122.3476208, 47.6110206], [-122.3482283, 47.6113769], [-122.3481268, 47.6114606]]]}}, {"type": "Feature", "properties": {"osm_id": 223926936, "source": "OpenStreetMap", "building": "office", "name": "Blanchard Plaza", "building:levels": "15"}, "geometry": {"type": "Polygon", "coordinates": [[[-122.3416377, 47.6157989], [-122.3418257, 47.6159121], [-122.3418091, 47.6159253], [-122.3417924, 47.6159385], [-122.3418565, 47.6159749], [-122.3418597, 47.6160098], [-122.3419485, 47.6160062], [-122.34198, 47.616005], [-122.3421051, 47.6160803], [-122.3420059, 47.6161566], [-122.3419933, 47.6161663], [-122.3416637, 47.6161802], [-122.3416403, 47.6161812], [-122.3416172, 47.6161822], [-122.3416015, 47.6161729], [-122.3414369, 47.6160756], [-122.3414973, 47.6160286], [-122.3414918, 47.6159689], [-122.3412724, 47.6159783], [-122.3411507, 47.6159063], [-122.3412702, 47.6158144], [-122.3414538, 47.6158066], [-122.3415151, 47.615804], [-122.3415764, 47.6158015], [-122.3416377, 47.6157989]]]}}, {"type": "Feature", "properties": {"osm_id": 223926937, "source": "OpenStreetMap", "building": "yes", "name": "The Humphrey", "building:levels": "6"}, "geometry": {"type": "Polygon", "coordinates": [[[-122.3446867, 47.6131544], [-122.344842, 47.6132467], [-122.3448663, 47.6132454], [-122.3448669, 47.6132323], [-122.3448932, 47.6132108], [-122.3449114, 47.6132098], [-122.3449093, 47.6131903], [-122.3447566, 47.6130999], [-122.3448642, 47.6130173], [-122.3450988, 47.6131542], [-122.3450424, 47.6132017], [-122.3450172, 47.6131867], [-122.3450008, 47.6131997], [-122.3450245, 47.6132139], [-122.3450027, 47.6132314], [-122.3449943, 47.6132385], [-122.3449706, 47.6132244], [-122.344928, 47.6132574], [-122.3449507, 47.6132719], [-122.3448921, 47.6133153], [-122.3448134, 47.6133789], [-122.3445752, 47.6132389], [-122.3446867, 47.6131544]]]}}, {"type": "Feature", "properties": {"osm_id": 223926939, "source": "OpenStreetMap", "building": "office", "name": "World Trade Center East", "building:levels": "11"}, "geometry": {"type": "Polygon", "coordinates": [[[-122.3480797, 47.6118699], [-122.3473331, 47.6116966], [-122.3470983, 47.6116229], [-122.3469905, 47.6115747], [-122.3468549, 47.6114976], [-122.3469685, 47.6114103], [-122.3469437, 47.611396], [-122.3470375, 47.6113279], [-122.3479749, 47.611543], [-122.3479704, 47.611545], [-122.3479644, 47.6115494], [-122.3481446, 47.6116601], [-122.3481876, 47.6116592], [-122.3482297, 47.6116668], [-122.3482666, 47.6116822], [-122.3482953, 47.6117041], [-122.3483023, 47.6117143], [-122.3483134, 47.6117307], [-122.3483194, 47.6117597], [-122.3483126, 47.6117887], [-122.3482938, 47.6118151], [-122.3482643, 47.6118367], [-122.3482272, 47.6118516], [-122.3481848, 47.6118587], [-122.3481417, 47.6118572], [-122.348109, 47.6118501], [-122.3480926, 47.6118442], [-122.3480797, 47.6118699]]]}}, {"type": "Feature", "properties": {"osm_id": 223926948, "source": "OpenStreetMap", "building": "yes", "name": "La Quinta Inn & Suites Seattle Downtown"}, "geometry": {"type": "Polygon", "coordinates": [[[-122.3398653, 47.6181083], [-122.3396306, 47.6179698], [-122.3395249, 47.6179073], [-122.3395363, 47.6178985], [-122.3396647, 47.6177992], [-122.3397694, 47.6178611], [-122.3398274, 47.6178163], [-122.3399512, 47.6178893], [-122.3398862, 47.6179394], [-122.3399992, 47.6180063], [-122.3398653, 47.6181083]]]}}, {"type": "Feature", "properties": {"osm_id": 223926951, "source": "OpenStreetMap", "building": "apartments", "name": "Security House", "building:levels": "14"}, "geometry": {"type": "Polygon", "coordinates": [[[-122.3439645, 47.615194], [-122.3438735, 47.6151407], [-122.3438979, 47.6151217], [-122.3438656, 47.6151028], [-122.3438208, 47.6151374], [-122.3436195, 47.6150193], [-122.3436347, 47.6150075], [-122.3436071, 47.6149913], [-122.3437702, 47.6148649], [-122.3438993, 47.6149407], [-122.3439065, 47.6149351], [-122.3441036, 47.6150508], [-122.3441095, 47.6150542], [-122.3440949, 47.6150655], [-122.3441215, 47.6150811], [-122.3439708, 47.6151978], [-122.3439645, 47.615194]]]}}, {"type": "Feature", "properties": {"osm_id": 223926959, "source": "OpenStreetMap", "building": "yes"}, "geometry": {"type": "Polygon", "coordinates": [[[-122.3400111, 47.6180155], [-122.34009, 47.6179548], [-122.3402669, 47.61806], [-122.3400353, 47.6182385], [-122.3398559, 47.6181349], [-122.3400111, 47.6180155]]]}}, {"type": "Feature", "properties": {"osm_id": 223926962, "source": "OpenStreetMap", "building": "yes", "name": "Hotel Five", "building:levels": "5"}, "geometry": {"type": "Polygon", "coordinates": [[[-122.3420761, 47.6158099], [-122.3417944, 47.6156434], [-122.3416576, 47.6157486], [-122.3414871, 47.6156478], [-122.341776, 47.6154257], [-122.3422281, 47.6156931], [-122.3420761, 47.6158099]]]}}, {"type": "Feature", "properties": {"osm_id": 223926964, "source": "OpenStreetMap", "building": "yes"}, "geometry": {"type": "Polygon", "coordinates": [[[-122.3397951, 47.618172], [-122.3396312, 47.6180789], [-122.339624, 47.6180747], [-122.3395683, 47.6180419], [-122.3395738, 47.6180377], [-122.3395827, 47.6180306], [-122.3395662, 47.6180211], [-122.3396306, 47.6179698], [-122.3398653, 47.6181083], [-122.3398405, 47.6181282], [-122.3398503, 47.6181339], [-122.3397993, 47.6181743], [-122.3397951, 47.618172]]]}}, {"type": "Feature", "properties": {"osm_id": 223926966, "source": "OpenStreetMap", "building": "apartments", "name": "Grandview Condominiums", "building:levels": "6"}, "geometry": {"type": "Polygon", "coordinates": [[[-122.3440829, 47.6141182], [-122.3437156, 47.6139031], [-122.3440005, 47.6136819], [-122.3443679, 47.6138969], [-122.3443205, 47.6139337], [-122.3440829, 47.6141182]]]}}, {"type": "Feature", "properties": {"osm_id": 223926970, "source": "OpenStreetMap", "building": "yes", "building:levels": "2"}, "geometry": {"type": "Polygon", "coordinates": [[[-122.3425846, 47.6150267], [-122.3424055, 47.6149206], [-122.3426188, 47.6147571], [-122.3427978, 47.6148632], [-122.3425846, 47.6150267]]]}}, {"type": "Feature", "properties": {"osm_id": 223926972, "source": "OpenStreetMap", "building": "yes"}, "geometry": {"type": "Polygon", "coordinates": [[[-122.34769, 47.6106608], [-122.3479953, 47.6106553], [-122.3479932, 47.6106718], [-122.3480933, 47.6107259], [-122.3484326, 47.6107266], [-122.3484643, 47.6107305], [-122.348508, 47.6107472], [-122.3485389, 47.610774], [-122.3485523, 47.6108067], [-122.3485461, 47.6108404], [-122.3485214, 47.61087], [-122.3484818, 47.6108909], [-122.3484334, 47.6109], [-122.3482974, 47.6109011], [-122.3482968, 47.6109125], [-122.3482266, 47.6109128], [-122.3482262, 47.6109014], [-122.3481014, 47.6109018], [-122.34769, 47.6106608]]]}}, {"type": "Feature", "properties": {"osm_id": 223926973, "source": "OpenStreetMap", "building": "apartments", "name": "Bell Tower"}, "geometry": {"type": "Polygon", "coordinates": [[[-122.3462304, 47.612958], [-122.3461552, 47.6129246], [-122.3460862, 47.6128844], [-122.3461005, 47.6128732], [-122.34597, 47.6127972], [-122.3459577, 47.6128068], [-122.3458904, 47.6127676], [-122.3458562, 47.6127443], [-122.346084, 47.6125695], [-122.346452, 47.6127864], [-122.3462304, 47.612958]]]}}, {"type": "Feature", "properties": {"osm_id": 223926974, "source": "OpenStreetMap", "building": "commercial"}, "geometry": {"type": "Polygon", "coordinates": [[[-122.3442768, 47.6137159], [-122.3442277, 47.6137537], [-122.3440453, 47.6136461], [-122.3443333, 47.6134243], [-122.3445157, 47.613532], [-122.3442768, 47.6137159]]]}}, {"type": "Feature", "properties": {"osm_id": 223926975, "source": "OpenStreetMap", "building": "yes"}, "geometry": {"type": "Polygon", "coordinates": [[[-122.3423609, 47.6154475], [-122.3421806, 47.6153409], [-122.3422597, 47.6152802], [-122.3424681, 47.6151201], [-122.3426634, 47.6152291], [-122.3425331, 47.6153337], [-122.3423609, 47.6154475]]]}}, {"type": "Feature", "properties": {"osm_id": 223926976, "source": "OpenStreetMap", "building": "apartments", "name": "Charlesgate Apartments", "building:levels": "3"}, "geometry": {"type": "Polygon", "coordinates": [[[-122.3431599, 47.6154573], [-122.343261, 47.6153784], [-122.3432909, 47.615396], [-122.3433539, 47.6153467], [-122.3432575, 47.6152927], [-122.3433748, 47.6152027], [-122.3433921, 47.6152134], [-122.3433965, 47.6152109], [-122.3434992, 47.6152722], [-122.3434979, 47.6152954], [-122.3435607, 47.6153286], [-122.3435854, 47.6153262], [-122.3437092, 47.6153984], [-122.3437103, 47.615418], [-122.3436191, 47.6154905], [-122.3435933, 47.6154922], [-122.3435458, 47.6154632], [-122.3435518, 47.615459], [-122.3434883, 47.6154209], [-122.3434293, 47.6154669], [-122.3434948, 47.6155053], [-122.3434988, 47.6155027], [-122.3435421, 47.615528], [-122.3435441, 47.6155453], [-122.343453, 47.6156177], [-122.3434226, 47.6156203], [-122.3433545, 47.6155787], [-122.3433536, 47.615565], [-122.3432525, 47.615504], [-122.343247, 47.6155082], [-122.3431599, 47.6154573]]]}}, {"type": "Feature", "properties": {"osm_id": 223926977, "source": "OpenStreetMap", "building": "apartments", "name": "Elliott Pointe", "building:levels": "6"}, "geometry": {"type": "Polygon", "coordinates": [[[-122.3473316, 47.6123179], [-122.3469282, 47.6118323], [-122.3468752, 47.6118043], [-122.3468996, 47.6117879], [-122.3472961, 47.6118793], [-122.3472626, 47.61195], [-122.3472456, 47.6119552], [-122.3472288, 47.6119879], [-122.3472553, 47.6119942], [-122.3472462, 47.6120113], [-122.347287, 47.6120209], [-122.347275, 47.6120441], [-122.3473036, 47.6120509], [-122.3472954, 47.6120668], [-122.3473311, 47.6120739], [-122.3473142, 47.6121028], [-122.3473233, 47.6121187], [-122.3473589, 47.6121224], [-122.3473556, 47.6121319], [-122.3474127, 47.6121415], [-122.347425, 47.6121116], [-122.3474551, 47.6121197], [-122.3475054, 47.6120196], [-122.3474979, 47.6120061], [-122.3475354, 47.6119344], [-122.3478028, 47.6119962], [-122.347734, 47.6120513], [-122.3475429, 47.6121924], [-122.3473789, 47.6123209], [-122.3473316, 47.6123179]]]}}, {"type": "Feature", "properties": {"osm_id": 223926978, "source": "OpenStreetMap", "building": "apartments", "name": "Concept One", "building:levels": "6"}, "geometry": {"type": "Polygon", "coordinates": [[[-122.3453055, 47.613672], [-122.3452421, 47.6136361], [-122.3452342, 47.6136423], [-122.3452043, 47.6136252], [-122.3452062, 47.6135882], [-122.3451665, 47.6135653], [-122.3451556, 47.6135741], [-122.345102, 47.6135433], [-122.3451154, 47.6135328], [-122.345068, 47.6135054], [-122.3450561, 47.6135151], [-122.3450207, 47.6135172], [-122.3449949, 47.6135022], [-122.3450053, 47.613494], [-122.3449439, 47.6134585], [-122.3450475, 47.6133748], [-122.3450645, 47.6133846], [-122.3451319, 47.6133313], [-122.345119, 47.6133239], [-122.3451378, 47.6133091], [-122.345226, 47.6132394], [-122.3452884, 47.6132756], [-122.3452953, 47.61327], [-122.3453293, 47.6132895], [-122.3453293, 47.6133221], [-122.3454592, 47.6133974], [-122.3455067, 47.6133908], [-122.3455391, 47.6134095], [-122.3455292, 47.6134173], [-122.345587, 47.6134508], [-122.3454804, 47.613535], [-122.3454665, 47.6135268], [-122.3453991, 47.6135799], [-122.3454125, 47.6135876], [-122.3453055, 47.613672]]]}}, {"type": "Feature", "properties": {"osm_id": 223926979, "source": "OpenStreetMap", "building": "yes"}, "geometry": {"type": "Polygon", "coordinates": [[[-122.3456484, 47.6134167], [-122.3456908, 47.6133841], [-122.3459446, 47.6131896], [-122.3463092, 47.6134058], [-122.346013, 47.6136328], [-122.3456484, 47.6134167]]]}}, {"type": "Feature", "properties": {"osm_id": 223926980, "source": "OpenStreetMap", "building": "yes"}, "geometry": {"type": "Polygon", "coordinates": [[[-122.345854, 47.6131359], [-122.3459446, 47.6131896], [-122.3456908, 47.6133841], [-122.3456002, 47.6133304], [-122.345854, 47.6131359]]]}}, {"type": "Feature", "properties": {"osm_id": 223926981, "source": "OpenStreetMap", "building": "yes"}, "geometry": {"type": "Polygon", "coordinates": [[[-122.3456882, 47.6137497], [-122.3457802, 47.6138036], [-122.3456707, 47.6138889], [-122.3455781, 47.6138346], [-122.3456882, 47.6137497]]]}}, {"type": "Feature", "properties": {"osm_id": 223926982, "source": "OpenStreetMap", "building": "yes", "building:levels": "2"}, "geometry": {"type": "Polygon", "coordinates": [[[-122.3456044, 47.6136848], [-122.345427, 47.6135804], [-122.345595, 47.6134495], [-122.3459591, 47.6136646], [-122.3457921, 47.6137953], [-122.3456044, 47.6136848]]]}}, {"type": "Feature", "properties": {"osm_id": 223926983, "source": "OpenStreetMap", "building": "apartments", "name": "The Cornelius Apartments", "building:levels": "9"}, "geometry": {"type": "Polygon", "coordinates": [[[-122.343555, 47.6145239], [-122.3431914, 47.6143095], [-122.3434754, 47.6140908], [-122.3438389, 47.6143052], [-122.343555, 47.6145239]]]}}, {"type": "Feature", "properties": {"osm_id": 223926985, "source": "OpenStreetMap", "building": "yes", "name": "Union Stables", "building:levels": "4"}, "geometry": {"type": "Polygon", "coordinates": [[[-122.3461508, 47.6125433], [-122.3457888, 47.6123296], [-122.3461088, 47.6120832], [-122.3464708, 47.6122969], [-122.3461508, 47.6125433]]]}}, {"type": "Feature", "properties": {"osm_id": 223926986, "source": "OpenStreetMap", "building": "commercial"}, "geometry": {"type": "Polygon", "coordinates": [[[-122.3443824, 47.6146311], [-122.3445665, 47.6147397], [-122.3442845, 47.6149589], [-122.3441004, 47.6148509], [-122.3443824, 47.6146311]]]}}, {"type": "Feature", "properties": {"osm_id": 223926987, "source": "OpenStreetMap", "building": "yes", "building:levels": "3"}, "geometry": {"type": "Polygon", "coordinates": [[[-122.3449967, 47.613031], [-122.3449132, 47.6129832], [-122.3452106, 47.6127542], [-122.3453009, 47.612808], [-122.3451755, 47.6129067], [-122.3451568, 47.6129069], [-122.3449967, 47.613031]]]}}, {"type": "Feature", "properties": {"osm_id": 223926988, "source": "OpenStreetMap", "building": "yes"}, "geometry": {"type": "Polygon", "coordinates": [[[-122.3457619, 47.6130813], [-122.345854, 47.6131359], [-122.3456002, 47.6133304], [-122.3455543, 47.6133656], [-122.3454622, 47.6133109], [-122.3457619, 47.6130813]]]}}, {"type": "Feature", "properties": {"osm_id": 223926989, "source": "OpenStreetMap", "building": "apartments", "name": "The Shelby", "building:levels": "6"}, "geometry": {"type": "Polygon", "coordinates": [[[-122.3428574, 47.6145798], [-122.3431463, 47.6143449], [-122.3436977, 47.6146699], [-122.3434061, 47.6148912], [-122.343162, 47.6147531], [-122.343294, 47.6146494], [-122.3432248, 47.6146095], [-122.3430928, 47.6147134], [-122.3428574, 47.6145798]]]}}, {"type": "Feature", "properties": {"osm_id": 223926990, "source": "OpenStreetMap", "building": "parking", "name": "Denny Building Garage", "building:levels": "4"}, "geometry": {"type": "Polygon", "coordinates": [[[-122.3415711, 47.6165639], [-122.3416237, 47.6165234], [-122.3417258, 47.6165837], [-122.3419813, 47.6167347], [-122.3417045, 47.6169477], [-122.3413468, 47.6167364], [-122.3414035, 47.6166928], [-122.3415711, 47.6165639]]]}}, {"type": "Feature", "properties": {"osm_id": 223927903, "source": "OpenStreetMap", "building": "yes", "name": "Seattle Marriott Waterfront", "building:levels": "8"}, "geometry": {"type": "Polygon", "coordinates": [[[-122.3469449, 47.6111393], [-122.3466506, 47.6109882], [-122.3465588, 47.6109344], [-122.3465608, 47.610932], [-122.3462999, 47.6107814], [-122.3463014, 47.6107788], [-122.3461364, 47.6106842], [-122.3461384, 47.6106821], [-122.345976, 47.610587], [-122.3459903, 47.6105758], [-122.3459161, 47.6105335], [-122.3459501, 47.6105], [-122.3458826, 47.6104613], [-122.3461363, 47.6102618], [-122.3461466, 47.6102684], [-122.3461694, 47.610267], [-122.3461619, 47.610253], [-122.3462691, 47.6102443], [-122.3462705, 47.6102566], [-122.3462821, 47.6102559], [-122.346285, 47.6102513], [-122.3467832, 47.6105465], [-122.3467908, 47.610546], [-122.3469239, 47.6106256], [-122.3467939, 47.6107209], [-122.3469198, 47.6107922], [-122.3469653, 47.6107588], [-122.3469789, 47.6107518], [-122.3470002, 47.6107464], [-122.3470179, 47.6107456], [-122.3470306, 47.610747], [-122.3470508, 47.6107528], [-122.3470979, 47.6107758], [-122.3471364, 47.6107475], [-122.3472857, 47.6108386], [-122.3473034, 47.6108494], [-122.3472439, 47.6109121], [-122.3472481, 47.6109151], [-122.3472377, 47.6109233], [-122.3472289, 47.610919], [-122.3469449, 47.6111393]]]}}, {"type": "Feature", "properties": {"osm_id": 223927905, "source": "OpenStreetMap", "building": "office", "name": "Fourth and Blanchard Building"}, "geometry": {"type": "Polygon", "coordinates": [[[-122.342946, 47.6142198], [-122.342478, 47.614337], [-122.342254, 47.6142051], [-122.3423219, 47.6141527], [-122.3421444, 47.6140483], [-122.342088, 47.6140623], [-122.3418676, 47.6139315], [-122.342277, 47.6138261], [-122.3425031, 47.6139591], [-122.3425425, 47.6139823], [-122.342946, 47.6142198]]]}}, {"type": "Feature", "properties": {"osm_id": 223927907, "source": "OpenStreetMap", "building": "yes"}, "geometry": {"type": "Polygon", "coordinates": [[[-122.3410494, 47.6153941], [-122.3409039, 47.6153073], [-122.3409128, 47.6153004], [-122.341194, 47.6150848], [-122.3413395, 47.6151715], [-122.3411262, 47.6153349], [-122.3410494, 47.6153941]]]}}, {"type": "Feature", "properties": {"osm_id": 223927908, "source": "OpenStreetMap", "building": "apartments", "name": "Fifth Avenue Court"}, "geometry": {"type": "Polygon", "coordinates": [[[-122.3411309, 47.6153379], [-122.3411963, 47.6152869], [-122.3412726, 47.6153319], [-122.3413044, 47.6153072], [-122.3412394, 47.6152692], [-122.3413534, 47.6151803], [-122.3415581, 47.6153004], [-122.3413475, 47.615465], [-122.3411309, 47.6153379]]]}}, {"type": "Feature", "properties": {"osm_id": 223927909, "source": "OpenStreetMap", "building": "yes"}, "geometry": {"type": "Polygon", "coordinates": [[[-122.3457384, 47.6113268], [-122.3451916, 47.6109979], [-122.3452907, 47.6109211], [-122.345532, 47.6110615], [-122.345599, 47.6111004], [-122.3457449, 47.6111853], [-122.3457947, 47.611225], [-122.3458422, 47.6112726], [-122.3459052, 47.6113638], [-122.3458603, 47.6113531], [-122.3457384, 47.6113268]]]}}, {"type": "Feature", "properties": {"osm_id": 223927910, "source": "OpenStreetMap", "building": "retail"}, "geometry": {"type": "Polygon", "coordinates": [[[-122.3437668, 47.6120907], [-122.3438838, 47.6119995], [-122.3439222, 47.6119974], [-122.3442673, 47.6122035], [-122.3441302, 47.6123067], [-122.3437668, 47.6120907]]]}}, {"type": "Feature", "properties": {"osm_id": 223927911, "source": "OpenStreetMap", "building": "office"}, "geometry": {"type": "Polygon", "coordinates": [[[-122.3386476, 47.6173028], [-122.3388306, 47.6174055], [-122.3385931, 47.6175886], [-122.3385782, 47.6176], [-122.3385117, 47.6176514], [-122.3385006, 47.6176011], [-122.3384978, 47.6175901], [-122.338464, 47.6174381], [-122.3386476, 47.6173028]]]}}, {"type": "Feature", "properties": {"osm_id": 223927912, "source": "OpenStreetMap", "building": "apartments", "name": "ARTE Tower", "building:levels": "15"}, "geometry": {"type": "Polygon", "coordinates": [[[-122.3364028, 47.6178203], [-122.3367661, 47.6175396], [-122.3368557, 47.6175927], [-122.3368927, 47.6176146], [-122.3368844, 47.617621], [-122.337024, 47.6177036], [-122.3370095, 47.6177149], [-122.3370734, 47.6177527], [-122.3370126, 47.6177997], [-122.3370271, 47.6178083], [-122.336765, 47.6180108], [-122.336746, 47.6179996], [-122.3367285, 47.6180131], [-122.3364028, 47.6178203]]]}}, {"type": "Feature", "properties": {"osm_id": 223927913, "source": "OpenStreetMap", "building": "yes", "building:levels": "2"}, "geometry": {"type": "Polygon", "coordinates": [[[-122.3437788, 47.6130942], [-122.3439625, 47.6132018], [-122.3438568, 47.6132838], [-122.343698, 47.613407], [-122.3435142, 47.6132994], [-122.3437788, 47.6130942]]]}}, {"type": "Feature", "properties": {"osm_id": 223927914, "source": "OpenStreetMap", "building": "yes", "building:levels": "7"}, "geometry": {"type": "Polygon", "coordinates": [[[-122.3461684, 47.6116294], [-122.3462282, 47.6116999], [-122.3460728, 47.6118189], [-122.3459935, 47.6117718], [-122.3459595, 47.6117516], [-122.3459551, 47.611755], [-122.345795, 47.6116605], [-122.345788, 47.6116659], [-122.3456664, 47.6115946], [-122.345677, 47.6115864], [-122.3454795, 47.6114719], [-122.3461684, 47.6116294]]]}}, {"type": "Feature", "properties": {"osm_id": 223927915, "source": "OpenStreetMap", "building": "apartments", "name": "Lee Court", "building:levels": "6"}, "geometry": {"type": "Polygon", "coordinates": [[[-122.341895, 47.6147883], [-122.3420586, 47.6148869], [-122.3420626, 47.6149002], [-122.3420562, 47.6149099], [-122.3418144, 47.6150991], [-122.3418043, 47.615102], [-122.3417876, 47.6151026], [-122.3417743, 47.6150987], [-122.341615, 47.6150049], [-122.341895, 47.6147883]]]}}, {"type": "Feature", "properties": {"osm_id": 223927916, "source": "OpenStreetMap", "building": "yes"}, "geometry": {"type": "Polygon", "coordinates": [[[-122.3444945, 47.6130234], [-122.3443741, 47.6131166], [-122.3441921, 47.6130098], [-122.3442624, 47.6129554], [-122.3442385, 47.6129413], [-122.3443352, 47.6128665], [-122.3444667, 47.6129437], [-122.3444201, 47.6129797], [-122.3444945, 47.6130234]]]}}, {"type": "Feature", "properties": {"osm_id": 223927917, "source": "OpenStreetMap", "building": "yes"}, "geometry": {"type": "Polygon", "coordinates": [[[-122.33808, 47.6176584], [-122.3379949, 47.6176077], [-122.3379789, 47.6175982], [-122.3377685, 47.6174734], [-122.3380565, 47.6172594], [-122.3380828, 47.6173843], [-122.3381284, 47.6175959], [-122.3381302, 47.617606], [-122.3381373, 47.6176387], [-122.33808, 47.6176584]]]}}, {"type": "Feature", "properties": {"osm_id": 223927918, "source": "OpenStreetMap", "building": "government", "name": "Seattle & King County Public Health - Downtown Public Health Center", "height": "15", "building:levels": "4"}, "geometry": {"type": "Polygon", "coordinates": [[[-122.3420676, 47.6144237], [-122.3424396, 47.6146427], [-122.3422898, 47.6147586], [-122.3422238, 47.6147194], [-122.3421796, 47.614753], [-122.3421528, 47.6147374], [-122.342196, 47.6147035], [-122.3419152, 47.6145389], [-122.3420676, 47.6144237]]]}}, {"type": "Feature", "properties": {"osm_id": 223927919, "source": "OpenStreetMap", "building": "apartments", "name": "Royal Crest Condominium"}, "geometry": {"type": "Polygon", "coordinates": [[[-122.3419684, 47.6135186], [-122.3421528, 47.6133764], [-122.3421684, 47.6133856], [-122.3422164, 47.6133486], [-122.3422676, 47.6133789], [-122.3425117, 47.6135228], [-122.3425382, 47.6135384], [-122.3422528, 47.6137584], [-122.3419287, 47.6135673], [-122.3419817, 47.6135264], [-122.3419684, 47.6135186]]]}}, {"type": "Feature", "properties": {"osm_id": 223927920, "source": "OpenStreetMap", "building": "yes", "name": "Kings Inn", "building:levels": "3"}, "geometry": {"type": "Polygon", "coordinates": [[[-122.3407261, 47.6151901], [-122.3407177, 47.6151969], [-122.3403579, 47.6149847], [-122.3406458, 47.6147618], [-122.3407108, 47.6148001], [-122.3406964, 47.614811], [-122.3407191, 47.6148242], [-122.3407315, 47.6148149], [-122.3407542, 47.6148293], [-122.3407677, 47.6148206], [-122.3407988, 47.614844], [-122.3407153, 47.6149027], [-122.3406972, 47.6148916], [-122.3406364, 47.6148553], [-122.3405065, 47.614956], [-122.3407313, 47.6150885], [-122.340879, 47.6149733], [-122.3408566, 47.6149498], [-122.3408888, 47.6149252], [-122.3409182, 47.6149427], [-122.3409321, 47.614932], [-122.3410043, 47.6149746], [-122.3407261, 47.6151901]]]}}, {"type": "Feature", "properties": {"osm_id": 223927921, "source": "OpenStreetMap", "building": "apartments", "name": "Continental Place", "building:levels": "4"}, "geometry": {"type": "Polygon", "coordinates": [[[-122.3451485, 47.6120456], [-122.3451696, 47.6120293], [-122.3455186, 47.6122352], [-122.3455065, 47.6122445], [-122.3455217, 47.6122535], [-122.3452592, 47.6124557], [-122.3452504, 47.6124505], [-122.345243, 47.6124561], [-122.3452325, 47.6124499], [-122.3452249, 47.6124557], [-122.3451955, 47.6124383], [-122.3452025, 47.612433], [-122.3451199, 47.6123841], [-122.3450023, 47.6123149], [-122.3448871, 47.6122471], [-122.3451348, 47.6120559], [-122.3451485, 47.6120456]]]}}, {"type": "Feature", "properties": {"osm_id": 223927923, "source": "OpenStreetMap", "building": "hotel", "name": "1 Hotel Seattle"}, "geometry": {"type": "Polygon", "coordinates": [[[-122.3374504, 47.6184395], [-122.337395, 47.6184083], [-122.3374057, 47.6183994], [-122.3372313, 47.6182977], [-122.3372215, 47.6183046], [-122.3369919, 47.6181699], [-122.3370167, 47.6181513], [-122.3369996, 47.6181415], [-122.3370758, 47.6180821], [-122.3370938, 47.6180927], [-122.337122, 47.6180728], [-122.3373123, 47.6181126], [-122.3373061, 47.6181294], [-122.337356, 47.6181393], [-122.3373691, 47.6181308], [-122.3373952, 47.6181467], [-122.337414, 47.6181191], [-122.3374403, 47.6181197], [-122.3374737, 47.618124], [-122.3375075, 47.6181308], [-122.3375391, 47.6181387], [-122.3375739, 47.6181491], [-122.3375917, 47.618134], [-122.3377757, 47.6182452], [-122.3377662, 47.6182528], [-122.3377857, 47.618264], [-122.338131, 47.6182661], [-122.3381516, 47.6182667], [-122.3381621, 47.6182972], [-122.3381843, 47.6183203], [-122.3382035, 47.6183482], [-122.338219, 47.618377], [-122.3382293, 47.6184111], [-122.33823, 47.6184359], [-122.338198, 47.6184356], [-122.3382008, 47.6184438], [-122.3374504, 47.6184395]]]}}, {"type": "Feature", "properties": {"osm_id": 223927925, "source": "OpenStreetMap", "building": "yes"}, "geometry": {"type": "Polygon", "coordinates": [[[-122.3448196, 47.6125279], [-122.344996, 47.6126334], [-122.3448467, 47.6127472], [-122.3446698, 47.6126412], [-122.3448196, 47.6125279]]]}}, {"type": "Feature", "properties": {"osm_id": 223927926, "source": "OpenStreetMap", "building": "yes"}, "geometry": {"type": "Polygon", "coordinates": [[[-122.3418984, 47.6136098], [-122.3420078, 47.6136756], [-122.3418387, 47.6137176], [-122.3417949, 47.6136927], [-122.3418235, 47.6136698], [-122.3418477, 47.6136504], [-122.3418984, 47.6136098]]]}}, {"type": "Feature", "properties": {"osm_id": 223927927, "source": "OpenStreetMap", "building": "retail", "building:levels": "1"}, "geometry": {"type": "Polygon", "coordinates": [[[-122.3384182, 47.6172219], [-122.3383653, 47.6169717], [-122.3383835, 47.6169624], [-122.3384028, 47.616953], [-122.3386061, 47.617077], [-122.3384182, 47.6172219]]]}}, {"type": "Feature", "properties": {"osm_id": 223927929, "source": "OpenStreetMap", "building": "yes", "name": "Main Campus Center", "building:levels": "7"}, "geometry": {"type": "Polygon", "coordinates": [[[-122.3362983, 47.6184429], [-122.3358892, 47.6182012], [-122.3362087, 47.6179534], [-122.3366108, 47.6182029], [-122.336335, 47.6184177], [-122.3362983, 47.6184429]]]}}, {"type": "Feature", "properties": {"osm_id": 223927930, "source": "OpenStreetMap", "building": "yes", "building:levels": "4"}, "geometry": {"type": "Polygon", "coordinates": [[[-122.3451361, 47.6110343], [-122.3455196, 47.6112545], [-122.34553, 47.6112473], [-122.345547, 47.6112571], [-122.345572, 47.6112624], [-122.345559, 47.6112858], [-122.3449809, 47.6111535], [-122.3451361, 47.6110343]]]}}, {"type": "Feature", "properties": {"osm_id": 223927931, "source": "OpenStreetMap", "building": "yes", "name": "Elevator"}, "geometry": {"type": "Polygon", "coordinates": [[[-122.3379676, 47.6182208], [-122.3378451, 47.6181847], [-122.337868, 47.6181491], [-122.337887, 47.6181547], [-122.3378951, 47.618142], [-122.33798, 47.618167], [-122.3379716, 47.61818], [-122.3379903, 47.6181855], [-122.3379676, 47.6182208]]]}}, {"type": "Feature", "properties": {"osm_id": 223927932, "source": "OpenStreetMap", "building": "commercial", "building:levels": "2"}, "geometry": {"type": "Polygon", "coordinates": [[[-122.3448482, 47.6117621], [-122.3447242, 47.6116881], [-122.344827, 47.6116099], [-122.3449233, 47.6115366], [-122.345041, 47.611447], [-122.345165, 47.6115211], [-122.3448482, 47.6117621]]]}}, {"type": "Feature", "properties": {"osm_id": 223927934, "source": "OpenStreetMap", "building": "yes", "name": "Markham Building", "building:levels": "2"}, "geometry": {"type": "Polygon", "coordinates": [[[-122.3436128, 47.6134545], [-122.3437963, 47.613564], [-122.3437954, 47.6135646], [-122.3435087, 47.613783], [-122.3433252, 47.6136735], [-122.3434182, 47.6136027], [-122.3435177, 47.6135269], [-122.3436128, 47.6134545]]]}}, {"type": "Feature", "properties": {"osm_id": 223927935, "source": "OpenStreetMap", "building": "apartments", "name": "Ventana at the Market", "building:levels": "6"}, "geometry": {"type": "Polygon", "coordinates": [[[-122.3444602, 47.6115483], [-122.3447902, 47.6112972], [-122.345041, 47.611447], [-122.3449233, 47.6115366], [-122.3448979, 47.6115214], [-122.3448016, 47.6115947], [-122.344827, 47.6116099], [-122.3447242, 47.6116881], [-122.344711, 47.6116981], [-122.3444602, 47.6115483]]]}}, {"type": "Feature", "properties": {"osm_id": 223928480, "source": "OpenStreetMap", "building": "university", "name": "The Annex", "building:levels": "2"}, "geometry": {"type": "Polygon", "coordinates": [[[-122.3344671, 47.6177516], [-122.3344655, 47.6176605], [-122.3344643, 47.6175826], [-122.3344695, 47.6175527], [-122.3344905, 47.6175063], [-122.3345191, 47.6174626], [-122.3346996, 47.6175702], [-122.3346704, 47.6175927], [-122.3345856, 47.6176589], [-122.3344671, 47.6177516]]]}}, {"type": "Feature", "properties": {"osm_id": 223928481, "source": "OpenStreetMap", "building": "yes", "name": "Raisbeck Performance Hall"}, "geometry": {"type": "Polygon", "coordinates": [[[-122.3345903, 47.6179223], [-122.3346637, 47.6178648], [-122.3348182, 47.617744], [-122.3348239, 47.6177473], [-122.3349016, 47.6176865], [-122.3350569, 47.6177766], [-122.3349767, 47.6178393], [-122.3349889, 47.6178464], [-122.3347634, 47.6180228], [-122.3347581, 47.6180198], [-122.3345903, 47.6179223]]]}}, {"type": "Feature", "properties": {"osm_id": 223928482, "source": "OpenStreetMap", "building": "yes", "name": "YWCA Opportunity Place", "building:levels": "7"}, "geometry": {"type": "Polygon", "coordinates": [[[-122.3414199, 47.6128763], [-122.3419706, 47.6131998], [-122.3416838, 47.6134217], [-122.3411331, 47.6130981], [-122.3414199, 47.6128763]]]}}, {"type": "Feature", "properties": {"osm_id": 223928483, "source": "OpenStreetMap", "building": "university", "name": "Lui Building"}, "geometry": {"type": "Polygon", "coordinates": [[[-122.335439, 47.616765], [-122.335598, 47.6166426], [-122.3357582, 47.6165193], [-122.3360475, 47.6166901], [-122.3358874, 47.6168133], [-122.3359652, 47.6168592], [-122.3358061, 47.6169817], [-122.335439, 47.616765]]]}}, {"type": "Feature", "properties": {"osm_id": 223928485, "source": "OpenStreetMap", "building": "apartments", "name": "Carbon56", "building:levels": "5"}, "geometry": {"type": "Polygon", "coordinates": [[[-122.3357541, 47.6170139], [-122.3358241, 47.6170568], [-122.3358028, 47.6170734], [-122.3358533, 47.6171034], [-122.3358707, 47.6170902], [-122.3362008, 47.6172857], [-122.3360843, 47.6173794], [-122.3359197, 47.6175065], [-122.3358904, 47.6175288], [-122.3357099, 47.6174218], [-122.3357005, 47.6174292], [-122.3354308, 47.6172649], [-122.3354409, 47.6172571], [-122.3355939, 47.6171376], [-122.3357541, 47.6170139]]]}}, {"type": "Feature", "properties": {"osm_id": 223928486, "source": "OpenStreetMap", "building": "yes", "building:levels": "2"}, "geometry": {"type": "Polygon", "coordinates": [[[-122.3414118, 47.6121475], [-122.3417818, 47.6123633], [-122.3414915, 47.612585], [-122.3411288, 47.6123674], [-122.3414118, 47.6121475]]]}}, {"type": "Feature", "properties": {"osm_id": 223928487, "source": "OpenStreetMap", "building": "apartments", "name": "Stratford on 4th", "building:levels": "6"}, "geometry": {"type": "Polygon", "coordinates": [[[-122.3411792, 47.6133151], [-122.3411163, 47.6132779], [-122.3410623, 47.6133194], [-122.3410938, 47.613338], [-122.3410531, 47.6133692], [-122.3410869, 47.6133892], [-122.3409935, 47.6134608], [-122.3408061, 47.6133498], [-122.3409015, 47.6132766], [-122.3409481, 47.6133042], [-122.3410341, 47.6132382], [-122.3409915, 47.613213], [-122.3410971, 47.6131319], [-122.3411666, 47.6131731], [-122.3411459, 47.613189], [-122.341186, 47.6132127], [-122.341204, 47.6131989], [-122.3412755, 47.6132412], [-122.3411792, 47.6133151]]]}}, {"type": "Feature", "properties": {"osm_id": 223928488, "source": "OpenStreetMap", "building": "apartments", "name": "Marq 221", "building:levels": "6"}, "geometry": {"type": "Polygon", "coordinates": [[[-122.3423076, 47.6122198], [-122.3428317, 47.6125285], [-122.3425412, 47.6127527], [-122.342017, 47.6124441], [-122.3423076, 47.6122198]]]}}, {"type": "Feature", "properties": {"osm_id": 223928490, "source": "OpenStreetMap", "building": "yes", "name": "Westin Parking"}, "geometry": {"type": "Polygon", "coordinates": [[[-122.3394198, 47.6144237], [-122.3394119, 47.6144298], [-122.3393577, 47.6143975], [-122.3393656, 47.614391], [-122.3389227, 47.6141309], [-122.3389192, 47.6141334], [-122.3389152, 47.6141362], [-122.338874, 47.6141129], [-122.3388743, 47.6141065], [-122.3388744, 47.6140925], [-122.3389042, 47.6140694], [-122.3389109, 47.6140733], [-122.3389712, 47.6140266], [-122.3389827, 47.6140176], [-122.3391191, 47.6139119], [-122.3392024, 47.6139175], [-122.3392581, 47.6139525], [-122.3396449, 47.6141813], [-122.3396157, 47.6142039], [-122.3396693, 47.6142356], [-122.3394198, 47.6144237]]]}}, {"type": "Feature", "properties": {"osm_id": 223928491, "source": "OpenStreetMap", "building": "yes", "name": "Devil's Triangle"}, "geometry": {"type": "Polygon", "coordinates": [[[-122.3380994, 47.6156006], [-122.3383187, 47.6157338], [-122.3383655, 47.6157622], [-122.3381572, 47.6159164], [-122.338094, 47.6156037], [-122.3380994, 47.6156006]]]}}, {"type": "Feature", "properties": {"osm_id": 223928492, "source": "OpenStreetMap", "building": "yes", "building:levels": "4"}, "geometry": {"type": "Polygon", "coordinates": [[[-122.340619, 47.6132459], [-122.3402567, 47.613032], [-122.3405457, 47.6128068], [-122.3407251, 47.6129145], [-122.3409084, 47.6130224], [-122.340619, 47.6132459]]]}}, {"type": "Feature", "properties": {"osm_id": 223928493, "source": "OpenStreetMap", "building": "yes", "name": "Recovery Caf\u00e9"}, "geometry": {"type": "Polygon", "coordinates": [[[-122.3349982, 47.6184336], [-122.3344814, 47.6184323], [-122.334481, 47.618137], [-122.3345146, 47.6181295], [-122.3349979, 47.6184132], [-122.3349982, 47.6184336]]]}}, {"type": "Feature", "properties": {"osm_id": 223928495, "source": "OpenStreetMap", "building": "apartments", "name": "Graham Terry Apartments", "building:levels": "7"}, "geometry": {"type": "Polygon", "coordinates": [[[-122.3354236, 47.6175124], [-122.3354315, 47.6175063], [-122.335463, 47.6175247], [-122.3354716, 47.6175244], [-122.335536, 47.6175623], [-122.3355367, 47.6175696], [-122.3356218, 47.6176198], [-122.335633, 47.6176192], [-122.3356587, 47.6176344], [-122.3356655, 47.6176384], [-122.3356742, 47.6176435], [-122.3356843, 47.6176431], [-122.3357006, 47.6176423], [-122.3357018, 47.6176532], [-122.3357027, 47.6176615], [-122.3357429, 47.6176851], [-122.3357436, 47.617691], [-122.3357962, 47.617722], [-122.3357292, 47.6177737], [-122.335675, 47.6177417], [-122.3355857, 47.6178106], [-122.3356256, 47.6178341], [-122.3354777, 47.6179481], [-122.3354158, 47.6179117], [-122.3354084, 47.6179174], [-122.3353175, 47.6178639], [-122.3353255, 47.6178577], [-122.3351518, 47.6177555], [-122.3351449, 47.6177609], [-122.3350523, 47.6177065], [-122.3350586, 47.6177016], [-122.3350358, 47.6176882], [-122.335043, 47.6176827], [-122.334996, 47.6176551], [-122.3350062, 47.6176472], [-122.3350096, 47.6176446], [-122.3350677, 47.6175996], [-122.3350604, 47.6175954], [-122.3350997, 47.6175649], [-122.3351698, 47.6176061], [-122.3351976, 47.6175846], [-122.3352923, 47.6176403], [-122.3352976, 47.6176433], [-122.3354795, 47.6177502], [-122.3355033, 47.6177317], [-122.3355313, 47.6177305], [-122.335553, 47.6177136], [-122.3355511, 47.6176961], [-122.335566, 47.6176844], [-122.3355458, 47.6176726], [-122.3355418, 47.6176756], [-122.3354825, 47.6176409], [-122.3354764, 47.6176373], [-122.3354423, 47.6176172], [-122.3354507, 47.6176108], [-122.3354213, 47.6175935], [-122.335399, 47.6176108], [-122.3353417, 47.6175771], [-122.3354236, 47.6175124]]]}}, {"type": "Feature", "properties": {"osm_id": 223928496, "source": "OpenStreetMap", "building": "yes", "building:levels": "2"}, "geometry": {"type": "Polygon", "coordinates": [[[-122.3363421, 47.617302], [-122.3365023, 47.6171789], [-122.3363187, 47.6170699], [-122.3364804, 47.6169459], [-122.3368466, 47.6171638], [-122.3365337, 47.6174048], [-122.3365253, 47.617411], [-122.3365154, 47.617405], [-122.3363421, 47.617302]]]}}, {"type": "Feature", "properties": {"osm_id": 223928497, "source": "OpenStreetMap", "building": "commercial", "name": "Westin Building", "building:levels": "34"}, "geometry": {"type": "Polygon", "coordinates": [[[-122.3389753, 47.6145232], [-122.338905, 47.614577], [-122.338535, 47.6143566], [-122.3388251, 47.6141341], [-122.3391924, 47.6143529], [-122.3391393, 47.6143938], [-122.3389753, 47.6145232]]]}}, {"type": "Feature", "properties": {"osm_id": 223928504, "source": "OpenStreetMap", "building": "yes"}, "geometry": {"type": "Polygon", "coordinates": [[[-122.3369904, 47.6170029], [-122.3362902, 47.616597], [-122.3363516, 47.6165489], [-122.3366073, 47.6163483], [-122.336764, 47.6164391], [-122.3368816, 47.6165073], [-122.3373552, 47.6167818], [-122.337074, 47.617002], [-122.3370596, 47.6170103], [-122.3370419, 47.6170148], [-122.3370231, 47.6170149], [-122.3370052, 47.6170108], [-122.3369904, 47.6170029]]]}}, {"type": "Feature", "properties": {"osm_id": 223929013, "source": "OpenStreetMap", "building": "yes"}, "geometry": {"type": "Polygon", "coordinates": [[[-122.3329805, 47.6180709], [-122.3329675, 47.6180638], [-122.3329705, 47.6180618], [-122.3329205, 47.6180331], [-122.3329275, 47.618028], [-122.3330805, 47.6179071], [-122.3331685, 47.6179579], [-122.3331945, 47.6179376], [-122.3332425, 47.6179654], [-122.3332115, 47.6179895], [-122.3333115, 47.6180468], [-122.3333055, 47.6180513], [-122.3332855, 47.6180665], [-122.3333085, 47.6180792], [-122.3332115, 47.6181553], [-122.3331905, 47.6181431], [-122.3331605, 47.6181664], [-122.3331325, 47.6181498], [-122.3331235, 47.6181571], [-122.3330685, 47.6181257], [-122.3330755, 47.618117], [-122.3329915, 47.6180684], [-122.3329845, 47.6180735], [-122.3329805, 47.6180709]]]}}, {"type": "Feature", "properties": {"osm_id": 223929016, "source": "OpenStreetMap", "building": "yes", "building:levels": "6"}, "geometry": {"type": "Polygon", "coordinates": [[[-122.3390228, 47.613081], [-122.3387349, 47.6133035], [-122.3385984, 47.6132232], [-122.3384602, 47.6131419], [-122.338748, 47.6129195], [-122.3390228, 47.613081]]]}}, {"type": "Feature", "properties": {"osm_id": 223929018, "source": "OpenStreetMap", "building": "commercial", "name": "Plaza 600", "building:levels": "20"}, "geometry": {"type": "Polygon", "coordinates": [[[-122.3372089, 47.6142291], [-122.3371598, 47.614268], [-122.3371026, 47.6142351], [-122.3371526, 47.6141954], [-122.3371566, 47.6141923], [-122.3367787, 47.6139718], [-122.3369686, 47.6138243], [-122.3370825, 47.6138917], [-122.3371589, 47.6138327], [-122.3373641, 47.6139535], [-122.3372853, 47.6140147], [-122.3373987, 47.6140816], [-122.3372133, 47.6142256], [-122.3372089, 47.6142291]]]}}, {"type": "Feature", "properties": {"osm_id": 223929019, "source": "OpenStreetMap", "building": "office", "name": "Seattle Children's Research Institute Jack R. MacDonald Building", "building:levels": "11"}, "geometry": {"type": "Polygon", "coordinates": [[[-122.3341583, 47.6159959], [-122.3344816, 47.6157507], [-122.335194, 47.6161791], [-122.3348779, 47.6164207], [-122.3348183, 47.6163833], [-122.3348117, 47.6163903], [-122.3342065, 47.6160292], [-122.3342108, 47.6160249], [-122.3341583, 47.6159959]]]}}, {"type": "Feature", "properties": {"osm_id": 223929020, "source": "OpenStreetMap", "building": "commercial"}, "geometry": {"type": "Polygon", "coordinates": [[[-122.3401004, 47.611372], [-122.3404704, 47.6115913], [-122.3401825, 47.611812], [-122.3401782, 47.6118153], [-122.3401127, 47.6117764], [-122.3401176, 47.6117727], [-122.3398808, 47.6116323], [-122.3398772, 47.611635], [-122.3398096, 47.6115949], [-122.3401004, 47.611372]]]}}, {"type": "Feature", "properties": {"osm_id": 223929021, "source": "OpenStreetMap", "building": "yes"}, "geometry": {"type": "Polygon", "coordinates": [[[-122.3352398, 47.615466], [-122.3352257, 47.6154679], [-122.3351004, 47.6153959], [-122.3351001, 47.6153856], [-122.3350829, 47.6153841], [-122.3350741, 47.6153788], [-122.3350738, 47.6153702], [-122.3351219, 47.6153315], [-122.3350735, 47.6153054], [-122.3352872, 47.61514], [-122.3353305, 47.6151672], [-122.3353787, 47.6151324], [-122.3353929, 47.6151316], [-122.3354053, 47.61514], [-122.3354055, 47.6151489], [-122.3354228, 47.6151487], [-122.3354729, 47.6151813], [-122.3355146, 47.6152044], [-122.3355445, 47.6152205], [-122.3355448, 47.6152315], [-122.3355116, 47.6152579], [-122.3355015, 47.6152601], [-122.3355017, 47.6152656], [-122.335283, 47.6154336], [-122.3352734, 47.6154338], [-122.3352736, 47.6154406], [-122.3352398, 47.615466]]]}}, {"type": "Feature", "properties": {"osm_id": 223929023, "source": "OpenStreetMap", "building": "yes"}, "geometry": {"type": "Polygon", "coordinates": [[[-122.335409, 47.6163039], [-122.335555, 47.6163909], [-122.335232, 47.6166401], [-122.335161, 47.6165996], [-122.335085, 47.6165539], [-122.335409, 47.6163039]]]}}, {"type": "Feature", "properties": {"osm_id": 223929028, "source": "OpenStreetMap", "building": "yes", "name": "El Rio", "building:levels": "5"}, "geometry": {"type": "Polygon", "coordinates": [[[-122.3351987, 47.6161834], [-122.3353787, 47.6162924], [-122.3352617, 47.6163804], [-122.3352377, 47.6163658], [-122.3350287, 47.6165237], [-122.3349017, 47.6164471], [-122.3351097, 47.6162904], [-122.3350797, 47.6162725], [-122.3351987, 47.6161834]]]}}, {"type": "Feature", "properties": {"osm_id": 223929030, "source": "OpenStreetMap", "building": "hotel", "name": "Hotel Max", "building:levels": "10"}, "geometry": {"type": "Polygon", "coordinates": [[[-122.3366849, 47.6140428], [-122.3367546, 47.6140841], [-122.3368452, 47.6141378], [-122.3365176, 47.6143916], [-122.3363556, 47.6142951], [-122.3366849, 47.6140428]]]}}, {"type": "Feature", "properties": {"osm_id": 223929031, "source": "OpenStreetMap", "building": "yes"}, "geometry": {"type": "Polygon", "coordinates": [[[-122.3334772, 47.6175114], [-122.3338345, 47.6177262], [-122.3335269, 47.6179641], [-122.333166, 47.6177521], [-122.3334772, 47.6175114]]]}}, {"type": "Feature", "properties": {"osm_id": 223929032, "source": "OpenStreetMap", "building": "commercial", "name": "Amazon.com Kumo", "building:levels": "7"}, "geometry": {"type": "Polygon", "coordinates": [[[-122.3346759, 47.6168121], [-122.3339823, 47.6164008], [-122.3337863, 47.6162843], [-122.3339747, 47.6161387], [-122.3341061, 47.6160376], [-122.3349968, 47.6165659], [-122.3351804, 47.6166748], [-122.3349642, 47.6168414], [-122.3347801, 47.6167321], [-122.3346759, 47.6168121]]]}}, {"type": "Feature", "properties": {"osm_id": 223929036, "source": "OpenStreetMap", "building": "commercial", "name": "Securities Building", "building:levels": "3"}, "geometry": {"type": "Polygon", "coordinates": [[[-122.3397551, 47.6118799], [-122.3399081, 47.6119739], [-122.3392837, 47.6124578], [-122.3391266, 47.6123665], [-122.3389601, 47.6122652], [-122.3395868, 47.6117799], [-122.3397551, 47.6118799]]]}}, {"type": "Feature", "properties": {"osm_id": 223937021, "source": "OpenStreetMap", "building": "yes"}, "geometry": {"type": "Polygon", "coordinates": [[[-122.3293503, 47.6180804], [-122.3293409, 47.6180808], [-122.3293538, 47.6180033], [-122.3293772, 47.6179864], [-122.329351, 47.6179722], [-122.3293945, 47.6179371], [-122.329546, 47.6180266], [-122.3294648, 47.6180902], [-122.3294473, 47.6180792], [-122.3293503, 47.6180804]]]}}, {"type": "Feature", "properties": {"osm_id": 223937022, "source": "OpenStreetMap", "building": "yes", "name": "Seattle Vault", "building:levels": "5"}, "geometry": {"type": "Polygon", "coordinates": [[[-122.3324275, 47.6161513], [-122.3319824, 47.6158872], [-122.3319864, 47.6158852], [-122.3322939, 47.6156478], [-122.3327379, 47.6159119], [-122.3324315, 47.6161484], [-122.3324275, 47.6161513]]]}}, {"type": "Feature", "properties": {"osm_id": 223937023, "source": "OpenStreetMap", "building": "yes", "name": "Stewart Court Apartments", "building:levels": "6"}, "geometry": {"type": "Polygon", "coordinates": [[[-122.3349855, 47.6145657], [-122.3351187, 47.6144569], [-122.3352259, 47.6145169], [-122.3351996, 47.6145385], [-122.3352238, 47.6145521], [-122.33521, 47.6145634], [-122.3352259, 47.6145724], [-122.3353908, 47.6144375], [-122.3355969, 47.6145526], [-122.3352864, 47.6148066], [-122.335187, 47.6147512], [-122.3352132, 47.6147297], [-122.3349855, 47.6145657]]]}}, {"type": "Feature", "properties": {"osm_id": 223937024, "source": "OpenStreetMap", "building": "yes", "name": "Just Poke"}, "geometry": {"type": "Polygon", "coordinates": [[[-122.3332205, 47.6145243], [-122.3333031, 47.614592], [-122.3332305, 47.6146453], [-122.3331436, 47.6145558], [-122.3332205, 47.6145243]]]}}, {"type": "Feature", "properties": {"osm_id": 223937025, "source": "OpenStreetMap", "building": "yes", "name": "Lloyd Building", "building:levels": "10"}, "geometry": {"type": "Polygon", "coordinates": [[[-122.3364018, 47.6137907], [-122.336586, 47.6136463], [-122.3365702, 47.6136368], [-122.3365831, 47.613625], [-122.3365558, 47.6136092], [-122.3366763, 47.6135192], [-122.3368262, 47.6136185], [-122.3365069, 47.6138666], [-122.3364573, 47.6138345], [-122.3364613, 47.61383], [-122.3364018, 47.6137907]]]}}, {"type": "Feature", "properties": {"osm_id": 223937026, "source": "OpenStreetMap", "building": "yes", "name": "Times Square Building", "building:levels": "6"}, "geometry": {"type": "Polygon", "coordinates": [[[-122.3384456, 47.6123304], [-122.3384516, 47.6123347], [-122.3384586, 47.6123355], [-122.3384866, 47.6123544], [-122.3384886, 47.6123652], [-122.3384946, 47.6123674], [-122.3379191, 47.6128118], [-122.3379094, 47.6128139], [-122.3378983, 47.6128122], [-122.3376642, 47.6126707], [-122.3376659, 47.6126556], [-122.3384456, 47.6123304]]]}}, {"type": "Feature", "properties": {"osm_id": 223937027, "source": "OpenStreetMap", "building": "yes", "building:levels": "1"}, "geometry": {"type": "Polygon", "coordinates": [[[-122.3310856, 47.6170288], [-122.3309345, 47.6169399], [-122.3310268, 47.6168683], [-122.3310898, 47.6168191], [-122.3312506, 47.616695], [-122.3312947, 47.6167206], [-122.3312347, 47.6167671], [-122.3313275, 47.6168219], [-122.3312794, 47.6168592], [-122.3312934, 47.6168673], [-122.3310856, 47.6170288]]]}}, {"type": "Feature", "properties": {"osm_id": 223937028, "source": "OpenStreetMap", "building": "yes", "building:levels": "10"}, "geometry": {"type": "Polygon", "coordinates": [[[-122.3300545, 47.618069], [-122.3300412, 47.618078], [-122.3299532, 47.6180264], [-122.329886, 47.6180766], [-122.3297673, 47.6180048], [-122.3297092, 47.6180476], [-122.329669, 47.618022], [-122.3297279, 47.6179809], [-122.3296667, 47.6179439], [-122.3295938, 47.6180002], [-122.3294255, 47.6178989], [-122.3295682, 47.6177888], [-122.3295504, 47.6177778], [-122.3297271, 47.6176433], [-122.3302608, 47.6179656], [-122.3300972, 47.6180933], [-122.3300545, 47.618069]]]}}, {"type": "Feature", "properties": {"osm_id": 223937029, "source": "OpenStreetMap", "building": "yes", "name": "Aspira", "building:levels": "37"}, "geometry": {"type": "Polygon", "coordinates": [[[-122.3338878, 47.6159064], [-122.3335754, 47.6161442], [-122.3334948, 47.6160961], [-122.3334845, 47.616104], [-122.3333793, 47.6160412], [-122.3333889, 47.6160338], [-122.3332913, 47.6159755], [-122.3333145, 47.6159578], [-122.333086, 47.6158213], [-122.3333549, 47.6156166], [-122.3335834, 47.6157531], [-122.3336037, 47.6157377], [-122.333701, 47.6157958], [-122.3337127, 47.6157869], [-122.3338183, 47.61585], [-122.3338073, 47.6158584], [-122.3338878, 47.6159064]]]}}, {"type": "Feature", "properties": {"osm_id": 223937030, "source": "OpenStreetMap", "building": "apartments", "building:levels": "4"}, "geometry": {"type": "Polygon", "coordinates": [[[-122.3293503, 47.6180804], [-122.3294473, 47.6180792], [-122.3294648, 47.6180902], [-122.3295789, 47.6181585], [-122.3296539, 47.6180989], [-122.3298475, 47.618214], [-122.329848, 47.6182357], [-122.3298686, 47.6182355], [-122.3298686, 47.6182889], [-122.3298515, 47.6182886], [-122.3298519, 47.6183223], [-122.329722, 47.6183238], [-122.3297221, 47.6183288], [-122.3296052, 47.6183302], [-122.3296051, 47.6183253], [-122.3293316, 47.6183284], [-122.3293062, 47.6183092], [-122.3293165, 47.618243], [-122.3293078, 47.6182427], [-122.3293122, 47.6182009], [-122.3293241, 47.618201], [-122.3293363, 47.6180924], [-122.3293511, 47.6180916], [-122.3293503, 47.6180804]]]}}, {"type": "Feature", "properties": {"osm_id": 223937032, "source": "OpenStreetMap", "building": "yes", "building:levels": "2"}, "geometry": {"type": "Polygon", "coordinates": [[[-122.330315, 47.6157912], [-122.3303715, 47.6157653], [-122.3303666, 47.6157528], [-122.3303697, 47.615739], [-122.3303777, 47.6157325], [-122.3304352, 47.615706], [-122.3304405, 47.6157127], [-122.3304895, 47.6156919], [-122.3304868, 47.6156665], [-122.3304922, 47.6156594], [-122.3306424, 47.6155951], [-122.330665, 47.6155896], [-122.3306904, 47.6155899], [-122.3307026, 47.6155932], [-122.3310386, 47.6159627], [-122.3312167, 47.6161585], [-122.3312187, 47.6161927], [-122.3310722, 47.6163057], [-122.3309043, 47.6164351], [-122.3309017, 47.6164322], [-122.330315, 47.6157912]]]}}, {"type": "Feature", "properties": {"osm_id": 223937033, "source": "OpenStreetMap", "building": "yes", "name": "Metropolitan Park: North Tower", "building:levels": "6"}, "geometry": {"type": "Polygon", "coordinates": [[[-122.3304258, 47.6173802], [-122.3308625, 47.6176372], [-122.3309075, 47.6176637], [-122.330957, 47.6176928], [-122.3310032, 47.61772], [-122.3310454, 47.6177449], [-122.3312971, 47.617893], [-122.3310325, 47.6180973], [-122.3310169, 47.6181062], [-122.3309986, 47.6181123], [-122.3309786, 47.6181152], [-122.3309582, 47.6181147], [-122.3309386, 47.618111], [-122.3309209, 47.6181041], [-122.3309061, 47.6180946], [-122.3306217, 47.6179272], [-122.3305736, 47.6178989], [-122.3305256, 47.6178706], [-122.3304802, 47.6178439], [-122.3304387, 47.6178195], [-122.3299064, 47.6175062], [-122.3301167, 47.6173438], [-122.3301435, 47.6173596], [-122.3301861, 47.6173266], [-122.3301503, 47.6173055], [-122.3301939, 47.6172719], [-122.3304258, 47.6173802]]]}}, {"type": "Feature", "properties": {"osm_id": 223937034, "source": "OpenStreetMap", "building": "yes"}, "geometry": {"type": "Polygon", "coordinates": [[[-122.335098, 47.613745], [-122.3351082, 47.6137398], [-122.3351194, 47.6137359], [-122.3351315, 47.6137333], [-122.335144, 47.6137322], [-122.3351567, 47.6137325], [-122.3351691, 47.6137342], [-122.3351809, 47.6137373], [-122.3351917, 47.6137417], [-122.3352013, 47.6137473], [-122.3352093, 47.6137539], [-122.3352156, 47.6137614], [-122.3358258, 47.6141959], [-122.335956, 47.6142886], [-122.3356534, 47.6145123], [-122.3354986, 47.6144028], [-122.3351952, 47.6141853], [-122.3351462, 47.6141502], [-122.3347878, 47.6138933], [-122.3348446, 47.6138639], [-122.3348427, 47.6138531], [-122.335098, 47.613745]]]}}, {"type": "Feature", "properties": {"osm_id": 223937035, "source": "OpenStreetMap", "building": "apartments", "name": "Arion Court", "building:levels": "3"}, "geometry": {"type": "Polygon", "coordinates": [[[-122.3307814, 47.617369], [-122.3307473, 47.6173486], [-122.330818, 47.6172943], [-122.3308509, 47.6173139], [-122.3308675, 47.6173156], [-122.3308938, 47.6172963], [-122.3308886, 47.617287], [-122.3308545, 47.6172663], [-122.3309463, 47.6171958], [-122.3309512, 47.617192], [-122.3309539, 47.61719], [-122.3310469, 47.6172454], [-122.3309305, 47.6173353], [-122.3308371, 47.6174074], [-122.3307266, 47.6174927], [-122.3306299, 47.6174387], [-122.3306338, 47.6174357], [-122.3307106, 47.6173767], [-122.3307473, 47.617399], [-122.330761, 47.6173995], [-122.3307898, 47.6173787], [-122.3307814, 47.617369]]]}}, {"type": "Feature", "properties": {"osm_id": 223937038, "source": "OpenStreetMap", "building": "parking", "name": "Midtown Parking", "building:levels": "6"}, "geometry": {"type": "Polygon", "coordinates": [[[-122.3358523, 47.6134176], [-122.3362625, 47.6132466], [-122.3364904, 47.6133931], [-122.3361683, 47.6136208], [-122.3358523, 47.6134176]]]}}, {"type": "Feature", "properties": {"osm_id": 223937041, "source": "OpenStreetMap", "building": "yes"}, "geometry": {"type": "Polygon", "coordinates": [[[-122.330051, 47.6166326], [-122.3299859, 47.6165606], [-122.3300279, 47.6165432], [-122.330093, 47.6166152], [-122.330051, 47.6166326]]]}}, {"type": "Feature", "properties": {"osm_id": 223937042, "source": "OpenStreetMap", "building": "apartments", "name": "Hill7", "building:levels": "11"}, "geometry": {"type": "Polygon", "coordinates": [[[-122.3319959, 47.6163913], [-122.332303, 47.6161436], [-122.3330039, 47.6165581], [-122.3328448, 47.6166814], [-122.3326876, 47.616803], [-122.3319959, 47.6163913]]]}}, {"type": "Feature", "properties": {"osm_id": 223937043, "source": "OpenStreetMap", "building": "apartments", "name": "8th + Olive"}, "geometry": {"type": "Polygon", "coordinates": [[[-122.3347158, 47.6139426], [-122.3347764, 47.613987], [-122.3347881, 47.6139869], [-122.334802, 47.6139969], [-122.3348018, 47.6140057], [-122.3348277, 47.6140248], [-122.3348383, 47.6140244], [-122.3348544, 47.6140361], [-122.3348531, 47.6140434], [-122.3349307, 47.6141006], [-122.3349429, 47.6141004], [-122.3349574, 47.6141113], [-122.3349561, 47.6141192], [-122.3349815, 47.6141379], [-122.3349947, 47.6141377], [-122.3350076, 47.614148], [-122.3350074, 47.614157], [-122.3350685, 47.6142018], [-122.335256, 47.6143393], [-122.3349615, 47.6145676], [-122.3349371, 47.6145498], [-122.3349244, 47.6145501], [-122.3348985, 47.6145298], [-122.3348988, 47.6145221], [-122.3348895, 47.6145153], [-122.3348794, 47.6145158], [-122.3348478, 47.614495], [-122.3348496, 47.6144861], [-122.3348356, 47.6144759], [-122.334823, 47.6144773], [-122.334794, 47.6144555], [-122.3347963, 47.6144474], [-122.3347398, 47.6144059], [-122.3346798, 47.6143631], [-122.3346677, 47.6143644], [-122.3346527, 47.6143534], [-122.3346539, 47.6143443], [-122.3346275, 47.6143249], [-122.3346159, 47.6143268], [-122.3345885, 47.6143069], [-122.3345897, 47.6142976], [-122.334525, 47.6142504], [-122.3345087, 47.6142491], [-122.3344839, 47.614231], [-122.3344862, 47.6142226], [-122.3344732, 47.6142129], [-122.3344611, 47.6142144], [-122.3344311, 47.6141925], [-122.3344359, 47.6141858], [-122.3343852, 47.614149], [-122.3343857, 47.6141323], [-122.3344355, 47.6141009], [-122.3344348, 47.6140951], [-122.3344672, 47.6140746], [-122.3344773, 47.6140744], [-122.3346028, 47.6139953], [-122.3346041, 47.613987], [-122.3346299, 47.6139695], [-122.3346446, 47.6139695], [-122.3346894, 47.6139409], [-122.3347158, 47.6139426]]]}}, {"type": "Feature", "properties": {"osm_id": 223937044, "source": "OpenStreetMap", "building": "yes", "name": "James W. Orion Center", "building:levels": "1"}, "geometry": {"type": "Polygon", "coordinates": [[[-122.330619, 47.6181796], [-122.3307809, 47.6182755], [-122.330712, 47.6183272], [-122.3306424, 47.6183795], [-122.3303992, 47.6183539], [-122.3303994, 47.6183484], [-122.330619, 47.6181796]]]}}, {"type": "Feature", "properties": {"osm_id": 223937045, "source": "OpenStreetMap", "building": "yes", "name": "Hilton Garden Inn Seattle Downtown", "building:levels": "15"}, "geometry": {"type": "Polygon", "coordinates": [[[-122.3316284, 47.6161707], [-122.3319315, 47.6159293], [-122.3322842, 47.6161355], [-122.3319799, 47.6163808], [-122.3316284, 47.6161707]]]}}, {"type": "Feature", "properties": {"osm_id": 223937046, "source": "OpenStreetMap", "building": "yes", "name": "The Tower Building", "height": "105.7", "building:levels": "17"}, "geometry": {"type": "Polygon", "coordinates": [[[-122.3358119, 47.613913], [-122.3354119, 47.6136305], [-122.3354176, 47.6135985], [-122.3357942, 47.6134419], [-122.3358853, 47.6135052], [-122.3358634, 47.6135205], [-122.336098, 47.6136918], [-122.3358119, 47.613913]]]}}, {"type": "Feature", "properties": {"osm_id": 223937049, "source": "OpenStreetMap", "building": "yes", "building:levels": "2"}, "geometry": {"type": "Polygon", "coordinates": [[[-122.336799, 47.6130305], [-122.3369804, 47.6129536], [-122.3371893, 47.6129353], [-122.3372572, 47.6132701], [-122.3372033, 47.6133097], [-122.3372054, 47.6133266], [-122.3371655, 47.613356], [-122.336741, 47.6130727], [-122.3368108, 47.6130431], [-122.336799, 47.6130305]]]}}, {"type": "Feature", "properties": {"osm_id": 223937051, "source": "OpenStreetMap", "building": "office", "name": "1800 Ninth", "building:levels": "16"}, "geometry": {"type": "Polygon", "coordinates": [[[-122.3335727, 47.6156452], [-122.3333008, 47.6154835], [-122.333291, 47.615491], [-122.3329261, 47.6152739], [-122.3329383, 47.6152646], [-122.3329088, 47.6152481], [-122.3329424, 47.6152203], [-122.3328794, 47.6151818], [-122.3331114, 47.6150045], [-122.3331361, 47.6149857], [-122.3332256, 47.6150389], [-122.3332418, 47.6150265], [-122.3336074, 47.6152439], [-122.3336025, 47.6152476], [-122.3337538, 47.6153376], [-122.3337159, 47.6153666], [-122.3337829, 47.6154063], [-122.3338405, 47.6154406], [-122.3335727, 47.6156452]]]}}, {"type": "Feature", "properties": {"osm_id": 226321130, "source": "OpenStreetMap", "building": "yes", "name": "One Yesler Building", "height": "3"}, "geometry": {"type": "Polygon", "coordinates": [[[-122.3357136, 47.6014704], [-122.3357721, 47.601548], [-122.3358078, 47.6015894], [-122.3358461, 47.6016344], [-122.3358253, 47.6016349], [-122.3358254, 47.6016389], [-122.3356866, 47.6016386], [-122.3356844, 47.6016341], [-122.3356641, 47.6016335], [-122.3356856, 47.6014648], [-122.3357099, 47.6014655], [-122.3357136, 47.6014704]]]}}, {"type": "Feature", "properties": {"osm_id": 226321131, "source": "OpenStreetMap", "building": "yes", "name": "Emerald City Building", "building:levels": "2"}, "geometry": {"type": "Polygon", "coordinates": [[[-122.334801, 47.6022311], [-122.3348045, 47.6023244], [-122.3344235, 47.6024825], [-122.3343608, 47.6024137], [-122.334801, 47.6022311]]]}}, {"type": "Feature", "properties": {"osm_id": 226321134, "source": "OpenStreetMap", "building": "yes"}, "geometry": {"type": "Polygon", "coordinates": [[[-122.3351604, 47.6023937], [-122.3351404, 47.6023733], [-122.3350724, 47.6024042], [-122.3349754, 47.6022934], [-122.3349734, 47.6021393], [-122.3353654, 47.6021398], [-122.3353634, 47.6022175], [-122.3354234, 47.6022832], [-122.3351604, 47.6023937]]]}}, {"type": "Feature", "properties": {"osm_id": 226321140, "source": "OpenStreetMap", "building": "transportation", "name": "Water Taxi/Fast Ferries Terminal", "building:levels": "1"}, "geometry": {"type": "Polygon", "coordinates": [[[-122.3377541, 47.601432], [-122.337885, 47.6014334], [-122.3383158, 47.6014348], [-122.3383628, 47.6014849], [-122.3384124, 47.6015374], [-122.3384167, 47.6015424], [-122.3371405, 47.60154], [-122.3370922, 47.6015538], [-122.3370633, 47.6015623], [-122.3370646, 47.6015008], [-122.3377566, 47.601499], [-122.3377541, 47.601432]]]}}, {"type": "Feature", "properties": {"osm_id": 226321141, "source": "OpenStreetMap", "building": "yes", "name": "619 Western Building", "building:levels": "6"}, "geometry": {"type": "Polygon", "coordinates": [[[-122.335631, 47.6021718], [-122.336083, 47.6019782], [-122.3363006, 47.602214], [-122.3358469, 47.6024038], [-122.335631, 47.6021718]]]}}, {"type": "Feature", "properties": {"osm_id": 226321142, "source": "OpenStreetMap", "building": "yes", "name": "Olympic Block", "building:levels": "7"}, "geometry": {"type": "Polygon", "coordinates": [[[-122.3339713, 47.6016422], [-122.3335751, 47.6016423], [-122.333575, 47.6014497], [-122.3340257, 47.6014495], [-122.3340258, 47.6016061], [-122.3339713, 47.6016422]]]}}, {"type": "Feature", "properties": {"osm_id": 226321144, "source": "OpenStreetMap", "building": "office", "building:levels": "4"}, "geometry": {"type": "Polygon", "coordinates": [[[-122.3321922, 47.6012958], [-122.3321927, 47.6016305], [-122.3321197, 47.6016307], [-122.3318217, 47.6012947], [-122.3321922, 47.6012958]]]}}, {"type": "Feature", "properties": {"osm_id": 226321146, "source": "OpenStreetMap", "building": "yes", "name": "Interurban Building", "building:levels": "6"}, "geometry": {"type": "Polygon", "coordinates": [[[-122.3322519, 47.6016297], [-122.3322546, 47.6013108], [-122.3327024, 47.6013121], [-122.3327017, 47.6016043], [-122.3326999, 47.6016124], [-122.3326955, 47.6016184], [-122.3326806, 47.6016271], [-122.332665, 47.6016299], [-122.3322519, 47.6016297]]]}}, {"type": "Feature", "properties": {"osm_id": 226321730, "source": "OpenStreetMap", "building": "yes", "name": "Morrison Hotel", "building:levels": "8"}, "geometry": {"type": "Polygon", "coordinates": [[[-122.3309775, 47.6020666], [-122.3313528, 47.6019106], [-122.3314394, 47.6020053], [-122.3311696, 47.6021174], [-122.3312131, 47.602165], [-122.3314828, 47.602053], [-122.3315672, 47.6021453], [-122.3312957, 47.6022581], [-122.3313389, 47.6023053], [-122.3316114, 47.6021921], [-122.3317439, 47.602337], [-122.3316507, 47.6023757], [-122.3313676, 47.6024934], [-122.3309775, 47.6020666]]]}}, {"type": "Feature", "properties": {"osm_id": 226321731, "source": "OpenStreetMap", "building": "train_station"}, "geometry": {"type": "Polygon", "coordinates": [[[-122.3312175, 47.6019115], [-122.3309257, 47.6020305], [-122.330893, 47.6019941], [-122.3308578, 47.6019548], [-122.3311496, 47.6018357], [-122.3311847, 47.6018749], [-122.3312175, 47.6019115]]]}}, {"type": "Feature", "properties": {"osm_id": 226321732, "source": "OpenStreetMap", "building": "commercial", "name": "Collins Building", "building:levels": "5"}, "geometry": {"type": "Polygon", "coordinates": [[[-122.3317644, 47.6022667], [-122.3317989, 47.6022524], [-122.3321443, 47.6021095], [-122.3323163, 47.6022999], [-122.3319365, 47.6024567], [-122.3317644, 47.6022667]]]}}, {"type": "Feature", "properties": {"osm_id": 226321733, "source": "OpenStreetMap", "building": "commercial", "name": "Corona Building", "building:levels": "6"}, "geometry": {"type": "Polygon", "coordinates": [[[-122.3323207, 47.6028862], [-122.3321911, 47.6027428], [-122.3325547, 47.6025906], [-122.3325644, 47.6025866], [-122.3325718, 47.6025946], [-122.3326966, 47.6027291], [-122.3325067, 47.6028079], [-122.3323207, 47.6028862]]]}}, {"type": "Feature", "properties": {"osm_id": 226321774, "source": "OpenStreetMap", "building": "yes", "name": "SeaPark", "building:levels": "9"}, "geometry": {"type": "Polygon", "coordinates": [[[-122.3290929, 47.6045017], [-122.3290651, 47.6045125], [-122.3290883, 47.6045359], [-122.3291206, 47.6045365], [-122.3291293, 47.6045953], [-122.3290957, 47.6045986], [-122.329079, 47.6046045], [-122.329092, 47.6046176], [-122.329053, 47.604634], [-122.3288282, 47.6047285], [-122.3288223, 47.6047215], [-122.3287471, 47.6047117], [-122.3287388, 47.604715], [-122.3286883, 47.6046593], [-122.3285791, 47.6045391], [-122.3285994, 47.6045293], [-122.3283669, 47.6042757], [-122.3283218, 47.6042265], [-122.3283378, 47.6041807], [-122.3285541, 47.6040926], [-122.3286661, 47.6040469], [-122.3286992, 47.6040632], [-122.3290929, 47.6045017]]]}}, {"type": "Feature", "properties": {"osm_id": 226321775, "source": "OpenStreetMap", "building": "yes", "name": "Seattle Police Department", "building:levels": "13"}, "geometry": {"type": "Polygon", "coordinates": [[[-122.3294862, 47.6042182], [-122.3295852, 47.6043264], [-122.3296452, 47.604392], [-122.3292584, 47.6045528], [-122.3291891, 47.604477], [-122.3291282, 47.6045024], [-122.3290385, 47.6044043], [-122.3290995, 47.604379], [-122.3293779, 47.6042632], [-122.3294862, 47.6042182]]]}}, {"type": "Feature", "properties": {"osm_id": 226323011, "source": "OpenStreetMap", "building": "government", "name": "Fifth & Yesler Building", "building:levels": "17"}, "geometry": {"type": "Polygon", "coordinates": [[[-122.3272853, 47.6018356], [-122.3273319, 47.6018956], [-122.327361, 47.6018968], [-122.3273633, 47.6019054], [-122.327469, 47.6018983], [-122.327483, 47.6019518], [-122.32746, 47.6019546], [-122.3274697, 47.6020016], [-122.3274832, 47.6020457], [-122.3275071, 47.6020961], [-122.3275508, 47.6021481], [-122.3276103, 47.6022159], [-122.3275694, 47.602234], [-122.3275761, 47.6022419], [-122.3275507, 47.6022512], [-122.3275985, 47.6023019], [-122.327441, 47.6023654], [-122.3273294, 47.6024105], [-122.3272887, 47.6023635], [-122.327265, 47.6023705], [-122.3271991, 47.6023238], [-122.327117, 47.6022564], [-122.3270419, 47.6021823], [-122.3269432, 47.6020743], [-122.3269682, 47.6020645], [-122.3268652, 47.6019518], [-122.3269097, 47.601936], [-122.3268032, 47.6018286], [-122.3272853, 47.6018356]]]}}, {"type": "Feature", "properties": {"osm_id": 226323013, "source": "OpenStreetMap", "building": "yes", "name": "Yesler Building", "building:levels": "5"}, "geometry": {"type": "Polygon", "coordinates": [[[-122.3285826, 47.6018847], [-122.3279361, 47.6021496], [-122.3277994, 47.6019982], [-122.3277993, 47.6018155], [-122.3285564, 47.6018152], [-122.3285771, 47.6018183], [-122.3285946, 47.6018262], [-122.3286065, 47.601838], [-122.3286109, 47.6018519], [-122.3286072, 47.6018659], [-122.328596, 47.601878], [-122.3285826, 47.6018847]]]}}, {"type": "Feature", "properties": {"osm_id": 226323014, "source": "OpenStreetMap", "building": "yes", "name": "Goat Hill Parking Garage", "building:levels": "9"}, "geometry": {"type": "Polygon", "coordinates": [[[-122.3269584, 47.6027632], [-122.3273678, 47.6025926], [-122.3274604, 47.6026935], [-122.3277587, 47.6030188], [-122.3278721, 47.6031425], [-122.3274628, 47.6033132], [-122.3269905, 47.6027982], [-122.3269584, 47.6027632]]]}}, {"type": "Feature", "properties": {"osm_id": 226323020, "source": "OpenStreetMap", "building": "yes", "name": "Frye Apartments", "building:levels": "10"}, "geometry": {"type": "Polygon", "coordinates": [[[-122.3308871, 47.6013083], [-122.3308873, 47.6014297], [-122.330815, 47.6014298], [-122.3308151, 47.6014985], [-122.3308874, 47.6014985], [-122.3308875, 47.6015916], [-122.3309098, 47.6015916], [-122.3309098, 47.6016327], [-122.3306662, 47.6016328], [-122.3303964, 47.6016329], [-122.3303962, 47.601485], [-122.3304496, 47.6014849], [-122.3304496, 47.6014903], [-122.3305616, 47.6014903], [-122.3305616, 47.601436], [-122.3304495, 47.6014361], [-122.3304495, 47.6014415], [-122.3303962, 47.6014416], [-122.330396, 47.6013086], [-122.330402, 47.6013086], [-122.3305642, 47.6013085], [-122.3308871, 47.6013083]]]}}, {"type": "Feature", "properties": {"osm_id": 226323021, "source": "OpenStreetMap", "building": "yes", "name": "Chinook Building", "building:levels": "14"}, "geometry": {"type": "Polygon", "coordinates": [[[-122.3284796, 47.602132], [-122.32852, 47.6021765], [-122.3289852, 47.6026888], [-122.3288775, 47.6027333], [-122.3288844, 47.6027409], [-122.328691, 47.6028208], [-122.3286799, 47.6028086], [-122.3286076, 47.6028384], [-122.328577, 47.6028047], [-122.3285579, 47.6028126], [-122.3281772, 47.6023934], [-122.3281938, 47.6023865], [-122.3281813, 47.6023728], [-122.3282222, 47.6023559], [-122.3281526, 47.6022792], [-122.3281712, 47.6022715], [-122.3281631, 47.6022626], [-122.3284796, 47.602132]]]}}, {"type": "Feature", "properties": {"osm_id": 226323023, "source": "OpenStreetMap", "building": "yes", "building:levels": "2"}, "geometry": {"type": "Polygon", "coordinates": [[[-122.3293066, 47.6023654], [-122.3294318, 47.6025034], [-122.3291859, 47.6026048], [-122.3290607, 47.6024668], [-122.3293066, 47.6023654]]]}}, {"type": "Feature", "properties": {"osm_id": 226323024, "source": "OpenStreetMap", "building": "yes", "name": "Quintessa Apartments"}, "geometry": {"type": "Polygon", "coordinates": [[[-122.3313997, 47.601631], [-122.330966, 47.6016317], [-122.3309654, 47.6014625], [-122.3313991, 47.6014617], [-122.3313997, 47.601631]]]}}, {"type": "Feature", "properties": {"osm_id": 226323026, "source": "OpenStreetMap", "building": "yes", "building:levels": "3"}, "geometry": {"type": "Polygon", "coordinates": [[[-122.3290521, 47.6026607], [-122.3289277, 47.6025269], [-122.3290457, 47.602477], [-122.3291701, 47.6026109], [-122.3290521, 47.6026607]]]}}, {"type": "Feature", "properties": {"osm_id": 226323031, "source": "OpenStreetMap", "building": "yes", "name": "Prefontaine Building", "building:levels": "6"}, "geometry": {"type": "Polygon", "coordinates": [[[-122.3291395, 47.6012299], [-122.3291915, 47.6012296], [-122.3293845, 47.6014343], [-122.3294225, 47.6014602], [-122.3296185, 47.6015421], [-122.3296195, 47.6016195], [-122.3291491, 47.6016171], [-122.3291355, 47.601617], [-122.3291362, 47.6015463], [-122.3291395, 47.6012299]]]}}, {"type": "Feature", "properties": {"osm_id": 226323033, "source": "OpenStreetMap", "building": "yes", "name": "Crouley Building", "building:levels": "6"}, "geometry": {"type": "Polygon", "coordinates": [[[-122.3290514, 47.6020874], [-122.3291825, 47.6022274], [-122.3290737, 47.6022738], [-122.3290558, 47.6022547], [-122.328784, 47.6023704], [-122.3286708, 47.6022494], [-122.3290514, 47.6020874]]]}}, {"type": "Feature", "properties": {"osm_id": 226937778, "source": "OpenStreetMap", "building": "yes", "name": "Gatzert and Schwabacher Building", "building:levels": "4"}, "geometry": {"type": "Polygon", "coordinates": [[[-122.3343437, 47.6015666], [-122.3343435, 47.6014304], [-122.3347991, 47.6014305], [-122.3347989, 47.6016348], [-122.334622, 47.6016348], [-122.334622, 47.6015666], [-122.3346005, 47.6015666], [-122.3343437, 47.6015666]]]}}, {"type": "Feature", "properties": {"osm_id": 228887613, "source": "OpenStreetMap", "building": "yes"}, "geometry": {"type": "Polygon", "coordinates": [[[-122.3245971, 47.6047367], [-122.3246442, 47.6047892], [-122.324797, 47.6047266], [-122.324876, 47.6048149], [-122.3246436, 47.60491], [-122.3246347, 47.6048997], [-122.32453, 47.6049426], [-122.3244143, 47.6049902], [-122.3243326, 47.6048994], [-122.3245505, 47.6048097], [-122.3245149, 47.6047703], [-122.3245971, 47.6047367]]]}}, {"type": "Feature", "properties": {"osm_id": 228887614, "source": "OpenStreetMap", "building": "yes"}, "geometry": {"type": "Polygon", "coordinates": [[[-122.3246528, 47.6050543], [-122.3246283, 47.60503], [-122.3245883, 47.605049], [-122.324571, 47.6050289], [-122.3245595, 47.6050174], [-122.3245433, 47.6050011], [-122.3245868, 47.6049813], [-122.3245612, 47.6049536], [-122.3246328, 47.6049238], [-122.3246375, 47.6049293], [-122.3246811, 47.6049112], [-122.32469, 47.6049208], [-122.3247501, 47.604896], [-122.324771, 47.604917], [-122.3247895, 47.6049091], [-122.3248047, 47.6049254], [-122.3247872, 47.6049332], [-122.3247919, 47.604938], [-122.3247979, 47.6049354], [-122.3248276, 47.6049657], [-122.3247616, 47.6049958], [-122.3247715, 47.6050062], [-122.3246564, 47.6050583], [-122.3246528, 47.6050543]]]}}, {"type": "Feature", "properties": {"osm_id": 228887615, "source": "OpenStreetMap", "building": "apartments"}, "geometry": {"type": "Polygon", "coordinates": [[[-122.3248284, 47.605416], [-122.3247499, 47.6053312], [-122.3248496, 47.6052893], [-122.3248711, 47.6052803], [-122.3247905, 47.6051926], [-122.3247725, 47.6052001], [-122.3246694, 47.6052434], [-122.3245914, 47.6051587], [-122.3248062, 47.6050686], [-122.3247937, 47.6050552], [-122.3248708, 47.6050227], [-122.3251198, 47.6052933], [-122.3248284, 47.605416]]]}}, {"type": "Feature", "properties": {"osm_id": 231355696, "source": "OpenStreetMap", "building": "yes", "name": "Market Place Two", "building:levels": "5"}, "geometry": {"type": "Polygon", "coordinates": [[[-122.3441035, 47.6105527], [-122.3444155, 47.6103073], [-122.3444339, 47.6103179], [-122.3446774, 47.6104586], [-122.3446908, 47.6104481], [-122.3447812, 47.6105027], [-122.3447638, 47.6105137], [-122.3447669, 47.6105139], [-122.3447852, 47.6105245], [-122.3447025, 47.6105892], [-122.3446811, 47.6105768], [-122.3446055, 47.610636], [-122.3445204, 47.6105868], [-122.3443689, 47.610706], [-122.3441035, 47.6105527]]]}}, {"type": "Feature", "properties": {"osm_id": 231355697, "source": "OpenStreetMap", "building": "yes", "building:levels": "4"}, "geometry": {"type": "Polygon", "coordinates": [[[-122.3436295, 47.6106101], [-122.3441225, 47.6109002], [-122.3440848, 47.6109295], [-122.3440637, 47.6109171], [-122.3439978, 47.6109685], [-122.3435543, 47.610708], [-122.3436217, 47.6106558], [-122.3435929, 47.6106387], [-122.3436295, 47.6106101]]]}}, {"type": "Feature", "properties": {"osm_id": 231355698, "source": "OpenStreetMap", "building": "yes"}, "geometry": {"type": "Polygon", "coordinates": [[[-122.343043, 47.6118785], [-122.3433312, 47.6116517], [-122.3435181, 47.6117597], [-122.3436954, 47.6118619], [-122.3434072, 47.6120888], [-122.343043, 47.6118785]]]}}, {"type": "Feature", "properties": {"osm_id": 231355699, "source": "OpenStreetMap", "building": "yes", "name": "One Pacific Tower", "building:levels": "3"}, "geometry": {"type": "Polygon", "coordinates": [[[-122.3427801, 47.611714], [-122.3423153, 47.6114431], [-122.3426056, 47.6112167], [-122.3430704, 47.6114876], [-122.3427801, 47.611714]]]}}, {"type": "Feature", "properties": {"osm_id": 231355700, "source": "OpenStreetMap", "building": "apartments", "name": "Cristalla", "building:levels": "24"}, "geometry": {"type": "Polygon", "coordinates": [[[-122.3430138, 47.6123136], [-122.342635, 47.6120895], [-122.3425203, 47.6120216], [-122.342808, 47.6118006], [-122.3428666, 47.6118352], [-122.3433578, 47.6121258], [-122.3431235, 47.6123057], [-122.3430783, 47.612279], [-122.3430715, 47.6122842], [-122.3430605, 47.6122777], [-122.3430138, 47.6123136]]]}}, {"type": "Feature", "properties": {"osm_id": 231355701, "source": "OpenStreetMap", "building": "yes", "name": "Market Place One", "building:levels": "8"}, "geometry": {"type": "Polygon", "coordinates": [[[-122.3446964, 47.6110082], [-122.3445397, 47.6109155], [-122.3447694, 47.6107409], [-122.3447848, 47.6107289], [-122.3448506, 47.6106773], [-122.344869, 47.6106629], [-122.3449289, 47.6106161], [-122.3449491, 47.6106003], [-122.3451258, 47.6107056], [-122.3451079, 47.6107193], [-122.3451923, 47.6107692], [-122.3451268, 47.6108195], [-122.3451093, 47.6108329], [-122.3450456, 47.6108819], [-122.3450003, 47.6109167], [-122.3448007, 47.61107], [-122.3446964, 47.6110082]]]}}, {"type": "Feature", "properties": {"osm_id": 231355702, "source": "OpenStreetMap", "building": "residential"}, "geometry": {"type": "Polygon", "coordinates": [[[-122.3437238, 47.6110272], [-122.34367, 47.6109963], [-122.343662, 47.6110026], [-122.3436049, 47.6109698], [-122.3436001, 47.6109737], [-122.3434325, 47.6108775], [-122.3433632, 47.6109325], [-122.3435302, 47.6110284], [-122.3435131, 47.6110419], [-122.3435254, 47.6110489], [-122.3434845, 47.6110813], [-122.3434709, 47.6110735], [-122.343423, 47.6111115], [-122.3432567, 47.611016], [-122.34329, 47.6109897], [-122.3432349, 47.6109582], [-122.3433053, 47.6109024], [-122.343311, 47.6109057], [-122.3433498, 47.610875], [-122.3433441, 47.6108717], [-122.3434896, 47.6107566], [-122.3435272, 47.6107782], [-122.3435204, 47.6107835], [-122.3435392, 47.6107943], [-122.3435509, 47.610785], [-122.343608, 47.6108178], [-122.3435879, 47.6108337], [-122.3436421, 47.6108648], [-122.3436601, 47.6108505], [-122.3436726, 47.6108576], [-122.3436555, 47.6108712], [-122.3436994, 47.6108964], [-122.3437111, 47.6108871], [-122.3437668, 47.6109191], [-122.3437767, 47.6109113], [-122.3438308, 47.6109424], [-122.3437238, 47.6110272]]]}}, {"type": "Feature", "properties": {"osm_id": 231355703, "source": "OpenStreetMap", "building": "yes", "building:levels": "4"}, "geometry": {"type": "Polygon", "coordinates": [[[-122.3429748, 47.6109258], [-122.343056, 47.6108623], [-122.3430768, 47.6108611], [-122.3430872, 47.6108528], [-122.3430763, 47.6108466], [-122.3431135, 47.6108177], [-122.3431449, 47.6108161], [-122.3431825, 47.6108384], [-122.3432356, 47.610797], [-122.3431964, 47.6107737], [-122.3431972, 47.610751], [-122.3432096, 47.6107413], [-122.3432284, 47.6107414], [-122.3432378, 47.6107341], [-122.3432354, 47.6107207], [-122.3432572, 47.6107038], [-122.3432775, 47.6107039], [-122.3432879, 47.6106974], [-122.3432845, 47.610685], [-122.3433435, 47.6106393], [-122.3433559, 47.6106466], [-122.3433688, 47.6106365], [-122.3433678, 47.6106219], [-122.343464, 47.610546], [-122.3435064, 47.610542], [-122.3435998, 47.6105969], [-122.343572, 47.6106184], [-122.3435627, 47.6106127], [-122.3434998, 47.6106616], [-122.3435111, 47.6106683], [-122.3433233, 47.6108144], [-122.343315, 47.6108093], [-122.3432416, 47.6108661], [-122.3432499, 47.6108707], [-122.3431438, 47.6109529], [-122.3431618, 47.6109632], [-122.3431088, 47.6110042], [-122.3429748, 47.6109258]]]}}, {"type": "Feature", "properties": {"osm_id": 231355705, "source": "OpenStreetMap", "building": "apartments", "name": "Market Court Condominium", "building:levels": "7"}, "geometry": {"type": "Polygon", "coordinates": [[[-122.3442098, 47.6114417], [-122.3437009, 47.611145], [-122.343742, 47.6111129], [-122.3437823, 47.6111364], [-122.3438065, 47.6111176], [-122.343826, 47.6111289], [-122.3438299, 47.6111259], [-122.3438446, 47.6111344], [-122.3438604, 47.6111221], [-122.343884, 47.6111358], [-122.3439123, 47.6111137], [-122.3440908, 47.6112178], [-122.3440611, 47.611241], [-122.3440547, 47.6112372], [-122.3439745, 47.6112998], [-122.3439964, 47.6113126], [-122.3440363, 47.6112814], [-122.344055, 47.6112924], [-122.3441188, 47.6112427], [-122.3441261, 47.6112469], [-122.3441455, 47.6112318], [-122.3441364, 47.6112265], [-122.3441673, 47.6112024], [-122.3440744, 47.6111482], [-122.3440665, 47.6111544], [-122.3440408, 47.6111394], [-122.3440486, 47.6111333], [-122.3439792, 47.6110928], [-122.3440187, 47.611062], [-122.3440514, 47.6110811], [-122.3440727, 47.6110644], [-122.3440549, 47.611054], [-122.3440944, 47.6110233], [-122.3440875, 47.6110193], [-122.3441204, 47.6109936], [-122.3441283, 47.6109982], [-122.3441695, 47.610966], [-122.3442114, 47.6109904], [-122.3442319, 47.6109744], [-122.3442671, 47.6109949], [-122.3442709, 47.610992], [-122.3444805, 47.6111142], [-122.3444758, 47.6111178], [-122.3445111, 47.6111384], [-122.3445163, 47.6111344], [-122.3445627, 47.6111614], [-122.3445338, 47.6111839], [-122.3445689, 47.6112045], [-122.3445304, 47.6112345], [-122.3445206, 47.6112288], [-122.3444832, 47.611258], [-122.3444877, 47.6112606], [-122.3442785, 47.6114237], [-122.3442726, 47.6114203], [-122.34423, 47.6114535], [-122.3442098, 47.6114417]]]}}, {"type": "Feature", "properties": {"osm_id": 231357659, "source": "OpenStreetMap", "building": "retail", "name": "North Arcade", "building:levels": "2"}, "geometry": {"type": "Polygon", "coordinates": [[[-122.3428573, 47.609964], [-122.3423286, 47.6096517], [-122.3418286, 47.6093563], [-122.3416272, 47.6092373], [-122.3416577, 47.6092189], [-122.3417133, 47.6091854], [-122.3417382, 47.60917], [-122.3417458, 47.6091658], [-122.3418022, 47.6092221], [-122.341898, 47.6092801], [-122.3421153, 47.609409], [-122.342229, 47.6094764], [-122.3423613, 47.6095549], [-122.3423797, 47.6095501], [-122.3424346, 47.6095366], [-122.3425369, 47.6095114], [-122.3425596, 47.609506], [-122.3425722, 47.6095132], [-122.3426211, 47.6095411], [-122.3427221, 47.6095989], [-122.3427826, 47.6096334], [-122.3427565, 47.6096405], [-122.342655, 47.6096686], [-122.3426035, 47.6096828], [-122.3425849, 47.6096879], [-122.3427617, 47.6097895], [-122.3427606, 47.6097968], [-122.3427573, 47.6098201], [-122.3429168, 47.6099197], [-122.3429072, 47.6099263], [-122.342885, 47.6099428], [-122.3428573, 47.609964]]]}}, {"type": "Feature", "properties": {"osm_id": 231357660, "source": "OpenStreetMap", "building": "retail", "name": "Main Arcade"}, "geometry": {"type": "Polygon", "coordinates": [[[-122.3407114, 47.6086474], [-122.3406682, 47.6086238], [-122.3406466, 47.608611], [-122.3406851, 47.6085961], [-122.3406006, 47.6085042], [-122.3407148, 47.6084597], [-122.340724, 47.6084562], [-122.3408131, 47.6084217], [-122.3408618, 47.6084772], [-122.3408807, 47.6084691], [-122.3410411, 47.608403], [-122.3410649, 47.6083932], [-122.3411044, 47.6084357], [-122.3411328, 47.6084659], [-122.3411359, 47.6084696], [-122.3411244, 47.6084741], [-122.3411112, 47.6084796], [-122.3408046, 47.6086083], [-122.3407114, 47.6086474]]]}}, {"type": "Feature", "properties": {"osm_id": 231357661, "source": "OpenStreetMap", "building": "roof", "building:levels": "1"}, "geometry": {"type": "Polygon", "coordinates": [[[-122.3434029, 47.6102288], [-122.3434185, 47.6102303], [-122.3434763, 47.6102647], [-122.3434807, 47.6102771], [-122.3434724, 47.6102871], [-122.3434594, 47.610291], [-122.3434456, 47.6102895], [-122.3433908, 47.6102567], [-122.343384, 47.610249], [-122.3433847, 47.6102392], [-122.3433913, 47.6102326], [-122.3434029, 47.6102288]]]}}, {"type": "Feature", "properties": {"osm_id": 231357663, "source": "OpenStreetMap", "building": "apartments", "building:levels": "2"}, "geometry": {"type": "Polygon", "coordinates": [[[-122.3418577, 47.610005], [-122.341942, 47.6099398], [-122.3419582, 47.6099493], [-122.3419543, 47.6099523], [-122.3423135, 47.6101631], [-122.3422332, 47.6102253], [-122.3418577, 47.610005]]]}}, {"type": "Feature", "properties": {"osm_id": 231359020, "source": "OpenStreetMap", "building": "yes", "name": "Fix Building"}, "geometry": {"type": "Polygon", "coordinates": [[[-122.341868, 47.6083632], [-122.3419868, 47.6084973], [-122.3418357, 47.6085591], [-122.341757, 47.6084715], [-122.341655, 47.6085132], [-122.341739, 47.6086067], [-122.3415784, 47.6086723], [-122.3415331, 47.6086219], [-122.3414513, 47.6085345], [-122.341868, 47.6083632]]]}}, {"type": "Feature", "properties": {"osm_id": 231359025, "source": "OpenStreetMap", "building": "roof"}, "geometry": {"type": "Polygon", "coordinates": [[[-122.3416441, 47.6087103], [-122.3421372, 47.6085083], [-122.3421529, 47.6085263], [-122.3421604, 47.6085348], [-122.3416685, 47.6087357], [-122.3416563, 47.608723], [-122.3416441, 47.6087103]]]}}, {"type": "Feature", "properties": {"osm_id": 231359028, "source": "OpenStreetMap", "building": "yes", "name": "Market Heritage Center"}, "geometry": {"type": "Polygon", "coordinates": [[[-122.3422429, 47.6091258], [-122.3422942, 47.6091827], [-122.3421171, 47.6092459], [-122.3420608, 47.6092099], [-122.3420097, 47.6091618], [-122.3420647, 47.6091503], [-122.3421253, 47.6091717], [-122.3422429, 47.6091258]]]}}, {"type": "Feature", "properties": {"osm_id": 231359960, "source": "OpenStreetMap", "building": "yes"}, "geometry": {"type": "Polygon", "coordinates": [[[-122.3415458, 47.6114492], [-122.3418322, 47.6112217], [-122.3419652, 47.6112983], [-122.3417031, 47.6115064], [-122.3416788, 47.6115258], [-122.3416464, 47.6115071], [-122.3415458, 47.6114492]]]}}, {"type": "Feature", "properties": {"osm_id": 231359962, "source": "OpenStreetMap", "building": "apartments", "name": "Plymouth on Stewart"}, "geometry": {"type": "Polygon", "coordinates": [[[-122.3409676, 47.6107131], [-122.341156, 47.6108249], [-122.3411448, 47.6108336], [-122.3409343, 47.6109948], [-122.3408652, 47.6110477], [-122.3406768, 47.6109359], [-122.3407779, 47.6108584], [-122.3408714, 47.6107868], [-122.3409676, 47.6107131]]]}}, {"type": "Feature", "properties": {"osm_id": 231359965, "source": "OpenStreetMap", "building": "apartments", "name": "Kasa The Oxford Seattle", "building:levels": "6"}, "geometry": {"type": "Polygon", "coordinates": [[[-122.3417475, 47.6111109], [-122.3415628, 47.611003], [-122.3418563, 47.6107746], [-122.342041, 47.6108825], [-122.3417475, 47.6111109]]]}}, {"type": "Feature", "properties": {"osm_id": 231360587, "source": "OpenStreetMap", "building": "yes", "name": "Garden Center Building"}, "geometry": {"type": "Polygon", "coordinates": [[[-122.3415905, 47.6096518], [-122.3417296, 47.6095921], [-122.3417511, 47.6095828], [-122.3418297, 47.6095491], [-122.3419913, 47.6096452], [-122.341966, 47.6096654], [-122.3418668, 47.6097444], [-122.3417586, 47.6098306], [-122.3417392, 47.6098099], [-122.3415905, 47.6096518]]]}}, {"type": "Feature", "properties": {"osm_id": 231360589, "source": "OpenStreetMap", "building": "yes", "name": "First & Stewart Building", "building:levels": "12"}, "geometry": {"type": "Polygon", "coordinates": [[[-122.3406285, 47.6102907], [-122.3408872, 47.6101821], [-122.3409883, 47.6101385], [-122.3410256, 47.6101483], [-122.3411095, 47.6102432], [-122.3411051, 47.6102684], [-122.3410245, 47.6103359], [-122.3410181, 47.6103616], [-122.3409714, 47.6103954], [-122.3409711, 47.61042], [-122.3408815, 47.6104927], [-122.3408089, 47.6104883], [-122.3406285, 47.6102907]]]}}, {"type": "Feature", "properties": {"osm_id": 231361925, "source": "OpenStreetMap", "building": "apartments", "name": "Newmark Tower", "building:levels": "3"}, "geometry": {"type": "Polygon", "coordinates": [[[-122.3385985, 47.6081567], [-122.3387822, 47.6083575], [-122.3387516, 47.6083704], [-122.3389432, 47.6085793], [-122.3389757, 47.6085656], [-122.3393431, 47.6089669], [-122.3393046, 47.608983], [-122.3393114, 47.6089904], [-122.3389846, 47.6091356], [-122.3382294, 47.6083112], [-122.3385078, 47.6081947], [-122.3385985, 47.6081567]]]}}, {"type": "Feature", "properties": {"osm_id": 231361927, "source": "OpenStreetMap", "building": "apartments", "name": "Harold Poll Building", "building:levels": "5"}, "geometry": {"type": "Polygon", "coordinates": [[[-122.3392991, 47.6082504], [-122.338918, 47.6084099], [-122.3386707, 47.6081411], [-122.3386599, 47.6081457], [-122.3386513, 47.6081363], [-122.3386406, 47.6081247], [-122.3390448, 47.6079556], [-122.3393114, 47.6082453], [-122.3392991, 47.6082504]]]}}, {"type": "Feature", "properties": {"osm_id": 231361929, "source": "OpenStreetMap", "building": "yes", "building:levels": "6"}, "geometry": {"type": "Polygon", "coordinates": [[[-122.3410732, 47.6074982], [-122.3410909, 47.6075176], [-122.3411373, 47.6074982], [-122.3412449, 47.6076153], [-122.3412391, 47.6076177], [-122.3412425, 47.6076214], [-122.340786, 47.6078122], [-122.3406572, 47.607672], [-122.340927, 47.6075593], [-122.3410732, 47.6074982]]]}}, {"type": "Feature", "properties": {"osm_id": 231361931, "source": "OpenStreetMap", "building": "yes", "name": "Ross Manor", "height": "44.4", "building:levels": "12"}, "geometry": {"type": "Polygon", "coordinates": [[[-122.340401, 47.6078146], [-122.3404737, 47.6078947], [-122.3405122, 47.6078788], [-122.3405626, 47.6079344], [-122.3405532, 47.6079382], [-122.3405672, 47.6079536], [-122.3405784, 47.607949], [-122.3406284, 47.6080041], [-122.3405393, 47.6080409], [-122.3405456, 47.6080478], [-122.3404711, 47.6080786], [-122.3404764, 47.6080845], [-122.3404012, 47.6081156], [-122.3404076, 47.6081227], [-122.3403336, 47.6081533], [-122.340339, 47.6081592], [-122.3402628, 47.6081906], [-122.3401908, 47.6081112], [-122.3402437, 47.6080894], [-122.3402112, 47.6080537], [-122.3401573, 47.6080759], [-122.340103, 47.608016], [-122.3401793, 47.6079845], [-122.3401849, 47.6079907], [-122.340257, 47.607961], [-122.3402649, 47.6079697], [-122.3403368, 47.60794], [-122.3403437, 47.6079476], [-122.3404039, 47.6079228], [-122.3403317, 47.6078432], [-122.340401, 47.6078146]]]}}, {"type": "Feature", "properties": {"osm_id": 231361932, "source": "OpenStreetMap", "building": "hotel", "name": "Hahn Building", "building:levels": "3"}, "geometry": {"type": "Polygon", "coordinates": [[[-122.3393049, 47.6088358], [-122.3395676, 47.6087277], [-122.3395546, 47.6087133], [-122.3396812, 47.6086612], [-122.3398036, 47.6087965], [-122.3394143, 47.6089567], [-122.3393049, 47.6088358]]]}}, {"type": "Feature", "properties": {"osm_id": 231361933, "source": "OpenStreetMap", "building": "yes", "name": "Broderick Building", "building:levels": "2"}, "geometry": {"type": "Polygon", "coordinates": [[[-122.3399472, 47.608965], [-122.3400731, 47.6091058], [-122.3396893, 47.6092644], [-122.3395601, 47.6091249], [-122.3399472, 47.608965]]]}}, {"type": "Feature", "properties": {"osm_id": 231361934, "source": "OpenStreetMap", "building": "apartments", "name": "Doyle Building", "building:levels": "4"}, "geometry": {"type": "Polygon", "coordinates": [[[-122.3400729, 47.609769], [-122.3402509, 47.6099646], [-122.3398713, 47.6101216], [-122.3396933, 47.609926], [-122.3397019, 47.6099225], [-122.3400729, 47.609769]]]}}, {"type": "Feature", "properties": {"osm_id": 231361935, "source": "OpenStreetMap", "building": "hotel", "name": "Palihotel", "building:levels": "4"}, "geometry": {"type": "Polygon", "coordinates": [[[-122.3400667, 47.6096784], [-122.3402291, 47.6096132], [-122.3403955, 47.6097945], [-122.3404611, 47.6097675], [-122.3402952, 47.6095853], [-122.3404414, 47.6095246], [-122.3404514, 47.6095203], [-122.3406901, 47.6097817], [-122.3403105, 47.6099404], [-122.3400667, 47.6096784]]]}}, {"type": "Feature", "properties": {"osm_id": 231361940, "source": "OpenStreetMap", "building": "yes", "building:levels": "7"}, "geometry": {"type": "Polygon", "coordinates": [[[-122.3399062, 47.6077973], [-122.340027, 47.6077468], [-122.3400604, 47.6077831], [-122.3401996, 47.6077249], [-122.3401673, 47.6076898], [-122.340305, 47.6076322], [-122.3403527, 47.6076841], [-122.3403465, 47.6076867], [-122.3403794, 47.6077224], [-122.3403821, 47.6077213], [-122.3404296, 47.6077729], [-122.3403326, 47.6078134], [-122.3403217, 47.6078016], [-122.3401422, 47.6078766], [-122.3401529, 47.6078883], [-122.340036, 47.6079372], [-122.3400198, 47.6079196], [-122.3400098, 47.6079237], [-122.339981, 47.6078924], [-122.3399902, 47.6078886], [-122.3399062, 47.6077973]]]}}, {"type": "Feature", "properties": {"osm_id": 231362092, "source": "OpenStreetMap", "building": "apartments", "name": "Minato Building", "building:levels": "5"}, "geometry": {"type": "Polygon", "coordinates": [[[-122.3456125, 47.6103744], [-122.3449675, 47.6099931], [-122.3449464, 47.6099806], [-122.3449829, 47.6099525], [-122.3449975, 47.6099611], [-122.3450465, 47.6099234], [-122.3450305, 47.609914], [-122.3450712, 47.6098827], [-122.3451002, 47.6098999], [-122.3451283, 47.6098783], [-122.3451128, 47.6098691], [-122.3451442, 47.6098449], [-122.3451298, 47.6098363], [-122.3451747, 47.6098018], [-122.345201, 47.6098173], [-122.3452275, 47.609797], [-122.3452087, 47.6097859], [-122.345307, 47.6097103], [-122.3453491, 47.6097352], [-122.3453781, 47.609713], [-122.3454682, 47.6097662], [-122.3454905, 47.609749], [-122.3455627, 47.6097917], [-122.3455122, 47.6098305], [-122.3455325, 47.6098425], [-122.3454032, 47.609942], [-122.3454314, 47.6099587], [-122.3453899, 47.6099905], [-122.3453542, 47.6099694], [-122.3452953, 47.6100147], [-122.3453296, 47.610035], [-122.3452934, 47.6100628], [-122.3454018, 47.6101268], [-122.3453847, 47.6101399], [-122.3454395, 47.6101723], [-122.3454961, 47.6101288], [-122.3455202, 47.610143], [-122.3455481, 47.6101215], [-122.3455155, 47.6101022], [-122.3455467, 47.6100782], [-122.3455312, 47.6100691], [-122.3455694, 47.6100397], [-122.3455942, 47.6100543], [-122.3456235, 47.6100318], [-122.3456071, 47.6100221], [-122.3457073, 47.6099451], [-122.345724, 47.609955], [-122.3457772, 47.6099141], [-122.3458474, 47.6099556], [-122.3458184, 47.6099778], [-122.3459135, 47.610034], [-122.3458875, 47.610054], [-122.3459353, 47.6100822], [-122.3458148, 47.6101749], [-122.345841, 47.6101903], [-122.3457947, 47.6102259], [-122.3457697, 47.6102111], [-122.3457431, 47.6102316], [-122.3457734, 47.6102495], [-122.3457305, 47.6102825], [-122.3456996, 47.6102642], [-122.3456803, 47.610279], [-122.3457112, 47.6102973], [-122.3456765, 47.6103239], [-122.3456596, 47.6103139], [-122.3456321, 47.6103351], [-122.3456499, 47.6103456], [-122.3456125, 47.6103744]]]}}, {"type": "Feature", "properties": {"osm_id": 231362093, "source": "OpenStreetMap", "building": "apartments", "name": "Lumiere Building", "building:levels": "5"}, "geometry": {"type": "Polygon", "coordinates": [[[-122.3447447, 47.6096073], [-122.3447161, 47.6095905], [-122.3447591, 47.6095572], [-122.3447774, 47.609568], [-122.3449056, 47.6094685], [-122.3449365, 47.6094866], [-122.3449612, 47.6094674], [-122.3449847, 47.6094812], [-122.3450013, 47.6094683], [-122.3451118, 47.609533], [-122.3450927, 47.6095479], [-122.3451171, 47.6095622], [-122.3450988, 47.6095764], [-122.3451404, 47.6096008], [-122.3450315, 47.6096853], [-122.3450073, 47.6096712], [-122.3449729, 47.6096979], [-122.3449967, 47.6097118], [-122.3449585, 47.6097415], [-122.3449426, 47.6097321], [-122.3448706, 47.609788], [-122.3448966, 47.6098032], [-122.3448543, 47.609836], [-122.3448281, 47.6098206], [-122.3447988, 47.6098433], [-122.3448292, 47.6098611], [-122.3447956, 47.6098872], [-122.3440777, 47.6094665], [-122.3441184, 47.6094349], [-122.3441376, 47.6094462], [-122.3441707, 47.6094205], [-122.3441485, 47.6094076], [-122.3441848, 47.6093795], [-122.3442082, 47.6093932], [-122.3442746, 47.6093417], [-122.3442534, 47.6093293], [-122.3444327, 47.6091903], [-122.3444722, 47.6092134], [-122.3444928, 47.6091974], [-122.3445163, 47.6092112], [-122.3445357, 47.6091961], [-122.3446504, 47.6092633], [-122.3446352, 47.6092751], [-122.3446605, 47.60929], [-122.3446378, 47.6093075], [-122.3446782, 47.6093312], [-122.3445484, 47.6094318], [-122.3445585, 47.6094378], [-122.3445142, 47.6094721], [-122.3444907, 47.6094583], [-122.3443957, 47.609532], [-122.3444141, 47.6095428], [-122.3443971, 47.609556], [-122.344446, 47.6095846], [-122.3444636, 47.6095709], [-122.344497, 47.6095905], [-122.3445244, 47.6095692], [-122.3445782, 47.6096008], [-122.3445501, 47.6096226], [-122.3445753, 47.6096374], [-122.3445542, 47.6096538], [-122.3446057, 47.609684], [-122.3446273, 47.6096672], [-122.3446502, 47.6096806], [-122.3447447, 47.6096073]]]}}, {"type": "Feature", "properties": {"osm_id": 231362094, "source": "OpenStreetMap", "building": "apartments", "name": "Viaggio Building", "building:levels": "5"}, "geometry": {"type": "Polygon", "coordinates": [[[-122.343769, 47.6091432], [-122.3437422, 47.6091659], [-122.3437893, 47.6091967], [-122.3438492, 47.6091503], [-122.3438828, 47.6091721], [-122.3439433, 47.6091266], [-122.3439139, 47.6091076], [-122.3439058, 47.6090921], [-122.3439459, 47.6090766], [-122.3439645, 47.6090875], [-122.3440006, 47.6090584], [-122.3440145, 47.6090639], [-122.3440397, 47.6090429], [-122.3440303, 47.609032], [-122.3440695, 47.6090193], [-122.3441052, 47.608992], [-122.3441376, 47.6090092], [-122.3441624, 47.6089897], [-122.3442005, 47.6089928], [-122.3442155, 47.6090212], [-122.3442116, 47.6090254], [-122.3442533, 47.6090499], [-122.3442653, 47.6090426], [-122.3443179, 47.6090752], [-122.3442801, 47.6090998], [-122.3443217, 47.6091197], [-122.3442857, 47.6091524], [-122.3442738, 47.6091788], [-122.3442614, 47.6091725], [-122.3442282, 47.6091988], [-122.3442081, 47.609187], [-122.34418, 47.6092116], [-122.3442057, 47.6092252], [-122.344183, 47.6092625], [-122.3441476, 47.6092489], [-122.3441184, 47.6092734], [-122.3441019, 47.6092653], [-122.3440793, 47.6092889], [-122.3441076, 47.6093043], [-122.3440863, 47.609337], [-122.3440459, 47.6093253], [-122.3439989, 47.6093644], [-122.3440127, 47.60937], [-122.3439751, 47.6093989], [-122.3435996, 47.6091761], [-122.3434205, 47.6090111], [-122.3434328, 47.6090002], [-122.3433548, 47.6089504], [-122.3433386, 47.6089322], [-122.343365, 47.6089201], [-122.3433816, 47.6089131], [-122.3434261, 47.6089421], [-122.3434538, 47.6089203], [-122.3434367, 47.6089067], [-122.3434204, 47.6088876], [-122.3434661, 47.6088712], [-122.3435038, 47.6088948], [-122.3435301, 47.6088775], [-122.3435035, 47.6088521], [-122.3435517, 47.6088339], [-122.3435801, 47.6088529], [-122.3436415, 47.6088047], [-122.3436374, 47.6088001], [-122.3437155, 47.6087674], [-122.3437438, 47.6087818], [-122.3437796, 47.6087591], [-122.343827, 47.6087872], [-122.3438146, 47.6087936], [-122.3438629, 47.6088189], [-122.3439061, 47.6088216], [-122.3439215, 47.6088468], [-122.3439256, 47.6088492], [-122.3438968, 47.6088697], [-122.3439267, 47.608886], [-122.343886, 47.608916], [-122.3438757, 47.6089442], [-122.3438648, 47.608936], [-122.3438326, 47.6089624], [-122.34381, 47.6089515], [-122.3437803, 47.6089752], [-122.343807, 47.6089888], [-122.3437873, 47.6090242], [-122.3437485, 47.6090134], [-122.3437217, 47.6090361], [-122.3436908, 47.6090171], [-122.3436675, 47.6090371], [-122.3436959, 47.6090525], [-122.3436548, 47.6090853], [-122.3436775, 47.6091006], [-122.3436869, 47.6090925], [-122.343769, 47.6091432]]]}}, {"type": "Feature", "properties": {"osm_id": 231362204, "source": "OpenStreetMap", "building": "retail", "name": "First & Pine Building", "building:levels": "5"}, "geometry": {"type": "Polygon", "coordinates": [[[-122.3410767, 47.6092642], [-122.3411242, 47.6093148], [-122.3411695, 47.6093602], [-122.3412259, 47.6093383], [-122.3413926, 47.6095289], [-122.3412259, 47.6095975], [-122.3410063, 47.6096887], [-122.3407445, 47.6094025], [-122.3410767, 47.6092642]]]}}, {"type": "Feature", "properties": {"osm_id": 231362501, "source": "OpenStreetMap", "building": "yes"}, "geometry": {"type": "Polygon", "coordinates": [[[-122.3422788, 47.6072688], [-122.3422789, 47.6072291], [-122.3423187, 47.6072291], [-122.3423187, 47.6072198], [-122.3424277, 47.6072199], [-122.3424276, 47.607269], [-122.3422788, 47.6072688]]]}}, {"type": "Feature", "properties": {"osm_id": 231664564, "source": "OpenStreetMap", "building": "yes", "name": "Seattle Parks and Recreation Central Office"}, "geometry": {"type": "Polygon", "coordinates": [[[-122.3417637, 47.6193207], [-122.3417674, 47.6189334], [-122.3419434, 47.6189342], [-122.341943, 47.6189761], [-122.3419812, 47.6189763], [-122.3419796, 47.6191398], [-122.342008, 47.6191399], [-122.3420074, 47.6192004], [-122.3420973, 47.6192008], [-122.3420965, 47.6192852], [-122.3419297, 47.6192845], [-122.3419294, 47.6193214], [-122.3417637, 47.6193207]]]}}, {"type": "Feature", "properties": {"osm_id": 231664565, "source": "OpenStreetMap", "building": "civic", "building:levels": "1"}, "geometry": {"type": "Polygon", "coordinates": [[[-122.3387097, 47.6190945], [-122.3387076, 47.6186568], [-122.3389511, 47.6186563], [-122.3389513, 47.6186915], [-122.3390093, 47.6186914], [-122.3390111, 47.6190606], [-122.3389523, 47.6190608], [-122.3389525, 47.619094], [-122.3387097, 47.6190945]]]}}, {"type": "Feature", "properties": {"osm_id": 231664566, "source": "OpenStreetMap", "building": "yes", "name": "Mary\u2019s Place Administrative Office"}, "geometry": {"type": "Polygon", "coordinates": [[[-122.3429133, 47.6191424], [-122.3426243, 47.6191424], [-122.3426256, 47.6190593], [-122.3426268, 47.6189761], [-122.343029, 47.6189773], [-122.343029, 47.6191424], [-122.3429524, 47.6191424], [-122.3429524, 47.6191529], [-122.343029, 47.6191529], [-122.343029, 47.619202], [-122.3430134, 47.619202], [-122.3429979, 47.619202], [-122.3429979, 47.6191766], [-122.3429133, 47.6191766], [-122.3429133, 47.6191424]]]}}, {"type": "Feature", "properties": {"osm_id": 231664568, "source": "OpenStreetMap", "building": "yes", "name": "Willamette Dental Group"}, "geometry": {"type": "Polygon", "coordinates": [[[-122.343029, 47.6196374], [-122.3426243, 47.6196374], [-122.3426243, 47.6195542], [-122.3426243, 47.619471], [-122.3429759, 47.619471], [-122.3429759, 47.6194447], [-122.343029, 47.6194447], [-122.343029, 47.6196374]]]}}, {"type": "Feature", "properties": {"osm_id": 231664569, "source": "OpenStreetMap", "building": "apartments", "name": "Brewster Apartments", "building:levels": "4"}, "geometry": {"type": "Polygon", "coordinates": [[[-122.3328584, 47.6195801], [-122.3323669, 47.6195846], [-122.332364, 47.6194449], [-122.3328555, 47.6194404], [-122.3328584, 47.6195801]]]}}, {"type": "Feature", "properties": {"osm_id": 231664570, "source": "OpenStreetMap", "building": "yes"}, "geometry": {"type": "Polygon", "coordinates": [[[-122.3302819, 47.6195859], [-122.3299022, 47.6195872], [-122.3299014, 47.6194875], [-122.3302812, 47.6194862], [-122.3302819, 47.6195859]]]}}, {"type": "Feature", "properties": {"osm_id": 231664573, "source": "OpenStreetMap", "building": "yes"}, "geometry": {"type": "Polygon", "coordinates": [[[-122.3453717, 47.6189305], [-122.3453715, 47.6188762], [-122.3453806, 47.6188762], [-122.3453798, 47.6186811], [-122.3454561, 47.618681], [-122.3454561, 47.6186746], [-122.3455682, 47.6186744], [-122.3455683, 47.6186807], [-122.3456367, 47.6186806], [-122.345638, 47.6189959], [-122.3455729, 47.618996], [-122.3455729, 47.6190051], [-122.345449, 47.6190054], [-122.3454489, 47.6189973], [-122.345372, 47.6189974], [-122.3453717, 47.6189305]]]}}, {"type": "Feature", "properties": {"osm_id": 231664574, "source": "OpenStreetMap", "building": "yes"}, "geometry": {"type": "Polygon", "coordinates": [[[-122.3430935, 47.6194735], [-122.3432746, 47.6194735], [-122.3432746, 47.6195837], [-122.3430935, 47.6195837], [-122.3430935, 47.6194735]]]}}, {"type": "Feature", "properties": {"osm_id": 231664575, "source": "OpenStreetMap", "building": "commercial", "name": "The Seattle Times", "building:levels": "8"}, "geometry": {"type": "Polygon", "coordinates": [[[-122.3360226, 47.6192769], [-122.3360262, 47.6186521], [-122.3360619, 47.6186522], [-122.336062, 47.6186296], [-122.3366458, 47.6186313], [-122.3366456, 47.618656], [-122.3367873, 47.6186564], [-122.336787, 47.6186955], [-122.3366855, 47.6186952], [-122.336684, 47.6189522], [-122.3370401, 47.6189532], [-122.3370383, 47.6192683], [-122.3365773, 47.619267], [-122.3365772, 47.6192783], [-122.3360226, 47.6192769]]]}}, {"type": "Feature", "properties": {"osm_id": 231664579, "source": "OpenStreetMap", "building": "yes", "name": "Taylor 28"}, "geometry": {"type": "Polygon", "coordinates": [[[-122.3456082, 47.6194845], [-122.345605, 47.6196466], [-122.3454742, 47.6196454], [-122.345474, 47.6196539], [-122.3453212, 47.6196525], [-122.3453213, 47.6196457], [-122.3452118, 47.6196447], [-122.3452142, 47.6195272], [-122.3452034, 47.6195271], [-122.3452052, 47.6194387], [-122.345225, 47.6194389], [-122.3452257, 47.6194062], [-122.3452096, 47.6194061], [-122.3452113, 47.6193204], [-122.3454494, 47.6193226], [-122.3454466, 47.6194624], [-122.3454729, 47.6194833], [-122.3456082, 47.6194845]]]}}, {"type": "Feature", "properties": {"osm_id": 231664580, "source": "OpenStreetMap", "building": "apartments", "name": "Rollin Street Flats", "building:levels": "11"}, "geometry": {"type": "Polygon", "coordinates": [[[-122.3378672, 47.6194192], [-122.3378759, 47.6188876], [-122.3378649, 47.6188875], [-122.3378691, 47.6186321], [-122.3383007, 47.6186353], [-122.3382939, 47.619051], [-122.338276, 47.6190509], [-122.3382741, 47.6191655], [-122.3383008, 47.6191657], [-122.3383004, 47.619193], [-122.3382145, 47.6191924], [-122.3382139, 47.6192304], [-122.3383103, 47.6192311], [-122.338309, 47.6193127], [-122.3382724, 47.6193124], [-122.3382686, 47.6195477], [-122.3382992, 47.6195479], [-122.3382982, 47.6196095], [-122.3378897, 47.6196064], [-122.3378927, 47.6194194], [-122.3378672, 47.6194192]]]}}, {"type": "Feature", "properties": {"osm_id": 231664582, "source": "OpenStreetMap", "building": "yes", "name": "David Colwell Building", "building:levels": "6"}, "geometry": {"type": "Polygon", "coordinates": [[[-122.3305325, 47.619043], [-122.3305317, 47.6189882], [-122.3305475, 47.6189881], [-122.3305465, 47.6188946], [-122.3305456, 47.6188153], [-122.3305864, 47.6187833], [-122.3305744, 47.6187762], [-122.330629, 47.6187341], [-122.330639, 47.61874], [-122.3306664, 47.6187189], [-122.3306766, 47.618725], [-122.330718, 47.6186932], [-122.3307057, 47.6186859], [-122.3307215, 47.6186737], [-122.3307138, 47.6186692], [-122.3307642, 47.6186306], [-122.3307707, 47.6186345], [-122.3308122, 47.6186028], [-122.3310291, 47.6186029], [-122.3310289, 47.6187718], [-122.3309103, 47.6187717], [-122.3307287, 47.6189134], [-122.3307293, 47.6189545], [-122.3310297, 47.6189526], [-122.331031, 47.6190397], [-122.3305325, 47.619043]]]}}, {"type": "Feature", "properties": {"osm_id": 231664583, "source": "OpenStreetMap", "building": "apartments", "name": "Boxcar", "building:levels": "8"}, "geometry": {"type": "Polygon", "coordinates": [[[-122.3377967, 47.6192759], [-122.3377933, 47.619616], [-122.3373393, 47.6196139], [-122.3373427, 47.6192738], [-122.3376777, 47.6192753], [-122.3377967, 47.6192759]]]}}, {"type": "Feature", "properties": {"osm_id": 231664584, "source": "OpenStreetMap", "building": "yes", "building:levels": "5"}, "geometry": {"type": "Polygon", "coordinates": [[[-122.336592, 47.6197007], [-122.336593, 47.619519], [-122.3365389, 47.6195188], [-122.3365393, 47.619445], [-122.3370376, 47.6194463], [-122.3370361, 47.6197019], [-122.336592, 47.6197007]]]}}, {"type": "Feature", "properties": {"osm_id": 231664586, "source": "OpenStreetMap", "building": "yes"}, "geometry": {"type": "Polygon", "coordinates": [[[-122.3370259, 47.6189415], [-122.3369839, 47.6189411], [-122.3369861, 47.6188357], [-122.3370281, 47.6188361], [-122.3370259, 47.6189415]]]}}, {"type": "Feature", "properties": {"osm_id": 231664587, "source": "OpenStreetMap", "building": "retail", "building:levels": "1"}, "geometry": {"type": "Polygon", "coordinates": [[[-122.3295049, 47.6185983], [-122.3296206, 47.618598], [-122.3297339, 47.6185978], [-122.3297349, 47.6188495], [-122.3295059, 47.61885], [-122.3295049, 47.6185983]]]}}, {"type": "Feature", "properties": {"osm_id": 231664588, "source": "OpenStreetMap", "building": "apartments", "name": "Taylor 28", "building:levels": "6"}, "geometry": {"type": "Polygon", "coordinates": [[[-122.3461401, 47.6186703], [-122.3461431, 47.6190118], [-122.3461185, 47.6190118], [-122.3461188, 47.6190438], [-122.3461386, 47.6190478], [-122.346126, 47.6190815], [-122.3461331, 47.619083], [-122.3461169, 47.6191313], [-122.3461103, 47.6191307], [-122.3460499, 47.6192599], [-122.3460859, 47.6192683], [-122.346076, 47.6192878], [-122.3461319, 47.6192983], [-122.3461327, 47.6193852], [-122.3461136, 47.6193853], [-122.3461138, 47.6194146], [-122.3461353, 47.6194145], [-122.3461373, 47.6196335], [-122.3456924, 47.6196353], [-122.3456909, 47.619465], [-122.34587, 47.6194643], [-122.3458968, 47.6194411], [-122.345896, 47.6193505], [-122.3459075, 47.6193504], [-122.3459072, 47.6193151], [-122.3458748, 47.6193053], [-122.3458646, 47.6193261], [-122.3457189, 47.6192913], [-122.3457242, 47.6192799], [-122.3457019, 47.6192749], [-122.3457024, 47.6192236], [-122.3457243, 47.6192232], [-122.3457646, 47.6191426], [-122.3458106, 47.6191528], [-122.3458449, 47.6191406], [-122.3459052, 47.6190223], [-122.3459058, 47.6188464], [-122.345806, 47.6188468], [-122.3458061, 47.6188566], [-122.3457014, 47.618857], [-122.3456997, 47.6186728], [-122.3459695, 47.6186717], [-122.3459697, 47.6186924], [-122.3460184, 47.6186922], [-122.3460184, 47.6186851], [-122.3460687, 47.6186849], [-122.3460686, 47.6186706], [-122.3461401, 47.6186703]]]}}, {"type": "Feature", "properties": {"osm_id": 231664590, "source": "OpenStreetMap", "building": "yes"}, "geometry": {"type": "Polygon", "coordinates": [[[-122.3367105, 47.6192826], [-122.3370142, 47.6192809], [-122.3370152, 47.6193647], [-122.3369496, 47.619365], [-122.3369504, 47.6194362], [-122.3367123, 47.6194375], [-122.3367105, 47.6192826]]]}}, {"type": "Feature", "properties": {"osm_id": 231664591, "source": "OpenStreetMap", "building": "yes", "name": "Greg's Japanese Auto - Seattle I-5"}, "geometry": {"type": "Polygon", "coordinates": [[[-122.3292869, 47.6191584], [-122.3292849, 47.6189462], [-122.3297389, 47.6189437], [-122.3297409, 47.6190917], [-122.3296469, 47.6191588], [-122.3292869, 47.6191584]]]}}, {"type": "Feature", "properties": {"osm_id": 231664593, "source": "OpenStreetMap", "building": "retail", "building:levels": "2"}, "geometry": {"type": "Polygon", "coordinates": [[[-122.3292839, 47.6189436], [-122.3292823, 47.6188863], [-122.3292815, 47.6188563], [-122.3292797, 47.6187926], [-122.3292749, 47.6186165], [-122.3292849, 47.6186073], [-122.3292989, 47.6186014], [-122.3294929, 47.6185992], [-122.3294989, 47.6188295], [-122.3294919, 47.6188295], [-122.3294949, 47.6189412], [-122.3292839, 47.6189436]]]}}, {"type": "Feature", "properties": {"osm_id": 231664594, "source": "OpenStreetMap", "building": "retail", "name": "Letters + Lowlows", "building:levels": "1"}, "geometry": {"type": "Polygon", "coordinates": [[[-122.3299562, 47.6187283], [-122.3298511, 47.6187277], [-122.3298396, 47.6187179], [-122.3298402, 47.6186686], [-122.3298533, 47.6186576], [-122.3299569, 47.6186582], [-122.329969, 47.6186652], [-122.3299683, 47.6187216], [-122.3299562, 47.6187283]]]}}, {"type": "Feature", "properties": {"osm_id": 231714824, "source": "OpenStreetMap", "building": "yes"}, "geometry": {"type": "Polygon", "coordinates": [[[-122.3474178, 47.6194859], [-122.3470838, 47.619485], [-122.3470843, 47.6193996], [-122.3474183, 47.6194005], [-122.3474178, 47.6194859]]]}}, {"type": "Feature", "properties": {"osm_id": 231714825, "source": "OpenStreetMap", "building": "apartments", "name": "The Century", "building:levels": "10"}, "geometry": {"type": "Polygon", "coordinates": [[[-122.3469462, 47.6196486], [-122.3468413, 47.6196466], [-122.3468413, 47.6196548], [-122.3465894, 47.6196541], [-122.3465883, 47.6196384], [-122.3465022, 47.6196377], [-122.3465011, 47.6196168], [-122.3465033, 47.6194553], [-122.346574, 47.6194553], [-122.346574, 47.618856], [-122.3465066, 47.6188545], [-122.3465054, 47.6186552], [-122.3469353, 47.6186575], [-122.3469774, 47.6186833], [-122.3469786, 47.6188363], [-122.3469389, 47.6188654], [-122.3469462, 47.6196486]]]}}, {"type": "Feature", "properties": {"osm_id": 231714827, "source": "OpenStreetMap", "building": "yes", "name": "76"}, "geometry": {"type": "Polygon", "coordinates": [[[-122.3496087, 47.6189898], [-122.3496086, 47.6187392], [-122.3496635, 47.6187392], [-122.3497085, 47.6186827], [-122.3497162, 47.6186734], [-122.3498837, 47.6186734], [-122.3498844, 47.6186837], [-122.3498901, 47.6187271], [-122.3498999, 47.6187938], [-122.3497854, 47.6188812], [-122.3497167, 47.6188812], [-122.3496594, 47.6188812], [-122.3496944, 47.6189257], [-122.3496087, 47.6189898]]]}}, {"type": "Feature", "properties": {"osm_id": 231714828, "source": "OpenStreetMap", "building": "yes", "name": "7-Eleven"}, "geometry": {"type": "Polygon", "coordinates": [[[-122.349536, 47.6186844], [-122.3495314, 47.6188289], [-122.349367, 47.6188266], [-122.3493667, 47.6188358], [-122.3492483, 47.6188341], [-122.3492505, 47.6187625], [-122.3493184, 47.6187635], [-122.349387, 47.6187274], [-122.3493884, 47.6186823], [-122.349536, 47.6186844]]]}}, {"type": "Feature", "properties": {"osm_id": 231714830, "source": "OpenStreetMap", "building": "yes"}, "geometry": {"type": "Polygon", "coordinates": [[[-122.347142, 47.6192332], [-122.3469914, 47.6192323], [-122.3469924, 47.6191534], [-122.347143, 47.6191543], [-122.347142, 47.6192332]]]}}, {"type": "Feature", "properties": {"osm_id": 231714831, "source": "OpenStreetMap", "building": "yes"}, "geometry": {"type": "Polygon", "coordinates": [[[-122.3474522, 47.6187132], [-122.3474499, 47.6189871], [-122.3472081, 47.6189865], [-122.3470016, 47.6189859], [-122.3470035, 47.6186914], [-122.3474229, 47.6186927], [-122.3474522, 47.6187132]]]}}, {"type": "Feature", "properties": {"osm_id": 231764935, "source": "OpenStreetMap", "building": "yes"}, "geometry": {"type": "Polygon", "coordinates": [[[-122.3511491, 47.6191547], [-122.3511516, 47.6190394], [-122.3512818, 47.6190407], [-122.3512793, 47.619156], [-122.3511491, 47.6191547]]]}}, {"type": "Feature", "properties": {"osm_id": 232076568, "source": "OpenStreetMap", "building": "yes", "name": "Worldmark Seattle - The Camlin", "building:levels": "11"}, "geometry": {"type": "Polygon", "coordinates": [[[-122.3327403, 47.6141177], [-122.3324864, 47.6138367], [-122.332652, 47.6137687], [-122.3327281, 47.6138528], [-122.3328962, 47.6137838], [-122.3329142, 47.6138038], [-122.3329849, 47.6137747], [-122.3329912, 47.6137722], [-122.3330534, 47.6138411], [-122.3329754, 47.6138731], [-122.3330292, 47.6139326], [-122.3330701, 47.6139158], [-122.3330425, 47.6138853], [-122.333071, 47.6138736], [-122.3331041, 47.6139102], [-122.3331134, 47.6139064], [-122.3331517, 47.6139487], [-122.3327403, 47.6141177]]]}}, {"type": "Feature", "properties": {"osm_id": 232076569, "source": "OpenStreetMap", "building": "hotel", "name": "The Paramount Hotel", "building:levels": "11"}, "geometry": {"type": "Polygon", "coordinates": [[[-122.3337764, 47.6129391], [-122.3339035, 47.6130789], [-122.3339049, 47.6130804], [-122.3338933, 47.6130851], [-122.3337079, 47.6131618], [-122.3338126, 47.6132768], [-122.3336073, 47.6133617], [-122.3334995, 47.6132432], [-122.3333741, 47.6131054], [-122.3334049, 47.6130927], [-122.3337764, 47.6129391]]]}}, {"type": "Feature", "properties": {"osm_id": 232076572, "source": "OpenStreetMap", "building": "apartments", "name": "Olive Tower", "building:levels": "12"}, "geometry": {"type": "Polygon", "coordinates": [[[-122.3301855, 47.6153792], [-122.3301646, 47.6153555], [-122.330146, 47.6153629], [-122.3301497, 47.6153672], [-122.3300645, 47.6154015], [-122.3300168, 47.615347], [-122.3299882, 47.6153583], [-122.3300296, 47.6154053], [-122.3299785, 47.6154259], [-122.3299193, 47.6153588], [-122.3299309, 47.6153542], [-122.3299505, 47.6152802], [-122.3301119, 47.6152155], [-122.3302877, 47.6151433], [-122.3304155, 47.6152852], [-122.3302146, 47.6153675], [-122.3301855, 47.6153792]]]}}, {"type": "Feature", "properties": {"osm_id": 232076575, "source": "OpenStreetMap", "building": "yes"}, "geometry": {"type": "Polygon", "coordinates": [[[-122.331196, 47.6137219], [-122.3311522, 47.6137401], [-122.3310981, 47.6136802], [-122.3311419, 47.6136621], [-122.331196, 47.6137219]]]}}, {"type": "Feature", "properties": {"osm_id": 232076576, "source": "OpenStreetMap", "building": "yes", "name": "Medical Dental Building", "building:levels": "15"}, "geometry": {"type": "Polygon", "coordinates": [[[-122.3370898, 47.6125197], [-122.3371136, 47.6126849], [-122.3367655, 47.6128298], [-122.336341, 47.6130065], [-122.3361738, 47.6128249], [-122.3361321, 47.6127784], [-122.336997, 47.6124184], [-122.3370898, 47.6125197]]]}}, {"type": "Feature", "properties": {"osm_id": 232076578, "source": "OpenStreetMap", "building": "yes"}, "geometry": {"type": "Polygon", "coordinates": [[[-122.3331536, 47.6138197], [-122.3335392, 47.6136583], [-122.3336188, 47.6137452], [-122.3335958, 47.6137548], [-122.3332066, 47.6139177], [-122.3331427, 47.6138477], [-122.3331693, 47.6138367], [-122.3331536, 47.6138197]]]}}, {"type": "Feature", "properties": {"osm_id": 232076579, "source": "OpenStreetMap", "building": "apartments", "name": "The Olivian"}, "geometry": {"type": "Polygon", "coordinates": [[[-122.333731, 47.6140248], [-122.3336568, 47.6140268], [-122.3336433, 47.6140666], [-122.3336175, 47.6141036], [-122.3335804, 47.6141359], [-122.3335339, 47.6141621], [-122.3334799, 47.6141811], [-122.3334633, 47.6141626], [-122.3334164, 47.6141816], [-122.3333807, 47.6141964], [-122.3333923, 47.6142093], [-122.3333375, 47.6142318], [-122.3333469, 47.6142422], [-122.3330864, 47.6143489], [-122.3330775, 47.614339], [-122.3330466, 47.6143516], [-122.333044, 47.6143487], [-122.3330048, 47.6143648], [-122.3329364, 47.614289], [-122.3329192, 47.6142961], [-122.3327564, 47.6141155], [-122.3331793, 47.6139421], [-122.3336186, 47.613762], [-122.333654, 47.6138014], [-122.3336834, 47.6138433], [-122.3337059, 47.6138872], [-122.3337215, 47.6139324], [-122.3337299, 47.6139784], [-122.333731, 47.6140248]]]}}, {"type": "Feature", "properties": {"osm_id": 232078049, "source": "OpenStreetMap", "building": "yes", "name": "Hilton Motif Seattle", "height": "81", "building:levels": "20"}, "geometry": {"type": "Polygon", "coordinates": [[[-122.3352702, 47.6099218], [-122.3355255, 47.6098146], [-122.3355406, 47.6098075], [-122.3357991, 47.6100857], [-122.3357803, 47.6100968], [-122.3354765, 47.6102219], [-122.3354447, 47.6101877], [-122.3353016, 47.6100338], [-122.3353538, 47.6100117], [-122.3352702, 47.6099218]]]}}, {"type": "Feature", "properties": {"osm_id": 232078051, "source": "OpenStreetMap", "building": "yes", "name": "Seaboard Building", "height": "41.76", "building:levels": "11"}, "geometry": {"type": "Polygon", "coordinates": [[[-122.3367112, 47.6107068], [-122.3364853, 47.610801], [-122.3364508, 47.6107632], [-122.3362798, 47.610575], [-122.3362424, 47.610534], [-122.3366061, 47.6103836], [-122.336652, 47.610399], [-122.3367112, 47.6107068]]]}}, {"type": "Feature", "properties": {"osm_id": 232078056, "source": "OpenStreetMap", "building": "yes", "name": "Sheraton Seattle", "building:levels": "3"}, "geometry": {"type": "Polygon", "coordinates": [[[-122.3327163, 47.6107319], [-122.3329266, 47.6105474], [-122.3330276, 47.6105059], [-122.3330148, 47.6104918], [-122.3334418, 47.6103165], [-122.3334543, 47.6103304], [-122.3335514, 47.6102905], [-122.333667, 47.6104185], [-122.3339949, 47.610794], [-122.3338976, 47.6109153], [-122.3342086, 47.6110309], [-122.3342095, 47.611117], [-122.3337263, 47.6113202], [-122.3333872, 47.6114609], [-122.3327163, 47.6107319]]]}}, {"type": "Feature", "properties": {"osm_id": 232078059, "source": "OpenStreetMap", "building": "yes", "name": "Logan Building", "height": "36.4", "building:levels": "10"}, "geometry": {"type": "Polygon", "coordinates": [[[-122.334218, 47.6099958], [-122.3346299, 47.6098239], [-122.3348408, 47.6100537], [-122.3344289, 47.6102255], [-122.334218, 47.6099958]]]}}, {"type": "Feature", "properties": {"osm_id": 232078063, "source": "OpenStreetMap", "building": "retail", "name": "Washington Federal Building", "height": "22.2", "building:levels": "6"}, "geometry": {"type": "Polygon", "coordinates": [[[-122.3360145, 47.6103551], [-122.3356425, 47.6105083], [-122.3356234, 47.6105098], [-122.3356073, 47.6105088], [-122.3355892, 47.6105052], [-122.3355744, 47.6104973], [-122.3353675, 47.6102663], [-122.3354765, 47.6102219], [-122.3357803, 47.6100968], [-122.3360145, 47.6103551]]]}}, {"type": "Feature", "properties": {"osm_id": 232078503, "source": "OpenStreetMap", "building": "service", "building:levels": "3"}, "geometry": {"type": "Polygon", "coordinates": [[[-122.3318769, 47.6102753], [-122.3317628, 47.610144], [-122.3317778, 47.6101386], [-122.3317662, 47.6101225], [-122.3317908, 47.6101136], [-122.3317635, 47.6100803], [-122.331812, 47.6100593], [-122.3317643, 47.6100029], [-122.3318129, 47.6099832], [-122.3318735, 47.6100453], [-122.3318915, 47.6100384], [-122.3319125, 47.6100623], [-122.331926, 47.6100569], [-122.3319431, 47.6100705], [-122.3320002, 47.6100468], [-122.3321179, 47.6101824], [-122.3320789, 47.6101928], [-122.3320691, 47.6101959], [-122.3320176, 47.6102124], [-122.3319589, 47.6102353], [-122.3319033, 47.6102614], [-122.3318769, 47.6102753]]]}}, {"type": "Feature", "properties": {"osm_id": 232079312, "source": "OpenStreetMap", "building": "yes", "name": "Park Place"}, "geometry": {"type": "Polygon", "coordinates": [[[-122.3318583, 47.6093371], [-122.3318355, 47.6093125], [-122.3316356, 47.6090968], [-122.332056, 47.6089197], [-122.3319547, 47.6088104], [-122.3320788, 47.6087581], [-122.3321234, 47.6088062], [-122.3321801, 47.6088674], [-122.3322008, 47.6088587], [-122.3324235, 47.609099], [-122.3318583, 47.6093371]]]}}, {"type": "Feature", "properties": {"osm_id": 232079313, "source": "OpenStreetMap", "building": "retail", "building:levels": "3"}, "geometry": {"type": "Polygon", "coordinates": [[[-122.33719, 47.6093151], [-122.3374443, 47.6095913], [-122.3375171, 47.60967], [-122.3375371, 47.6096987], [-122.3375241, 47.6097376], [-122.3374841, 47.6097573], [-122.3371847, 47.6098843], [-122.3370637, 47.6097509], [-122.3368124, 47.6094727], [-122.33719, 47.6093151]]]}}, {"type": "Feature", "properties": {"osm_id": 232079314, "source": "OpenStreetMap", "building": "yes", "name": "Washington Athletic Club Building", "building:levels": "11"}, "geometry": {"type": "Polygon", "coordinates": [[[-122.3337672, 47.6095907], [-122.3339983, 47.6098453], [-122.3339247, 47.6098757], [-122.3338897, 47.6098902], [-122.3337106, 47.609964], [-122.3336784, 47.6099773], [-122.3335912, 47.6100133], [-122.3335655, 47.609985], [-122.3333618, 47.6097606], [-122.3337672, 47.6095907]]]}}, {"type": "Feature", "properties": {"osm_id": 232079582, "source": "OpenStreetMap", "building": "yes"}, "geometry": {"type": "Polygon", "coordinates": [[[-122.3352796, 47.6079389], [-122.3349474, 47.6080785], [-122.3348401, 47.6079625], [-122.3351724, 47.6078228], [-122.3352796, 47.6079389]]]}}, {"type": "Feature", "properties": {"osm_id": 232079583, "source": "OpenStreetMap", "building": "yes", "name": "Pacific Telephone and Telegraph Co. Building", "building:levels": "13"}, "geometry": {"type": "Polygon", "coordinates": [[[-122.3351333, 47.607631], [-122.3348728, 47.6073463], [-122.3352542, 47.6071877], [-122.3355147, 47.6074724], [-122.3352907, 47.6075655], [-122.335146, 47.6076257], [-122.3351333, 47.607631]]]}}, {"type": "Feature", "properties": {"osm_id": 232079584, "source": "OpenStreetMap", "building": "yes", "name": "Third and Stewart Garage", "building:levels": "9"}, "geometry": {"type": "Polygon", "coordinates": [[[-122.3397821, 47.6113501], [-122.3397515, 47.6113659], [-122.3397172, 47.6113778], [-122.3396803, 47.6113853], [-122.339642, 47.6113882], [-122.3396035, 47.6113864], [-122.3395662, 47.61138], [-122.3395311, 47.6113691], [-122.3394996, 47.6113542], [-122.3394725, 47.6113357], [-122.3391738, 47.611011], [-122.3391514, 47.6109864], [-122.3389567, 47.6107747], [-122.339338, 47.6106166], [-122.3399096, 47.6112491], [-122.3398583, 47.6112897], [-122.3397821, 47.6113501]]]}}, {"type": "Feature", "properties": {"osm_id": 232079585, "source": "OpenStreetMap", "building": "apartments", "name": "Haight Building", "building:levels": "7"}, "geometry": {"type": "Polygon", "coordinates": [[[-122.3391762, 47.6103969], [-122.3391856, 47.6103931], [-122.3391074, 47.6103051], [-122.3391316, 47.6102953], [-122.339113, 47.6102744], [-122.33917, 47.6102514], [-122.339177, 47.6102486], [-122.3391934, 47.610267], [-122.3392356, 47.6102499], [-122.3392453, 47.6102607], [-122.3393567, 47.6102157], [-122.3393289, 47.6101845], [-122.3394789, 47.6101238], [-122.3395998, 47.6102597], [-122.3391985, 47.610422], [-122.3391762, 47.6103969]]]}}, {"type": "Feature", "properties": {"osm_id": 232079586, "source": "OpenStreetMap", "building": "yes", "name": "Columbia Building", "building:levels": "4"}, "geometry": {"type": "Polygon", "coordinates": [[[-122.3389613, 47.6101386], [-122.3387056, 47.6098554], [-122.3390745, 47.609704], [-122.3393302, 47.6099872], [-122.3389613, 47.6101386]]]}}, {"type": "Feature", "properties": {"osm_id": 232079587, "source": "OpenStreetMap", "building": "commercial", "name": "Financial Center", "building:levels": "28"}, "geometry": {"type": "Polygon", "coordinates": [[[-122.3347293, 47.607854], [-122.3344394, 47.6075354], [-122.3348168, 47.6073792], [-122.3351068, 47.6076979], [-122.3347293, 47.607854]]]}}, {"type": "Feature", "properties": {"osm_id": 232079589, "source": "OpenStreetMap", "building": "bridge"}, "geometry": {"type": "Polygon", "coordinates": [[[-122.3391738, 47.611011], [-122.3391514, 47.6109864], [-122.3388315, 47.6111192], [-122.338854, 47.6111437], [-122.3391738, 47.611011]]]}}, {"type": "Feature", "properties": {"osm_id": 232079590, "source": "OpenStreetMap", "building": "yes", "name": "Olympic Tower", "building:levels": "3"}, "geometry": {"type": "Polygon", "coordinates": [[[-122.3388971, 47.6101655], [-122.339009, 47.6102876], [-122.339137, 47.6104273], [-122.3388359, 47.6105527], [-122.3387684, 47.6105808], [-122.3385285, 47.610319], [-122.3386464, 47.6102699], [-122.3388355, 47.6101911], [-122.3388971, 47.6101655]]]}}, {"type": "Feature", "properties": {"osm_id": 232079592, "source": "OpenStreetMap", "building": "apartments", "name": "Fischer Studio", "building:levels": "8"}, "geometry": {"type": "Polygon", "coordinates": [[[-122.3388971, 47.6101655], [-122.3388355, 47.6101911], [-122.3388149, 47.6101687], [-122.3386258, 47.6102474], [-122.3386464, 47.6102699], [-122.3385285, 47.610319], [-122.3384012, 47.61018], [-122.33852, 47.6101306], [-122.3385416, 47.6101542], [-122.3387306, 47.6100754], [-122.338709, 47.6100519], [-122.3387698, 47.6100265], [-122.3388971, 47.6101655]]]}}, {"type": "Feature", "properties": {"osm_id": 232079814, "source": "OpenStreetMap", "building": "yes"}, "geometry": {"type": "Polygon", "coordinates": [[[-122.3394541, 47.6069485], [-122.3396465, 47.6071596], [-122.3396839, 47.6072007], [-122.3398089, 47.6073379], [-122.3397097, 47.607379], [-122.3396326, 47.6074109], [-122.3395478, 47.6073179], [-122.3394881, 47.6073426], [-122.3394697, 47.6073223], [-122.3394499, 47.6073006], [-122.3395099, 47.6072758], [-122.3392781, 47.6070214], [-122.3394541, 47.6069485]]]}}, {"type": "Feature", "properties": {"osm_id": 232079816, "source": "OpenStreetMap", "building": "industrial", "name": "Enwave Seattle", "building:levels": "2"}, "geometry": {"type": "Polygon", "coordinates": [[[-122.3400196, 47.6069656], [-122.3397623, 47.6066813], [-122.3400131, 47.606582], [-122.340107, 47.6066811], [-122.3401501, 47.6066628], [-122.3401009, 47.6066105], [-122.3402161, 47.6065661], [-122.3402978, 47.6066551], [-122.3403387, 47.6066385], [-122.3404695, 47.6067766], [-122.3400196, 47.6069656]]]}}, {"type": "Feature", "properties": {"osm_id": 232079818, "source": "OpenStreetMap", "building": "yes"}, "geometry": {"type": "Polygon", "coordinates": [[[-122.3395526, 47.6069519], [-122.3395285, 47.606949], [-122.3395078, 47.6069401], [-122.3394938, 47.6069265], [-122.3394885, 47.6069103], [-122.3394928, 47.606894], [-122.339506, 47.60688], [-122.3395261, 47.6068705], [-122.33955, 47.6068669], [-122.3395741, 47.6068698], [-122.3395948, 47.6068788], [-122.3396088, 47.6068923], [-122.3396141, 47.6069085], [-122.3396098, 47.6069248], [-122.3395966, 47.6069388], [-122.3395765, 47.6069483], [-122.3395526, 47.6069519]]]}}, {"type": "Feature", "properties": {"osm_id": 232079820, "source": "OpenStreetMap", "building": "yes", "name": "Diller Building", "height": "15", "building:levels": "4"}, "geometry": {"type": "Polygon", "coordinates": [[[-122.3378106, 47.606632], [-122.3379634, 47.6068034], [-122.3379346, 47.606815], [-122.337949, 47.6068312], [-122.3375888, 47.6069771], [-122.3374246, 47.6067928], [-122.3375322, 47.6067492], [-122.3375293, 47.606746], [-122.3378106, 47.606632]]]}}, {"type": "Feature", "properties": {"osm_id": 232079821, "source": "OpenStreetMap", "building": "yes", "name": "Mann Building", "height": "7.4", "building:levels": "2"}, "geometry": {"type": "Polygon", "coordinates": [[[-122.337354, 47.6090485], [-122.3371027, 47.6087725], [-122.3374814, 47.608615], [-122.3377367, 47.6088912], [-122.337354, 47.6090485]]]}}, {"type": "Feature", "properties": {"osm_id": 232080287, "source": "OpenStreetMap", "building": "yes", "name": "1111 Third Avenue", "height": "138", "building:levels": "34"}, "geometry": {"type": "Polygon", "coordinates": [[[-122.335041, 47.606514], [-122.3350541, 47.6065144], [-122.3350569, 47.6065045], [-122.3350462, 47.606503], [-122.3350477, 47.6065006], [-122.3354012, 47.6063529], [-122.3354009, 47.6063602], [-122.3354142, 47.606363], [-122.3354175, 47.6063544], [-122.3356441, 47.6066016], [-122.3357691, 47.606738], [-122.3357574, 47.6067359], [-122.3357531, 47.6067452], [-122.3357668, 47.6067472], [-122.3357664, 47.6067503], [-122.3354083, 47.6068978], [-122.3354065, 47.6068887], [-122.3353928, 47.6068876], [-122.335391, 47.6068953], [-122.3353869, 47.6068948], [-122.3353014, 47.6068007], [-122.335041, 47.606514]]]}}, {"type": "Feature", "properties": {"osm_id": 232080288, "source": "OpenStreetMap", "building": "yes", "building:levels": "4"}, "geometry": {"type": "Polygon", "coordinates": [[[-122.3375813, 47.605223], [-122.3379552, 47.605069], [-122.3384634, 47.6056301], [-122.3380984, 47.6057837], [-122.3377383, 47.6053958], [-122.337728, 47.6053844], [-122.3375813, 47.605223]]]}}, {"type": "Feature", "properties": {"osm_id": 232080290, "source": "OpenStreetMap", "building": "apartments", "name": "The Watermark Tower", "height": "23.5", "building:levels": "7"}, "geometry": {"type": "Polygon", "coordinates": [[[-122.3373753, 47.6057035], [-122.3372733, 47.6055898], [-122.3372507, 47.6055647], [-122.3372334, 47.6055453], [-122.3371295, 47.6054295], [-122.3375081, 47.6052751], [-122.3376061, 47.6053844], [-122.3376372, 47.6054191], [-122.3376473, 47.6054304], [-122.3376523, 47.605436], [-122.3377538, 47.6055492], [-122.3373753, 47.6057035]]]}}, {"type": "Feature", "properties": {"osm_id": 232080292, "source": "OpenStreetMap", "building": "office", "name": "Second & Seneca Building", "height": "15", "building:levels": "4"}, "geometry": {"type": "Polygon", "coordinates": [[[-122.33634, 47.6061611], [-122.336206, 47.6060117], [-122.3365309, 47.6058785], [-122.3365916, 47.6059457], [-122.336639, 47.6059263], [-122.3366702, 47.6059608], [-122.3367291, 47.6059367], [-122.3367591, 47.6059699], [-122.3368096, 47.6059491], [-122.3369163, 47.6059054], [-122.3369391, 47.605896], [-122.33692, 47.6058725], [-122.337053, 47.6058182], [-122.3373168, 47.6061087], [-122.3369481, 47.606262], [-122.3365285, 47.6064365], [-122.3364867, 47.6063907], [-122.3365147, 47.6063791], [-122.3365337, 47.6063014], [-122.336494, 47.6062973], [-122.3364563, 47.6062881], [-122.336422, 47.606274], [-122.3363924, 47.6062557], [-122.3363686, 47.6062339], [-122.3363517, 47.6062094], [-122.3363421, 47.6061831], [-122.33634, 47.6061611]]]}}, {"type": "Feature", "properties": {"osm_id": 232080293, "source": "OpenStreetMap", "building": "yes", "name": "Nom House"}, "geometry": {"type": "Polygon", "coordinates": [[[-122.3351354, 47.6062595], [-122.3352801, 47.6062012], [-122.3353921, 47.6063235], [-122.3351718, 47.6062901], [-122.3351354, 47.6062595]]]}}, {"type": "Feature", "properties": {"osm_id": 232080294, "source": "OpenStreetMap", "building": "yes", "name": "Westman's Bagel & Coffee"}, "geometry": {"type": "Polygon", "coordinates": [[[-122.3350268, 47.6062942], [-122.3350016, 47.60637], [-122.3348922, 47.6063525], [-122.3350268, 47.6062942]]]}}, {"type": "Feature", "properties": {"osm_id": 232080295, "source": "OpenStreetMap", "building": "yes", "name": "Olympic Garage", "building:levels": "8"}, "geometry": {"type": "Polygon", "coordinates": [[[-122.3335585, 47.6076816], [-122.3331448, 47.6078516], [-122.3326487, 47.6073005], [-122.3330628, 47.6071277], [-122.3335585, 47.6076816]]]}}, {"type": "Feature", "properties": {"osm_id": 232080296, "source": "OpenStreetMap", "building": "yes", "name": "Baillaergeon Building", "building:levels": "5"}, "geometry": {"type": "Polygon", "coordinates": [[[-122.3353238, 47.606172], [-122.3356964, 47.6060156], [-122.3359572, 47.6062997], [-122.3355881, 47.6064599], [-122.3354487, 47.606308], [-122.3353238, 47.606172]]]}}, {"type": "Feature", "properties": {"osm_id": 232080299, "source": "OpenStreetMap", "building": "yes", "name": "W Hotel Seattle", "building:levels": "3"}, "geometry": {"type": "Polygon", "coordinates": [[[-122.3340103, 47.6075018], [-122.3339821, 47.6075137], [-122.3336604, 47.6076495], [-122.3336426, 47.607657], [-122.3336257, 47.6076388], [-122.333439, 47.6074378], [-122.3333639, 47.607357], [-122.3332857, 47.6072727], [-122.3334721, 47.607194], [-122.3334866, 47.6071879], [-122.3336533, 47.6071175], [-122.3338066, 47.6072826], [-122.3339933, 47.6074836], [-122.3340103, 47.6075018]]]}}, {"type": "Feature", "properties": {"osm_id": 232080301, "source": "OpenStreetMap", "building": "yes", "name": "Executive Hotel Pacific", "building:levels": "11"}, "geometry": {"type": "Polygon", "coordinates": [[[-122.3331152, 47.6071029], [-122.3334986, 47.6069417], [-122.3336589, 47.6071151], [-122.3336533, 47.6071175], [-122.3334866, 47.6071879], [-122.3334368, 47.6071342], [-122.333226, 47.6072228], [-122.3331152, 47.6071029]]]}}, {"type": "Feature", "properties": {"osm_id": 232080836, "source": "OpenStreetMap", "building": "yes", "name": "1000 Second Avenue", "building:levels": "2"}, "geometry": {"type": "Polygon", "coordinates": [[[-122.3346821, 47.6054868], [-122.3350395, 47.6053314], [-122.3355466, 47.6058618], [-122.3351892, 47.6060172], [-122.3346821, 47.6054868]]]}}, {"type": "Feature", "properties": {"osm_id": 232080837, "source": "OpenStreetMap", "building": "hotel", "name": "Kimpton Hotel Monaco Seattle", "building:levels": "11"}, "geometry": {"type": "Polygon", "coordinates": [[[-122.3342858, 47.607084], [-122.3343193, 47.6071215], [-122.3341705, 47.6071818], [-122.3341391, 47.607146], [-122.3338252, 47.6068055], [-122.3339043, 47.6067722], [-122.3339216, 47.6067908], [-122.3340307, 47.6067447], [-122.334015, 47.6067272], [-122.3340911, 47.6066951], [-122.3344035, 47.6070344], [-122.3342858, 47.607084]]]}}, {"type": "Feature", "properties": {"osm_id": 232080838, "source": "OpenStreetMap", "building": "yes", "name": "Old Federal Reserve Bank Building", "building:levels": "4"}, "geometry": {"type": "Polygon", "coordinates": [[[-122.3359045, 47.6056713], [-122.335633, 47.60538], [-122.3355755, 47.6054043], [-122.3353645, 47.605178], [-122.3357252, 47.6050252], [-122.3360828, 47.6054089], [-122.3360878, 47.6054068], [-122.3361546, 47.6054785], [-122.3360578, 47.6055195], [-122.3361158, 47.6055818], [-122.3359045, 47.6056713]]]}}, {"type": "Feature", "properties": {"osm_id": 232080839, "source": "OpenStreetMap", "building": "yes", "name": "University Women's Club Annex", "building:levels": "2"}, "geometry": {"type": "Polygon", "coordinates": [[[-122.3317795, 47.6080424], [-122.3317331, 47.6079853], [-122.3316851, 47.6079324], [-122.3316981, 47.607927], [-122.3316731, 47.6078992], [-122.3317771, 47.6078563], [-122.3317341, 47.6078095], [-122.3319241, 47.6077302], [-122.3319661, 47.607776], [-122.3320771, 47.6077291], [-122.3322006, 47.6078663], [-122.3317795, 47.6080424]]]}}, {"type": "Feature", "properties": {"osm_id": 232080840, "source": "OpenStreetMap", "building": "office", "name": "Madison Centre"}, "geometry": {"type": "Polygon", "coordinates": [[[-122.3313853, 47.6066269], [-122.3312216, 47.6066945], [-122.3309662, 47.6064136], [-122.3309479, 47.6064212], [-122.3307759, 47.6062319], [-122.3307977, 47.6062229], [-122.3307166, 47.6061359], [-122.3309616, 47.6060344], [-122.3309765, 47.6060283], [-122.3311076, 47.6059741], [-122.3312747, 47.6061579], [-122.3312593, 47.6061648], [-122.3313097, 47.6062043], [-122.331384, 47.6062719], [-122.3314512, 47.6063428], [-122.3315219, 47.606427], [-122.3315044, 47.6064341], [-122.3315269, 47.6064728], [-122.3315265, 47.6065118], [-122.3315056, 47.6065481], [-122.3314668, 47.606577], [-122.3314152, 47.6065946], [-122.3313578, 47.6065987], [-122.3313853, 47.6066269]]]}}, {"type": "Feature", "properties": {"osm_id": 232080841, "source": "OpenStreetMap", "building": "commercial", "building:levels": "13"}, "geometry": {"type": "Polygon", "coordinates": [[[-122.3342471, 47.6056507], [-122.3346118, 47.6055003], [-122.3350705, 47.6060062], [-122.3350085, 47.6060318], [-122.3350164, 47.6060406], [-122.3349476, 47.606069], [-122.3347278, 47.6061595], [-122.3347209, 47.6061519], [-122.3347069, 47.6061577], [-122.3345039, 47.6059339], [-122.3342796, 47.6056865], [-122.3342471, 47.6056507]]]}}, {"type": "Feature", "properties": {"osm_id": 232080842, "source": "OpenStreetMap", "building": "yes", "name": "Holyoke Building", "building:levels": "5"}, "geometry": {"type": "Polygon", "coordinates": [[[-122.3365573, 47.605259], [-122.3366768, 47.605392], [-122.3362908, 47.6055579], [-122.3361653, 47.6054243], [-122.3365573, 47.605259]]]}}, {"type": "Feature", "properties": {"osm_id": 232080843, "source": "OpenStreetMap", "building": "yes", "name": "Fourth and Madison Building"}, "geometry": {"type": "Polygon", "coordinates": [[[-122.332928, 47.605887], [-122.3328308, 47.60578], [-122.3327534, 47.6056948], [-122.3328073, 47.6056725], [-122.3327899, 47.6056534], [-122.3328692, 47.6056199], [-122.3329075, 47.605585], [-122.3329425, 47.6055637], [-122.3330215, 47.6055239], [-122.3330756, 47.6054968], [-122.3331107, 47.6054806], [-122.3331351, 47.6054693], [-122.3329093, 47.605206], [-122.3329702, 47.6051806], [-122.3330973, 47.6051278], [-122.3332909, 47.6050472], [-122.3335707, 47.6053528], [-122.3335245, 47.6053721], [-122.333632, 47.6054895], [-122.3337006, 47.6055643], [-122.3336464, 47.6055868], [-122.333669, 47.6056115], [-122.3333266, 47.6057547], [-122.3330005, 47.6058893], [-122.3329793, 47.6058658], [-122.332928, 47.605887]]]}}, {"type": "Feature", "properties": {"osm_id": 232080844, "source": "OpenStreetMap", "building": "yes", "name": "YWCA Building", "building:levels": "9"}, "geometry": {"type": "Polygon", "coordinates": [[[-122.3325076, 47.6081408], [-122.3325034, 47.6081363], [-122.3324799, 47.6081108], [-122.3324906, 47.6081063], [-122.3323928, 47.6080003], [-122.3323976, 47.6079983], [-122.3322693, 47.6078594], [-122.3323959, 47.6078063], [-122.3325259, 47.6079472], [-122.3326334, 47.6079021], [-122.3324999, 47.6077571], [-122.3326909, 47.607677], [-122.3328335, 47.607832], [-122.332948, 47.6079561], [-122.3328027, 47.608017], [-122.3325076, 47.6081408]]]}}, {"type": "Feature", "properties": {"osm_id": 232080845, "source": "OpenStreetMap", "building": "yes"}, "geometry": {"type": "Polygon", "coordinates": [[[-122.3346889, 47.6052455], [-122.3347095, 47.605175], [-122.3348013, 47.6051886], [-122.3348205, 47.6051914], [-122.3346889, 47.6052455]]]}}, {"type": "Feature", "properties": {"osm_id": 232080846, "source": "OpenStreetMap", "building": "service", "building:levels": "13"}, "geometry": {"type": "Polygon", "coordinates": [[[-122.3348573, 47.6067379], [-122.3351233, 47.6070423], [-122.3347234, 47.6072006], [-122.3344581, 47.6068973], [-122.3348573, 47.6067379]]]}}, {"type": "Feature", "properties": {"osm_id": 232080847, "source": "OpenStreetMap", "building": "yes", "building:levels": "3"}, "geometry": {"type": "Polygon", "coordinates": [[[-122.3344604, 47.6073044], [-122.3344667, 47.6073106], [-122.3342834, 47.6073865], [-122.3341515, 47.6072407], [-122.3343362, 47.6071633], [-122.3343676, 47.6071974], [-122.3344604, 47.6073044]]]}}, {"type": "Feature", "properties": {"osm_id": 232080848, "source": "OpenStreetMap", "building": "yes", "name": "National Building", "building:levels": "6"}, "geometry": {"type": "Polygon", "coordinates": [[[-122.3369689, 47.6044975], [-122.337319, 47.604351], [-122.3378349, 47.6049187], [-122.337463, 47.6050723], [-122.3374376, 47.6050444], [-122.3374553, 47.6050371], [-122.3369689, 47.6044975]]]}}, {"type": "Feature", "properties": {"osm_id": 232080851, "source": "OpenStreetMap", "building": "yes", "name": "Beebe Building", "building:levels": "4"}, "geometry": {"type": "Polygon", "coordinates": [[[-122.3370913, 47.6048308], [-122.3371379, 47.604881], [-122.3371735, 47.6049202], [-122.3372183, 47.6049694], [-122.3368356, 47.6051282], [-122.336709, 47.6049906], [-122.3368754, 47.604921], [-122.3368891, 47.6049364], [-122.3368815, 47.6049513], [-122.336891, 47.6049652], [-122.336915, 47.6049704], [-122.3369841, 47.604942], [-122.3369877, 47.6049265], [-122.3369735, 47.6049099], [-122.336936, 47.6049081], [-122.3369376, 47.604895], [-122.3370913, 47.6048308]]]}}, {"type": "Feature", "properties": {"osm_id": 232080855, "source": "OpenStreetMap", "building": "commercial", "name": "901 Fifth"}, "geometry": {"type": "Polygon", "coordinates": [[[-122.3317913, 47.6060586], [-122.3317772, 47.6060434], [-122.3317437, 47.606007], [-122.3317094, 47.60597], [-122.3315236, 47.6060481], [-122.3313813, 47.6058941], [-122.3315274, 47.6058327], [-122.3315045, 47.6058079], [-122.3316134, 47.6057621], [-122.3319205, 47.6056331], [-122.3319386, 47.6056527], [-122.3321518, 47.6055632], [-122.3322268, 47.6056444], [-122.3323012, 47.6057249], [-122.3322417, 47.6057499], [-122.3323212, 47.605836], [-122.332019, 47.6059629], [-122.3317913, 47.6060586]]]}}, {"type": "Feature", "properties": {"osm_id": 232088563, "source": "OpenStreetMap", "building": "yes", "name": "Seattle Fire Station #5"}, "geometry": {"type": "Polygon", "coordinates": [[[-122.338621, 47.6035386], [-122.3389389, 47.6035371], [-122.3389412, 47.6037541], [-122.3387672, 47.603755], [-122.3387664, 47.6036852], [-122.3386862, 47.6036856], [-122.3386859, 47.6036576], [-122.3386223, 47.6036579], [-122.338621, 47.6035386]]]}}, {"type": "Feature", "properties": {"osm_id": 232088564, "source": "OpenStreetMap", "building": "warehouse", "name": "Pier 54", "building:levels": "3"}, "geometry": {"type": "Polygon", "coordinates": [[[-122.3388113, 47.6039161], [-122.3400133, 47.6039261], [-122.3404076, 47.6043137], [-122.340397, 47.6043137], [-122.3404136, 47.6043539], [-122.3399281, 47.6043536], [-122.3399271, 47.6043152], [-122.3391628, 47.6043088], [-122.3388113, 47.6039161]]]}}, {"type": "Feature", "properties": {"osm_id": 232088565, "source": "OpenStreetMap", "building": "kiosk"}, "geometry": {"type": "Polygon", "coordinates": [[[-122.3393857, 47.6045473], [-122.3393897, 47.6045454], [-122.3393798, 47.6045357], [-122.3394103, 47.6045215], [-122.3394138, 47.6045198], [-122.3394316, 47.6045372], [-122.3394587, 47.6045641], [-122.3394532, 47.6045667], [-122.3394626, 47.6045761], [-122.3394271, 47.6045927], [-122.3394221, 47.604595], [-122.3393771, 47.604551], [-122.3393857, 47.6045473]]]}}, {"type": "Feature", "properties": {"osm_id": 232088566, "source": "OpenStreetMap", "building": "yes", "name": "Daniels Recital Hall", "height": "15", "building:levels": "3"}, "geometry": {"type": "Polygon", "coordinates": [[[-122.3316032, 47.6055169], [-122.3315494, 47.6055393], [-122.3315007, 47.6055595], [-122.3315045, 47.6055636], [-122.3313035, 47.6056473], [-122.3312997, 47.6056431], [-122.3312259, 47.6056738], [-122.3311796, 47.6056232], [-122.3311749, 47.6056251], [-122.3310551, 47.6054939], [-122.3310629, 47.6054908], [-122.3310168, 47.6054402], [-122.331087, 47.6054111], [-122.3310803, 47.6054039], [-122.3312812, 47.6053214], [-122.3312857, 47.6053264], [-122.3313895, 47.6052834], [-122.3314355, 47.605334], [-122.3314391, 47.6053325], [-122.3315602, 47.6054652], [-122.3315572, 47.6054665], [-122.3316032, 47.6055169]]]}}, {"type": "Feature", "properties": {"osm_id": 232088567, "source": "OpenStreetMap", "building": "apartments", "name": "The Pacific Apartments", "building:levels": "4"}, "geometry": {"type": "Polygon", "coordinates": [[[-122.3322838, 47.6049889], [-122.3323801, 47.6050928], [-122.3324803, 47.6050519], [-122.3324908, 47.6050477], [-122.332498, 47.6050349], [-122.3323287, 47.6048515], [-122.3324572, 47.6047974], [-122.332712, 47.6050759], [-122.332328, 47.6052365], [-122.3320757, 47.604958], [-122.3322045, 47.6049038], [-122.3322838, 47.6049889]]]}}, {"type": "Feature", "properties": {"osm_id": 232088568, "source": "OpenStreetMap", "building": "yes", "name": "Central Building", "building:levels": "9"}, "geometry": {"type": "Polygon", "coordinates": [[[-122.3327508, 47.6050496], [-122.3327638, 47.6050444], [-122.3326828, 47.6049566], [-122.3329118, 47.6048609], [-122.3328648, 47.6048102], [-122.3326968, 47.6048807], [-122.3324638, 47.6046274], [-122.3326328, 47.6045565], [-122.3325858, 47.6045052], [-122.3323578, 47.6046007], [-122.3322582, 47.6044932], [-122.3326498, 47.6043275], [-122.3328468, 47.6045419], [-122.3328298, 47.6045489], [-122.3329648, 47.6046952], [-122.3329788, 47.6046892], [-122.3331748, 47.6049024], [-122.3327708, 47.6050714], [-122.3327508, 47.6050496]]]}}, {"type": "Feature", "properties": {"osm_id": 232088570, "source": "OpenStreetMap", "building": "commercial", "name": "Norton Building", "height": "60.4", "building:levels": "19"}, "geometry": {"type": "Polygon", "coordinates": [[[-122.3348278, 47.6034307], [-122.3349807, 47.6035976], [-122.3347532, 47.603694], [-122.3345165, 47.603791], [-122.3344935, 47.6038004], [-122.3342484, 47.6039027], [-122.3340955, 47.6037358], [-122.3344502, 47.603588], [-122.3348278, 47.6034307]]]}}, {"type": "Feature", "properties": {"osm_id": 232088573, "source": "OpenStreetMap", "building": "yes"}, "geometry": {"type": "Polygon", "coordinates": [[[-122.3387873, 47.6038147], [-122.3389778, 47.6038139], [-122.3389783, 47.6038667], [-122.3389455, 47.6038894], [-122.3387854, 47.6038902], [-122.3387873, 47.6038147]]]}}, {"type": "Feature", "properties": {"osm_id": 232088574, "source": "OpenStreetMap", "building": "yes", "name": "Marion Building", "building:levels": "3"}, "geometry": {"type": "Polygon", "coordinates": [[[-122.3341308, 47.6043034], [-122.3341937, 47.6043728], [-122.3342484, 47.604433], [-122.3338808, 47.6045858], [-122.333761, 47.604454], [-122.3341308, 47.6043034]]]}}, {"type": "Feature", "properties": {"osm_id": 232088575, "source": "OpenStreetMap", "building": "yes", "name": "Rainier Club", "building:levels": "5"}, "geometry": {"type": "Polygon", "coordinates": [[[-122.3316349, 47.6055263], [-122.3314827, 47.6053592], [-122.331495, 47.605354], [-122.3314185, 47.6052651], [-122.3313763, 47.6052183], [-122.3313934, 47.6052112], [-122.3313176, 47.6051281], [-122.3313715, 47.6051058], [-122.3315892, 47.6050156], [-122.331693, 47.6051295], [-122.3319396, 47.6054], [-122.3316349, 47.6055263]]]}}, {"type": "Feature", "properties": {"osm_id": 233927968, "source": "OpenStreetMap", "building": "apartments", "name": "Verve", "building:levels": "14"}, "geometry": {"type": "Polygon", "coordinates": [[[-122.3480247, 47.6183359], [-122.3483142, 47.6181146], [-122.3487615, 47.6183773], [-122.3486259, 47.618489], [-122.3482889, 47.6184898], [-122.3480247, 47.6183359]]]}}, {"type": "Feature", "properties": {"osm_id": 234436232, "source": "OpenStreetMap", "building": "yes", "name": "Bell Harbor Marina Office"}, "geometry": {"type": "Polygon", "coordinates": [[[-122.3486295, 47.6106169], [-122.348517, 47.6106162], [-122.3485169, 47.6105848], [-122.3485162, 47.6104332], [-122.3486296, 47.6104327], [-122.3486295, 47.6104691], [-122.3486295, 47.610585], [-122.3486295, 47.6106169]]]}}, {"type": "Feature", "properties": {"osm_id": 234436233, "source": "OpenStreetMap", "building": "yes", "name": "Bell Harbor International Conference Center", "building:levels": "3"}, "geometry": {"type": "Polygon", "coordinates": [[[-122.3500706, 47.6114726], [-122.3500701, 47.6112775], [-122.3499662, 47.6112763], [-122.3498926, 47.6112755], [-122.3498916, 47.6111838], [-122.3496635, 47.6111833], [-122.3496656, 47.6110425], [-122.3494928, 47.6110423], [-122.3494926, 47.6109439], [-122.349319, 47.6109429], [-122.3493212, 47.6108542], [-122.3490304, 47.6108533], [-122.3490872, 47.6108071], [-122.3490316, 47.6107745], [-122.3489722, 47.6107397], [-122.3489483, 47.6107578], [-122.348777, 47.6108923], [-122.3487784, 47.6109205], [-122.34874, 47.6109207], [-122.3487376, 47.6110355], [-122.3487784, 47.6110358], [-122.3487779, 47.6110668], [-122.3488195, 47.6110926], [-122.3487796, 47.6111235], [-122.3487402, 47.6111539], [-122.3486499, 47.611131], [-122.3486102, 47.6111624], [-122.3485838, 47.6111834], [-122.3489951, 47.6114232], [-122.3489678, 47.6114459], [-122.3491597, 47.6115588], [-122.3492143, 47.6115172], [-122.3493382, 47.611518], [-122.3493996, 47.611468], [-122.3500706, 47.6114726]]]}}, {"type": "Feature", "properties": {"osm_id": 234810726, "source": "OpenStreetMap", "building": "yes", "name": "Argosy Cruises"}, "geometry": {"type": "Polygon", "coordinates": [[[-122.3404368, 47.6051317], [-122.340224, 47.6051319], [-122.340224, 47.6051233], [-122.3402238, 47.6050297], [-122.3402237, 47.6049832], [-122.3404365, 47.604983], [-122.3404365, 47.6049983], [-122.3404368, 47.6051129], [-122.3404368, 47.6051233], [-122.3404368, 47.6051317]]]}}, {"type": "Feature", "properties": {"osm_id": 235384837, "source": "OpenStreetMap", "building": "apartments", "name": "100 on 6th Apartments", "building:levels": "4"}, "geometry": {"type": "Polygon", "coordinates": [[[-122.3259779, 47.6016209], [-122.3259775, 47.6015363], [-122.3261077, 47.6015361], [-122.3261078, 47.6015013], [-122.3259796, 47.6015016], [-122.3259792, 47.6014186], [-122.326111, 47.6014184], [-122.3261105, 47.6013835], [-122.3259807, 47.6013838], [-122.3259804, 47.6013015], [-122.3261608, 47.6013011], [-122.3261605, 47.6012911], [-122.3262223, 47.601291], [-122.3262242, 47.6016204], [-122.3259779, 47.6016209]]]}}, {"type": "Feature", "properties": {"osm_id": 235384839, "source": "OpenStreetMap", "building": "apartments", "building:levels": "5"}, "geometry": {"type": "Polygon", "coordinates": [[[-122.3271357, 47.6016134], [-122.327135, 47.6015922], [-122.3271386, 47.6011511], [-122.3271385, 47.6011466], [-122.3273544, 47.6011473], [-122.3274907, 47.6011479], [-122.3275171, 47.6011651], [-122.3275173, 47.601281], [-122.3274998, 47.6012888], [-122.3274763, 47.6012994], [-122.3274104, 47.6012993], [-122.3273922, 47.6012992], [-122.327392, 47.6013478], [-122.327391, 47.6015926], [-122.3273677, 47.6015926], [-122.3273673, 47.6016137], [-122.3271357, 47.6016134]]]}}, {"type": "Feature", "properties": {"osm_id": 236754218, "source": "OpenStreetMap", "building": "hospital", "name": "M.R.I. Building"}, "geometry": {"type": "Polygon", "coordinates": [[[-122.3271443, 47.6105905], [-122.3273071, 47.610522], [-122.3273243, 47.6105407], [-122.3273295, 47.6105386], [-122.3274085, 47.610624], [-122.3272344, 47.6106972], [-122.3271556, 47.6106121], [-122.3271619, 47.6106095], [-122.3271443, 47.6105905]]]}}, {"type": "Feature", "properties": {"osm_id": 236754219, "source": "OpenStreetMap", "building": "hospital", "name": "Blackford Hall"}, "geometry": {"type": "Polygon", "coordinates": [[[-122.327264, 47.6107188], [-122.3275159, 47.6106133], [-122.3273982, 47.6104845], [-122.3275274, 47.6104303], [-122.3277802, 47.6107091], [-122.327652, 47.6107628], [-122.3275981, 47.6107044], [-122.3272911, 47.6108332], [-122.3272079, 47.6107424], [-122.327264, 47.6107188]]]}}, {"type": "Feature", "properties": {"osm_id": 236754220, "source": "OpenStreetMap", "building": "yes"}, "geometry": {"type": "Polygon", "coordinates": [[[-122.330153, 47.6104808], [-122.3301601, 47.6104528], [-122.3300751, 47.610443], [-122.330087, 47.6103958], [-122.3301718, 47.6104055], [-122.3301656, 47.6104303], [-122.3302426, 47.6104391], [-122.3302299, 47.6104896], [-122.330153, 47.6104808]]]}}, {"type": "Feature", "properties": {"osm_id": 236754221, "source": "OpenStreetMap", "building": "yes"}, "geometry": {"type": "Polygon", "coordinates": [[[-122.3254839, 47.6060428], [-122.3254745, 47.6060328], [-122.3254693, 47.6060274], [-122.3254578, 47.6060151], [-122.325656, 47.6059296], [-122.3256727, 47.6059474], [-122.3257433, 47.6060221], [-122.3255721, 47.6060969], [-122.3255172, 47.6060388], [-122.3254907, 47.6060503], [-122.3254839, 47.6060428]]]}}, {"type": "Feature", "properties": {"osm_id": 236754227, "source": "OpenStreetMap", "building": "yes", "name": "The Talisman", "building:levels": "6"}, "geometry": {"type": "Polygon", "coordinates": [[[-122.3288175, 47.6123346], [-122.328819, 47.6123363], [-122.3289962, 47.6122639], [-122.3289285, 47.6121886], [-122.3290505, 47.6121388], [-122.3292872, 47.6124024], [-122.3291863, 47.6124436], [-122.3291685, 47.6124239], [-122.3289306, 47.612521], [-122.3287991, 47.6123746], [-122.3288325, 47.6123609], [-122.3288112, 47.6123372], [-122.3288175, 47.6123346]]]}}, {"type": "Feature", "properties": {"osm_id": 236754229, "source": "OpenStreetMap", "building": "apartments", "name": "Belmont", "building:levels": "4"}, "geometry": {"type": "Polygon", "coordinates": [[[-122.3245789, 47.6133438], [-122.3245722, 47.6130744], [-122.3249163, 47.6130705], [-122.3249198, 47.613211], [-122.3247886, 47.6132114], [-122.3247644, 47.6132112], [-122.3247647, 47.6132253], [-122.3247887, 47.6132251], [-122.3247895, 47.6133317], [-122.32479, 47.6133414], [-122.3245789, 47.6133438]]]}}, {"type": "Feature", "properties": {"osm_id": 236754230, "source": "OpenStreetMap", "building": "yes", "name": "Kindred Hospital"}, "geometry": {"type": "Polygon", "coordinates": [[[-122.3286521, 47.6119022], [-122.3286471, 47.6119044], [-122.32869, 47.6119511], [-122.3288157, 47.6118984], [-122.3288916, 47.6119812], [-122.3289005, 47.6119912], [-122.3285694, 47.6121299], [-122.3282492, 47.6117802], [-122.3285787, 47.6116423], [-122.328664, 47.6117355], [-122.3285388, 47.611788], [-122.3285812, 47.6118346], [-122.3285877, 47.6118318], [-122.3286521, 47.6119022]]]}}, {"type": "Feature", "properties": {"osm_id": 236754231, "source": "OpenStreetMap", "building": "yes", "name": "The Wintonia", "building:levels": "7"}, "geometry": {"type": "Polygon", "coordinates": [[[-122.3276113, 47.613554], [-122.3277405, 47.6135001], [-122.3277535, 47.6134946], [-122.3277891, 47.6135334], [-122.3279339, 47.613473], [-122.3278962, 47.6134319], [-122.3280238, 47.6133804], [-122.3281102, 47.6134716], [-122.3278985, 47.6135565], [-122.3280371, 47.6136976], [-122.3278253, 47.6137884], [-122.3276113, 47.613554]]]}}, {"type": "Feature", "properties": {"osm_id": 236754232, "source": "OpenStreetMap", "building": "yes", "name": "Pike Lofts", "building:levels": "6"}, "geometry": {"type": "Polygon", "coordinates": [[[-122.3273882, 47.6137227], [-122.3274437, 47.6137], [-122.3274751, 47.6137338], [-122.3274848, 47.6137303], [-122.3275155, 47.6137639], [-122.3275042, 47.6137679], [-122.3275299, 47.6137967], [-122.3275406, 47.6137927], [-122.3275701, 47.6138256], [-122.3275598, 47.6138292], [-122.3276093, 47.6138831], [-122.3275776, 47.6138964], [-122.3275834, 47.613903], [-122.3275439, 47.613919], [-122.3275381, 47.6139125], [-122.3274634, 47.6139429], [-122.3274689, 47.613949], [-122.3274279, 47.6139657], [-122.3274224, 47.6139595], [-122.3273902, 47.6139726], [-122.3273817, 47.6139633], [-122.3273809, 47.613973], [-122.3273757, 47.6139821], [-122.3273664, 47.6139895], [-122.3273541, 47.6139946], [-122.32734, 47.6139968], [-122.3273256, 47.6139958], [-122.3273125, 47.6139919], [-122.3272121, 47.6139918], [-122.3272121, 47.6139995], [-122.32714, 47.6139995], [-122.32714, 47.6139918], [-122.3271219, 47.6139918], [-122.3271219, 47.6139997], [-122.3270532, 47.6139997], [-122.3270532, 47.6139917], [-122.3269607, 47.6139914], [-122.3269627, 47.6137548], [-122.3272175, 47.6137562], [-122.3272172, 47.6137391], [-122.3272919, 47.6137389], [-122.3272914, 47.6137216], [-122.3273882, 47.6137227]]]}}, {"type": "Feature", "properties": {"osm_id": 236754233, "source": "OpenStreetMap", "building": "apartments", "name": "Bolero"}, "geometry": {"type": "Polygon", "coordinates": [[[-122.3277865, 47.6120677], [-122.3278702, 47.6120347], [-122.3280981, 47.6119395], [-122.3282144, 47.6118932], [-122.3282746, 47.6119611], [-122.3284739, 47.6121755], [-122.3280768, 47.612345], [-122.3280693, 47.6123482], [-122.3280602, 47.6123495], [-122.3280516, 47.6123486], [-122.3280434, 47.6123457], [-122.3280377, 47.6123412], [-122.3279937, 47.6122926], [-122.327807, 47.6120902], [-122.3277865, 47.6120677]]]}}, {"type": "Feature", "properties": {"osm_id": 236754234, "source": "OpenStreetMap", "building": "school", "name": "The Northwest School - Administration Building", "building:levels": "2"}, "geometry": {"type": "Polygon", "coordinates": [[[-122.3262641, 47.6137368], [-122.3262653, 47.6135998], [-122.3264286, 47.6136001], [-122.3264284, 47.6136237], [-122.3265573, 47.6136247], [-122.3265572, 47.613634], [-122.3265927, 47.6136341], [-122.3265901, 47.6137245], [-122.3265541, 47.6137246], [-122.3265541, 47.6137366], [-122.3262641, 47.6137368]]]}}, {"type": "Feature", "properties": {"osm_id": 236754235, "source": "OpenStreetMap", "building": "apartments", "name": "Landes Apartments"}, "geometry": {"type": "Polygon", "coordinates": [[[-122.3286725, 47.6073908], [-122.3282585, 47.6075547], [-122.3280685, 47.6073362], [-122.3280835, 47.6073304], [-122.3280555, 47.6072989], [-122.3280615, 47.6072967], [-122.3280365, 47.6072686], [-122.3280215, 47.6072746], [-122.3280165, 47.6072683], [-122.3280305, 47.6072624], [-122.3281395, 47.6072193], [-122.3283945, 47.6071184], [-122.3284485, 47.6071801], [-122.3284785, 47.607168], [-122.3286725, 47.6073908]]]}}, {"type": "Feature", "properties": {"osm_id": 236754236, "source": "OpenStreetMap", "building": "apartments", "building:levels": "5"}, "geometry": {"type": "Polygon", "coordinates": [[[-122.327414, 47.6115914], [-122.3275032, 47.6115545], [-122.3275461, 47.6116021], [-122.3275937, 47.6115826], [-122.3275717, 47.6115582], [-122.3275982, 47.6115473], [-122.3275516, 47.6114954], [-122.3274359, 47.6115428], [-122.3273925, 47.6114944], [-122.327654, 47.6113869], [-122.327778, 47.6115245], [-122.3277279, 47.6115451], [-122.3278149, 47.6116419], [-122.3275509, 47.6117504], [-122.3274095, 47.6115931], [-122.327414, 47.6115914]]]}}, {"type": "Feature", "properties": {"osm_id": 236754237, "source": "OpenStreetMap", "building": "yes"}, "geometry": {"type": "Polygon", "coordinates": [[[-122.3268172, 47.6107174], [-122.3268605, 47.6107621], [-122.3269271, 47.610734], [-122.3268853, 47.6106882], [-122.3270726, 47.6106106], [-122.3271621, 47.6107084], [-122.327122, 47.6107263], [-122.3272283, 47.6108429], [-122.327085, 47.6109024], [-122.3269646, 47.6107694], [-122.326884, 47.6108032], [-122.3270034, 47.6109352], [-122.3268351, 47.6110073], [-122.3268261, 47.611011], [-122.3266324, 47.6107948], [-122.3268172, 47.6107174]]]}}, {"type": "Feature", "properties": {"osm_id": 236754238, "source": "OpenStreetMap", "building": "yes", "name": "Sovereign"}, "geometry": {"type": "Polygon", "coordinates": [[[-122.3278702, 47.6120347], [-122.32782, 47.6119797], [-122.327832, 47.6119747], [-122.3277624, 47.6118989], [-122.3277462, 47.6118808], [-122.3276756, 47.6118035], [-122.3276645, 47.6118082], [-122.3276153, 47.6117545], [-122.3278342, 47.611663], [-122.3278427, 47.6116595], [-122.3278527, 47.6116701], [-122.3279634, 47.6116245], [-122.3281969, 47.6118844], [-122.3280887, 47.611929], [-122.3280981, 47.6119395], [-122.3278702, 47.6120347]]]}}, {"type": "Feature", "properties": {"osm_id": 236754243, "source": "OpenStreetMap", "building": "yes", "name": "Seattle Salvation Army Family Services"}, "geometry": {"type": "Polygon", "coordinates": [[[-122.3280977, 47.6133724], [-122.3280583, 47.6133286], [-122.3283865, 47.6131943], [-122.3284664, 47.6131616], [-122.3284784, 47.6131567], [-122.3287105, 47.6134144], [-122.3284984, 47.6135013], [-122.3283046, 47.6132862], [-122.3282652, 47.6133023], [-122.3282906, 47.6133306], [-122.3281778, 47.6133768], [-122.3281533, 47.6133496], [-122.3280977, 47.6133724]]]}}, {"type": "Feature", "properties": {"osm_id": 236754244, "source": "OpenStreetMap", "building": "yes"}, "geometry": {"type": "Polygon", "coordinates": [[[-122.325118, 47.6057621], [-122.325106, 47.6057497], [-122.3249701, 47.6056049], [-122.3250237, 47.6055817], [-122.3251253, 47.605538], [-122.3251352, 47.6055483], [-122.3251634, 47.6055781], [-122.3251324, 47.6055913], [-122.3251763, 47.6056379], [-122.3252035, 47.6056665], [-122.3252325, 47.6056539], [-122.325254, 47.6056766], [-122.325319, 47.6056487], [-122.3253441, 47.6056378], [-122.325319, 47.6056114], [-122.3253911, 47.6055805], [-122.3253932, 47.6055828], [-122.3254904, 47.6056863], [-122.3254403, 47.6057079], [-122.3251745, 47.6058223], [-122.3251677, 47.6058153], [-122.325118, 47.6057621]]]}}, {"type": "Feature", "properties": {"osm_id": 236754245, "source": "OpenStreetMap", "building": "apartments", "name": "Skyline at First Hill"}, "geometry": {"type": "Polygon", "coordinates": [[[-122.3268865, 47.6065121], [-122.3267185, 47.6065812], [-122.3267269, 47.6065905], [-122.3265327, 47.6066704], [-122.3265243, 47.6066611], [-122.3264784, 47.60668], [-122.3263553, 47.6067307], [-122.3261812, 47.6065384], [-122.3261299, 47.6065595], [-122.3261401, 47.6065707], [-122.3260967, 47.6065886], [-122.3261042, 47.6065969], [-122.3260377, 47.6066243], [-122.3260509, 47.6066389], [-122.3259597, 47.6066765], [-122.3259147, 47.6066268], [-122.325689, 47.6063775], [-122.3258046, 47.6063299], [-122.3257846, 47.6063078], [-122.3261645, 47.6061515], [-122.3262219, 47.6061278], [-122.3262398, 47.6061204], [-122.3262293, 47.6061088], [-122.3264373, 47.6060233], [-122.3266889, 47.6063012], [-122.3267289, 47.6063454], [-122.3267483, 47.6063374], [-122.3267719, 47.6063635], [-122.3267958, 47.6063537], [-122.3268597, 47.6064243], [-122.3268374, 47.6064335], [-122.3268599, 47.6064584], [-122.3268439, 47.606465], [-122.3268865, 47.6065121]]]}}, {"type": "Feature", "properties": {"osm_id": 236754246, "source": "OpenStreetMap", "building": "apartments"}, "geometry": {"type": "Polygon", "coordinates": [[[-122.3251284, 47.6130552], [-122.3251532, 47.6130539], [-122.3251595, 47.613059], [-122.3253343, 47.6130567], [-122.3253372, 47.6130521], [-122.3253635, 47.6130513], [-122.3253774, 47.6130593], [-122.3253817, 47.6130829], [-122.3253756, 47.6130831], [-122.3253806, 47.6131341], [-122.3253805, 47.6131472], [-122.3253834, 47.6131606], [-122.3253765, 47.6131671], [-122.3253811, 47.6131872], [-122.3251187, 47.6131913], [-122.3251201, 47.6131711], [-122.3251144, 47.6131655], [-122.3251134, 47.6131495], [-122.3251187, 47.6131385], [-122.3251181, 47.6130848], [-122.325113, 47.6130834], [-122.3251121, 47.6130685], [-122.3251284, 47.6130552]]]}}, {"type": "Feature", "properties": {"osm_id": 236754248, "source": "OpenStreetMap", "building": "apartments", "name": "The Zindorf Apartments", "building:levels": "4"}, "geometry": {"type": "Polygon", "coordinates": [[[-122.3278774, 47.6059207], [-122.3278326, 47.6058732], [-122.3278101, 47.6058828], [-122.3278442, 47.605919], [-122.3277526, 47.6059582], [-122.3277179, 47.6059214], [-122.327702, 47.6059282], [-122.3277371, 47.6059655], [-122.3276233, 47.6060142], [-122.3275445, 47.606048], [-122.3274291, 47.6059256], [-122.3275194, 47.6058869], [-122.3275564, 47.6059261], [-122.3275721, 47.6059194], [-122.3275399, 47.6058852], [-122.3277409, 47.605799], [-122.3277744, 47.6058346], [-122.3277892, 47.6058282], [-122.3277485, 47.6057851], [-122.3278301, 47.6057501], [-122.3279582, 47.605886], [-122.3278774, 47.6059207]]]}}, {"type": "Feature", "properties": {"osm_id": 236754249, "source": "OpenStreetMap", "building": "apartments", "building:levels": "13"}, "geometry": {"type": "Polygon", "coordinates": [[[-122.3279156, 47.6086068], [-122.3279092, 47.6086006], [-122.3279286, 47.6085865], [-122.3279631, 47.6085715], [-122.3279879, 47.6085691], [-122.3279921, 47.608573], [-122.3281111, 47.6085241], [-122.3282176, 47.608642], [-122.3281133, 47.6086849], [-122.3281878, 47.6087673], [-122.3282924, 47.6087244], [-122.3283956, 47.6088386], [-122.3282807, 47.6088857], [-122.3282861, 47.6088922], [-122.3282703, 47.6089079], [-122.3282292, 47.608925], [-122.3282065, 47.608927], [-122.3281991, 47.6089195], [-122.3280784, 47.608969], [-122.3279752, 47.6088547], [-122.328088, 47.6088083], [-122.3280135, 47.6087259], [-122.3278981, 47.6087733], [-122.3277932, 47.6086571], [-122.3279156, 47.6086068]]]}}, {"type": "Feature", "properties": {"osm_id": 236754250, "source": "OpenStreetMap", "building": "yes", "name": "Trinity Episcopal Church", "building:levels": "2"}, "geometry": {"type": "Polygon", "coordinates": [[[-122.3264285, 47.605206], [-122.3262187, 47.6052936], [-122.3260784, 47.6051407], [-122.3260841, 47.6051383], [-122.3260798, 47.6051336], [-122.3261421, 47.6051076], [-122.3261478, 47.6051126], [-122.3261783, 47.6051446], [-122.3263222, 47.6050846], [-122.3262854, 47.605043], [-122.3262743, 47.6050294], [-122.3263789, 47.6049858], [-122.3263917, 47.6049997], [-122.3264666, 47.6049694], [-122.3265231, 47.6050295], [-122.3265706, 47.6050096], [-122.3266349, 47.6050797], [-122.3266306, 47.6050815], [-122.3266391, 47.6050908], [-122.3265944, 47.6051094], [-122.3266369, 47.6051569], [-122.3266453, 47.6051671], [-122.3265773, 47.6051955], [-122.326603, 47.6052234], [-122.3267056, 47.6051805], [-122.3268635, 47.6053525], [-122.3264459, 47.6055268], [-122.3263271, 47.6053974], [-122.3265275, 47.6053138], [-122.3264285, 47.605206]]]}}, {"type": "Feature", "properties": {"osm_id": 236754251, "source": "OpenStreetMap", "building": "apartments", "name": "Bay Ridge Court"}, "geometry": {"type": "Polygon", "coordinates": [[[-122.3259473, 47.6058898], [-122.3258673, 47.6058052], [-122.3259625, 47.6057651], [-122.3259695, 47.6057621], [-122.3258653, 47.6056456], [-122.3258547, 47.6056495], [-122.3257742, 47.6055625], [-122.3257842, 47.605558], [-122.3256796, 47.6054436], [-122.3256054, 47.6054742], [-122.3255794, 47.6054849], [-122.3254994, 47.6053994], [-122.3256441, 47.6053389], [-122.3256682, 47.6053288], [-122.3256937, 47.6053183], [-122.325841, 47.6052568], [-122.32592, 47.605343], [-122.3257732, 47.6054051], [-122.325878, 47.6055219], [-122.3260242, 47.6054613], [-122.3261016, 47.6055456], [-122.326, 47.6055881], [-122.3259539, 47.6056074], [-122.32599, 47.605647], [-122.3260612, 47.605725], [-122.3262104, 47.6056624], [-122.3262853, 47.6057478], [-122.3261406, 47.6058085], [-122.326096, 47.6058273], [-122.3259473, 47.6058898]]]}}, {"type": "Feature", "properties": {"osm_id": 236754253, "source": "OpenStreetMap", "building": "yes"}, "geometry": {"type": "Polygon", "coordinates": [[[-122.326767, 47.6054204], [-122.3268785, 47.6055396], [-122.3267598, 47.6055901], [-122.3266482, 47.6054709], [-122.326767, 47.6054204]]]}}, {"type": "Feature", "properties": {"osm_id": 236754254, "source": "OpenStreetMap", "building": "yes"}, "geometry": {"type": "Polygon", "coordinates": [[[-122.3291023, 47.6079822], [-122.3291487, 47.6080336], [-122.3290877, 47.6080586], [-122.3290413, 47.6080073], [-122.3291023, 47.6079822]]]}}, {"type": "Feature", "properties": {"osm_id": 236754255, "source": "OpenStreetMap", "building": "apartments", "name": "Seventh & James Apartments", "building:levels": "4"}, "geometry": {"type": "Polygon", "coordinates": [[[-122.3270228, 47.6054353], [-122.3270154, 47.6054384], [-122.3268586, 47.6052712], [-122.3268734, 47.6052649], [-122.3269505, 47.605232], [-122.3269605, 47.6052427], [-122.3270284, 47.6052137], [-122.3270199, 47.6052046], [-122.3270328, 47.6051991], [-122.3270018, 47.6051661], [-122.3269674, 47.6051807], [-122.3268812, 47.6050888], [-122.3269181, 47.605073], [-122.3268796, 47.6050319], [-122.3268127, 47.6050605], [-122.3268208, 47.605069], [-122.3267397, 47.6051036], [-122.3267301, 47.6051077], [-122.3265754, 47.6049428], [-122.3267356, 47.6048744], [-122.3267502, 47.6048682], [-122.3269351, 47.6047894], [-122.3269844, 47.604842], [-122.327011, 47.6048703], [-122.3270365, 47.6048974], [-122.3270087, 47.6049093], [-122.3270224, 47.6049239], [-122.3270476, 47.6049507], [-122.3270739, 47.6049395], [-122.3270983, 47.6049655], [-122.3270618, 47.6049811], [-122.3271062, 47.6050284], [-122.3271409, 47.6050136], [-122.3271631, 47.6050372], [-122.327137, 47.6050483], [-122.3271771, 47.6050911], [-122.3272021, 47.6050805], [-122.3272499, 47.6051314], [-122.3272254, 47.6051418], [-122.3272643, 47.6051833], [-122.327289, 47.6051728], [-122.32739, 47.6052804], [-122.3273166, 47.6053117], [-122.3273061, 47.6053004], [-122.3272564, 47.6053216], [-122.3272661, 47.6053319], [-122.3271872, 47.6053656], [-122.3271751, 47.6053527], [-122.327132, 47.6053711], [-122.3271218, 47.6053754], [-122.3271337, 47.605388], [-122.3270228, 47.6054353]]]}}, {"type": "Feature", "properties": {"osm_id": 236754256, "source": "OpenStreetMap", "building": "apartments", "name": "Royal Manor"}, "geometry": {"type": "Polygon", "coordinates": [[[-122.3291612, 47.6094981], [-122.3289235, 47.6092395], [-122.3293044, 47.6090804], [-122.3295421, 47.609339], [-122.3294734, 47.6093677], [-122.3294811, 47.6093761], [-122.3292527, 47.6094715], [-122.329245, 47.6094631], [-122.3291612, 47.6094981]]]}}, {"type": "Feature", "properties": {"osm_id": 236754258, "source": "OpenStreetMap", "building": "yes"}, "geometry": {"type": "Polygon", "coordinates": [[[-122.3256861, 47.6058846], [-122.3257537, 47.6058555], [-122.3257955, 47.6059], [-122.325728, 47.6059292], [-122.3257248, 47.605926], [-122.3257102, 47.6059106], [-122.3256861, 47.6058846]]]}}, {"type": "Feature", "properties": {"osm_id": 236754259, "source": "OpenStreetMap", "building": "apartments", "name": "The Lowell", "building:levels": "10"}, "geometry": {"type": "Polygon", "coordinates": [[[-122.3286705, 47.6089533], [-122.3290799, 47.6087845], [-122.3291839, 47.6088992], [-122.3291256, 47.6089233], [-122.3289566, 47.6089929], [-122.3290196, 47.6090624], [-122.3288375, 47.6091374], [-122.3286705, 47.6089533]]]}}, {"type": "Feature", "properties": {"osm_id": 236754260, "source": "OpenStreetMap", "building": "hospital", "name": "Central Pavilion"}, "geometry": {"type": "Polygon", "coordinates": [[[-122.3265795, 47.6100299], [-122.3268948, 47.6098979], [-122.3269964, 47.6098554], [-122.3269741, 47.6098311], [-122.3270022, 47.6098194], [-122.3269595, 47.609773], [-122.3271772, 47.6096819], [-122.3271096, 47.6096085], [-122.3272569, 47.6095469], [-122.3277766, 47.6101089], [-122.3276861, 47.6101473], [-122.3276545, 47.6101607], [-122.3276352, 47.6101688], [-122.3276094, 47.6101415], [-122.3274858, 47.6100088], [-122.3274823, 47.6100051], [-122.3274067, 47.6100367], [-122.3274238, 47.6100553], [-122.3274458, 47.6100462], [-122.3275412, 47.6101498], [-122.3274916, 47.6101706], [-122.3273561, 47.6102273], [-122.3273258, 47.61024], [-122.3272301, 47.610136], [-122.327255, 47.6101256], [-122.3272381, 47.6101073], [-122.3271988, 47.6101237], [-122.3273096, 47.6102441], [-122.326925, 47.6104051], [-122.3265795, 47.6100299]]]}}, {"type": "Feature", "properties": {"osm_id": 236754261, "source": "OpenStreetMap", "building": "yes", "name": "Horizon House", "building:levels": "3"}, "geometry": {"type": "Polygon", "coordinates": [[[-122.3298123, 47.6110144], [-122.3296652, 47.6110767], [-122.329603, 47.6110092], [-122.3296118, 47.6109815], [-122.3295416, 47.6109715], [-122.3293718, 47.6110438], [-122.3293768, 47.6110492], [-122.3294353, 47.6110242], [-122.3295307, 47.611126], [-122.329155, 47.611286], [-122.3291628, 47.6112943], [-122.3293958, 47.6115473], [-122.3290685, 47.6116835], [-122.3288399, 47.6114319], [-122.3285943, 47.6111698], [-122.328579, 47.6111763], [-122.3284652, 47.6110549], [-122.3288588, 47.6108873], [-122.328833, 47.6108598], [-122.3292524, 47.6106812], [-122.3292749, 47.6106716], [-122.3292793, 47.6106763], [-122.3293714, 47.6106371], [-122.3293605, 47.6106255], [-122.3294164, 47.6106017], [-122.3294245, 47.6106103], [-122.3294503, 47.6105993], [-122.3294926, 47.6105813], [-122.3294852, 47.6105733], [-122.3295342, 47.6105524], [-122.3295525, 47.610572], [-122.3295736, 47.610563], [-122.3295657, 47.6105546], [-122.3296152, 47.6105335], [-122.3296055, 47.6105232], [-122.3296504, 47.6105041], [-122.3296682, 47.610523], [-122.3296909, 47.6105134], [-122.3296823, 47.6105042], [-122.3297268, 47.6104853], [-122.3297177, 47.6104755], [-122.3297671, 47.6104545], [-122.3297854, 47.610474], [-122.3298064, 47.6104651], [-122.3297981, 47.6104561], [-122.3298423, 47.6104373], [-122.3298337, 47.6104281], [-122.3298832, 47.610407], [-122.3299012, 47.6104262], [-122.3299277, 47.6104149], [-122.3299528, 47.6104416], [-122.3299483, 47.6104435], [-122.329965, 47.6104614], [-122.3299505, 47.6104675], [-122.3299645, 47.6104825], [-122.330006, 47.6104648], [-122.330023, 47.6104829], [-122.3300263, 47.6104815], [-122.3300512, 47.6105081], [-122.330024, 47.6105197], [-122.3300489, 47.6105462], [-122.3299876, 47.6105723], [-122.3298546, 47.6109927], [-122.3298207, 47.6109878], [-122.3298123, 47.6110144]]]}}, {"type": "Feature", "properties": {"osm_id": 236754262, "source": "OpenStreetMap", "building": "yes"}, "geometry": {"type": "Polygon", "coordinates": [[[-122.3253566, 47.6060235], [-122.3252321, 47.605888], [-122.3254239, 47.6058073], [-122.3255385, 47.6059315], [-122.3255463, 47.6059398], [-122.3255489, 47.6059426], [-122.3254878, 47.6059684], [-122.3253566, 47.6060235]]]}}, {"type": "Feature", "properties": {"osm_id": 236754263, "source": "OpenStreetMap", "building": "yes", "name": "Meridian Tower Condos", "height": "83", "building:levels": "27"}, "geometry": {"type": "Polygon", "coordinates": [[[-122.3295087, 47.6126268], [-122.3294943, 47.6126327], [-122.3295208, 47.6126621], [-122.3291789, 47.6128021], [-122.3290114, 47.6126162], [-122.3290486, 47.6126009], [-122.3290364, 47.6125874], [-122.3292312, 47.6125076], [-122.3292395, 47.6125168], [-122.3292895, 47.6124963], [-122.3292997, 47.6125076], [-122.3293614, 47.6124824], [-122.3294329, 47.6125617], [-122.3294454, 47.6125566], [-122.3295087, 47.6126268]]]}}, {"type": "Feature", "properties": {"osm_id": 236754266, "source": "OpenStreetMap", "building": "apartments", "name": "M Street Medical Building", "building:levels": "18"}, "geometry": {"type": "Polygon", "coordinates": [[[-122.327912, 47.6080744], [-122.3276907, 47.607836], [-122.3276596, 47.6078026], [-122.3276703, 47.6077974], [-122.3276179, 47.6077391], [-122.3276091, 47.6077426], [-122.3274796, 47.6076018], [-122.3274601, 47.6075806], [-122.3274248, 47.6075423], [-122.3274206, 47.6075445], [-122.3274099, 47.607535], [-122.3274804, 47.607505], [-122.3274756, 47.6075007], [-122.3275553, 47.6074681], [-122.3276547, 47.6074273], [-122.3277354, 47.6073942], [-122.3277953, 47.6073697], [-122.3278333, 47.6074083], [-122.3278256, 47.6074114], [-122.3278549, 47.6074428], [-122.3278778, 47.6074667], [-122.327963, 47.6075586], [-122.3279881, 47.6075855], [-122.3279821, 47.6075886], [-122.327987, 47.6075927], [-122.327977, 47.6076112], [-122.3279745, 47.6076223], [-122.3279748, 47.6076346], [-122.3279763, 47.6076442], [-122.3279807, 47.6076526], [-122.328043, 47.6077226], [-122.3280701, 47.6077124], [-122.328103, 47.6077], [-122.3282738, 47.607889], [-122.328282, 47.6078864], [-122.3282909, 47.6078974], [-122.3283025, 47.6079118], [-122.3282982, 47.6079195], [-122.328263, 47.6079342], [-122.3282589, 47.6079296], [-122.3281069, 47.6079931], [-122.327912, 47.6080744]]]}}, {"type": "Feature", "properties": {"osm_id": 236754267, "source": "OpenStreetMap", "building": "apartments", "name": "Avia", "building:levels": "8"}, "geometry": {"type": "Polygon", "coordinates": [[[-122.3292484, 47.61297], [-122.3292555, 47.612967], [-122.3292717, 47.612985], [-122.3293048, 47.6129724], [-122.3293016, 47.6129675], [-122.3294439, 47.6129111], [-122.3294575, 47.6129252], [-122.3294875, 47.6129109], [-122.3293984, 47.6128087], [-122.3295933, 47.6127299], [-122.3296765, 47.6128204], [-122.329669, 47.6128232], [-122.3296883, 47.6128433], [-122.3297139, 47.6128331], [-122.3297992, 47.6129281], [-122.3297869, 47.6129563], [-122.3297412, 47.6129727], [-122.3297464, 47.6129782], [-122.3296066, 47.6130343], [-122.3296035, 47.6130303], [-122.3295734, 47.6130419], [-122.3295756, 47.6130469], [-122.3294413, 47.6131033], [-122.3294376, 47.6130979], [-122.3293194, 47.6131474], [-122.3291206, 47.6132305], [-122.3291274, 47.6132378], [-122.3289506, 47.6133107], [-122.3289236, 47.6133063], [-122.3287927, 47.6131606], [-122.3288082, 47.6131541], [-122.3288362, 47.6131427], [-122.3288106, 47.6131143], [-122.3287926, 47.6131217], [-122.3287145, 47.6130351], [-122.3287386, 47.6130239], [-122.3287319, 47.6130148], [-122.3287207, 47.6130028], [-122.3286936, 47.6130121], [-122.3286135, 47.6129229], [-122.328639, 47.6129124], [-122.3286197, 47.6128903], [-122.3285931, 47.6129006], [-122.3285119, 47.6128104], [-122.328537, 47.6128006], [-122.3285181, 47.6127799], [-122.3284931, 47.6127896], [-122.3284104, 47.6126978], [-122.3284329, 47.6126879], [-122.3284135, 47.6126652], [-122.3283884, 47.6126735], [-122.3283114, 47.6125878], [-122.3283364, 47.6125776], [-122.3283092, 47.6125476], [-122.3284024, 47.6125092], [-122.3283391, 47.6124392], [-122.3284648, 47.6123875], [-122.3284821, 47.612407], [-122.3285212, 47.6123911], [-122.3285034, 47.6123716], [-122.3285875, 47.6123361], [-122.3287263, 47.6124902], [-122.3286035, 47.6125405], [-122.3286313, 47.612571], [-122.3286062, 47.6125824], [-122.3286293, 47.6126077], [-122.3286543, 47.6125965], [-122.3287344, 47.6126854], [-122.3287094, 47.6126968], [-122.3287329, 47.6127202], [-122.3287559, 47.6127093], [-122.328836, 47.6127982], [-122.3288084, 47.6128093], [-122.3288304, 47.6128337], [-122.328858, 47.6128224], [-122.3289349, 47.6129079], [-122.3289089, 47.6129201], [-122.3289206, 47.612932], [-122.3289319, 47.6129434], [-122.3289569, 47.6129322], [-122.329036, 47.6130203], [-122.3289979, 47.6130361], [-122.3290225, 47.6130631], [-122.3292484, 47.61297]]]}}, {"type": "Feature", "properties": {"osm_id": 236755619, "source": "OpenStreetMap", "building": "yes"}, "geometry": {"type": "Polygon", "coordinates": [[[-122.3251642, 47.611752], [-122.3251728, 47.6117613], [-122.3252142, 47.6117439], [-122.3252594, 47.6117927], [-122.3252766, 47.6117855], [-122.3252982, 47.6118087], [-122.3253197, 47.6118319], [-122.3253025, 47.6118392], [-122.3253283, 47.6118671], [-122.3253369, 47.6118763], [-122.3252438, 47.6119155], [-122.3252353, 47.6119062], [-122.3251212, 47.6117831], [-122.3251521, 47.61177], [-122.3251435, 47.6117607], [-122.3251642, 47.611752]]]}}, {"type": "Feature", "properties": {"osm_id": 236755622, "source": "OpenStreetMap", "building": "yes", "name": "The Summit at First Hill", "building:levels": "4"}, "geometry": {"type": "Polygon", "coordinates": [[[-122.3251072, 47.6124571], [-122.325116, 47.6124333], [-122.3259376, 47.6121015], [-122.3260207, 47.6121955], [-122.3259486, 47.6122246], [-122.3259745, 47.6122537], [-122.3260372, 47.6122284], [-122.3261214, 47.6123232], [-122.3260532, 47.6123507], [-122.3256781, 47.6125022], [-122.325668, 47.6125063], [-122.3257043, 47.6125472], [-122.3253235, 47.612701], [-122.3251072, 47.6124571]]]}}, {"type": "Feature", "properties": {"osm_id": 236755624, "source": "OpenStreetMap", "building": "apartments", "name": "Tuscany"}, "geometry": {"type": "Polygon", "coordinates": [[[-122.3242683, 47.6115706], [-122.3238868, 47.6111518], [-122.3240121, 47.6111019], [-122.3240301, 47.6111191], [-122.3243173, 47.6109977], [-122.3244099, 47.6110986], [-122.3243878, 47.6111079], [-122.3242887, 47.6111494], [-122.3243049, 47.6111682], [-122.3244101, 47.6111238], [-122.3244269, 47.6111453], [-122.3244317, 47.6111519], [-122.3244272, 47.6111539], [-122.3242919, 47.6112095], [-122.324271, 47.6111853], [-122.3241392, 47.6112382], [-122.3242684, 47.6113806], [-122.3244317, 47.611312], [-122.3245564, 47.6112596], [-122.3246826, 47.6113982], [-122.3244371, 47.6115004], [-122.3242683, 47.6115706]]]}}, {"type": "Feature", "properties": {"osm_id": 236755625, "source": "OpenStreetMap", "building": "apartments", "name": "Arcadia"}, "geometry": {"type": "Polygon", "coordinates": [[[-122.3244921, 47.6124635], [-122.324465, 47.6124748], [-122.3242812, 47.6125523], [-122.3240326, 47.6122789], [-122.3243424, 47.6121576], [-122.3243372, 47.6121513], [-122.3244433, 47.6121042], [-122.3244548, 47.6121166], [-122.3245437, 47.6122121], [-122.3244585, 47.6122481], [-122.3243709, 47.6122852], [-122.3243605, 47.6122765], [-122.3243004, 47.6123011], [-122.324293, 47.6123245], [-122.3242704, 47.612334], [-122.3243138, 47.6123805], [-122.3243364, 47.6123712], [-122.3243715, 47.6123773], [-122.3244276, 47.612353], [-122.3244217, 47.6123437], [-122.3244608, 47.6123271], [-122.324596, 47.6122698], [-122.3246939, 47.6123782], [-122.3244921, 47.6124635]]]}}, {"type": "Feature", "properties": {"osm_id": 236755626, "source": "OpenStreetMap", "building": "house", "name": "Stimson-Green Mansion"}, "geometry": {"type": "Polygon", "coordinates": [[[-122.3250708, 47.6115956], [-122.3251431, 47.6115654], [-122.325112, 47.6115316], [-122.3251372, 47.611521], [-122.3251234, 47.6115059], [-122.3252617, 47.6114482], [-122.3253188, 47.6115105], [-122.3253343, 47.6115041], [-122.3253535, 47.611525], [-122.3253727, 47.6115459], [-122.3253262, 47.6115652], [-122.3253989, 47.6116445], [-122.3253899, 47.6116482], [-122.3254311, 47.6116932], [-122.3253673, 47.6117198], [-122.3253381, 47.611688], [-122.3253229, 47.6116943], [-122.3253185, 47.6116894], [-122.3252016, 47.6117382], [-122.3250708, 47.6115956]]]}}, {"type": "Feature", "properties": {"osm_id": 236755627, "source": "OpenStreetMap", "building": "yes", "name": "Union Park"}, "geometry": {"type": "Polygon", "coordinates": [[[-122.3263162, 47.6128829], [-122.3262544, 47.6128154], [-122.3262513, 47.6128121], [-122.3262638, 47.6128047], [-122.3259622, 47.6124694], [-122.32615, 47.6123921], [-122.3261605, 47.6124038], [-122.3261896, 47.6123918], [-122.3262686, 47.6124794], [-122.3262406, 47.612491], [-122.3262636, 47.6125166], [-122.3262972, 47.6125026], [-122.3263333, 47.6125424], [-122.3263773, 47.6125916], [-122.3263482, 47.6126035], [-122.3263681, 47.6126253], [-122.3263957, 47.612614], [-122.3264037, 47.6126106], [-122.326463, 47.6126812], [-122.3264429, 47.6126896], [-122.3264613, 47.6127098], [-122.3264462, 47.6127158], [-122.3264666, 47.6127385], [-122.3265112, 47.6127202], [-122.3265133, 47.6127224], [-122.3266478, 47.6128708], [-122.3266456, 47.6128798], [-122.3266231, 47.6128908], [-122.3263282, 47.6128964], [-122.3263162, 47.6128829]]]}}, {"type": "Feature", "properties": {"osm_id": 236755634, "source": "OpenStreetMap", "building": "yes"}, "geometry": {"type": "Polygon", "coordinates": [[[-122.3255044, 47.6105758], [-122.3256131, 47.6105297], [-122.3256711, 47.6105922], [-122.3255625, 47.6106383], [-122.3255044, 47.6105758]]]}}, {"type": "Feature", "properties": {"osm_id": 236755636, "source": "OpenStreetMap", "building": "yes", "name": "Carriage House"}, "geometry": {"type": "Polygon", "coordinates": [[[-122.3254433, 47.6107054], [-122.3255705, 47.6106522], [-122.3256332, 47.6107203], [-122.325504, 47.6107744], [-122.3254433, 47.6107054]]]}}, {"type": "Feature", "properties": {"osm_id": 236755638, "source": "OpenStreetMap", "building": "apartments", "name": "Parkview"}, "geometry": {"type": "Polygon", "coordinates": [[[-122.3258832, 47.6108292], [-122.3258481, 47.6107889], [-122.3258812, 47.6107759], [-122.3258717, 47.6107649], [-122.3258537, 47.6107719], [-122.3258322, 47.6107473], [-122.3258065, 47.6107173], [-122.325792, 47.6107233], [-122.3257187, 47.610643], [-122.3257004, 47.6106231], [-122.3258827, 47.6105471], [-122.3258953, 47.6105613], [-122.3260075, 47.6105169], [-122.3260505, 47.6105665], [-122.3260335, 47.6105732], [-122.3260398, 47.6105802], [-122.3260593, 47.6105724], [-122.326096, 47.6106142], [-122.3260795, 47.6106206], [-122.3260978, 47.6106415], [-122.3261133, 47.6106353], [-122.3261301, 47.6106552], [-122.3261151, 47.6106612], [-122.326124, 47.6106715], [-122.3261395, 47.6106654], [-122.3261752, 47.6107069], [-122.3261246, 47.6107269], [-122.3261419, 47.6107466], [-122.3260787, 47.6107715], [-122.3260693, 47.6107604], [-122.3260578, 47.6107649], [-122.3260672, 47.6107758], [-122.3260632, 47.6107774], [-122.3260276, 47.6107916], [-122.3260206, 47.6107942], [-122.3260048, 47.6107757], [-122.3259712, 47.610789], [-122.3259812, 47.6108004], [-122.3259321, 47.6108197], [-122.3259281, 47.6108213], [-122.3259218, 47.6108139], [-122.3258832, 47.6108292]]]}}, {"type": "Feature", "properties": {"osm_id": 236755644, "source": "OpenStreetMap", "building": "yes"}, "geometry": {"type": "Polygon", "coordinates": [[[-122.3252994, 47.6106778], [-122.325394, 47.6106369], [-122.3254438, 47.6106905], [-122.3254333, 47.6106949], [-122.3253487, 47.6107308], [-122.3253251, 47.6107054], [-122.3252994, 47.6106778]]]}}, {"type": "Feature", "properties": {"osm_id": 236755646, "source": "OpenStreetMap", "building": "apartments", "name": "Tate Mason House", "building:levels": "5"}, "geometry": {"type": "Polygon", "coordinates": [[[-122.324658, 47.611233], [-122.3246131, 47.6111841], [-122.3246073, 47.6111777], [-122.3246183, 47.611173], [-122.3245681, 47.6111187], [-122.3245551, 47.6111242], [-122.3244714, 47.6110328], [-122.3244864, 47.6110264], [-122.3244393, 47.6109753], [-122.3244253, 47.6109812], [-122.3244221, 47.6109775], [-122.3243756, 47.6109271], [-122.3243891, 47.6109215], [-122.3243645, 47.6108947], [-122.324352, 47.6109001], [-122.3242887, 47.6108319], [-122.3244164, 47.6107782], [-122.3244269, 47.6107737], [-122.3244353, 47.6107828], [-122.3245179, 47.6107479], [-122.3245085, 47.6107373], [-122.3246477, 47.6106785], [-122.3246801, 47.610713], [-122.3247361, 47.6107729], [-122.3247176, 47.6107808], [-122.324796, 47.6108661], [-122.3246979, 47.6109072], [-122.3246899, 47.6108947], [-122.3245512, 47.6109532], [-122.3246014, 47.6110083], [-122.324637, 47.6109935], [-122.3246448, 47.6110025], [-122.3246483, 47.6110005], [-122.3246534, 47.6109989], [-122.3246832, 47.6110309], [-122.3246762, 47.6110346], [-122.3246861, 47.6110454], [-122.3246491, 47.611061], [-122.3246967, 47.6111128], [-122.3247457, 47.611092], [-122.3247858, 47.6110752], [-122.3247923, 47.6110725], [-122.3248164, 47.6110624], [-122.3248369, 47.6110537], [-122.3248259, 47.611042], [-122.3249181, 47.6110032], [-122.3249231, 47.6110011], [-122.3250036, 47.6110887], [-122.3250182, 47.6110827], [-122.325104, 47.6111759], [-122.3249662, 47.6112338], [-122.3249563, 47.611223], [-122.3248712, 47.6112588], [-122.3248806, 47.6112688], [-122.3247413, 47.6113274], [-122.3246775, 47.6112577], [-122.3246895, 47.6112526], [-122.3246676, 47.6112289], [-122.324658, 47.611233]]]}}, {"type": "Feature", "properties": {"osm_id": 236755655, "source": "OpenStreetMap", "building": "yes"}, "geometry": {"type": "Polygon", "coordinates": [[[-122.3246342, 47.6116931], [-122.324606, 47.6116625], [-122.324646, 47.6116457], [-122.3246738, 47.6116759], [-122.3246895, 47.611693], [-122.3246494, 47.6117099], [-122.3246342, 47.6116931]]]}}, {"type": "Feature", "properties": {"osm_id": 236755661, "source": "OpenStreetMap", "building": "apartments", "name": "Stockbridge", "building:levels": "6"}, "geometry": {"type": "Polygon", "coordinates": [[[-122.3273099, 47.6125077], [-122.3275769, 47.6123941], [-122.3274225, 47.6122292], [-122.3275653, 47.6121648], [-122.3275693, 47.6121633], [-122.3277886, 47.6124025], [-122.3278262, 47.6124433], [-122.32741, 47.6126179], [-122.3273808, 47.6125862], [-122.3273099, 47.6125077]]]}}, {"type": "Feature", "properties": {"osm_id": 236757174, "source": "OpenStreetMap", "building": "apartments", "name": "San Marco", "building:levels": "3"}, "geometry": {"type": "Polygon", "coordinates": [[[-122.3239456, 47.6105246], [-122.3243756, 47.6103443], [-122.3245105, 47.6104906], [-122.324382, 47.6105444], [-122.3243347, 47.6104931], [-122.3241684, 47.6105628], [-122.3242146, 47.6106129], [-122.3240794, 47.6106696], [-122.3239456, 47.6105246]]]}}, {"type": "Feature", "properties": {"osm_id": 236757176, "source": "OpenStreetMap", "building": "yes", "name": "Nine Cherry Square"}, "geometry": {"type": "Polygon", "coordinates": [[[-122.3247876, 47.606369], [-122.3246736, 47.6062468], [-122.3247538, 47.6062141], [-122.3247459, 47.6062042], [-122.3247582, 47.6061998], [-122.3247196, 47.6061598], [-122.3249931, 47.6060468], [-122.3251524, 47.6062187], [-122.3250137, 47.6062778], [-122.3250279, 47.6062932], [-122.3249708, 47.6063176], [-122.3249561, 47.6063017], [-122.3249226, 47.6063158], [-122.3247876, 47.606369]]]}}, {"type": "Feature", "properties": {"osm_id": 236757179, "source": "OpenStreetMap", "building": "yes"}, "geometry": {"type": "Polygon", "coordinates": [[[-122.3256276, 47.6073329], [-122.3257004, 47.6073035], [-122.3256831, 47.607284], [-122.325885, 47.6072026], [-122.3259483, 47.6072739], [-122.3260223, 47.6073573], [-122.325949, 47.6073869], [-122.3259314, 47.6073671], [-122.3258179, 47.6074129], [-122.3258691, 47.6074706], [-122.3257813, 47.607506], [-122.3256276, 47.6073329]]]}}, {"type": "Feature", "properties": {"osm_id": 236757184, "source": "OpenStreetMap", "building": "apartments", "name": "Starlight"}, "geometry": {"type": "Polygon", "coordinates": [[[-122.3246131, 47.6064671], [-122.3244729, 47.6063149], [-122.3242972, 47.606389], [-122.3244374, 47.6065414], [-122.3244541, 47.6065598], [-122.324388, 47.6065879], [-122.3243713, 47.6065699], [-122.3243197, 47.6065916], [-122.324293, 47.6065625], [-122.3241063, 47.60636], [-122.3242851, 47.6062847], [-122.3245149, 47.6061878], [-122.3245981, 47.606279], [-122.3247032, 47.6063915], [-122.3247304, 47.6064207], [-122.3246843, 47.6064403], [-122.324699, 47.6064565], [-122.3246299, 47.6064856], [-122.3246131, 47.6064671]]]}}, {"type": "Feature", "properties": {"osm_id": 236757188, "source": "OpenStreetMap", "building": "apartments", "name": "Decatur"}, "geometry": {"type": "Polygon", "coordinates": [[[-122.3253367, 47.6097604], [-122.3254235, 47.6098539], [-122.325438, 47.6098477], [-122.3255357, 47.6099529], [-122.3255227, 47.6099583], [-122.3255937, 47.6100348], [-122.3253078, 47.6101555], [-122.3253018, 47.6101489], [-122.3251671, 47.6102058], [-122.3250723, 47.6101037], [-122.3249177, 47.6099372], [-122.3251828, 47.6098254], [-122.3253367, 47.6097604]]]}}, {"type": "Feature", "properties": {"osm_id": 236757190, "source": "OpenStreetMap", "building": "office", "name": "Cabrini Medical Tower", "building:levels": "18"}, "geometry": {"type": "Polygon", "coordinates": [[[-122.32471, 47.608648], [-122.3249451, 47.608551], [-122.3249355, 47.6085404], [-122.3255679, 47.6082772], [-122.3258264, 47.6085571], [-122.3255551, 47.6086694], [-122.3255738, 47.6086899], [-122.3253566, 47.6087795], [-122.3252411, 47.6088251], [-122.3252476, 47.6088314], [-122.325228, 47.6088395], [-122.3252586, 47.6088739], [-122.3251539, 47.6089156], [-122.3251177, 47.6088769], [-122.3250963, 47.6088859], [-122.3250924, 47.6088815], [-122.3249705, 47.6089322], [-122.3248501, 47.6088024], [-122.32471, 47.608648]]]}}, {"type": "Feature", "properties": {"osm_id": 236757192, "source": "OpenStreetMap", "building": "yes", "name": "University Club"}, "geometry": {"type": "Polygon", "coordinates": [[[-122.325225, 47.609794], [-122.3249601, 47.6099047], [-122.324907, 47.6098456], [-122.3248773, 47.6098576], [-122.3247234, 47.6096885], [-122.3247139, 47.609692], [-122.3246758, 47.6096514], [-122.3248415, 47.609582], [-122.3248624, 47.6095869], [-122.3248749, 47.6095992], [-122.3248737, 47.6096109], [-122.324907, 47.6096098], [-122.3249226, 47.6096267], [-122.3249801, 47.6096015], [-122.3250285, 47.609649], [-122.3250527, 47.6096384], [-122.3250878, 47.6096762], [-122.3251296, 47.6096581], [-122.325166, 47.6096993], [-122.3251533, 47.6097045], [-122.3251811, 47.6097335], [-122.3251717, 47.6097375], [-122.325225, 47.609794]]]}}, {"type": "Feature", "properties": {"osm_id": 236757193, "source": "OpenStreetMap", "building": "yes", "name": "Archdiocesan Offices"}, "geometry": {"type": "Polygon", "coordinates": [[[-122.3255908, 47.6066992], [-122.3252122, 47.6068515], [-122.3249836, 47.6065931], [-122.3250513, 47.6065659], [-122.3250555, 47.6065706], [-122.3251096, 47.6065488], [-122.3251001, 47.6065381], [-122.3251618, 47.6065133], [-122.3251685, 47.6065209], [-122.3252232, 47.6064989], [-122.3252144, 47.6064889], [-122.3252764, 47.6064639], [-122.3252853, 47.606474], [-122.3253595, 47.6064442], [-122.3253819, 47.6064695], [-122.3253942, 47.6064646], [-122.325421, 47.6064949], [-122.3254159, 47.606497], [-122.3254223, 47.6065043], [-122.3254193, 47.6065055], [-122.3255908, 47.6066992]]]}}, {"type": "Feature", "properties": {"osm_id": 236757199, "source": "OpenStreetMap", "building": "yes"}, "geometry": {"type": "Polygon", "coordinates": [[[-122.3272332, 47.6120619], [-122.327259, 47.6120874], [-122.3271859, 47.6121213], [-122.32716, 47.6120959], [-122.3272332, 47.6120619]]]}}, {"type": "Feature", "properties": {"osm_id": 236757203, "source": "OpenStreetMap", "building": "yes"}, "geometry": {"type": "Polygon", "coordinates": [[[-122.3252689, 47.6069058], [-122.3252234, 47.6068543], [-122.3253472, 47.6068045], [-122.3253927, 47.606856], [-122.3252689, 47.6069058]]]}}, {"type": "Feature", "properties": {"osm_id": 236757204, "source": "OpenStreetMap", "building": "yes", "name": "Bloodworks Northwest"}, "geometry": {"type": "Polygon", "coordinates": [[[-122.3268249, 47.608144], [-122.3268776, 47.6081225], [-122.3270059, 47.6082656], [-122.3266141, 47.6084254], [-122.3267382, 47.6085638], [-122.3263473, 47.6087231], [-122.3263544, 47.608731], [-122.3263005, 47.608753], [-122.3262449, 47.608691], [-122.3263025, 47.6086675], [-122.3263121, 47.6086783], [-122.3263266, 47.6086724], [-122.3262336, 47.6085687], [-122.3262184, 47.6085749], [-122.3262302, 47.6085881], [-122.3261718, 47.6086119], [-122.3261062, 47.6085388], [-122.3261534, 47.6085196], [-122.3261629, 47.6085302], [-122.3261852, 47.6085211], [-122.3261508, 47.6084828], [-122.3264576, 47.6083577], [-122.3264808, 47.6083836], [-122.3265748, 47.6083453], [-122.3265131, 47.6082765], [-122.3266214, 47.6082323], [-122.3268249, 47.608144]]]}}, {"type": "Feature", "properties": {"osm_id": 236757207, "source": "OpenStreetMap", "building": "retail"}, "geometry": {"type": "Polygon", "coordinates": [[[-122.32559, 47.6096533], [-122.3253345, 47.6093726], [-122.3257492, 47.6091999], [-122.3258548, 47.6093146], [-122.3256484, 47.6094014], [-122.3257994, 47.6095656], [-122.32559, 47.6096533]]]}}, {"type": "Feature", "properties": {"osm_id": 236757208, "source": "OpenStreetMap", "building": "yes"}, "geometry": {"type": "Polygon", "coordinates": [[[-122.3263413, 47.6082583], [-122.3264018, 47.6083253], [-122.3262348, 47.6083939], [-122.3261869, 47.6083409], [-122.3262755, 47.6083045], [-122.3262629, 47.6082905], [-122.3263413, 47.6082583]]]}}, {"type": "Feature", "properties": {"osm_id": 236757211, "source": "OpenStreetMap", "building": "yes"}, "geometry": {"type": "Polygon", "coordinates": [[[-122.3257961, 47.6091709], [-122.3262037, 47.6089995], [-122.3263639, 47.6091741], [-122.3261976, 47.609244], [-122.326162, 47.6092051], [-122.3262246, 47.6091787], [-122.3262047, 47.6091568], [-122.3259007, 47.6092847], [-122.3257961, 47.6091709]]]}}, {"type": "Feature", "properties": {"osm_id": 239631181, "source": "OpenStreetMap", "building": "apartments", "name": "ArtHouse", "building:levels": "6"}, "geometry": {"type": "Polygon", "coordinates": [[[-122.3488364, 47.6125301], [-122.3493309, 47.6128267], [-122.3490139, 47.6130669], [-122.3485194, 47.6127703], [-122.3488364, 47.6125301]]]}}, {"type": "Feature", "properties": {"osm_id": 239631200, "source": "OpenStreetMap", "building": "apartments", "name": "Walton Lofts", "building:levels": "15"}, "geometry": {"type": "Polygon", "coordinates": [[[-122.350488, 47.6140395], [-122.3508032, 47.6142294], [-122.3505233, 47.6144405], [-122.3502081, 47.6142506], [-122.350488, 47.6140395]]]}}, {"type": "Feature", "properties": {"osm_id": 239818111, "source": "OpenStreetMap", "building": "apartments", "name": "Alto Apartments", "building:levels": "17"}, "geometry": {"type": "Polygon", "coordinates": [[[-122.3484003, 47.6169926], [-122.3486776, 47.6171498], [-122.3484219, 47.6173548], [-122.3481446, 47.6171976], [-122.3484003, 47.6169926]]]}}, {"type": "Feature", "properties": {"osm_id": 239827006, "source": "OpenStreetMap", "building": "yes", "name": "Antioch University - Seattle"}, "geometry": {"type": "Polygon", "coordinates": [[[-122.3457922, 47.6158561], [-122.3460686, 47.61564], [-122.3461168, 47.615668], [-122.3461295, 47.6156581], [-122.3464378, 47.6158373], [-122.3467583, 47.6160235], [-122.3467456, 47.6160334], [-122.3467899, 47.6160591], [-122.3465135, 47.6162752], [-122.3463989, 47.6162086], [-122.3457922, 47.6158561]]]}}, {"type": "Feature", "properties": {"osm_id": 239830837, "source": "OpenStreetMap", "building": "apartments", "building:levels": "8"}, "geometry": {"type": "Polygon", "coordinates": [[[-122.345648, 47.6142028], [-122.3460026, 47.6144109], [-122.3457131, 47.6146351], [-122.3453585, 47.614427], [-122.345648, 47.6142028]]]}}, {"type": "Feature", "properties": {"osm_id": 239939825, "source": "OpenStreetMap", "building": "apartments", "name": "The Martin", "height": "73.2", "building:levels": "23"}, "geometry": {"type": "Polygon", "coordinates": [[[-122.3406888, 47.6144786], [-122.3409809, 47.6142495], [-122.3413364, 47.6144555], [-122.3410442, 47.6146846], [-122.3406888, 47.6144786]]]}}, {"type": "Feature", "properties": {"osm_id": 239939829, "source": "OpenStreetMap", "building": "residential", "name": "Cornish Commons"}, "geometry": {"type": "Polygon", "coordinates": [[[-122.3365, 47.6174602], [-122.3361952, 47.6176967], [-122.3359192, 47.6175352], [-122.3359406, 47.6175186], [-122.3360726, 47.6174161], [-122.336224, 47.6172986], [-122.3362524, 47.6173152], [-122.3364801, 47.6174485], [-122.3365, 47.6174602]]]}}, {"type": "Feature", "properties": {"osm_id": 240455072, "source": "OpenStreetMap", "building": "yes", "name": "Upark", "building:levels": "2"}, "geometry": {"type": "Polygon", "coordinates": [[[-122.3409124, 47.6122447], [-122.340725, 47.6121336], [-122.3410115, 47.611914], [-122.3411989, 47.6120251], [-122.3409124, 47.6122447]]]}}, {"type": "Feature", "properties": {"osm_id": 240455074, "source": "OpenStreetMap", "building": "apartments", "name": "Tower 12", "height": "22", "building:levels": "7"}, "geometry": {"type": "Polygon", "coordinates": [[[-122.3420585, 47.6116651], [-122.3420421, 47.6116558], [-122.342205, 47.6115391], [-122.342193, 47.6115333], [-122.3422262, 47.6115082], [-122.3422796, 47.61152], [-122.3422746, 47.6115274], [-122.3423195, 47.6115375], [-122.3423422, 47.6115238], [-122.3428065, 47.6117991], [-122.342516, 47.6120219], [-122.3422829, 47.6118837], [-122.3422923, 47.6118766], [-122.3423047, 47.611867], [-122.3422666, 47.6118443], [-122.342251, 47.6118562], [-122.342227, 47.6118444], [-122.342165, 47.6118098], [-122.3421061, 47.6117727], [-122.3420508, 47.6117332], [-122.3419991, 47.6116916], [-122.3420544, 47.6116862], [-122.3420585, 47.6116651]]]}}, {"type": "Feature", "properties": {"osm_id": 240457607, "source": "OpenStreetMap", "building": "apartments", "name": "Kinects", "height": "23", "building:levels": "5"}, "geometry": {"type": "Polygon", "coordinates": [[[-122.3311288, 47.6170527], [-122.3314471, 47.6168142], [-122.3315266, 47.6168617], [-122.331799, 47.6170241], [-122.3318947, 47.6170807], [-122.3315834, 47.6173208], [-122.3314913, 47.617267], [-122.3312137, 47.6171042], [-122.3311288, 47.6170527]]]}}, {"type": "Feature", "properties": {"osm_id": 240586483, "source": "OpenStreetMap", "building": "apartments", "name": "Fifteen Twenty-One Second Avenue", "building:levels": "5"}, "geometry": {"type": "Polygon", "coordinates": [[[-122.3397019, 47.6099225], [-122.3393882, 47.6095779], [-122.3395604, 47.6095067], [-122.3397592, 47.6094244], [-122.3400729, 47.609769], [-122.3397019, 47.6099225]]]}}, {"type": "Feature", "properties": {"osm_id": 240736161, "source": "OpenStreetMap", "building": "apartments", "name": "West Edge Tower", "height": "26", "building:levels": "7"}, "geometry": {"type": "Polygon", "coordinates": [[[-122.3383001, 47.608865], [-122.338454, 47.6090341], [-122.3384596, 47.6090318], [-122.3386795, 47.6092735], [-122.3383241, 47.6094205], [-122.3383035, 47.609429], [-122.3379296, 47.609018], [-122.3380746, 47.608958], [-122.3381937, 47.6090889], [-122.3382286, 47.6091273], [-122.3383164, 47.609091], [-122.3382815, 47.6090526], [-122.3381625, 47.6089218], [-122.3383001, 47.608865]]]}}, {"type": "Feature", "properties": {"osm_id": 240874270, "source": "OpenStreetMap", "building": "commercial", "name": "Exchange Building", "building:levels": "23"}, "geometry": {"type": "Polygon", "coordinates": [[[-122.334682, 47.6038771], [-122.3349182, 47.6037787], [-122.3349129, 47.6037728], [-122.3351137, 47.6036892], [-122.3353119, 47.6039055], [-122.3353511, 47.6039482], [-122.3353662, 47.6039647], [-122.3352022, 47.6040331], [-122.335199, 47.6040295], [-122.3349297, 47.6041417], [-122.3345542, 47.6042982], [-122.3344375, 47.6041708], [-122.3348093, 47.6040159], [-122.334682, 47.6038771]]]}}, {"type": "Feature", "properties": {"osm_id": 240874271, "source": "OpenStreetMap", "building": "yes", "name": "Alaska Building", "height": "62", "building:levels": "14"}, "geometry": {"type": "Polygon", "coordinates": [[[-122.3326966, 47.6027291], [-122.3329511, 47.603008], [-122.3325761, 47.6031635], [-122.3324864, 47.6030652], [-122.3323207, 47.6028862], [-122.3325067, 47.6028079], [-122.3326966, 47.6027291]]]}}, {"type": "Feature", "properties": {"osm_id": 240874277, "source": "OpenStreetMap", "building": "yes", "name": "Madison Tower/Hotel 1000", "height": "73.2", "building:levels": "25"}, "geometry": {"type": "Polygon", "coordinates": [[[-122.3360403, 47.6052814], [-122.3358528, 47.6050672], [-122.3358604, 47.6050639], [-122.3358485, 47.6050514], [-122.3358774, 47.6050397], [-122.3358731, 47.605035], [-122.3358629, 47.6050318], [-122.3358524, 47.6050268], [-122.3358459, 47.6050204], [-122.3358399, 47.6050132], [-122.335838, 47.6050045], [-122.3358379, 47.6050003], [-122.3358376, 47.6049955], [-122.3358241, 47.6049805], [-122.3361286, 47.6048529], [-122.3361316, 47.604858], [-122.3361538, 47.6048481], [-122.3361876, 47.6048845], [-122.3361996, 47.6048792], [-122.3362262, 47.6049067], [-122.3362368, 47.6049022], [-122.3364328, 47.6051204], [-122.3360403, 47.6052814]]]}}, {"type": "Feature", "properties": {"osm_id": 240874284, "source": "OpenStreetMap", "building": "yes", "building:levels": "2"}, "geometry": {"type": "Polygon", "coordinates": [[[-122.3285353, 47.6021191], [-122.3287299, 47.6020368], [-122.3289323, 47.6019512], [-122.3290493, 47.602077], [-122.3286523, 47.6022449], [-122.3285975, 47.6021859], [-122.3285353, 47.6021191]]]}}, {"type": "Feature", "properties": {"osm_id": 241166733, "source": "OpenStreetMap", "building": "apartments", "name": "The Goodwin", "building:levels": "8"}, "geometry": {"type": "Polygon", "coordinates": [[[-122.3466336, 47.612893], [-122.3468304, 47.6130084], [-122.3465364, 47.6132362], [-122.3464095, 47.6131617], [-122.3463396, 47.6131207], [-122.3466336, 47.612893]]]}}, {"type": "Feature", "properties": {"osm_id": 241729443, "source": "OpenStreetMap", "building": "apartments", "name": "Via6", "building:levels": "6"}, "geometry": {"type": "Polygon", "coordinates": [[[-122.3409401, 47.6157843], [-122.3398419, 47.6151271], [-122.3401327, 47.6149063], [-122.3412309, 47.6155635], [-122.3409401, 47.6157843]]]}}, {"type": "Feature", "properties": {"osm_id": 249637678, "source": "OpenStreetMap", "building": "apartments", "name": "Nine | Pine", "building:levels": "6"}, "geometry": {"type": "Polygon", "coordinates": [[[-122.3324829, 47.6138323], [-122.3322447, 47.6135693], [-122.3326482, 47.6134033], [-122.3328864, 47.6136663], [-122.3324829, 47.6138323]]]}}, {"type": "Feature", "properties": {"osm_id": 263302180, "source": "OpenStreetMap", "building": "warehouse", "name": "DashMart", "building:levels": "1"}, "geometry": {"type": "Polygon", "coordinates": [[[-122.3432054, 47.6155568], [-122.3433806, 47.6156611], [-122.3430941, 47.6158797], [-122.342919, 47.6157754], [-122.3432054, 47.6155568]]]}}, {"type": "Feature", "properties": {"osm_id": 264409336, "source": "OpenStreetMap", "building": "apartments", "name": "Terravita", "building:levels": "6"}, "geometry": {"type": "Polygon", "coordinates": [[[-122.3254245, 47.6153687], [-122.3252974, 47.6153693], [-122.3252968, 47.6153611], [-122.3251954, 47.6153616], [-122.3251954, 47.6153535], [-122.3251047, 47.6153529], [-122.3251044, 47.6153339], [-122.3249039, 47.6153356], [-122.3249044, 47.6153462], [-122.3247113, 47.6153465], [-122.3247118, 47.6153301], [-122.324606, 47.6153301], [-122.3246049, 47.6154671], [-122.3246609, 47.6154669], [-122.3246627, 47.6155215], [-122.3246329, 47.6155215], [-122.3246358, 47.6156957], [-122.3249556, 47.6156937], [-122.3249535, 47.6155841], [-122.3249161, 47.6155844], [-122.3249144, 47.6155554], [-122.3248889, 47.6155553], [-122.3248873, 47.6155004], [-122.3250149, 47.6155003], [-122.3250147, 47.6155386], [-122.3250799, 47.6155386], [-122.3250801, 47.6155541], [-122.3253723, 47.6155538], [-122.325372, 47.6155367], [-122.3254269, 47.6155365], [-122.3254245, 47.6153687]]]}}, {"type": "Feature", "properties": {"osm_id": 272966893, "source": "OpenStreetMap", "building": "train_station", "name": "Westlake", "building:levels": "0"}, "geometry": {"type": "Polygon", "coordinates": [[[-122.3381884, 47.6112986], [-122.335821, 47.6122983], [-122.3360119, 47.6125038], [-122.335609, 47.612674], [-122.3353917, 47.6124401], [-122.3345775, 47.6127839], [-122.3341721, 47.6123476], [-122.3349585, 47.6120156], [-122.3347572, 47.6117989], [-122.3351793, 47.6116206], [-122.3353746, 47.6118308], [-122.3377506, 47.6108275], [-122.3379317, 47.6110224], [-122.3379949, 47.6110903], [-122.3381884, 47.6112986]]]}}, {"type": "Feature", "properties": {"osm_id": 284148768, "source": "OpenStreetMap", "building": "yes", "name": "The Alexis Royal Sonesta Hotel Seattle", "building:levels": "4"}, "geometry": {"type": "Polygon", "coordinates": [[[-122.336709, 47.6049906], [-122.3368754, 47.604921], [-122.3369376, 47.604895], [-122.3370913, 47.6048308], [-122.3368343, 47.6045515], [-122.3366772, 47.6046172], [-122.336804, 47.604755], [-122.3367362, 47.6047834], [-122.3366095, 47.6046457], [-122.3364522, 47.6047114], [-122.3366405, 47.6049161], [-122.336709, 47.6049906]]]}}, {"type": "Feature", "properties": {"osm_id": 284148770, "source": "OpenStreetMap", "building": "yes", "name": "Hotel Cecil", "building:levels": "6"}, "geometry": {"type": "Polygon", "coordinates": [[[-122.3368356, 47.6051282], [-122.3372183, 47.6049694], [-122.3373481, 47.6051116], [-122.3369653, 47.6052704], [-122.3368356, 47.6051282]]]}}, {"type": "Feature", "properties": {"osm_id": 295930174, "source": "OpenStreetMap", "building": "apartments", "name": "The Northwest School Residence", "building:levels": "3"}, "geometry": {"type": "Polygon", "coordinates": [[[-122.3269968, 47.6132247], [-122.3272273, 47.6134723], [-122.3269681, 47.6134722], [-122.3269722, 47.6132246], [-122.3269968, 47.6132247]]]}}, {"type": "Feature", "properties": {"osm_id": 295930604, "source": "OpenStreetMap", "building": "school", "name": "The Northwest School - 401 Building", "building:levels": "3"}, "geometry": {"type": "Polygon", "coordinates": [[[-122.3266861, 47.6137479], [-122.3266863, 47.613814], [-122.3267031, 47.6138143], [-122.3267026, 47.613989], [-122.3262652, 47.6139871], [-122.3262669, 47.6138116], [-122.3262845, 47.6138115], [-122.326284, 47.6137448], [-122.3266861, 47.6137479]]]}}, {"type": "Feature", "properties": {"osm_id": 296789534, "source": "OpenStreetMap", "building": "roof", "name": "SkyBridge"}, "geometry": {"type": "Polygon", "coordinates": [[[-122.3421499, 47.6090963], [-122.3419634, 47.6091284], [-122.3417458, 47.6091658], [-122.3417198, 47.6091363], [-122.3417148, 47.6091315], [-122.3416996, 47.6091135], [-122.3419203, 47.6090799], [-122.3421082, 47.6090513], [-122.3421276, 47.6090722], [-122.3421499, 47.6090963]]]}}, {"type": "Feature", "properties": {"osm_id": 301780579, "source": "OpenStreetMap", "building": "yes"}, "geometry": {"type": "Polygon", "coordinates": [[[-122.3278112, 47.6144607], [-122.3273894, 47.6144581], [-122.3273912, 47.614322], [-122.3278138, 47.6143246], [-122.3278112, 47.6144607]]]}}, {"type": "Feature", "properties": {"osm_id": 326292530, "source": "OpenStreetMap", "building": "apartments", "name": "Dimension", "building:levels": "26"}, "geometry": {"type": "Polygon", "coordinates": [[[-122.3485633, 47.6167697], [-122.3489353, 47.6169972], [-122.3492177, 47.6167775], [-122.3488505, 47.6165513], [-122.3485633, 47.6167697]]]}}, {"type": "Feature", "properties": {"osm_id": 326294199, "source": "OpenStreetMap", "building": "commercial", "name": "Kroll Map Company"}, "geometry": {"type": "Polygon", "coordinates": [[[-122.3490631, 47.6173929], [-122.3488897, 47.6172911], [-122.3486027, 47.6175132], [-122.348667, 47.617551], [-122.3487437, 47.6174916], [-122.3487961, 47.6175224], [-122.3487198, 47.6175814], [-122.3487765, 47.6176147], [-122.3490631, 47.6173929]]]}}, {"type": "Feature", "properties": {"osm_id": 330873777, "source": "OpenStreetMap", "building": "retail"}, "geometry": {"type": "Polygon", "coordinates": [[[-122.3284639, 47.6147376], [-122.3285732, 47.6148565], [-122.3280448, 47.6150771], [-122.3280244, 47.6150556], [-122.3280263, 47.6149182], [-122.3284639, 47.6147376]]]}}, {"type": "Feature", "properties": {"osm_id": 331163045, "source": "OpenStreetMap", "building": "hotel", "name": "Mayflower Park Hotel Seattle", "building:levels": "12"}, "geometry": {"type": "Polygon", "coordinates": [[[-122.3381455, 47.6120306], [-122.3382905, 47.6121925], [-122.3379129, 47.6123462], [-122.3378053, 47.6122261], [-122.3380101, 47.6121428], [-122.3379774, 47.6121062], [-122.3379727, 47.612101], [-122.3381397, 47.612033], [-122.3381455, 47.6120306]]]}}, {"type": "Feature", "properties": {"osm_id": 331281876, "source": "OpenStreetMap", "building": "yes", "name": "Qwest Plaza", "height": "152", "building:levels": "32"}, "geometry": {"type": "Polygon", "coordinates": [[[-122.3340041, 47.6131027], [-122.3340135, 47.6130634], [-122.3343437, 47.6129293], [-122.3344074, 47.6129395], [-122.3347928, 47.6133733], [-122.3347788, 47.6134159], [-122.3345257, 47.6135184], [-122.3344527, 47.6135484], [-122.3344002, 47.6135378], [-122.3340041, 47.6131027]]]}}, {"type": "Feature", "properties": {"osm_id": 331281877, "source": "OpenStreetMap", "building": "yes", "building:levels": "3"}, "geometry": {"type": "Polygon", "coordinates": [[[-122.3338365, 47.6136137], [-122.3336073, 47.6133617], [-122.3338126, 47.6132768], [-122.3340039, 47.6131977], [-122.3342331, 47.6134497], [-122.3338365, 47.6136137]]]}}, {"type": "Feature", "properties": {"osm_id": 331281878, "source": "OpenStreetMap", "building": "yes", "name": "Olive 8", "height": "139", "building:levels": "39"}, "geometry": {"type": "Polygon", "coordinates": [[[-122.3342331, 47.6134497], [-122.3342582, 47.6134393], [-122.3345493, 47.6137593], [-122.3341068, 47.6139423], [-122.3338157, 47.6136223], [-122.3338365, 47.6136137], [-122.3342331, 47.6134497]]]}}, {"type": "Feature", "properties": {"osm_id": 331281879, "source": "OpenStreetMap", "building": "office", "name": "One Union Square", "height": "139", "building:levels": "36"}, "geometry": {"type": "Polygon", "coordinates": [[[-122.3325183, 47.6097664], [-122.332504, 47.6097992], [-122.3320809, 47.6099788], [-122.332033, 47.6099721], [-122.3317667, 47.6096826], [-122.3317795, 47.6096512], [-122.3322071, 47.6094696], [-122.3322535, 47.6094779], [-122.3322577, 47.6094826], [-122.3325183, 47.6097664]]]}}, {"type": "Feature", "properties": {"osm_id": 331281880, "source": "OpenStreetMap", "building": "office", "name": "Two Union Square", "height": "6", "building:levels": "2"}, "geometry": {"type": "Polygon", "coordinates": [[[-122.3317408, 47.6103896], [-122.3317555, 47.6103615], [-122.3317726, 47.6103413], [-122.3318022, 47.6103222], [-122.3318509, 47.6102903], [-122.3318769, 47.6102753], [-122.3319033, 47.6102614], [-122.3319589, 47.6102353], [-122.3320176, 47.6102124], [-122.3320691, 47.6101959], [-122.3320789, 47.6101928], [-122.3321179, 47.6101824], [-122.3321418, 47.6101767], [-122.3321662, 47.6101735], [-122.3321832, 47.6101712], [-122.3322131, 47.6101726], [-122.3322336, 47.6101755], [-122.3322765, 47.6101959], [-122.3323034, 47.6102096], [-122.3323136, 47.6102157], [-122.3323443, 47.6102367], [-122.3323721, 47.6102595], [-122.3323969, 47.6102838], [-122.3324186, 47.6103094], [-122.3324368, 47.6103362], [-122.3324516, 47.610364], [-122.3324634, 47.6103899], [-122.3324682, 47.6104094], [-122.3324696, 47.6104273], [-122.3324676, 47.610441], [-122.3324599, 47.6104621], [-122.332408, 47.6105018], [-122.3324133, 47.6105077], [-122.3323553, 47.6105345], [-122.3323078, 47.610555], [-122.3323101, 47.6105574], [-122.3323129, 47.6105603], [-122.3322882, 47.610571], [-122.3322637, 47.6105816], [-122.3322609, 47.6105786], [-122.3322587, 47.6105763], [-122.3322128, 47.6105962], [-122.3319277, 47.6107196], [-122.3318953, 47.6107196], [-122.3318772, 47.6107178], [-122.3318558, 47.6107121], [-122.3318329, 47.6106972], [-122.3318202, 47.6106842], [-122.3317842, 47.6106393], [-122.3317568, 47.6105916], [-122.3317386, 47.610542], [-122.3317298, 47.6104913], [-122.3317305, 47.6104402], [-122.3317408, 47.6103896]]]}}, {"type": "Feature", "properties": {"osm_id": 331291911, "source": "OpenStreetMap", "building": "hotel", "name": "The Westin Seattle", "building:levels": "3"}, "geometry": {"type": "Polygon", "coordinates": [[[-122.3388042, 47.6136632], [-122.3388592, 47.6137107], [-122.338883, 47.613769], [-122.3388717, 47.6138288], [-122.3388274, 47.6138811], [-122.3387893, 47.6139056], [-122.3387777, 47.6139145], [-122.3383456, 47.6142467], [-122.3377353, 47.6138861], [-122.3377805, 47.6138514], [-122.3377283, 47.6138214], [-122.3376664, 47.6134503], [-122.3376896, 47.6134398], [-122.3376803, 47.6133787], [-122.3376886, 47.613341], [-122.3376621, 47.6133302], [-122.3376589, 47.6133065], [-122.337676, 47.6132921], [-122.3377009, 47.6132913], [-122.3377014, 47.6132708], [-122.3377238, 47.6132541], [-122.3377496, 47.6132543], [-122.3377509, 47.6132339], [-122.3377739, 47.6132167], [-122.3378008, 47.6132219], [-122.3378001, 47.6131972], [-122.337827, 47.6131772], [-122.3378626, 47.613176], [-122.3378946, 47.6131921], [-122.3378935, 47.6132273], [-122.3379492, 47.6132302], [-122.3379518, 47.6131663], [-122.3379657, 47.6131541], [-122.3381389, 47.613252], [-122.3381204, 47.613269], [-122.3388042, 47.6136632]]]}}, {"type": "Feature", "properties": {"osm_id": 331307150, "source": "OpenStreetMap", "building": "yes", "building:levels": "4"}, "geometry": {"type": "Polygon", "coordinates": [[[-122.3380328, 47.6119144], [-122.3376553, 47.6120672], [-122.3377654, 47.6121925], [-122.3379774, 47.6121062], [-122.3379727, 47.612101], [-122.3381397, 47.612033], [-122.3380328, 47.6119144]]]}}, {"type": "Feature", "properties": {"osm_id": 331309048, "source": "OpenStreetMap", "building": "apartments", "name": "Escala", "height": "100", "building:levels": "30"}, "geometry": {"type": "Polygon", "coordinates": [[[-122.33896, 47.6129789], [-122.3390703, 47.6130445], [-122.3391005, 47.613023], [-122.3391642, 47.6130613], [-122.3391677, 47.613087], [-122.3391821, 47.613111], [-122.3392061, 47.6131312], [-122.3392377, 47.6131459], [-122.3392742, 47.6131539], [-122.3393139, 47.6131513], [-122.339379, 47.6131905], [-122.3393542, 47.6132132], [-122.3394651, 47.6132791], [-122.3395269, 47.6132739], [-122.339586, 47.613262], [-122.3396506, 47.6132345], [-122.3396876, 47.6132094], [-122.3397292, 47.6131593], [-122.3397502, 47.6131094], [-122.3397517, 47.6130594], [-122.3396407, 47.6129935], [-122.3395962, 47.6129986], [-122.3395497, 47.6129726], [-122.3395438, 47.6129471], [-122.3395275, 47.6129237], [-122.3395019, 47.6129044], [-122.3394692, 47.6128909], [-122.339432, 47.6128843], [-122.3393937, 47.6128852], [-122.339359, 47.6128657], [-122.3393568, 47.6128247], [-122.3392467, 47.6127593], [-122.3391735, 47.6127667], [-122.3391027, 47.6127871], [-122.3390343, 47.6128213], [-122.3390021, 47.6128492], [-122.3389698, 47.6128959], [-122.3389598, 47.6129369], [-122.33896, 47.6129789]]]}}, {"type": "Feature", "properties": {"osm_id": 331309049, "source": "OpenStreetMap", "building": "yes", "building:levels": "2"}, "geometry": {"type": "Polygon", "coordinates": [[[-122.33896, 47.6129789], [-122.3388068, 47.6128882], [-122.3390933, 47.6126654], [-122.3392467, 47.6127593], [-122.3391735, 47.6127667], [-122.3391027, 47.6127871], [-122.3390343, 47.6128213], [-122.3390021, 47.6128492], [-122.3389698, 47.6128959], [-122.3389598, 47.6129369], [-122.33896, 47.6129789]]]}}, {"type": "Feature", "properties": {"osm_id": 331322653, "source": "OpenStreetMap", "building": "office", "name": "800 Fifth Avenue"}, "geometry": {"type": "Polygon", "coordinates": [[[-122.3300008, 47.6059715], [-122.3299252, 47.6060025], [-122.3295768, 47.6056155], [-122.3300405, 47.6054256], [-122.3303693, 47.6052912], [-122.3304301, 47.6053587], [-122.3304661, 47.605344], [-122.3305968, 47.6054897], [-122.3306443, 47.6055419], [-122.3306278, 47.6055487], [-122.3306486, 47.6055717], [-122.3308332, 47.6057769], [-122.3307302, 47.6058191], [-122.3307858, 47.6058809], [-122.3305146, 47.6059919], [-122.3304613, 47.6059328], [-122.3300993, 47.606081], [-122.3300008, 47.6059715]]]}}, {"type": "Feature", "properties": {"osm_id": 331329383, "source": "OpenStreetMap", "building": "apartments", "name": "The Pomeroy", "building:levels": "8"}, "geometry": {"type": "Polygon", "coordinates": [[[-122.3474002, 47.6133436], [-122.3474175, 47.6133538], [-122.3474265, 47.6133468], [-122.3475059, 47.6133934], [-122.3475987, 47.6136901], [-122.347593, 47.6138276], [-122.3475365, 47.6138265], [-122.3472194, 47.6136405], [-122.3471042, 47.6135729], [-122.3474002, 47.6133436]]]}}, {"type": "Feature", "properties": {"osm_id": 331329384, "source": "OpenStreetMap", "building": "yes", "name": "The Oregon Apartments", "building:levels": "5"}, "geometry": {"type": "Polygon", "coordinates": [[[-122.3469183, 47.6134593], [-122.3469156, 47.6134645], [-122.3467182, 47.6133487], [-122.3470184, 47.6131161], [-122.3472156, 47.6132318], [-122.3470332, 47.6133711], [-122.3469183, 47.6134593]]]}}, {"type": "Feature", "properties": {"osm_id": 331422721, "source": "OpenStreetMap", "building": "supermarket", "name": "Dan's Belltown Grocery"}, "geometry": {"type": "Polygon", "coordinates": [[[-122.3445047, 47.6140419], [-122.3445513, 47.6140057], [-122.3447348, 47.6141107], [-122.3444478, 47.6143334], [-122.3443685, 47.6142867], [-122.3442683, 47.6142278], [-122.3445047, 47.6140419]]]}}, {"type": "Feature", "properties": {"osm_id": 331422722, "source": "OpenStreetMap", "building": "apartments", "name": "Castle Apartments", "building:levels": "5"}, "geometry": {"type": "Polygon", "coordinates": [[[-122.3439625, 47.6132018], [-122.3441448, 47.6133086], [-122.3438583, 47.6135308], [-122.3437215, 47.6134506], [-122.3439022, 47.6133105], [-122.3438568, 47.6132838], [-122.3439625, 47.6132018]]]}}, {"type": "Feature", "properties": {"osm_id": 331422723, "source": "OpenStreetMap", "building": "yes", "name": "Belltown Center", "building:levels": "2"}, "geometry": {"type": "Polygon", "coordinates": [[[-122.3433082, 47.6132058], [-122.3429426, 47.6129916], [-122.3432271, 47.6127709], [-122.3435933, 47.6129854], [-122.3433082, 47.6132058]]]}}, {"type": "Feature", "properties": {"osm_id": 331422724, "source": "OpenStreetMap", "building": "apartments", "name": "Emmons on 3rd", "building:levels": "8"}, "geometry": {"type": "Polygon", "coordinates": [[[-122.3442683, 47.6142278], [-122.3440829, 47.6141182], [-122.3443205, 47.6139337], [-122.3445047, 47.6140419], [-122.3442683, 47.6142278]]]}}, {"type": "Feature", "properties": {"osm_id": 331422725, "source": "OpenStreetMap", "building": "yes", "building:levels": "1"}, "geometry": {"type": "Polygon", "coordinates": [[[-122.3435933, 47.6129854], [-122.3437788, 47.6130942], [-122.3435142, 47.6132994], [-122.3434943, 47.6133148], [-122.3433082, 47.6132058], [-122.3435933, 47.6129854]]]}}, {"type": "Feature", "properties": {"osm_id": 332200721, "source": "OpenStreetMap", "building": "retail", "name": "Black Market Skateboards", "building:levels": "2"}, "geometry": {"type": "Polygon", "coordinates": [[[-122.342745, 47.6184303], [-122.3427127, 47.6184351], [-122.3426849, 47.6184231], [-122.3426779, 47.6184013], [-122.3426957, 47.6183825], [-122.342728, 47.6183778], [-122.3427558, 47.6183898], [-122.3427629, 47.6184116], [-122.342745, 47.6184303]]]}}, {"type": "Feature", "properties": {"osm_id": 332591274, "source": "OpenStreetMap", "building": "transportation"}, "geometry": {"type": "Polygon", "coordinates": [[[-122.3317086, 47.6033225], [-122.3316898, 47.6033303], [-122.3315252, 47.6031503], [-122.3315632, 47.6031345], [-122.3317278, 47.6033145], [-122.3317086, 47.6033225]]]}}, {"type": "Feature", "properties": {"osm_id": 332591275, "source": "OpenStreetMap", "building": "transportation"}, "geometry": {"type": "Polygon", "coordinates": [[[-122.3314935, 47.6030576], [-122.3314724, 47.6030664], [-122.3314539, 47.6030741], [-122.331353, 47.6029638], [-122.3313927, 47.6029473], [-122.3314431, 47.6030025], [-122.3314935, 47.6030576]]]}}, {"type": "Feature", "properties": {"osm_id": 332956732, "source": "OpenStreetMap", "building": "apartments", "building:levels": "18"}, "geometry": {"type": "Polygon", "coordinates": [[[-122.3271358, 47.6118891], [-122.3271131, 47.6119], [-122.3271231, 47.6119095], [-122.3269759, 47.61198], [-122.32696, 47.6119649], [-122.3269316, 47.6119785], [-122.326843, 47.6118943], [-122.3265693, 47.6120252], [-122.3266573, 47.6121088], [-122.326634, 47.6121199], [-122.3266487, 47.6121338], [-122.326509, 47.6122006], [-122.3264956, 47.6121879], [-122.3264682, 47.612201], [-122.3262597, 47.612003], [-122.3262838, 47.6119915], [-122.326272, 47.6119803], [-122.3264139, 47.6119123], [-122.3264265, 47.6119242], [-122.3265477, 47.6118662], [-122.3265295, 47.6118489], [-122.3266909, 47.6117717], [-122.32671, 47.6117899], [-122.326825, 47.6117349], [-122.3268135, 47.611724], [-122.3268844, 47.6116901], [-122.3268964, 47.6117015], [-122.3269242, 47.6116881], [-122.3271358, 47.6118891]]]}}, {"type": "Feature", "properties": {"osm_id": 332956733, "source": "OpenStreetMap", "building": "apartments", "name": "Vesper"}, "geometry": {"type": "Polygon", "coordinates": [[[-122.3273313, 47.6126471], [-122.3272442, 47.6126811], [-122.3271818, 47.612621], [-122.3270399, 47.6126761], [-122.3271033, 47.6127435], [-122.3270076, 47.6127812], [-122.3269883, 47.6127594], [-122.3269678, 47.6127652], [-122.3268582, 47.6126449], [-122.3270872, 47.6125521], [-122.3270356, 47.6124934], [-122.3271474, 47.6124462], [-122.3273313, 47.6126471]]]}}, {"type": "Feature", "properties": {"osm_id": 332956734, "source": "OpenStreetMap", "building": "apartments", "name": "Vesper"}, "geometry": {"type": "Polygon", "coordinates": [[[-122.3269497, 47.6125705], [-122.3268333, 47.6126199], [-122.3266417, 47.6124149], [-122.3268181, 47.61234], [-122.3268818, 47.6124081], [-122.3269649, 47.6123728], [-122.3270367, 47.6124496], [-122.3269356, 47.6124925], [-122.3269779, 47.6125377], [-122.3269358, 47.6125556], [-122.3269497, 47.6125705]]]}}, {"type": "Feature", "properties": {"osm_id": 332956736, "source": "OpenStreetMap", "building": "yes", "name": "The Willis"}, "geometry": {"type": "Polygon", "coordinates": [[[-122.3295638, 47.6117261], [-122.3292037, 47.611871], [-122.3291264, 47.6117836], [-122.3294865, 47.6116387], [-122.3295638, 47.6117261]]]}}, {"type": "Feature", "properties": {"osm_id": 332956737, "source": "OpenStreetMap", "building": "apartments", "name": "John Wallace Apartments"}, "geometry": {"type": "Polygon", "coordinates": [[[-122.3260004, 47.6128499], [-122.3258375, 47.6129152], [-122.3255684, 47.6126253], [-122.3257309, 47.6125637], [-122.3260004, 47.6128499]]]}}, {"type": "Feature", "properties": {"osm_id": 332956738, "source": "OpenStreetMap", "building": "apartments", "name": "Cambridge Apartments", "building:levels": "10"}, "geometry": {"type": "Polygon", "coordinates": [[[-122.3300661, 47.6115195], [-122.3296174, 47.6117076], [-122.3295007, 47.6115811], [-122.3297644, 47.6114705], [-122.3296199, 47.6113139], [-122.3298049, 47.6112363], [-122.3300661, 47.6115195]]]}}, {"type": "Feature", "properties": {"osm_id": 332956739, "source": "OpenStreetMap", "building": "yes", "name": "Truewood by Merrill, First Hill"}, "geometry": {"type": "Polygon", "coordinates": [[[-122.3278522, 47.6133286], [-122.3276782, 47.6133994], [-122.3276323, 47.6133481], [-122.327643, 47.6133438], [-122.327618, 47.613316], [-122.3276039, 47.6133217], [-122.3275452, 47.6132561], [-122.327511, 47.6132701], [-122.3275254, 47.6132862], [-122.3274552, 47.6133148], [-122.3272788, 47.6131179], [-122.3273449, 47.613091], [-122.3273563, 47.6131038], [-122.3273929, 47.6130889], [-122.3272652, 47.6129465], [-122.3274313, 47.6128788], [-122.3275457, 47.6130064], [-122.3276146, 47.6129783], [-122.3277848, 47.6131683], [-122.3277236, 47.6131933], [-122.3277743, 47.6132499], [-122.3277573, 47.6132568], [-122.3277859, 47.6132887], [-122.3278082, 47.6132796], [-122.3278522, 47.6133286]]]}}, {"type": "Feature", "properties": {"osm_id": 332962231, "source": "OpenStreetMap", "building": "roof"}, "geometry": {"type": "Polygon", "coordinates": [[[-122.3318377, 47.6123824], [-122.3317521, 47.6122888], [-122.3316383, 47.6121644], [-122.3313199, 47.6122976], [-122.3314335, 47.6124223], [-122.3315195, 47.6125155], [-122.3318377, 47.6123824]]]}}, {"type": "Feature", "properties": {"osm_id": 333212253, "source": "OpenStreetMap", "building": "yes", "name": "Seattle Municipal Court", "building:levels": "12"}, "geometry": {"type": "Polygon", "coordinates": [[[-122.3290995, 47.604379], [-122.3290624, 47.6043384], [-122.3290014, 47.6043638], [-122.3287269, 47.6040635], [-122.3287878, 47.6040382], [-122.3287479, 47.6039946], [-122.3290096, 47.6038858], [-122.329052, 47.6039322], [-122.3291233, 47.6039026], [-122.3291857, 47.6039713], [-122.3294017, 47.604207], [-122.3293472, 47.6042297], [-122.3293779, 47.6042632], [-122.3290995, 47.604379]]]}}, {"type": "Feature", "properties": {"osm_id": 333212849, "source": "OpenStreetMap", "building": "office", "name": "F5 Tower", "height": "201", "building:levels": "44"}, "geometry": {"type": "Polygon", "coordinates": [[[-122.3314185, 47.6052651], [-122.3313763, 47.6052183], [-122.331158, 47.6049765], [-122.3311511, 47.6049793], [-122.3307122, 47.6051593], [-122.3309728, 47.605448], [-122.3310803, 47.6054039], [-122.3312812, 47.6053214], [-122.3314185, 47.6052651]]]}}, {"type": "Feature", "properties": {"osm_id": 333355312, "source": "OpenStreetMap", "building": "train_station", "name": "Westlake Center"}, "geometry": {"type": "Polygon", "coordinates": [[[-122.3371317, 47.6122004], [-122.3370884, 47.6122174], [-122.3368201, 47.6119233], [-122.3368609, 47.6119062], [-122.3371317, 47.6122004]]]}}, {"type": "Feature", "properties": {"osm_id": 333368180, "source": "OpenStreetMap", "building": "hospital", "name": "Buck Pavilion", "building:levels": "8"}, "geometry": {"type": "Polygon", "coordinates": [[[-122.3272569, 47.6095469], [-122.3276461, 47.6093841], [-122.3276744, 47.6094143], [-122.3276948, 47.6094057], [-122.3276863, 47.6093964], [-122.3278935, 47.6093093], [-122.3278996, 47.6093159], [-122.3279232, 47.609306], [-122.3279164, 47.6092987], [-122.3279543, 47.6092827], [-122.3284496, 47.6098184], [-122.3283038, 47.6098797], [-122.3282616, 47.6098339], [-122.3282896, 47.6098222], [-122.3281837, 47.6097077], [-122.327945, 47.609808], [-122.3280982, 47.6099738], [-122.3277766, 47.6101089], [-122.3272569, 47.6095469]]]}}, {"type": "Feature", "properties": {"osm_id": 333368181, "source": "OpenStreetMap", "building": "hospital", "name": "Cassel Crag"}, "geometry": {"type": "Polygon", "coordinates": [[[-122.3280315, 47.610984], [-122.3279467, 47.610893], [-122.3277368, 47.6109819], [-122.327676, 47.6109167], [-122.327884, 47.6108286], [-122.3277959, 47.610734], [-122.3274619, 47.6108753], [-122.3276108, 47.6110353], [-122.3275394, 47.6110655], [-122.3276241, 47.6111565], [-122.3280315, 47.610984]]]}}, {"type": "Feature", "properties": {"osm_id": 333368182, "source": "OpenStreetMap", "building": "yes", "name": "Sunset Club"}, "geometry": {"type": "Polygon", "coordinates": [[[-122.3275686, 47.6111805], [-122.3271595, 47.6113519], [-122.3270217, 47.6112024], [-122.3270087, 47.6112079], [-122.3269548, 47.6111494], [-122.3269689, 47.6111435], [-122.3268823, 47.6110496], [-122.3272905, 47.6108786], [-122.3275686, 47.6111805]]]}}, {"type": "Feature", "properties": {"osm_id": 333368183, "source": "OpenStreetMap", "building": "hospital", "name": "Jones Pavilion"}, "geometry": {"type": "Polygon", "coordinates": [[[-122.326925, 47.6104051], [-122.3268643, 47.6104289], [-122.3268765, 47.6104425], [-122.3269053, 47.6104735], [-122.3265173, 47.6106358], [-122.3260064, 47.6100806], [-122.3262313, 47.6099866], [-122.326454, 47.6098934], [-122.3265446, 47.6099918], [-122.3265795, 47.6100299], [-122.326925, 47.6104051]]]}}, {"type": "Feature", "properties": {"osm_id": 333368184, "source": "OpenStreetMap", "building": "hospital", "name": "Lindeman Pavilion", "building:levels": "12"}, "geometry": {"type": "Polygon", "coordinates": [[[-122.3281629, 47.610603], [-122.3280476, 47.6106518], [-122.3277701, 47.6103538], [-122.3277991, 47.6103415], [-122.3277814, 47.6103226], [-122.327797, 47.6103159], [-122.3278287, 47.6103025], [-122.3281105, 47.6101833], [-122.3281291, 47.6102032], [-122.3281709, 47.6101855], [-122.3283872, 47.6104178], [-122.3284475, 47.6104826], [-122.3284288, 47.6104905], [-122.3281629, 47.610603]]]}}, {"type": "Feature", "properties": {"osm_id": 333368185, "source": "OpenStreetMap", "building": "yes", "name": "Skybridge"}, "geometry": {"type": "Polygon", "coordinates": [[[-122.3278287, 47.6103025], [-122.3276861, 47.6101473], [-122.3276545, 47.6101607], [-122.327797, 47.6103159], [-122.3278287, 47.6103025]]]}}, {"type": "Feature", "properties": {"osm_id": 333369577, "source": "OpenStreetMap", "building": "hospital", "name": "1101 Madison Tower", "building:levels": "3"}, "geometry": {"type": "Polygon", "coordinates": [[[-122.3237323, 47.6090542], [-122.3239261, 47.6089766], [-122.3239836, 47.6090423], [-122.3240935, 47.6089964], [-122.3244685, 47.60884], [-122.3245278, 47.6089086], [-122.3245511, 47.6088976], [-122.3248873, 47.6092759], [-122.3248517, 47.6092904], [-122.3248666, 47.6093138], [-122.3240578, 47.6096538], [-122.3240212, 47.6096143], [-122.3240442, 47.6095143], [-122.3240112, 47.6094767], [-122.3239163, 47.6093686], [-122.3238241, 47.6094057], [-122.3236512, 47.6092081], [-122.3238136, 47.609143], [-122.3237915, 47.6091168], [-122.3237688, 47.609092], [-122.3237323, 47.6090542]]]}}, {"type": "Feature", "properties": {"osm_id": 335417547, "source": "OpenStreetMap", "building": "yes", "name": "Seattle Tower", "building:levels": "5"}, "geometry": {"type": "Polygon", "coordinates": [[[-122.3355147, 47.6074724], [-122.3357681, 47.6077494], [-122.3355441, 47.6078425], [-122.3353994, 47.6079027], [-122.3353249, 47.6078212], [-122.3352206, 47.6077073], [-122.335146, 47.6076257], [-122.3352907, 47.6075655], [-122.3355147, 47.6074724]]]}}, {"type": "Feature", "properties": {"osm_id": 335665224, "source": "OpenStreetMap", "building": "yes", "name": "Spruce Street School"}, "geometry": {"type": "Polygon", "coordinates": [[[-122.3352319, 47.6169248], [-122.3353966, 47.6167981], [-122.3357541, 47.6170139], [-122.3355939, 47.6171376], [-122.3352319, 47.6169248]]]}}, {"type": "Feature", "properties": {"osm_id": 338073570, "source": "OpenStreetMap", "building": "yes"}, "geometry": {"type": "Polygon", "coordinates": [[[-122.3248955, 47.6059627], [-122.3247497, 47.6060238], [-122.3246505, 47.6059163], [-122.3245235, 47.6059696], [-122.3244839, 47.6059267], [-122.3244714, 47.6059319], [-122.3244363, 47.6058938], [-122.3244488, 47.6058886], [-122.3244065, 47.6058428], [-122.3246793, 47.6057284], [-122.3248955, 47.6059627]]]}}, {"type": "Feature", "properties": {"osm_id": 338073571, "source": "OpenStreetMap", "building": "yes", "name": "Bishop Lewis Work Release"}, "geometry": {"type": "Polygon", "coordinates": [[[-122.3269074, 47.6057529], [-122.3267025, 47.6058353], [-122.3268578, 47.6060108], [-122.3270627, 47.6059284], [-122.3269074, 47.6057529]]]}}, {"type": "Feature", "properties": {"osm_id": 338073572, "source": "OpenStreetMap", "building": "apartments", "name": "Bradbury Apartments"}, "geometry": {"type": "Polygon", "coordinates": [[[-122.3273844, 47.6059311], [-122.3271365, 47.6056566], [-122.3269263, 47.6057429], [-122.326962, 47.6057824], [-122.3269802, 47.605775], [-122.3271484, 47.6059612], [-122.3271304, 47.6059686], [-122.3271744, 47.6060173], [-122.3273844, 47.6059311]]]}}, {"type": "Feature", "properties": {"osm_id": 338073573, "source": "OpenStreetMap", "building": "apartments", "name": "Frederic Ozanam House"}, "geometry": {"type": "Polygon", "coordinates": [[[-122.3265062, 47.6069126], [-122.326252, 47.6070156], [-122.3262776, 47.6070443], [-122.3262835, 47.6070419], [-122.3263404, 47.6071057], [-122.3263361, 47.6071074], [-122.3264113, 47.6071918], [-122.3266639, 47.6070894], [-122.3265062, 47.6069126]]]}}, {"type": "Feature", "properties": {"osm_id": 338073574, "source": "OpenStreetMap", "building": "apartments", "name": "Clarwood Apartments"}, "geometry": {"type": "Polygon", "coordinates": [[[-122.3272314, 47.6073799], [-122.3271386, 47.6072775], [-122.3274016, 47.6071692], [-122.3273717, 47.6071363], [-122.3275245, 47.6070734], [-122.327647, 47.6072087], [-122.3272314, 47.6073799]]]}}, {"type": "Feature", "properties": {"osm_id": 338073575, "source": "OpenStreetMap", "building": "yes"}, "geometry": {"type": "Polygon", "coordinates": [[[-122.326857, 47.6070529], [-122.3266656, 47.6068375], [-122.3266259, 47.6068536], [-122.3266241, 47.6068639], [-122.3265944, 47.606876], [-122.3265729, 47.606875], [-122.3265542, 47.6068825], [-122.3266262, 47.6069635], [-122.3266405, 47.6069577], [-122.3267275, 47.6070556], [-122.3267132, 47.6070614], [-122.3267456, 47.6070979], [-122.326797, 47.6070772], [-122.3267918, 47.6070712], [-122.3268073, 47.607065], [-122.3268126, 47.6070709], [-122.326857, 47.6070529]]]}}, {"type": "Feature", "properties": {"osm_id": 338073576, "source": "OpenStreetMap", "building": "apartments", "name": "Envoy"}, "geometry": {"type": "Polygon", "coordinates": [[[-122.3271824, 47.6074012], [-122.3270896, 47.6072988], [-122.3268267, 47.6074071], [-122.3267969, 47.6073742], [-122.3266441, 47.6074371], [-122.3267667, 47.6075723], [-122.3271824, 47.6074012]]]}}, {"type": "Feature", "properties": {"osm_id": 338073577, "source": "OpenStreetMap", "building": "apartments", "name": "Westminster Apartments", "building:levels": "5"}, "geometry": {"type": "Polygon", "coordinates": [[[-122.3273212, 47.6075565], [-122.3271483, 47.6076277], [-122.327197, 47.6076814], [-122.327131, 47.6077086], [-122.3270823, 47.6076549], [-122.326897, 47.6077312], [-122.3270436, 47.6078931], [-122.3271359, 47.6078551], [-122.3271247, 47.6078427], [-122.3273603, 47.6077457], [-122.3273715, 47.6077581], [-122.3274679, 47.6077184], [-122.3273212, 47.6075565]]]}}, {"type": "Feature", "properties": {"osm_id": 338073578, "source": "OpenStreetMap", "building": "cathedral", "name": "Pastoral Outreach Center"}, "geometry": {"type": "Polygon", "coordinates": [[[-122.3257615, 47.6069682], [-122.3256289, 47.6070232], [-122.3256021, 47.6069938], [-122.3255274, 47.6070248], [-122.3254944, 47.6069886], [-122.3254707, 47.6069984], [-122.3254313, 47.6069553], [-122.3254564, 47.6069449], [-122.3254075, 47.6068914], [-122.3254407, 47.6068776], [-122.3254577, 47.6068963], [-122.3254948, 47.6068809], [-122.3254317, 47.6068117], [-122.3255674, 47.6067554], [-122.3257615, 47.6069682]]]}}, {"type": "Feature", "properties": {"osm_id": 338073579, "source": "OpenStreetMap", "building": "yes"}, "geometry": {"type": "Polygon", "coordinates": [[[-122.3261815, 47.6083898], [-122.3261268, 47.6083292], [-122.3263286, 47.6082463], [-122.3262522, 47.6081617], [-122.3262314, 47.6081703], [-122.3261999, 47.6081354], [-122.3260197, 47.6082095], [-122.3259654, 47.6081494], [-122.325874, 47.6081869], [-122.326091, 47.608427], [-122.3261815, 47.6083898]]]}}, {"type": "Feature", "properties": {"osm_id": 338073580, "source": "OpenStreetMap", "building": "yes", "building:levels": "4"}, "geometry": {"type": "Polygon", "coordinates": [[[-122.3275083, 47.6078632], [-122.3274054, 47.6077501], [-122.3273103, 47.6077894], [-122.3273184, 47.6077984], [-122.3271549, 47.607866], [-122.3271468, 47.607857], [-122.3270481, 47.6078978], [-122.327151, 47.608011], [-122.3272484, 47.6079707], [-122.3272376, 47.6079588], [-122.3274051, 47.6078896], [-122.3274159, 47.6079014], [-122.3275083, 47.6078632]]]}}, {"type": "Feature", "properties": {"osm_id": 338073584, "source": "OpenStreetMap", "building": "yes"}, "geometry": {"type": "Polygon", "coordinates": [[[-122.325704, 47.6074585], [-122.3255496, 47.6073081], [-122.3251471, 47.6074654], [-122.3252965, 47.6076283], [-122.325704, 47.6074585]]]}}, {"type": "Feature", "properties": {"osm_id": 344577691, "source": "OpenStreetMap", "building": "yes", "name": "The Summit", "building:levels": "2"}, "geometry": {"type": "Polygon", "coordinates": [[[-122.3261431, 47.6147237], [-122.3261392, 47.6143084], [-122.3261381, 47.614195], [-122.3258174, 47.6141964], [-122.3256465, 47.6141972], [-122.3256493, 47.6144977], [-122.3256515, 47.6147258], [-122.3261431, 47.6147237]]]}}, {"type": "Feature", "properties": {"osm_id": 344582817, "source": "OpenStreetMap", "building": "apartments", "name": "Three20 Apartments", "building:levels": "6"}, "geometry": {"type": "Polygon", "coordinates": [[[-122.3272923, 47.615867], [-122.3269446, 47.6158647], [-122.3269537, 47.6154322], [-122.3269663, 47.6154324], [-122.3269677, 47.6153288], [-122.327288, 47.6153306], [-122.3272886, 47.6153361], [-122.3273701, 47.6153367], [-122.3273662, 47.6154951], [-122.3272968, 47.6154952], [-122.3272923, 47.615867]]]}}, {"type": "Feature", "properties": {"osm_id": 351004141, "source": "OpenStreetMap", "building": "office", "name": "Midtown21", "building:levels": "21"}, "geometry": {"type": "Polygon", "coordinates": [[[-122.3330688, 47.6165206], [-122.3330045, 47.6164824], [-122.3327005, 47.6163024], [-122.3325714, 47.6162256], [-122.3325444, 47.6162095], [-122.3327763, 47.6160318], [-122.332854, 47.6159723], [-122.3329446, 47.616026], [-122.3333141, 47.6162452], [-122.3332781, 47.6162728], [-122.3333425, 47.6163109], [-122.333318, 47.6163296], [-122.3330688, 47.6165206]]]}}, {"type": "Feature", "properties": {"osm_id": 352666816, "source": "OpenStreetMap", "building": "yes"}, "geometry": {"type": "Polygon", "coordinates": [[[-122.3343728, 47.6129062], [-122.3339568, 47.6130758], [-122.3338099, 47.6129227], [-122.334224, 47.6127521], [-122.3343728, 47.6129062]]]}}, {"type": "Feature", "properties": {"osm_id": 353282862, "source": "OpenStreetMap", "building": "apartments", "name": "Excelsior Apartments"}, "geometry": {"type": "Polygon", "coordinates": [[[-122.3278063, 47.6151258], [-122.3278065, 47.6150151], [-122.3277989, 47.6150151], [-122.3277992, 47.6147948], [-122.3277993, 47.6147758], [-122.3275896, 47.6147757], [-122.3275896, 47.614808], [-122.3276085, 47.614808], [-122.3276084, 47.6148545], [-122.3273657, 47.6148544], [-122.3273656, 47.6149069], [-122.3272848, 47.6149068], [-122.327285, 47.6147481], [-122.3271398, 47.614748], [-122.3270955, 47.614748], [-122.3269515, 47.6147479], [-122.3269511, 47.6149787], [-122.3269511, 47.6150061], [-122.3269509, 47.6151252], [-122.3273721, 47.6151255], [-122.3278063, 47.6151258]]]}}, {"type": "Feature", "properties": {"osm_id": 353282863, "source": "OpenStreetMap", "building": "apartments", "name": "Garden Studios Apartments", "building:levels": "2"}, "geometry": {"type": "Polygon", "coordinates": [[[-122.3273719, 47.6147305], [-122.3269604, 47.61473], [-122.3269605, 47.6146595], [-122.3273721, 47.6146599], [-122.3273719, 47.6147305]]]}}, {"type": "Feature", "properties": {"osm_id": 353288966, "source": "OpenStreetMap", "building": "office", "name": "Tilt49", "building:levels": "9"}, "geometry": {"type": "Polygon", "coordinates": [[[-122.3321997, 47.6171875], [-122.3324103, 47.6170211], [-122.3324039, 47.6170175], [-122.3325103, 47.6169334], [-122.3319188, 47.6165932], [-122.3319135, 47.6165974], [-122.3317223, 47.6164875], [-122.3317277, 47.6164833], [-122.3314498, 47.6163206], [-122.3313587, 47.6163915], [-122.3313377, 47.6164083], [-122.3311324, 47.6165649], [-122.3311276, 47.6165687], [-122.3314111, 47.6167334], [-122.3316018, 47.6168437], [-122.3318288, 47.6169742], [-122.3321997, 47.6171875]]]}}, {"type": "Feature", "properties": {"osm_id": 356406209, "source": "OpenStreetMap", "building": "commercial", "name": "Drexel Hotel", "building:levels": "4"}, "geometry": {"type": "Polygon", "coordinates": [[[-122.3313676, 47.6024934], [-122.3316507, 47.6023757], [-122.3317823, 47.6025198], [-122.3317615, 47.6025285], [-122.3316316, 47.6025825], [-122.331598, 47.6025965], [-122.3315467, 47.6026178], [-122.3314953, 47.6026391], [-122.3314624, 47.6026031], [-122.3314295, 47.6025671], [-122.3313966, 47.6025311], [-122.3313637, 47.602495], [-122.3313676, 47.6024934]]]}}, {"type": "Feature", "properties": {"osm_id": 356674134, "source": "OpenStreetMap", "building": "yes"}, "geometry": {"type": "Polygon", "coordinates": [[[-122.3335727, 47.6156452], [-122.333724, 47.6157352], [-122.3337962, 47.61568], [-122.3338283, 47.6156991], [-122.3340086, 47.6155614], [-122.3339784, 47.6155434], [-122.3340285, 47.6155051], [-122.3338753, 47.615414], [-122.3338405, 47.6154406], [-122.3335727, 47.6156452]]]}}, {"type": "Feature", "properties": {"osm_id": 357267681, "source": "OpenStreetMap", "building": "yes"}, "geometry": {"type": "Polygon", "coordinates": [[[-122.3354409, 47.6172571], [-122.3350796, 47.6170437], [-122.3352319, 47.6169248], [-122.3355939, 47.6171376], [-122.3354409, 47.6172571]]]}}, {"type": "Feature", "properties": {"osm_id": 357283829, "source": "OpenStreetMap", "building": "yes", "building:levels": "3"}, "geometry": {"type": "Polygon", "coordinates": [[[-122.3391406, 47.6070676], [-122.3390548, 47.6069742], [-122.3386773, 47.6071297], [-122.338761, 47.6072251], [-122.3391406, 47.6070676]]]}}, {"type": "Feature", "properties": {"osm_id": 357283830, "source": "OpenStreetMap", "building": "yes", "name": "Four Seasons Seattle"}, "geometry": {"type": "Polygon", "coordinates": [[[-122.3395686, 47.6075364], [-122.3394349, 47.6073899], [-122.339409, 47.6073615], [-122.3392356, 47.6071716], [-122.3391406, 47.6070676], [-122.338761, 47.6072251], [-122.3389481, 47.6074301], [-122.3390027, 47.6074898], [-122.3391299, 47.6076291], [-122.339189, 47.6076939], [-122.3393105, 47.6076434], [-122.3394964, 47.6075662], [-122.3395686, 47.6075364]]]}}, {"type": "Feature", "properties": {"osm_id": 357335119, "source": "OpenStreetMap", "building": "commercial", "name": "Downtown Seattle YMCA", "building:levels": "8"}, "geometry": {"type": "Polygon", "coordinates": [[[-122.332744, 47.6056724], [-122.3324872, 47.6053984], [-122.3326763, 47.605319], [-122.3328678, 47.6052386], [-122.3330951, 47.6054878], [-122.3330756, 47.6054968], [-122.3330215, 47.6055239], [-122.3329425, 47.6055637], [-122.3329075, 47.605585], [-122.3328692, 47.6056199], [-122.3327899, 47.6056534], [-122.332744, 47.6056724]]]}}, {"type": "Feature", "properties": {"osm_id": 357335123, "source": "OpenStreetMap", "building": "apartments", "name": "5th and Madison Condos", "height": "83", "building:levels": "24"}, "geometry": {"type": "Polygon", "coordinates": [[[-122.3326523, 47.6060988], [-122.3324125, 47.6058349], [-122.3315973, 47.6061522], [-122.3317299, 47.6063017], [-122.3317631, 47.6063383], [-122.3317826, 47.6063598], [-122.3318031, 47.6063824], [-122.3318463, 47.6064316], [-122.3318613, 47.6064254], [-122.3326523, 47.6060988]]]}}, {"type": "Feature", "properties": {"osm_id": 357527945, "source": "OpenStreetMap", "building": "yes", "name": "Pacific Building", "building:levels": "23"}, "geometry": {"type": "Polygon", "coordinates": [[[-122.3322589, 47.6039093], [-122.3325063, 47.6041795], [-122.332244, 47.6042887], [-122.3321915, 47.6043106], [-122.3321165, 47.6043419], [-122.331869, 47.6040717], [-122.3319965, 47.6040186], [-122.3320966, 47.6039769], [-122.3322589, 47.6039093]]]}}, {"type": "Feature", "properties": {"osm_id": 357527946, "source": "OpenStreetMap", "building": "yes", "name": "Grand Central Garage", "building:levels": "5"}, "geometry": {"type": "Polygon", "coordinates": [[[-122.3321165, 47.6043419], [-122.3316863, 47.604521], [-122.3314388, 47.6042509], [-122.331869, 47.6040717], [-122.3321165, 47.6043419]]]}}, {"type": "Feature", "properties": {"osm_id": 357542681, "source": "OpenStreetMap", "building": "commercial", "building:levels": "2"}, "geometry": {"type": "Polygon", "coordinates": [[[-122.3333752, 47.6040295], [-122.3337433, 47.6038766], [-122.3338335, 47.603976], [-122.334002, 47.6041616], [-122.3336333, 47.6043135], [-122.3333752, 47.6040295]]]}}, {"type": "Feature", "properties": {"osm_id": 357542683, "source": "OpenStreetMap", "building": "yes", "name": "Melhorn Building", "building:levels": "5"}, "geometry": {"type": "Polygon", "coordinates": [[[-122.3341308, 47.6043034], [-122.333761, 47.604454], [-122.3336333, 47.6043135], [-122.334002, 47.6041616], [-122.3341308, 47.6043034]]]}}, {"type": "Feature", "properties": {"osm_id": 357562885, "source": "OpenStreetMap", "building": "yes", "name": "Security Pacific Building", "building:levels": "5"}, "geometry": {"type": "Polygon", "coordinates": [[[-122.3362097, 47.6065747], [-122.335914, 47.6066988], [-122.3358371, 47.6067311], [-122.3356924, 47.6065735], [-122.3355881, 47.6064599], [-122.3359572, 47.6062997], [-122.336029, 47.6063779], [-122.3362097, 47.6065747]]]}}, {"type": "Feature", "properties": {"osm_id": 357827618, "source": "OpenStreetMap", "building": "yes", "name": "Norton Parking Garage"}, "geometry": {"type": "Polygon", "coordinates": [[[-122.3351137, 47.6036892], [-122.3350478, 47.6036173], [-122.3348633, 47.6034159], [-122.3348278, 47.6034307], [-122.3349807, 47.6035976], [-122.3347532, 47.603694], [-122.3345165, 47.603791], [-122.3345451, 47.6038221], [-122.3345669, 47.603846], [-122.3345889, 47.60387], [-122.3346156, 47.603899], [-122.3346782, 47.6038729], [-122.334682, 47.6038771], [-122.3349182, 47.6037787], [-122.3349129, 47.6037728], [-122.3351137, 47.6036892]]]}}, {"type": "Feature", "properties": {"osm_id": 357834361, "source": "OpenStreetMap", "building": "yes", "name": "S.J. Holmes Building", "building:levels": "2"}, "geometry": {"type": "Polygon", "coordinates": [[[-122.3401908, 47.609237], [-122.3400731, 47.6091058], [-122.3396893, 47.6092644], [-122.3398112, 47.6093963], [-122.3401908, 47.609237]]]}}, {"type": "Feature", "properties": {"osm_id": 357839029, "source": "OpenStreetMap", "building": "yes", "name": "St. Charles/Rector Hotel", "building:levels": "7"}, "geometry": {"type": "Polygon", "coordinates": [[[-122.3321464, 47.6033534], [-122.3318795, 47.6030668], [-122.3320079, 47.6030141], [-122.3322739, 47.6032999], [-122.3321464, 47.6033534]]]}}, {"type": "Feature", "properties": {"osm_id": 357839032, "source": "OpenStreetMap", "building": "yes", "name": "Cherry Street Garage", "building:levels": "7"}, "geometry": {"type": "Polygon", "coordinates": [[[-122.3322739, 47.6032999], [-122.3325314, 47.6031885], [-122.3322645, 47.6029091], [-122.3320079, 47.6030141], [-122.3322739, 47.6032999]]]}}, {"type": "Feature", "properties": {"osm_id": 357841681, "source": "OpenStreetMap", "building": "yes", "name": "Chamber of Commerce Building", "building:levels": "3"}, "geometry": {"type": "Polygon", "coordinates": [[[-122.3327818, 47.6040686], [-122.3325341, 47.6037968], [-122.3327179, 47.6037206], [-122.3329407, 47.6036284], [-122.3330698, 47.6037702], [-122.3331039, 47.6038077], [-122.3331881, 47.6039002], [-122.3329664, 47.6039921], [-122.3327818, 47.6040686]]]}}, {"type": "Feature", "properties": {"osm_id": 357841682, "source": "OpenStreetMap", "building": "yes", "name": "United Way Building"}, "geometry": {"type": "Polygon", "coordinates": [[[-122.3332403, 47.6038786], [-122.3331545, 47.6037851], [-122.3331197, 47.6037472], [-122.3329914, 47.6036073], [-122.3333574, 47.6034557], [-122.3336051, 47.6037275], [-122.3332403, 47.6038786]]]}}, {"type": "Feature", "properties": {"osm_id": 357842685, "source": "OpenStreetMap", "building": "yes"}, "geometry": {"type": "Polygon", "coordinates": [[[-122.3331039, 47.6038077], [-122.3331545, 47.6037851], [-122.3331197, 47.6037472], [-122.3330698, 47.6037702], [-122.3331039, 47.6038077]]]}}, {"type": "Feature", "properties": {"osm_id": 357939320, "source": "OpenStreetMap", "building": "yes", "name": "Schoenfeld Furniture Store Building", "building:levels": "5"}, "geometry": {"type": "Polygon", "coordinates": [[[-122.3365573, 47.605259], [-122.3361653, 47.6054243], [-122.3360403, 47.6052814], [-122.3364328, 47.6051204], [-122.3365573, 47.605259]]]}}, {"type": "Feature", "properties": {"osm_id": 357941381, "source": "OpenStreetMap", "building": "apartments", "name": "Colonial Hotel", "height": "25.9", "building:levels": "7"}, "geometry": {"type": "Polygon", "coordinates": [[[-122.3380021, 47.6058344], [-122.3376259, 47.6059869], [-122.3375199, 47.605868], [-122.3375044, 47.6058506], [-122.3378778, 47.6056936], [-122.3380021, 47.6058344]]]}}, {"type": "Feature", "properties": {"osm_id": 357941382, "source": "OpenStreetMap", "building": "yes", "name": "Grand Pacific Hotel", "building:levels": "4"}, "geometry": {"type": "Polygon", "coordinates": [[[-122.3375044, 47.6058506], [-122.3373753, 47.6057035], [-122.3377538, 47.6055492], [-122.3378778, 47.6056936], [-122.3375044, 47.6058506]]]}}, {"type": "Feature", "properties": {"osm_id": 358232879, "source": "OpenStreetMap", "building": "yes", "building:levels": "4"}, "geometry": {"type": "Polygon", "coordinates": [[[-122.3326909, 47.607677], [-122.3324999, 47.6077571], [-122.3322699, 47.6078535], [-122.3321319, 47.6077037], [-122.3323899, 47.6075954], [-122.3325509, 47.6075274], [-122.3326909, 47.607677]]]}}, {"type": "Feature", "properties": {"osm_id": 358232880, "source": "OpenStreetMap", "building": "yes", "name": "Hotel Vintage", "building:levels": "11"}, "geometry": {"type": "Polygon", "coordinates": [[[-122.3325509, 47.6075274], [-122.3324279, 47.6073933], [-122.3319989, 47.6075731], [-122.3320139, 47.6075898], [-122.3320259, 47.607585], [-122.3321269, 47.6076943], [-122.3321649, 47.6076782], [-122.3321479, 47.60766], [-122.3323659, 47.6075687], [-122.3323899, 47.6075954], [-122.3325509, 47.6075274]]]}}, {"type": "Feature", "properties": {"osm_id": 358242160, "source": "OpenStreetMap", "building": "residential", "name": "Sylvia Odom's Place", "building:levels": "8"}, "geometry": {"type": "Polygon", "coordinates": [[[-122.3416655, 47.6126909], [-122.3414915, 47.612585], [-122.3417818, 47.6123633], [-122.3419514, 47.6124687], [-122.3419307, 47.6124852], [-122.3416655, 47.6126909]]]}}, {"type": "Feature", "properties": {"osm_id": 358260819, "source": "OpenStreetMap", "building": "apartments", "name": "Windham Apartments", "building:levels": "7"}, "geometry": {"type": "Polygon", "coordinates": [[[-122.3424294, 47.6150953], [-122.3422825, 47.6150084], [-122.3419872, 47.6152353], [-122.3421741, 47.6153459], [-122.3421806, 47.6153409], [-122.3422597, 47.6152802], [-122.3421874, 47.6152374], [-122.3422842, 47.6151631], [-122.3423164, 47.6151822], [-122.3424294, 47.6150953]]]}}, {"type": "Feature", "properties": {"osm_id": 358262116, "source": "OpenStreetMap", "building": "yes"}, "geometry": {"type": "Polygon", "coordinates": [[[-122.3456654, 47.6150531], [-122.3457553, 47.6151064], [-122.345941, 47.6149649], [-122.3458498, 47.6149098], [-122.3456654, 47.6150531]]]}}, {"type": "Feature", "properties": {"osm_id": 358267921, "source": "OpenStreetMap", "building": "retail"}, "geometry": {"type": "Polygon", "coordinates": [[[-122.3462387, 47.6142211], [-122.3460581, 47.614114], [-122.3462802, 47.6139437], [-122.3464608, 47.6140508], [-122.3462387, 47.6142211]]]}}, {"type": "Feature", "properties": {"osm_id": 358272087, "source": "OpenStreetMap", "building": "yes", "name": "Trust Parking"}, "geometry": {"type": "Polygon", "coordinates": [[[-122.342017, 47.6124441], [-122.3418254, 47.6123312], [-122.342116, 47.612107], [-122.3423076, 47.6122198], [-122.342017, 47.6124441]]]}}, {"type": "Feature", "properties": {"osm_id": 358272088, "source": "OpenStreetMap", "building": "yes"}, "geometry": {"type": "Polygon", "coordinates": [[[-122.3418254, 47.6123312], [-122.3416398, 47.6122219], [-122.3419304, 47.6119977], [-122.342116, 47.612107], [-122.3418254, 47.6123312]]]}}, {"type": "Feature", "properties": {"osm_id": 358272089, "source": "OpenStreetMap", "building": "yes", "name": "Kimpton Palladian Hotel", "building:levels": "9"}, "geometry": {"type": "Polygon", "coordinates": [[[-122.3416398, 47.6122219], [-122.3414491, 47.6121096], [-122.3417397, 47.6118854], [-122.3419304, 47.6119977], [-122.3416398, 47.6122219]]]}}, {"type": "Feature", "properties": {"osm_id": 358272980, "source": "OpenStreetMap", "building": "apartments", "name": "Dekko Place"}, "geometry": {"type": "Polygon", "coordinates": [[[-122.3339296, 47.6158538], [-122.3337588, 47.6157523], [-122.3338283, 47.6156991], [-122.3340086, 47.6155614], [-122.3340589, 47.6155229], [-122.3342297, 47.6156245], [-122.3339296, 47.6158538]]]}}, {"type": "Feature", "properties": {"osm_id": 358965505, "source": "OpenStreetMap", "building": "yes", "building:levels": "3"}, "geometry": {"type": "Polygon", "coordinates": [[[-122.3320757, 47.604958], [-122.3318271, 47.6046896], [-122.3322134, 47.6045224], [-122.3324572, 47.6047974], [-122.3323287, 47.6048515], [-122.3322045, 47.6049038], [-122.3320757, 47.604958]]]}}, {"type": "Feature", "properties": {"osm_id": 358977678, "source": "OpenStreetMap", "building": "office", "name": "Joseph Vance Building"}, "geometry": {"type": "Polygon", "coordinates": [[[-122.3366866, 47.6093318], [-122.3365469, 47.6091802], [-122.3364426, 47.6090657], [-122.3368173, 47.6089105], [-122.3370595, 47.6091763], [-122.3369128, 47.609237], [-122.3366866, 47.6093318]]]}}, {"type": "Feature", "properties": {"osm_id": 358977679, "source": "OpenStreetMap", "building": "yes"}, "geometry": {"type": "Polygon", "coordinates": [[[-122.3368124, 47.6094727], [-122.3366866, 47.6093318], [-122.3369128, 47.609237], [-122.3370595, 47.6091763], [-122.33719, 47.6093151], [-122.3368124, 47.6094727]]]}}, {"type": "Feature", "properties": {"osm_id": 358980426, "source": "OpenStreetMap", "building": "yes", "building:levels": "2"}, "geometry": {"type": "Polygon", "coordinates": [[[-122.337856, 47.6090201], [-122.337558, 47.6091453], [-122.3375696, 47.6091566], [-122.3374849, 47.6091922], [-122.337354, 47.6090485], [-122.3377367, 47.6088912], [-122.337856, 47.6090201]]]}}, {"type": "Feature", "properties": {"osm_id": 358980427, "source": "OpenStreetMap", "building": "yes", "building:levels": "4"}, "geometry": {"type": "Polygon", "coordinates": [[[-122.3374849, 47.6091922], [-122.3376112, 47.6093313], [-122.3379917, 47.6091703], [-122.3378646, 47.6090333], [-122.3375696, 47.6091566], [-122.3374849, 47.6091922]]]}}, {"type": "Feature", "properties": {"osm_id": 358980801, "source": "OpenStreetMap", "building": "yes", "name": "Hilton Seattle", "building:levels": "29"}, "geometry": {"type": "Polygon", "coordinates": [[[-122.3332528, 47.6090239], [-122.333156, 47.6090642], [-122.3328457, 47.6091919], [-122.3328675, 47.609216], [-122.3330087, 47.6093715], [-122.333023, 47.609388], [-122.333067, 47.6094365], [-122.3330918, 47.609463], [-122.33324, 47.6096265], [-122.333647, 47.6094585], [-122.3334767, 47.6092713], [-122.3334158, 47.6092035], [-122.3332747, 47.609048], [-122.3332528, 47.6090239]]]}}, {"type": "Feature", "properties": {"osm_id": 359240342, "source": "OpenStreetMap", "building": "apartments", "name": "The Davenport", "building:levels": "3"}, "geometry": {"type": "Polygon", "coordinates": [[[-122.3464637, 47.6178792], [-122.3465768, 47.6177904], [-122.3467676, 47.6179008], [-122.3468324, 47.6178498], [-122.3466425, 47.6177399], [-122.3467483, 47.6176568], [-122.3470197, 47.6178138], [-122.3469376, 47.6178783], [-122.3467359, 47.6180367], [-122.3464637, 47.6178792]]]}}, {"type": "Feature", "properties": {"osm_id": 359240343, "source": "OpenStreetMap", "building": "yes"}, "geometry": {"type": "Polygon", "coordinates": [[[-122.3467359, 47.6180367], [-122.3468337, 47.6180933], [-122.3469659, 47.6179894], [-122.3470353, 47.6179349], [-122.3469376, 47.6178783], [-122.3467359, 47.6180367]]]}}, {"type": "Feature", "properties": {"osm_id": 359629973, "source": "OpenStreetMap", "building": "fire_station", "name": "Seattle Fire Station No 2"}, "geometry": {"type": "Polygon", "coordinates": [[[-122.3450264, 47.6161737], [-122.3449854, 47.6162058], [-122.3449814, 47.6162037], [-122.3447704, 47.6163643], [-122.3447764, 47.6163676], [-122.3447384, 47.6163963], [-122.3445774, 47.6163035], [-122.3447154, 47.6161945], [-122.3446214, 47.61614], [-122.3446514, 47.616116], [-122.3445974, 47.6160848], [-122.3444344, 47.616214], [-122.3441914, 47.6160738], [-122.3442814, 47.6160006], [-122.3444764, 47.6158494], [-122.3445224, 47.6158756], [-122.3445174, 47.6158794], [-122.3450264, 47.6161737]]]}}, {"type": "Feature", "properties": {"osm_id": 359629976, "source": "OpenStreetMap", "building": "yes", "building:levels": "2"}, "geometry": {"type": "Polygon", "coordinates": [[[-122.3438194, 47.6158589], [-122.3438094, 47.6158532], [-122.3438134, 47.6158492], [-122.3436434, 47.615751], [-122.3439234, 47.6155296], [-122.3441044, 47.6156342], [-122.3440334, 47.6156918], [-122.3439954, 47.6156706], [-122.3438504, 47.615782], [-122.3438874, 47.615805], [-122.3438194, 47.6158589]]]}}, {"type": "Feature", "properties": {"osm_id": 359638036, "source": "OpenStreetMap", "building": "apartments", "name": "Fleming Apartments"}, "geometry": {"type": "Polygon", "coordinates": [[[-122.345027, 47.6154581], [-122.344809, 47.6156272], [-122.344787, 47.6156144], [-122.34472, 47.6156663], [-122.344901, 47.6157727], [-122.344967, 47.6157219], [-122.344943, 47.6157079], [-122.345163, 47.6155378], [-122.345027, 47.6154581]]]}}, {"type": "Feature", "properties": {"osm_id": 359859172, "source": "OpenStreetMap", "building": "apartments", "name": "Watermarke", "building:levels": "3"}, "geometry": {"type": "Polygon", "coordinates": [[[-122.3486371, 47.6179817], [-122.348271, 47.6177692], [-122.348556, 47.617546], [-122.3489195, 47.617757], [-122.3488881, 47.6177815], [-122.3488208, 47.6178342], [-122.3488025, 47.6178485], [-122.348581, 47.61772], [-122.3485309, 47.6177591], [-122.3487551, 47.6178893], [-122.3487356, 47.6179045], [-122.3487028, 47.6179302], [-122.3486371, 47.6179817]]]}}, {"type": "Feature", "properties": {"osm_id": 359884265, "source": "OpenStreetMap", "building": "apartments", "name": "Joseph Arnold Lofts", "building:levels": "13"}, "geometry": {"type": "Polygon", "coordinates": [[[-122.3523974, 47.6150698], [-122.3520314, 47.6148558], [-122.3523467, 47.6146107], [-122.3527128, 47.6148247], [-122.3523974, 47.6150698]]]}}, {"type": "Feature", "properties": {"osm_id": 359884433, "source": "OpenStreetMap", "building": "commercial"}, "geometry": {"type": "Polygon", "coordinates": [[[-122.3498949, 47.6152213], [-122.3501492, 47.6150238], [-122.3505159, 47.6152404], [-122.3502554, 47.6154348], [-122.3498949, 47.6152213]]]}}, {"type": "Feature", "properties": {"osm_id": 359894111, "source": "OpenStreetMap", "building": "yes", "name": "Hyatt Place Seattle/Downtown"}, "geometry": {"type": "Polygon", "coordinates": [[[-122.3448221, 47.618711], [-122.3448075, 47.6187109], [-122.3448082, 47.6186719], [-122.344692, 47.6186709], [-122.3446912, 47.6187111], [-122.3445316, 47.6187098], [-122.3445323, 47.6186716], [-122.3444089, 47.6186707], [-122.3444081, 47.6187156], [-122.3443919, 47.6187155], [-122.3443886, 47.6189066], [-122.3444942, 47.6189075], [-122.3444922, 47.619019], [-122.3447307, 47.6190209], [-122.3447327, 47.6189049], [-122.3448187, 47.6189055], [-122.3448221, 47.618711]]]}}, {"type": "Feature", "properties": {"osm_id": 359930464, "source": "OpenStreetMap", "building": "yes", "name": "Jordan Building", "building:levels": "3"}, "geometry": {"type": "Polygon", "coordinates": [[[-122.3400113, 47.614714], [-122.3398267, 47.6146048], [-122.3400657, 47.6144199], [-122.3402503, 47.6145294], [-122.3400113, 47.614714]]]}}, {"type": "Feature", "properties": {"osm_id": 359930465, "source": "OpenStreetMap", "building": "data_center", "name": "Equinix SE3 Data Center", "building:levels": "5"}, "geometry": {"type": "Polygon", "coordinates": [[[-122.3398267, 47.6146048], [-122.3397852, 47.6146408], [-122.3394198, 47.6144237], [-122.3396693, 47.6142356], [-122.3397031, 47.6142051], [-122.3400657, 47.6144199], [-122.3398267, 47.6146048]]]}}, {"type": "Feature", "properties": {"osm_id": 359931171, "source": "OpenStreetMap", "building": "apartments", "name": "Sheridan Apartments", "building:levels": "6"}, "geometry": {"type": "Polygon", "coordinates": [[[-122.3397688, 47.6139139], [-122.3398518, 47.6138489], [-122.3398198, 47.613829], [-122.3399688, 47.6137147], [-122.3400018, 47.6137334], [-122.3400568, 47.6136885], [-122.3398768, 47.6135814], [-122.3398198, 47.6136266], [-122.3398558, 47.6136473], [-122.3397048, 47.6137645], [-122.3396708, 47.6137444], [-122.3395948, 47.6138001], [-122.3395868, 47.613806], [-122.3397688, 47.6139139]]]}}, {"type": "Feature", "properties": {"osm_id": 359931172, "source": "OpenStreetMap", "building": "yes", "name": "Griffin Building", "building:levels": "4"}, "geometry": {"type": "Polygon", "coordinates": [[[-122.3395948, 47.6138001], [-122.3394138, 47.6136936], [-122.3396958, 47.6134738], [-122.3398768, 47.6135814], [-122.3398198, 47.6136266], [-122.3398128, 47.6136222], [-122.3397968, 47.613634], [-122.3397628, 47.6136139], [-122.3396678, 47.6136879], [-122.3397108, 47.6137129], [-122.3396708, 47.6137444], [-122.3395948, 47.6138001]]]}}, {"type": "Feature", "properties": {"osm_id": 359942513, "source": "OpenStreetMap", "building": "apartments", "name": "The Virginian Apartments", "building:levels": "4"}, "geometry": {"type": "Polygon", "coordinates": [[[-122.3402763, 47.6137637], [-122.3400931, 47.6136556], [-122.3401527, 47.6136097], [-122.3401887, 47.6136309], [-122.3403511, 47.6135058], [-122.3403095, 47.6134814], [-122.3403765, 47.6134298], [-122.3405652, 47.613541], [-122.3404952, 47.613595], [-122.3404587, 47.6135735], [-122.3403103, 47.6136879], [-122.3403467, 47.6137094], [-122.3402763, 47.6137637]]]}}, {"type": "Feature", "properties": {"osm_id": 359942514, "source": "OpenStreetMap", "building": "yes", "name": "Warwick Hotel Parking", "building:levels": "5"}, "geometry": {"type": "Polygon", "coordinates": [[[-122.3406364, 47.6139761], [-122.3402763, 47.6137637], [-122.3403467, 47.6137094], [-122.3404952, 47.613595], [-122.3405652, 47.613541], [-122.3409253, 47.6137535], [-122.3406364, 47.6139761]]]}}, {"type": "Feature", "properties": {"osm_id": 360375139, "source": "OpenStreetMap", "building": "commercial"}, "geometry": {"type": "Polygon", "coordinates": [[[-122.3429894, 47.6141939], [-122.3428492, 47.6141108], [-122.3431327, 47.6138904], [-122.3431377, 47.6138869], [-122.3432739, 47.6139703], [-122.3429894, 47.6141939]]]}}, {"type": "Feature", "properties": {"osm_id": 360375140, "source": "OpenStreetMap", "building": "commercial"}, "geometry": {"type": "Polygon", "coordinates": [[[-122.3428492, 47.6141108], [-122.3426197, 47.6139755], [-122.3429027, 47.6137549], [-122.3431327, 47.6138904], [-122.3428492, 47.6141108]]]}}, {"type": "Feature", "properties": {"osm_id": 360375141, "source": "OpenStreetMap", "building": "commercial"}, "geometry": {"type": "Polygon", "coordinates": [[[-122.3426197, 47.6139755], [-122.3424345, 47.6138663], [-122.3427176, 47.6136457], [-122.3429027, 47.6137549], [-122.3426197, 47.6139755]]]}}, {"type": "Feature", "properties": {"osm_id": 360375143, "source": "OpenStreetMap", "building": "commercial", "name": "2112 Third Avenue Building"}, "geometry": {"type": "Polygon", "coordinates": [[[-122.3424345, 47.6138663], [-122.3422528, 47.6137584], [-122.3425382, 47.6135384], [-122.3427176, 47.6136457], [-122.3424345, 47.6138663]]]}}, {"type": "Feature", "properties": {"osm_id": 360379030, "source": "OpenStreetMap", "building": "yes", "name": "Jiffy Lube"}, "geometry": {"type": "Polygon", "coordinates": [[[-122.341323, 47.613451], [-122.3411419, 47.6133438], [-122.3411792, 47.6133151], [-122.3412755, 47.6132412], [-122.3414566, 47.6133485], [-122.341323, 47.613451]]]}}, {"type": "Feature", "properties": {"osm_id": 360389738, "source": "OpenStreetMap", "building": "retail", "name": "SIFF Cinema Downtown", "height": "13.7", "building:levels": "3"}, "geometry": {"type": "Polygon", "coordinates": [[[-122.3410261, 47.6142048], [-122.3413912, 47.6144192], [-122.3416742, 47.6141975], [-122.3413101, 47.6139835], [-122.3410941, 47.6141518], [-122.3410261, 47.6142048]]]}}, {"type": "Feature", "properties": {"osm_id": 360389739, "source": "OpenStreetMap", "building": "apartments", "name": "Arriv\u00e9", "height": "19.3", "building:levels": "4"}, "geometry": {"type": "Polygon", "coordinates": [[[-122.3420481, 47.6144128], [-122.3418455, 47.6142949], [-122.3418502, 47.6142878], [-122.3417771, 47.6142551], [-122.3417254, 47.614225], [-122.3417124, 47.6142351], [-122.3416656, 47.6142079], [-122.3413927, 47.6144211], [-122.3414661, 47.6144637], [-122.3415556, 47.6145156], [-122.3415918, 47.6145366], [-122.3416349, 47.6145615], [-122.3416725, 47.6145833], [-122.3417191, 47.6146104], [-122.3417622, 47.6146361], [-122.3420481, 47.6144128]]]}}, {"type": "Feature", "properties": {"osm_id": 360399939, "source": "OpenStreetMap", "building": "yes", "name": "Army Building", "building:levels": "2"}, "geometry": {"type": "Polygon", "coordinates": [[[-122.3427794, 47.6133479], [-122.3426073, 47.6132454], [-122.3427358, 47.6131474], [-122.3428949, 47.6130262], [-122.343067, 47.6131289], [-122.3429863, 47.6131904], [-122.3428561, 47.6132895], [-122.3427794, 47.6133479]]]}}, {"type": "Feature", "properties": {"osm_id": 360408937, "source": "OpenStreetMap", "building": "commercial", "building:levels": "2"}, "geometry": {"type": "Polygon", "coordinates": [[[-122.3401685, 47.614873], [-122.340456, 47.6146501], [-122.3406458, 47.6147618], [-122.3403579, 47.6149847], [-122.3401685, 47.614873]]]}}, {"type": "Feature", "properties": {"osm_id": 360411199, "source": "OpenStreetMap", "building": "commercial", "building:levels": "2"}, "geometry": {"type": "Polygon", "coordinates": [[[-122.3410631, 47.6146789], [-122.3413507, 47.6144563], [-122.3415456, 47.6145715], [-122.3412553, 47.6147925], [-122.3410631, 47.6146789]]]}}, {"type": "Feature", "properties": {"osm_id": 360411200, "source": "OpenStreetMap", "building": "commercial", "building:levels": "2"}, "geometry": {"type": "Polygon", "coordinates": [[[-122.3412553, 47.6147925], [-122.3414308, 47.6148962], [-122.3417184, 47.6146736], [-122.3415456, 47.6145715], [-122.3412553, 47.6147925]]]}}, {"type": "Feature", "properties": {"osm_id": 360411201, "source": "OpenStreetMap", "building": "commercial", "building:levels": "1"}, "geometry": {"type": "Polygon", "coordinates": [[[-122.3414308, 47.6148962], [-122.341615, 47.6150049], [-122.341895, 47.6147883], [-122.341904, 47.6147815], [-122.3417184, 47.6146736], [-122.3414308, 47.6148962]]]}}, {"type": "Feature", "properties": {"osm_id": 360425883, "source": "OpenStreetMap", "building": "commercial", "building:levels": "1"}, "geometry": {"type": "Polygon", "coordinates": [[[-122.3435897, 47.6149988], [-122.3434061, 47.6148912], [-122.3436977, 47.6146699], [-122.3438782, 47.6147763], [-122.3435897, 47.6149988]]]}}, {"type": "Feature", "properties": {"osm_id": 360428764, "source": "OpenStreetMap", "building": "yes"}, "geometry": {"type": "Polygon", "coordinates": [[[-122.3421753, 47.615983], [-122.3419919, 47.6158745], [-122.3420761, 47.6158099], [-122.3422281, 47.6156931], [-122.3424115, 47.6158015], [-122.3421753, 47.615983]]]}}, {"type": "Feature", "properties": {"osm_id": 360429845, "source": "OpenStreetMap", "building": "apartments"}, "geometry": {"type": "Polygon", "coordinates": [[[-122.3507936, 47.6152916], [-122.3505976, 47.6151753], [-122.3506042, 47.6151703], [-122.3509113, 47.614935], [-122.3509195, 47.6149288], [-122.3511155, 47.615045], [-122.3507936, 47.6152916]]]}}, {"type": "Feature", "properties": {"osm_id": 360432749, "source": "OpenStreetMap", "building": "apartments", "name": "The Devonshire", "building:levels": "3"}, "geometry": {"type": "Polygon", "coordinates": [[[-122.3455312, 47.6173233], [-122.3458989, 47.6175389], [-122.3461829, 47.6173157], [-122.3461859, 47.6173132], [-122.3458228, 47.6171011], [-122.3457148, 47.6171868], [-122.3459912, 47.6173489], [-122.3459258, 47.6174001], [-122.3456442, 47.6172352], [-122.3455312, 47.6173233]]]}}, {"type": "Feature", "properties": {"osm_id": 360577557, "source": "OpenStreetMap", "building": "commercial", "building:levels": "3"}, "geometry": {"type": "Polygon", "coordinates": [[[-122.3373429, 47.6155419], [-122.3371599, 47.6154333], [-122.3371778, 47.6154192], [-122.3374807, 47.6151836], [-122.3375776, 47.6152388], [-122.3376717, 47.6152923], [-122.3375234, 47.6154037], [-122.3374549, 47.6154544], [-122.3373429, 47.6155419]]]}}, {"type": "Feature", "properties": {"osm_id": 360577558, "source": "OpenStreetMap", "building": "yes", "name": "St Martins On Westlake"}, "geometry": {"type": "Polygon", "coordinates": [[[-122.3377656, 47.6157907], [-122.3373429, 47.6155419], [-122.3374549, 47.6154544], [-122.3375119, 47.6154896], [-122.3375369, 47.6154719], [-122.3375234, 47.6154037], [-122.3376717, 47.6152923], [-122.3377778, 47.6157902], [-122.3377656, 47.6157907]]]}}, {"type": "Feature", "properties": {"osm_id": 360585007, "source": "OpenStreetMap", "building": "commercial", "name": "Industrious Building", "building:levels": "11"}, "geometry": {"type": "Polygon", "coordinates": [[[-122.3389753, 47.6145232], [-122.3391393, 47.6143938], [-122.339755, 47.6147606], [-122.3398671, 47.6148274], [-122.339701, 47.6149551], [-122.339338, 47.6147392], [-122.3391248, 47.6146123], [-122.3389753, 47.6145232]]]}}, {"type": "Feature", "properties": {"osm_id": 360585008, "source": "OpenStreetMap", "building": "bridge", "building:levels": "2"}, "geometry": {"type": "Polygon", "coordinates": [[[-122.3387893, 47.6139056], [-122.3387777, 47.6139145], [-122.3389712, 47.6140266], [-122.3389827, 47.6140176], [-122.3387893, 47.6139056]]]}}, {"type": "Feature", "properties": {"osm_id": 360589950, "source": "OpenStreetMap", "building": "commercial"}, "geometry": {"type": "Polygon", "coordinates": [[[-122.3449361, 47.6134505], [-122.3448134, 47.6133789], [-122.3448921, 47.6133153], [-122.3449159, 47.6133297], [-122.3450244, 47.6132453], [-122.3451028, 47.6132911], [-122.3449921, 47.613379], [-122.3450114, 47.6133905], [-122.3449361, 47.6134505]]]}}, {"type": "Feature", "properties": {"osm_id": 360620650, "source": "OpenStreetMap", "building": "commercial", "building:levels": "1"}, "geometry": {"type": "Polygon", "coordinates": [[[-122.3457131, 47.6146351], [-122.3460026, 47.6144109], [-122.3461829, 47.6145167], [-122.3458934, 47.6147409], [-122.3457131, 47.6146351]]]}}, {"type": "Feature", "properties": {"osm_id": 360620651, "source": "OpenStreetMap", "building": "commercial", "building:levels": "2"}, "geometry": {"type": "Polygon", "coordinates": [[[-122.3458934, 47.6147409], [-122.3460761, 47.6148481], [-122.3463657, 47.6146239], [-122.3461829, 47.6145167], [-122.3458934, 47.6147409]]]}}, {"type": "Feature", "properties": {"osm_id": 360620652, "source": "OpenStreetMap", "building": "commercial"}, "geometry": {"type": "Polygon", "coordinates": [[[-122.3460761, 47.6148481], [-122.3462589, 47.6149554], [-122.3463014, 47.6149225], [-122.3465485, 47.6147312], [-122.3463657, 47.6146239], [-122.3460761, 47.6148481]]]}}, {"type": "Feature", "properties": {"osm_id": 360621379, "source": "OpenStreetMap", "building": "yes", "name": "Belltown Senior Apartments"}, "geometry": {"type": "Polygon", "coordinates": [[[-122.3444619, 47.6138251], [-122.3442768, 47.6137159], [-122.3445157, 47.613532], [-122.3446994, 47.6136407], [-122.3444619, 47.6138251]]]}}, {"type": "Feature", "properties": {"osm_id": 360771044, "source": "OpenStreetMap", "building": "yes"}, "geometry": {"type": "Polygon", "coordinates": [[[-122.3477234, 47.6122992], [-122.3475429, 47.6121924], [-122.347734, 47.6120513], [-122.3479098, 47.6121552], [-122.3477234, 47.6122992]]]}}, {"type": "Feature", "properties": {"osm_id": 360789237, "source": "OpenStreetMap", "building": "commercial"}, "geometry": {"type": "Polygon", "coordinates": [[[-122.3414045, 47.6113637], [-122.3413127, 47.6113106], [-122.3415987, 47.6110869], [-122.3416915, 47.6111422], [-122.3414045, 47.6113637]]]}}, {"type": "Feature", "properties": {"osm_id": 360789238, "source": "OpenStreetMap", "building": "commercial"}, "geometry": {"type": "Polygon", "coordinates": [[[-122.3413127, 47.6113106], [-122.3412319, 47.6112653], [-122.3415228, 47.6110426], [-122.3415987, 47.6110869], [-122.3413127, 47.6113106]]]}}, {"type": "Feature", "properties": {"osm_id": 360929649, "source": "OpenStreetMap", "building": "commercial", "name": "Crutcher Lewis", "building:levels": "3"}, "geometry": {"type": "Polygon", "coordinates": [[[-122.340725, 47.6121336], [-122.340546, 47.6120275], [-122.3408325, 47.6118078], [-122.3410115, 47.611914], [-122.340725, 47.6121336]]]}}, {"type": "Feature", "properties": {"osm_id": 360929650, "source": "OpenStreetMap", "building": "apartments", "name": "Haddon", "building:levels": "6"}, "geometry": {"type": "Polygon", "coordinates": [[[-122.340546, 47.6120275], [-122.3403636, 47.6119194], [-122.3406515, 47.6116987], [-122.3408338, 47.6118068], [-122.3408325, 47.6118078], [-122.340546, 47.6120275]]]}}, {"type": "Feature", "properties": {"osm_id": 360929651, "source": "OpenStreetMap", "building": "commercial", "building:levels": "6"}, "geometry": {"type": "Polygon", "coordinates": [[[-122.3403636, 47.6119194], [-122.3401825, 47.611812], [-122.3404704, 47.6115913], [-122.3406515, 47.6116987], [-122.3403636, 47.6119194]]]}}, {"type": "Feature", "properties": {"osm_id": 360947360, "source": "OpenStreetMap", "building": "commercial", "name": "Broadacres Building", "height": "37.8", "building:levels": "9"}, "geometry": {"type": "Polygon", "coordinates": [[[-122.3400905, 47.6102947], [-122.3404208, 47.6101554], [-122.3406122, 47.6103617], [-122.3406623, 47.6104156], [-122.3404423, 47.6105084], [-122.3402883, 47.6105733], [-122.3400743, 47.6103427], [-122.3400905, 47.6102947]]]}}, {"type": "Feature", "properties": {"osm_id": 360950554, "source": "OpenStreetMap", "building": "yes", "building:levels": "8"}, "geometry": {"type": "Polygon", "coordinates": [[[-122.3424494, 47.6108171], [-122.3422575, 47.6107045], [-122.3423277, 47.6106501], [-122.3423884, 47.6106857], [-122.3425441, 47.6105651], [-122.3424834, 47.6105295], [-122.3425463, 47.6104808], [-122.3425524, 47.6104761], [-122.3427443, 47.6105887], [-122.3424494, 47.6108171]]]}}, {"type": "Feature", "properties": {"osm_id": 360950557, "source": "OpenStreetMap", "building": "yes", "building:levels": "5"}, "geometry": {"type": "Polygon", "coordinates": [[[-122.3422575, 47.6107045], [-122.3421657, 47.6106506], [-122.3424544, 47.6104269], [-122.3425463, 47.6104808], [-122.3424834, 47.6105295], [-122.3423277, 47.6106501], [-122.3422575, 47.6107045]]]}}, {"type": "Feature", "properties": {"osm_id": 360950559, "source": "OpenStreetMap", "building": "yes", "building:levels": "5"}, "geometry": {"type": "Polygon", "coordinates": [[[-122.3421657, 47.6106506], [-122.3421198, 47.6106236], [-122.3420739, 47.6105967], [-122.3423691, 47.6103681], [-122.3423724, 47.6103655], [-122.3424641, 47.6104194], [-122.3424544, 47.6104269], [-122.3421657, 47.6106506]]]}}, {"type": "Feature", "properties": {"osm_id": 360950561, "source": "OpenStreetMap", "building": "retail", "name": "Alaska Trade Building", "building:levels": "5"}, "geometry": {"type": "Polygon", "coordinates": [[[-122.3420739, 47.6105967], [-122.3420606, 47.6105889], [-122.3420484, 47.6105818], [-122.3419815, 47.6105425], [-122.341889, 47.6104882], [-122.342074, 47.6103449], [-122.3421842, 47.6102596], [-122.3423691, 47.6103681], [-122.3420739, 47.6105967]]]}}, {"type": "Feature", "properties": {"osm_id": 360950564, "source": "OpenStreetMap", "building": "apartments", "name": "Fairmount Apartments"}, "geometry": {"type": "Polygon", "coordinates": [[[-122.341889, 47.6104882], [-122.3415227, 47.6102733], [-122.3417077, 47.61013], [-122.342074, 47.6103449], [-122.341889, 47.6104882]]]}}, {"type": "Feature", "properties": {"osm_id": 360950567, "source": "OpenStreetMap", "building": "commercial", "building:levels": "2"}, "geometry": {"type": "Polygon", "coordinates": [[[-122.342074, 47.6103449], [-122.3417077, 47.61013], [-122.3418179, 47.6100446], [-122.3421842, 47.6102596], [-122.342074, 47.6103449]]]}}, {"type": "Feature", "properties": {"osm_id": 362819087, "source": "OpenStreetMap", "building": "commercial", "name": "CenturyLink", "building:levels": "12"}, "geometry": {"type": "Polygon", "coordinates": [[[-122.3432728, 47.6124701], [-122.3436386, 47.6126849], [-122.343926, 47.6124624], [-122.3435602, 47.6122476], [-122.3432728, 47.6124701]]]}}, {"type": "Feature", "properties": {"osm_id": 362819088, "source": "OpenStreetMap", "building": "commercial"}, "geometry": {"type": "Polygon", "coordinates": [[[-122.3438246, 47.612794], [-122.3436386, 47.6126849], [-122.343926, 47.6124624], [-122.344112, 47.6125715], [-122.3438246, 47.612794]]]}}, {"type": "Feature", "properties": {"osm_id": 362819089, "source": "OpenStreetMap", "building": "apartments"}, "geometry": {"type": "Polygon", "coordinates": [[[-122.3438246, 47.612794], [-122.3440043, 47.6128995], [-122.3442909, 47.6126777], [-122.3442165, 47.6126341], [-122.3442131, 47.6126366], [-122.344172, 47.6126125], [-122.3441762, 47.6126092], [-122.344112, 47.6125715], [-122.3438246, 47.612794]]]}}, {"type": "Feature", "properties": {"osm_id": 362819090, "source": "OpenStreetMap", "building": "apartments", "name": "The Rivoli", "building:levels": "3"}, "geometry": {"type": "Polygon", "coordinates": [[[-122.3441921, 47.6130098], [-122.3440043, 47.6128995], [-122.3442909, 47.6126777], [-122.3446607, 47.6128948], [-122.3444945, 47.6130234], [-122.3444201, 47.6129797], [-122.3444667, 47.6129437], [-122.3443352, 47.6128665], [-122.3442385, 47.6129413], [-122.3442624, 47.6129554], [-122.3441921, 47.6130098]]]}}, {"type": "Feature", "properties": {"osm_id": 362828788, "source": "OpenStreetMap", "building": "commercial"}, "geometry": {"type": "Polygon", "coordinates": [[[-122.3441559, 47.6125377], [-122.3439731, 47.6124251], [-122.3441302, 47.6123067], [-122.3442673, 47.6122035], [-122.3442708, 47.6122014], [-122.3444503, 47.6123086], [-122.3441559, 47.6125377]]]}}, {"type": "Feature", "properties": {"osm_id": 362828789, "source": "OpenStreetMap", "building": "commercial", "building:levels": "2"}, "geometry": {"type": "Polygon", "coordinates": [[[-122.3439731, 47.6124251], [-122.3436107, 47.6122131], [-122.3437668, 47.6120907], [-122.3441302, 47.6123067], [-122.3439731, 47.6124251]]]}}, {"type": "Feature", "properties": {"osm_id": 362828790, "source": "OpenStreetMap", "building": "commercial", "building:levels": "1"}, "geometry": {"type": "Polygon", "coordinates": [[[-122.3446951, 47.6121444], [-122.3445074, 47.6120337], [-122.3446698, 47.6119086], [-122.3448575, 47.6120193], [-122.3446951, 47.6121444]]]}}, {"type": "Feature", "properties": {"osm_id": 362828791, "source": "OpenStreetMap", "building": "commercial", "building:levels": "1"}, "geometry": {"type": "Polygon", "coordinates": [[[-122.3448792, 47.612253], [-122.3446951, 47.6121444], [-122.3448575, 47.6120193], [-122.3449644, 47.611937], [-122.3451485, 47.6120456], [-122.3451348, 47.6120559], [-122.3448871, 47.6122471], [-122.3448792, 47.612253]]]}}, {"type": "Feature", "properties": {"osm_id": 362842408, "source": "OpenStreetMap", "building": "commercial"}, "geometry": {"type": "Polygon", "coordinates": [[[-122.3427801, 47.611714], [-122.342868, 47.6117652], [-122.3431582, 47.6115388], [-122.3430704, 47.6114876], [-122.3427801, 47.611714]]]}}, {"type": "Feature", "properties": {"osm_id": 362856925, "source": "OpenStreetMap", "building": "commercial", "building:levels": "2"}, "geometry": {"type": "Polygon", "coordinates": [[[-122.3450268, 47.6118699], [-122.3448482, 47.6117621], [-122.345165, 47.6115211], [-122.3453426, 47.6116268], [-122.3450268, 47.6118699]]]}}, {"type": "Feature", "properties": {"osm_id": 362997557, "source": "OpenStreetMap", "building": "apartments", "name": "Lewiston Apartments", "building:levels": "3"}, "geometry": {"type": "Polygon", "coordinates": [[[-122.3454224, 47.6125766], [-122.3456095, 47.6126875], [-122.3459066, 47.6124596], [-122.3457196, 47.6123488], [-122.3454224, 47.6125766]]]}}, {"type": "Feature", "properties": {"osm_id": 362997558, "source": "OpenStreetMap", "building": "yes", "name": "Lewiston-Scargo Apartments", "building:levels": "3"}, "geometry": {"type": "Polygon", "coordinates": [[[-122.3456095, 47.6126875], [-122.3457904, 47.6127947], [-122.3458562, 47.6127443], [-122.346084, 47.6125695], [-122.3460875, 47.6125668], [-122.3459066, 47.6124596], [-122.3456095, 47.6126875]]]}}, {"type": "Feature", "properties": {"osm_id": 362997559, "source": "OpenStreetMap", "building": "apartments", "name": "The Belltown Collective", "building:levels": "4"}, "geometry": {"type": "Polygon", "coordinates": [[[-122.3463396, 47.6131207], [-122.346158, 47.6130141], [-122.3462304, 47.612958], [-122.346452, 47.6127864], [-122.3466336, 47.612893], [-122.3463396, 47.6131207]]]}}, {"type": "Feature", "properties": {"osm_id": 363007911, "source": "OpenStreetMap", "building": "commercial", "name": "Revel"}, "geometry": {"type": "Polygon", "coordinates": [[[-122.3439178, 47.6147436], [-122.3441004, 47.6148509], [-122.3443824, 47.6146311], [-122.3442004, 47.6145241], [-122.3439178, 47.6147436]]]}}, {"type": "Feature", "properties": {"osm_id": 363036782, "source": "OpenStreetMap", "building": "office", "name": "1411 Fourth Avenue", "height": "55.5", "building:levels": "15"}, "geometry": {"type": "Polygon", "coordinates": [[[-122.3366462, 47.6093611], [-122.3362596, 47.6095222], [-122.3360131, 47.6092535], [-122.3363989, 47.6090921], [-122.3366462, 47.6093611]]]}}, {"type": "Feature", "properties": {"osm_id": 363036783, "source": "OpenStreetMap", "building": "office", "name": "Miken Building", "height": "29.6", "building:levels": "8"}, "geometry": {"type": "Polygon", "coordinates": [[[-122.3366462, 47.6093611], [-122.3367728, 47.6094992], [-122.3363862, 47.6096603], [-122.3362596, 47.6095222], [-122.3366462, 47.6093611]]]}}, {"type": "Feature", "properties": {"osm_id": 363036784, "source": "OpenStreetMap", "building": "yes", "building:levels": "2"}, "geometry": {"type": "Polygon", "coordinates": [[[-122.3367728, 47.6094992], [-122.3368979, 47.6096363], [-122.3365108, 47.6097959], [-122.3363862, 47.6096603], [-122.3367728, 47.6094992]]]}}, {"type": "Feature", "properties": {"osm_id": 363036785, "source": "OpenStreetMap", "building": "retail", "name": "Joshua Green Building", "height": "37", "building:levels": "10"}, "geometry": {"type": "Polygon", "coordinates": [[[-122.3368979, 47.6096363], [-122.3371498, 47.609913], [-122.3367598, 47.6100729], [-122.3365108, 47.6097959], [-122.3368979, 47.6096363]]]}}, {"type": "Feature", "properties": {"osm_id": 363036786, "source": "OpenStreetMap", "building": "retail", "name": "Fourth and Pike Building", "height": "45.4"}, "geometry": {"type": "Polygon", "coordinates": [[[-122.3360742, 47.610341], [-122.3359677, 47.6102235], [-122.335923, 47.6101743], [-122.3358853, 47.6101327], [-122.3358386, 47.6100812], [-122.3358761, 47.6100649], [-122.3361096, 47.6099683], [-122.336223, 47.6099213], [-122.33627, 47.6099726], [-122.3364612, 47.6101816], [-122.3360742, 47.610341]]]}}, {"type": "Feature", "properties": {"osm_id": 363036787, "source": "OpenStreetMap", "building": "yes", "building:levels": "5"}, "geometry": {"type": "Polygon", "coordinates": [[[-122.336223, 47.6099213], [-122.3359774, 47.609645], [-122.3358475, 47.609698], [-122.3357024, 47.6097551], [-122.3356233, 47.6097874], [-122.3358761, 47.6100649], [-122.3361096, 47.6099683], [-122.336223, 47.6099213]]]}}, {"type": "Feature", "properties": {"osm_id": 363036788, "source": "OpenStreetMap", "building": "yes", "building:levels": "5"}, "geometry": {"type": "Polygon", "coordinates": [[[-122.3359774, 47.609645], [-122.3358501, 47.6095032], [-122.3354583, 47.6096631], [-122.3355842, 47.6098033], [-122.3356233, 47.6097874], [-122.3357024, 47.6097551], [-122.3356835, 47.609734], [-122.3358272, 47.6096754], [-122.3358475, 47.609698], [-122.3359774, 47.609645]]]}}, {"type": "Feature", "properties": {"osm_id": 363036789, "source": "OpenStreetMap", "building": "yes", "name": "Great Northern Building", "height": "14.81", "building:levels": "4"}, "geometry": {"type": "Polygon", "coordinates": [[[-122.3358501, 47.6095032], [-122.3357314, 47.6093703], [-122.3353438, 47.6095339], [-122.3354583, 47.6096631], [-122.3358501, 47.6095032]]]}}, {"type": "Feature", "properties": {"osm_id": 363036790, "source": "OpenStreetMap", "building": "yes"}, "geometry": {"type": "Polygon", "coordinates": [[[-122.3355255, 47.6098146], [-122.3354389, 47.6097208], [-122.3350236, 47.6098946], [-122.3351106, 47.6099888], [-122.3352702, 47.6099218], [-122.3355255, 47.6098146]]]}}, {"type": "Feature", "properties": {"osm_id": 363036791, "source": "OpenStreetMap", "building": "yes", "building:levels": "2"}, "geometry": {"type": "Polygon", "coordinates": [[[-122.3354389, 47.6097208], [-122.3352813, 47.6095496], [-122.3348523, 47.6097303], [-122.3350148, 47.6098981], [-122.3350236, 47.6098946], [-122.3354389, 47.6097208]]]}}, {"type": "Feature", "properties": {"osm_id": 363045536, "source": "OpenStreetMap", "building": "apartments", "name": "Larned Apartments", "building:levels": "3"}, "geometry": {"type": "Polygon", "coordinates": [[[-122.3382534, 47.6160838], [-122.3381887, 47.6160454], [-122.3381572, 47.6159164], [-122.3383655, 47.6157622], [-122.3385351, 47.6158636], [-122.3382534, 47.6160838]]]}}, {"type": "Feature", "properties": {"osm_id": 363046815, "source": "OpenStreetMap", "building": "yes", "name": "Gilmore Apartments", "building:levels": "6"}, "geometry": {"type": "Polygon", "coordinates": [[[-122.3381312, 47.6106689], [-122.3381194, 47.6106886], [-122.3379787, 47.6107471], [-122.3380421, 47.6108164], [-122.337934, 47.6108614], [-122.3379796, 47.6109113], [-122.338154, 47.6108386], [-122.3382047, 47.6108177], [-122.3382088, 47.610822], [-122.3383293, 47.6107719], [-122.3383394, 47.610783], [-122.3384871, 47.6107216], [-122.3384768, 47.6107103], [-122.3383965, 47.6106225], [-122.3383821, 47.6106285], [-122.3382455, 47.6104792], [-122.3382232, 47.6104548], [-122.338015, 47.6105414], [-122.3380661, 47.6105972], [-122.3380548, 47.6106019], [-122.3380815, 47.610631], [-122.3380923, 47.6106265], [-122.3381312, 47.6106689]]]}}, {"type": "Feature", "properties": {"osm_id": 363046816, "source": "OpenStreetMap", "building": "yes", "name": "The Century Building", "height": "29.6", "building:levels": "8"}, "geometry": {"type": "Polygon", "coordinates": [[[-122.3382232, 47.6104548], [-122.3380947, 47.6103143], [-122.3377244, 47.6104683], [-122.3378529, 47.6106088], [-122.338015, 47.6105414], [-122.3382232, 47.6104548]]]}}, {"type": "Feature", "properties": {"osm_id": 363046817, "source": "OpenStreetMap", "building": "office", "name": "Century Square"}, "geometry": {"type": "Polygon", "coordinates": [[[-122.3380947, 47.6103143], [-122.3377244, 47.6104683], [-122.3376589, 47.6104955], [-122.337293, 47.6106476], [-122.33713, 47.6104694], [-122.337075, 47.6104092], [-122.3370659, 47.6103992], [-122.336927, 47.6102474], [-122.3369127, 47.6102318], [-122.3370498, 47.6101748], [-122.3373855, 47.6100352], [-122.3377143, 47.6098985], [-122.3377286, 47.6099141], [-122.3378675, 47.610066], [-122.3378766, 47.6100759], [-122.3379736, 47.610182], [-122.3380947, 47.6103143]]]}}, {"type": "Feature", "properties": {"osm_id": 363046821, "source": "OpenStreetMap", "building": "yes", "name": "1525 4th Avenue Building", "building:levels": "2"}, "geometry": {"type": "Polygon", "coordinates": [[[-122.337293, 47.6106476], [-122.3374231, 47.6107875], [-122.3376654, 47.6110481], [-122.3379773, 47.6109164], [-122.3379088, 47.6108426], [-122.3379629, 47.6108199], [-122.3376589, 47.6104955], [-122.337293, 47.6106476]]]}}, {"type": "Feature", "properties": {"osm_id": 363046824, "source": "OpenStreetMap", "building": "retail", "name": "1505 5th Avenue", "height": "22.2", "building:levels": "6"}, "geometry": {"type": "Polygon", "coordinates": [[[-122.3364352, 47.6108203], [-122.336018, 47.6109938], [-122.3357753, 47.6107337], [-122.3362041, 47.610556], [-122.3364352, 47.6108203]]]}}, {"type": "Feature", "properties": {"osm_id": 363046825, "source": "OpenStreetMap", "building": "yes", "building:levels": "5"}, "geometry": {"type": "Polygon", "coordinates": [[[-122.3366861, 47.6111008], [-122.3362755, 47.6112729], [-122.336018, 47.6109938], [-122.3364352, 47.6108203], [-122.3366861, 47.6111008]]]}}, {"type": "Feature", "properties": {"osm_id": 363046826, "source": "OpenStreetMap", "building": "yes", "name": "5th & Pine Building", "height": "18.5", "building:levels": "5"}, "geometry": {"type": "Polygon", "coordinates": [[[-122.3362755, 47.6112729], [-122.3365125, 47.6115296], [-122.336852, 47.6113899], [-122.336804, 47.6111577], [-122.3367371, 47.6111363], [-122.3367207, 47.6111243], [-122.3366861, 47.6111008], [-122.3362755, 47.6112729]]]}}, {"type": "Feature", "properties": {"osm_id": 363046827, "source": "OpenStreetMap", "building": "yes", "building:levels": "4"}, "geometry": {"type": "Polygon", "coordinates": [[[-122.3362929, 47.611632], [-122.3358767, 47.6118048], [-122.3358177, 47.6117384], [-122.3356435, 47.6115397], [-122.3358486, 47.6114511], [-122.3360515, 47.6113667], [-122.3362929, 47.611632]]]}}, {"type": "Feature", "properties": {"osm_id": 363046828, "source": "OpenStreetMap", "building": "yes", "building:levels": "4"}, "geometry": {"type": "Polygon", "coordinates": [[[-122.3359343, 47.6112387], [-122.3357941, 47.6110855], [-122.3357612, 47.6110996], [-122.3356599, 47.6111422], [-122.3357044, 47.6111913], [-122.3355551, 47.6112528], [-122.3355122, 47.6112054], [-122.335419, 47.6112452], [-122.3353793, 47.6112606], [-122.3356017, 47.6115034], [-122.3357349, 47.611448], [-122.3356505, 47.6113557], [-122.3357308, 47.6113223], [-122.3359343, 47.6112387]]]}}, {"type": "Feature", "properties": {"osm_id": 363046829, "source": "OpenStreetMap", "building": "retail", "name": "Coliseum Theater Building", "height": "11.1", "building:levels": "3"}, "geometry": {"type": "Polygon", "coordinates": [[[-122.3356599, 47.6111422], [-122.3355122, 47.6112054], [-122.335419, 47.6112452], [-122.3353561, 47.6111784], [-122.3353193, 47.6111941], [-122.3351361, 47.6109993], [-122.3354747, 47.6108546], [-122.335485, 47.6108656], [-122.3354967, 47.6108607], [-122.3355097, 47.6108745], [-122.3355381, 47.6108878], [-122.3355556, 47.610888], [-122.3355944, 47.6108717], [-122.3356047, 47.6108829], [-122.3356221, 47.6108756], [-122.3356697, 47.6109271], [-122.3356206, 47.6109477], [-122.3357612, 47.6110996], [-122.3356599, 47.6111422]]]}}, {"type": "Feature", "properties": {"osm_id": 363046830, "source": "OpenStreetMap", "building": "yes", "name": "520 Pike Tower", "height": "106", "building:levels": "29"}, "geometry": {"type": "Polygon", "coordinates": [[[-122.3354153, 47.6113779], [-122.3349886, 47.6115553], [-122.334665, 47.6111983], [-122.3350928, 47.6110213], [-122.3354153, 47.6113779]]]}}, {"type": "Feature", "properties": {"osm_id": 363046831, "source": "OpenStreetMap", "building": "yes", "name": "Decatur Building", "height": "23.5", "building:levels": "4"}, "geometry": {"type": "Polygon", "coordinates": [[[-122.3357095, 47.611701], [-122.3352914, 47.6118781], [-122.3349886, 47.6115553], [-122.3354153, 47.6113779], [-122.3357095, 47.611701]]]}}, {"type": "Feature", "properties": {"osm_id": 363046832, "source": "OpenStreetMap", "building": "yes", "name": "Sixth and Pine Building", "height": "35.4", "building:levels": "10"}, "geometry": {"type": "Polygon", "coordinates": [[[-122.3358257, 47.611829], [-122.3357095, 47.611701], [-122.3352914, 47.6118781], [-122.335409, 47.6120033], [-122.3358257, 47.611829]]]}}, {"type": "Feature", "properties": {"osm_id": 363046834, "source": "OpenStreetMap", "building": "retail", "building:levels": "5"}, "geometry": {"type": "Polygon", "coordinates": [[[-122.3349071, 47.6118046], [-122.3344932, 47.6119774], [-122.3340274, 47.6114677], [-122.3340939, 47.61144], [-122.3343574, 47.6113304], [-122.3343977, 47.6113744], [-122.3344819, 47.6113395], [-122.3349071, 47.6118046]]]}}, {"type": "Feature", "properties": {"osm_id": 363046835, "source": "OpenStreetMap", "building": "yes", "building:levels": "5"}, "geometry": {"type": "Polygon", "coordinates": [[[-122.3351693, 47.6120915], [-122.3349071, 47.6118046], [-122.3344932, 47.6119774], [-122.3347552, 47.6122641], [-122.3351693, 47.6120915]]]}}, {"type": "Feature", "properties": {"osm_id": 363046838, "source": "OpenStreetMap", "building": "yes", "name": "Hotel Theodore"}, "geometry": {"type": "Polygon", "coordinates": [[[-122.3345543, 47.612129], [-122.3343077, 47.6122317], [-122.3341471, 47.6122987], [-122.3341688, 47.6123224], [-122.3342921, 47.6124568], [-122.3345393, 47.6123538], [-122.3346993, 47.6122871], [-122.3345543, 47.612129]]]}}, {"type": "Feature", "properties": {"osm_id": 363046839, "source": "OpenStreetMap", "building": "retail"}, "geometry": {"type": "Polygon", "coordinates": [[[-122.3341471, 47.6122987], [-122.3335654, 47.6116569], [-122.3339713, 47.6114891], [-122.3345543, 47.612129], [-122.3343077, 47.6122317], [-122.3341471, 47.6122987]]]}}, {"type": "Feature", "properties": {"osm_id": 363074659, "source": "OpenStreetMap", "building": "apartments", "name": "The Vine", "building:levels": "5"}, "geometry": {"type": "Polygon", "coordinates": [[[-122.3513078, 47.614639], [-122.3512115, 47.6145815], [-122.3510164, 47.6147324], [-122.350996, 47.6147332], [-122.3509524, 47.6147086], [-122.3509474, 47.6146886], [-122.3509091, 47.6146658], [-122.3508973, 47.6146751], [-122.3508761, 47.6146626], [-122.3508679, 47.6146447], [-122.3507467, 47.6145739], [-122.351056, 47.6143248], [-122.3514311, 47.6145453], [-122.3513078, 47.614639]]]}}, {"type": "Feature", "properties": {"osm_id": 363197066, "source": "OpenStreetMap", "building": "yes", "name": "South Arcade Condominiums", "height": "48.1", "building:levels": "13"}, "geometry": {"type": "Polygon", "coordinates": [[[-122.3398256, 47.6078263], [-122.3397146, 47.6077044], [-122.3396525, 47.6077302], [-122.3396389, 47.6077153], [-122.3395443, 47.6077549], [-122.3395542, 47.6077661], [-122.3395031, 47.6077875], [-122.3394932, 47.6077766], [-122.339393, 47.6078184], [-122.3394014, 47.6078276], [-122.3393323, 47.6078566], [-122.3394479, 47.6079832], [-122.3398256, 47.6078263]]]}}, {"type": "Feature", "properties": {"osm_id": 363197067, "source": "OpenStreetMap", "building": "retail", "building:levels": "2"}, "geometry": {"type": "Polygon", "coordinates": [[[-122.3402101, 47.6082414], [-122.3403208, 47.6083626], [-122.3403295, 47.6083721], [-122.3404519, 47.608506], [-122.340475, 47.6085313], [-122.3404553, 47.6085395], [-122.3400835, 47.6086939], [-122.3400555, 47.6086633], [-122.3398186, 47.6084041], [-122.3402101, 47.6082414]]]}}, {"type": "Feature", "properties": {"osm_id": 363197068, "source": "OpenStreetMap", "building": "retail"}, "geometry": {"type": "Polygon", "coordinates": [[[-122.3405388, 47.608505], [-122.3403932, 47.6083483], [-122.3403846, 47.608339], [-122.3402742, 47.6082202], [-122.3403742, 47.608178], [-122.3404717, 47.608283], [-122.340504, 47.6083178], [-122.3406443, 47.6082585], [-122.3407069, 47.6083259], [-122.340779, 47.6084036], [-122.3407051, 47.6084348], [-122.3405826, 47.6084865], [-122.3405483, 47.608501], [-122.3405425, 47.6085035], [-122.3405388, 47.608505]]]}}, {"type": "Feature", "properties": {"osm_id": 363197069, "source": "OpenStreetMap", "building": "yes"}, "geometry": {"type": "Polygon", "coordinates": [[[-122.340779, 47.6084036], [-122.3409508, 47.608331], [-122.3408787, 47.6082534], [-122.3408721, 47.6082562], [-122.3407069, 47.6083259], [-122.340779, 47.6084036]]]}}, {"type": "Feature", "properties": {"osm_id": 363197070, "source": "OpenStreetMap", "building": "yes"}, "geometry": {"type": "Polygon", "coordinates": [[[-122.3408095, 47.6081888], [-122.3408721, 47.6082562], [-122.3407069, 47.6083259], [-122.3406443, 47.6082585], [-122.3408095, 47.6081888]]]}}, {"type": "Feature", "properties": {"osm_id": 363197071, "source": "OpenStreetMap", "building": "yes"}, "geometry": {"type": "Polygon", "coordinates": [[[-122.3408095, 47.6081888], [-122.3406855, 47.6080553], [-122.3404498, 47.6081549], [-122.3404844, 47.608192], [-122.3404681, 47.6081989], [-122.3405253, 47.6082604], [-122.3404717, 47.608283], [-122.340504, 47.6083178], [-122.3406443, 47.6082585], [-122.3408095, 47.6081888]]]}}, {"type": "Feature", "properties": {"osm_id": 363197072, "source": "OpenStreetMap", "building": "yes", "name": "Harbor Steps Northwest Tower"}, "geometry": {"type": "Polygon", "coordinates": [[[-122.3391173, 47.6069485], [-122.3389841, 47.606804], [-122.3389482, 47.606765], [-122.3389254, 47.6067402], [-122.3389384, 47.6067227], [-122.338948, 47.6067025], [-122.3389492, 47.6066839], [-122.3389456, 47.6066604], [-122.3389348, 47.6066418], [-122.3389212, 47.6066252], [-122.3390004, 47.6065921], [-122.3392606, 47.6064843], [-122.3393581, 47.6065901], [-122.3395297, 47.6067763], [-122.3391173, 47.6069485]]]}}, {"type": "Feature", "properties": {"osm_id": 363197074, "source": "OpenStreetMap", "building": "apartments", "name": "Harbor Steps Northeast Tower"}, "geometry": {"type": "Polygon", "coordinates": [[[-122.3390548, 47.6069742], [-122.3389193, 47.6068301], [-122.3388604, 47.6067674], [-122.3388229, 47.6067671], [-122.3387833, 47.6067632], [-122.3387477, 47.6067503], [-122.3387227, 47.6067338], [-122.338704, 47.6067162], [-122.338397, 47.6068397], [-122.3384809, 47.6069268], [-122.3385388, 47.6069866], [-122.3386773, 47.6071297], [-122.3390548, 47.6069742]]]}}, {"type": "Feature", "properties": {"osm_id": 363197077, "source": "OpenStreetMap", "building": "apartments", "name": "Harbor Steps Southeast Tower", "height": "74.4", "building:levels": "26"}, "geometry": {"type": "Polygon", "coordinates": [[[-122.3386535, 47.6065406], [-122.338587, 47.6064689], [-122.3384447, 47.6065303], [-122.3384261, 47.6065104], [-122.3384667, 47.6064931], [-122.3384469, 47.6064719], [-122.3381927, 47.6061991], [-122.3381146, 47.6061162], [-122.3380787, 47.6061315], [-122.3380601, 47.6061115], [-122.3382061, 47.6060494], [-122.3381433, 47.6059817], [-122.3377685, 47.6061396], [-122.3378322, 47.6062083], [-122.3379037, 47.6061779], [-122.3379202, 47.6061956], [-122.3378766, 47.6062142], [-122.3379605, 47.6063037], [-122.3382124, 47.6065738], [-122.3382317, 47.6065945], [-122.3382027, 47.6066084], [-122.3382842, 47.6066963], [-122.3386535, 47.6065406]]]}}, {"type": "Feature", "properties": {"osm_id": 363197078, "source": "OpenStreetMap", "building": "yes", "name": "Harbor Steps Southwest Tower", "height": "50.3", "building:levels": "17"}, "geometry": {"type": "Polygon", "coordinates": [[[-122.338737, 47.6063934], [-122.3387246, 47.6063798], [-122.3387148, 47.606369], [-122.3387428, 47.6063564], [-122.338709, 47.6063217], [-122.3387621, 47.6063004], [-122.338577, 47.6060927], [-122.3385354, 47.6061102], [-122.3385054, 47.6060778], [-122.3384554, 47.6060989], [-122.3384444, 47.6060858], [-122.3383962, 47.606035], [-122.3383019, 47.6060747], [-122.3381947, 47.6059591], [-122.3386042, 47.6057866], [-122.3386687, 47.6058562], [-122.3386535, 47.6058626], [-122.3386762, 47.6058871], [-122.3386895, 47.6058815], [-122.3387511, 47.6059476], [-122.339049, 47.6062703], [-122.3391175, 47.6063445], [-122.3387128, 47.6065127], [-122.3386395, 47.606436], [-122.338737, 47.6063934]]]}}, {"type": "Feature", "properties": {"osm_id": 363197080, "source": "OpenStreetMap", "building": "yes", "name": "Olympic Warehouse and Cold Storage Building", "height": "25.9"}, "geometry": {"type": "Polygon", "coordinates": [[[-122.339086, 47.6059689], [-122.3390953, 47.6059651], [-122.3392582, 47.6058975], [-122.339402, 47.6058384], [-122.3395554, 47.6057735], [-122.3393107, 47.6055028], [-122.3388346, 47.6057023], [-122.339086, 47.6059689]]]}}, {"type": "Feature", "properties": {"osm_id": 363197081, "source": "OpenStreetMap", "building": "yes", "height": "22.2", "building:levels": "15"}, "geometry": {"type": "Polygon", "coordinates": [[[-122.3390953, 47.6059651], [-122.3393472, 47.6062434], [-122.3398088, 47.6060534], [-122.3395554, 47.6057735], [-122.339402, 47.6058384], [-122.3392582, 47.6058975], [-122.3390953, 47.6059651]]]}}, {"type": "Feature", "properties": {"osm_id": 363229835, "source": "OpenStreetMap", "building": "commercial"}, "geometry": {"type": "Polygon", "coordinates": [[[-122.3473302, 47.6143981], [-122.3471846, 47.614313], [-122.3474699, 47.6140913], [-122.3476067, 47.6141713], [-122.3476094, 47.6141764], [-122.3476079, 47.6141822], [-122.3473302, 47.6143981]]]}}, {"type": "Feature", "properties": {"osm_id": 363229836, "source": "OpenStreetMap", "building": "retail"}, "geometry": {"type": "Polygon", "coordinates": [[[-122.3464324, 47.6143343], [-122.3464577, 47.6143151], [-122.3467177, 47.6141127], [-122.3469014, 47.6142201], [-122.3467149, 47.6143651], [-122.3466161, 47.6144419], [-122.3464324, 47.6143343]]]}}, {"type": "Feature", "properties": {"osm_id": 363234206, "source": "OpenStreetMap", "building": "yes", "name": "Hull Building", "building:levels": "4"}, "geometry": {"type": "Polygon", "coordinates": [[[-122.3482083, 47.6142248], [-122.3480288, 47.6141193], [-122.3482182, 47.6139718], [-122.3483957, 47.6140805], [-122.3482083, 47.6142248]]]}}, {"type": "Feature", "properties": {"osm_id": 363244504, "source": "OpenStreetMap", "building": "roof"}, "geometry": {"type": "Polygon", "coordinates": [[[-122.3435589, 47.6098485], [-122.3435527, 47.609842], [-122.3435506, 47.6098345], [-122.343553, 47.6098269], [-122.3435594, 47.6098206], [-122.343569, 47.6098164], [-122.3435802, 47.609815], [-122.3435914, 47.6098166], [-122.3436008, 47.609821], [-122.3436735, 47.6098713], [-122.3436797, 47.6098777], [-122.3436818, 47.6098853], [-122.3436794, 47.6098928], [-122.343673, 47.6098991], [-122.3436634, 47.6099033], [-122.3436522, 47.6099047], [-122.343641, 47.6099031], [-122.3436316, 47.6098988], [-122.3435589, 47.6098485]]]}}, {"type": "Feature", "properties": {"osm_id": 363400648, "source": "OpenStreetMap", "building": "roof"}, "geometry": {"type": "Polygon", "coordinates": [[[-122.3401981, 47.6087645], [-122.3405488, 47.608615], [-122.3405401, 47.6086058], [-122.340531, 47.6085961], [-122.340525, 47.6085896], [-122.3404893, 47.6086048], [-122.3401743, 47.6087391], [-122.340168, 47.6087432], [-122.3401645, 47.6087485], [-122.3401643, 47.6087544], [-122.340167, 47.6087598], [-122.3401734, 47.6087641], [-122.3401813, 47.6087665], [-122.34019, 47.6087666], [-122.3401981, 47.6087645]]]}}, {"type": "Feature", "properties": {"osm_id": 364222265, "source": "OpenStreetMap", "building": "university", "name": "Beebe Building", "building:levels": "3"}, "geometry": {"type": "Polygon", "coordinates": [[[-122.3359857, 47.6170877], [-122.3358061, 47.6169817], [-122.3359652, 47.6168592], [-122.3361239, 47.6167371], [-122.3363035, 47.6168431], [-122.3359857, 47.6170877]]]}}, {"type": "Feature", "properties": {"osm_id": 364225383, "source": "OpenStreetMap", "building": "university", "name": "Notion Building", "building:levels": "3"}, "geometry": {"type": "Polygon", "coordinates": [[[-122.3356654, 47.6180731], [-122.3354823, 47.6179654], [-122.3357292, 47.6177737], [-122.3357962, 47.617722], [-122.3359787, 47.6178295], [-122.3356654, 47.6180731]]]}}, {"type": "Feature", "properties": {"osm_id": 365611008, "source": "OpenStreetMap", "building": "yes", "name": "Connolly House"}, "geometry": {"type": "Polygon", "coordinates": [[[-122.3258928, 47.6104234], [-122.3257576, 47.6104775], [-122.3257271, 47.6104481], [-122.3256448, 47.610481], [-122.3255351, 47.6103665], [-122.3256032, 47.6103371], [-122.3255889, 47.6103227], [-122.3256601, 47.6102946], [-122.3256712, 47.6103056], [-122.3257353, 47.6102788], [-122.3257861, 47.6103336], [-122.3257952, 47.6103323], [-122.3258085, 47.6103336], [-122.3258928, 47.6104234]]]}}, {"type": "Feature", "properties": {"osm_id": 365611009, "source": "OpenStreetMap", "building": "apartments", "name": "Kelleher House", "building:levels": "17"}, "geometry": {"type": "Polygon", "coordinates": [[[-122.3251548, 47.6107404], [-122.3250494, 47.6106304], [-122.3250007, 47.6105781], [-122.325082, 47.6105436], [-122.3252575, 47.6104697], [-122.3254058, 47.6106318], [-122.325394, 47.6106369], [-122.3252994, 47.6106778], [-122.3251548, 47.6107404]]]}}, {"type": "Feature", "properties": {"osm_id": 365611010, "source": "OpenStreetMap", "building": "house", "name": "Dearborn House"}, "geometry": {"type": "Polygon", "coordinates": [[[-122.3256411, 47.6108949], [-122.3255687, 47.610814], [-122.3255412, 47.6108244], [-122.3255352, 47.610818], [-122.325503, 47.6108298], [-122.3254902, 47.6108176], [-122.3253575, 47.6108727], [-122.3253481, 47.6108777], [-122.3253394, 47.6108849], [-122.3253367, 47.6108931], [-122.3253387, 47.6109026], [-122.325344, 47.6109116], [-122.3254145, 47.610988], [-122.3256411, 47.6108949]]]}}, {"type": "Feature", "properties": {"osm_id": 365611011, "source": "OpenStreetMap", "building": "apartments", "name": "The Marlborough"}, "geometry": {"type": "Polygon", "coordinates": [[[-122.3268316, 47.6114887], [-122.3267962, 47.6114534], [-122.3268108, 47.6114461], [-122.3267723, 47.6114025], [-122.3267623, 47.6114061], [-122.326673, 47.6113085], [-122.3266838, 47.6113039], [-122.3266499, 47.6112654], [-122.326636, 47.6112711], [-122.3265944, 47.6112291], [-122.3263957, 47.6113085], [-122.3266043, 47.611525], [-122.3265844, 47.6115329], [-122.3266283, 47.6115765], [-122.3268316, 47.6114887]]]}}, {"type": "Feature", "properties": {"osm_id": 365611775, "source": "OpenStreetMap", "building": "apartments", "name": "Debonair"}, "geometry": {"type": "Polygon", "coordinates": [[[-122.327531, 47.612138], [-122.3274521, 47.6120521], [-122.3273134, 47.6121075], [-122.3273308, 47.6121262], [-122.3272672, 47.6121522], [-122.3272503, 47.6121349], [-122.3271135, 47.61219], [-122.3271943, 47.6122776], [-122.3272973, 47.6122352], [-122.3273154, 47.6122537], [-122.3274458, 47.6121998], [-122.3274271, 47.6121806], [-122.327531, 47.612138]]]}}, {"type": "Feature", "properties": {"osm_id": 365615252, "source": "OpenStreetMap", "building": "apartments", "name": "Embassy"}, "geometry": {"type": "Polygon", "coordinates": [[[-122.3283865, 47.6131943], [-122.3283699, 47.6131759], [-122.3280621, 47.6133019], [-122.3279662, 47.6131954], [-122.3282711, 47.6130706], [-122.3282554, 47.6130532], [-122.3283383, 47.6130193], [-122.3284664, 47.6131616], [-122.3283865, 47.6131943]]]}}, {"type": "Feature", "properties": {"osm_id": 367894552, "source": "OpenStreetMap", "building": "apartments", "name": "Stewart House", "building:levels": "3"}, "geometry": {"type": "Polygon", "coordinates": [[[-122.3424101, 47.6100786], [-122.3425533, 47.6099681], [-122.3425691, 47.6099559], [-122.3422163, 47.6097481], [-122.342204, 47.6097576], [-122.342082, 47.6098517], [-122.342093, 47.6098582], [-122.3420522, 47.6098897], [-122.3420322, 47.6098779], [-122.3419596, 47.6099339], [-122.342073, 47.6100007], [-122.3421398, 47.6099491], [-122.3421243, 47.60994], [-122.3421382, 47.6099293], [-122.3421309, 47.609925], [-122.3421389, 47.6099189], [-122.3424101, 47.6100786]]]}}, {"type": "Feature", "properties": {"osm_id": 367894553, "source": "OpenStreetMap", "building": "retail", "building:levels": "1"}, "geometry": {"type": "Polygon", "coordinates": [[[-122.3425691, 47.6099559], [-122.3427647, 47.6100711], [-122.3427494, 47.6100829], [-122.3425058, 47.6102709], [-122.342411, 47.6102151], [-122.3423102, 47.6101558], [-122.3424101, 47.6100786], [-122.3425533, 47.6099681], [-122.3425691, 47.6099559]]]}}, {"type": "Feature", "properties": {"osm_id": 367894554, "source": "OpenStreetMap", "building": "retail", "building:levels": "2"}, "geometry": {"type": "Polygon", "coordinates": [[[-122.3429391, 47.6101738], [-122.3429252, 47.6101845], [-122.3425957, 47.6104388], [-122.3424213, 47.6103361], [-122.3425058, 47.6102709], [-122.3427494, 47.6100829], [-122.3427647, 47.6100711], [-122.3429391, 47.6101738]]]}}, {"type": "Feature", "properties": {"osm_id": 367894555, "source": "OpenStreetMap", "building": "yes", "name": "Champion Building", "building:levels": "3"}, "geometry": {"type": "Polygon", "coordinates": [[[-122.3429391, 47.6101738], [-122.3431231, 47.6102822], [-122.3431097, 47.6102928], [-122.3428042, 47.6105283], [-122.3427797, 47.6105472], [-122.3425957, 47.6104388], [-122.3429252, 47.6101845], [-122.3429391, 47.6101738]]]}}, {"type": "Feature", "properties": {"osm_id": 367894556, "source": "OpenStreetMap", "building": "apartments", "name": "Pike & Virginia Building", "building:levels": "3"}, "geometry": {"type": "Polygon", "coordinates": [[[-122.3428042, 47.6105283], [-122.3429885, 47.6106368], [-122.343232, 47.6104489], [-122.3432438, 47.6104555], [-122.3432555, 47.6104622], [-122.3433284, 47.6104096], [-122.3433123, 47.6103996], [-122.3431231, 47.6102822], [-122.3431097, 47.6102928], [-122.3428042, 47.6105283]]]}}, {"type": "Feature", "properties": {"osm_id": 368008771, "source": "OpenStreetMap", "building": "roof"}, "geometry": {"type": "Polygon", "coordinates": [[[-122.3405914, 47.6087794], [-122.3405829, 47.6087752], [-122.340573, 47.6087729], [-122.3405625, 47.6087726], [-122.3405523, 47.6087744], [-122.3405434, 47.6087781], [-122.3402942, 47.6088853], [-122.3402864, 47.6088886], [-122.3402775, 47.6088941], [-122.3402718, 47.6089014], [-122.3402701, 47.6089096], [-122.3402724, 47.6089176], [-122.3404687, 47.609133], [-122.3404807, 47.6091282], [-122.3404902, 47.6091244], [-122.3403005, 47.6089056], [-122.3404195, 47.6088542], [-122.3405644, 47.6087916], [-122.3408579, 47.6089711], [-122.3408713, 47.6089656], [-122.3408874, 47.6089595], [-122.3406154, 47.608794], [-122.3405914, 47.6087794]]]}}, {"type": "Feature", "properties": {"osm_id": 368560865, "source": "OpenStreetMap", "building": "apartments", "name": "The Point"}, "geometry": {"type": "Polygon", "coordinates": [[[-122.3243913, 47.6127355], [-122.3245363, 47.6128993], [-122.3239985, 47.6128993], [-122.3243913, 47.6127355]]]}}, {"type": "Feature", "properties": {"osm_id": 368831833, "source": "OpenStreetMap", "building": "roof"}, "geometry": {"type": "Polygon", "coordinates": [[[-122.345372, 47.6189974], [-122.3453566, 47.6190269], [-122.3453505, 47.6190385], [-122.3453195, 47.6190662], [-122.3453078, 47.6190766], [-122.3452389, 47.6191032], [-122.3452186, 47.6190811], [-122.345283, 47.6190521], [-122.3453114, 47.6190268], [-122.3453199, 47.6190193], [-122.3453344, 47.6189764], [-122.3453426, 47.6189288], [-122.3453717, 47.6189305], [-122.345372, 47.6189974]]]}}, {"type": "Feature", "properties": {"osm_id": 379950575, "source": "OpenStreetMap", "building": "yes", "name": "Amazon.com Doppler", "height": "160"}, "geometry": {"type": "Polygon", "coordinates": [[[-122.3379686, 47.6149021], [-122.3379806, 47.6149733], [-122.3380071, 47.6150979], [-122.3380783, 47.6151588], [-122.3380206, 47.6152036], [-122.3381915, 47.6153034], [-122.338278, 47.6153539], [-122.3385824, 47.6151171], [-122.3388294, 47.6149248], [-122.3387227, 47.6148625], [-122.3387697, 47.614826], [-122.3385544, 47.6147003], [-122.3385051, 47.6146714], [-122.3383119, 47.614556], [-122.3382727, 47.6145855], [-122.338192, 47.6146463], [-122.3381071, 47.6147103], [-122.3380921, 47.6147216], [-122.3380038, 47.614788], [-122.3379873, 47.614809], [-122.3379753, 47.6148314], [-122.3379682, 47.6148547], [-122.3379659, 47.6148784], [-122.3379686, 47.6149021]]]}}, {"type": "Feature", "properties": {"osm_id": 379950576, "source": "OpenStreetMap", "building": "commercial", "name": "Amazon.com Meeting Center", "height": "26", "building:levels": "7"}, "geometry": {"type": "Polygon", "coordinates": [[[-122.3393932, 47.6151981], [-122.3390312, 47.6149856], [-122.3387227, 47.6152276], [-122.338425, 47.6154582], [-122.3387848, 47.6156665], [-122.3389977, 47.6154958], [-122.3393932, 47.6151981]]]}}, {"type": "Feature", "properties": {"osm_id": 385177278, "source": "OpenStreetMap", "building": "office"}, "geometry": {"type": "Polygon", "coordinates": [[[-122.3377957, 47.6177167], [-122.3378449, 47.6177452], [-122.3378407, 47.6177491], [-122.3379027, 47.6177854], [-122.337896, 47.617791], [-122.3380008, 47.6178524], [-122.3380638, 47.6178895], [-122.3380695, 47.6178847], [-122.3382254, 47.6179756], [-122.3381644, 47.6181065], [-122.3378714, 47.6180463], [-122.3376906, 47.6179378], [-122.3376992, 47.6179317], [-122.3376216, 47.6178844], [-122.3376138, 47.6178902], [-122.3375182, 47.6178333], [-122.3375639, 47.6177994], [-122.3376076, 47.6178257], [-122.3376609, 47.6177832], [-122.3377132, 47.6178137], [-122.337784, 47.6177585], [-122.3377593, 47.6177433], [-122.3377957, 47.6177167]]]}}, {"type": "Feature", "properties": {"osm_id": 389138211, "source": "OpenStreetMap", "building": "government", "name": "Henry M. Jackson Federal Building"}, "geometry": {"type": "Polygon", "coordinates": [[[-122.3352795, 47.6047562], [-122.3352156, 47.6047827], [-122.3351471, 47.6047077], [-122.3350793, 47.6046334], [-122.3351435, 47.6046067], [-122.3350987, 47.6045575], [-122.3351168, 47.6045033], [-122.3355476, 47.6043246], [-122.3356277, 47.6043385], [-122.3357415, 47.6044632], [-122.3358879, 47.6046235], [-122.3358621, 47.6046843], [-122.335442, 47.6048586], [-122.335361, 47.6048456], [-122.3352795, 47.6047562]]]}}, {"type": "Feature", "properties": {"osm_id": 389138749, "source": "OpenStreetMap", "building": "yes"}, "geometry": {"type": "Polygon", "coordinates": [[[-122.3393841, 47.6022049], [-122.339456, 47.6022019], [-122.3394556, 47.6021975], [-122.3397545, 47.6021857], [-122.3397581, 47.6022269], [-122.3398128, 47.6022248], [-122.3398092, 47.6021843], [-122.3398652, 47.6021821], [-122.3398656, 47.6021861], [-122.3400279, 47.6021796], [-122.3400234, 47.6021279], [-122.3399955, 47.602129], [-122.3399931, 47.602101], [-122.3399673, 47.602102], [-122.3399429, 47.6021029], [-122.3399455, 47.6021325], [-122.3398647, 47.6021356], [-122.3398649, 47.6021388], [-122.3398076, 47.602141], [-122.3398045, 47.6021049], [-122.3397478, 47.6021071], [-122.3397508, 47.6021424], [-122.3394518, 47.6021542], [-122.3394516, 47.6021511], [-122.3393804, 47.602154], [-122.3393807, 47.6021768], [-122.3393841, 47.6022049]]]}}, {"type": "Feature", "properties": {"osm_id": 389138750, "source": "OpenStreetMap", "building": "yes"}, "geometry": {"type": "Polygon", "coordinates": [[[-122.337193, 47.6020552], [-122.3373788, 47.6020566], [-122.3373774, 47.6021432], [-122.3371916, 47.6021418], [-122.337193, 47.6020552]]]}}, {"type": "Feature", "properties": {"osm_id": 389872938, "source": "OpenStreetMap", "building": "apartments"}, "geometry": {"type": "Polygon", "coordinates": [[[-122.3354236, 47.6175124], [-122.3353417, 47.6175771], [-122.3353343, 47.6175829], [-122.3351471, 47.6174753], [-122.3352365, 47.6174048], [-122.3352671, 47.6174224], [-122.3354236, 47.6175124]]]}}, {"type": "Feature", "properties": {"osm_id": 390512473, "source": "OpenStreetMap", "building": "apartments", "name": "AZUR Tower", "building:levels": "12"}, "geometry": {"type": "Polygon", "coordinates": [[[-122.3375182, 47.6178333], [-122.3372758, 47.6176888], [-122.33726, 47.6177012], [-122.3371609, 47.6176421], [-122.33718, 47.6176266], [-122.3370906, 47.6175737], [-122.3371124, 47.6175568], [-122.3370902, 47.6175439], [-122.3371567, 47.6174946], [-122.3370528, 47.6174352], [-122.3371537, 47.6173583], [-122.3373424, 47.6174705], [-122.3373484, 47.6174659], [-122.3374294, 47.6175132], [-122.3374355, 47.6175084], [-122.3377957, 47.6177167], [-122.3377593, 47.6177433], [-122.337784, 47.6177585], [-122.3377132, 47.6178137], [-122.3376609, 47.6177832], [-122.3376076, 47.6178257], [-122.3375639, 47.6177994], [-122.3375182, 47.6178333]]]}}, {"type": "Feature", "properties": {"osm_id": 394955903, "source": "OpenStreetMap", "building": "yes", "name": "Pacific Science Center"}, "geometry": {"type": "Polygon", "coordinates": [[[-122.3502518, 47.6197878], [-122.350255, 47.6198123], [-122.3502629, 47.6198362], [-122.3502754, 47.6198593], [-122.3502923, 47.6198811], [-122.3503132, 47.6199012], [-122.3503378, 47.6199192], [-122.3503658, 47.619935], [-122.3503965, 47.6199482], [-122.3504297, 47.6199586], [-122.3504293, 47.6200279], [-122.350876, 47.6200292], [-122.3508765, 47.6199532], [-122.350877, 47.6198763], [-122.3512698, 47.6198776], [-122.3512965, 47.6198777], [-122.351297, 47.619806], [-122.3512972, 47.6197775], [-122.3512974, 47.6197468], [-122.3512989, 47.6195459], [-122.3512695, 47.6195458], [-122.3511228, 47.6195453], [-122.3511246, 47.6192944], [-122.3511265, 47.6190216], [-122.3515168, 47.6190228], [-122.3516589, 47.6190233], [-122.3516573, 47.6191603], [-122.3520842, 47.6191625], [-122.3520846, 47.6191412], [-122.352148, 47.6191414], [-122.3521741, 47.6191415], [-122.3521711, 47.6195513], [-122.3519305, 47.6195497], [-122.3519303, 47.6195681], [-122.3519293, 47.6196396], [-122.3519289, 47.6196684], [-122.3519285, 47.6196975], [-122.3519259, 47.6198785], [-122.3519808, 47.6198788], [-122.3519799, 47.6199996], [-122.3520401, 47.6199998], [-122.3520399, 47.6200292], [-122.3523561, 47.6200302], [-122.3523566, 47.6199243], [-122.3523567, 47.6199008], [-122.3523557, 47.6198812], [-122.3523603, 47.6195525], [-122.352516, 47.6195524], [-122.3525196, 47.6190719], [-122.3520851, 47.6190705], [-122.3520874, 47.6188864], [-122.3520436, 47.6188861], [-122.3518506, 47.6188851], [-122.3516605, 47.6188841], [-122.351661, 47.6188132], [-122.3511287, 47.6188115], [-122.3511276, 47.618928], [-122.3504355, 47.6189257], [-122.3504315, 47.6195178], [-122.3504309, 47.6196086], [-122.3504177, 47.6196118], [-122.3503854, 47.6196232], [-122.3503556, 47.6196373], [-122.3503288, 47.6196539], [-122.3503054, 47.6196727], [-122.3502859, 47.6196934], [-122.3502705, 47.6197157], [-122.3502596, 47.6197391], [-122.3502533, 47.6197633], [-122.3502518, 47.6197878]]]}}, {"type": "Feature", "properties": {"osm_id": 394955909, "source": "OpenStreetMap", "building": "yes", "building:levels": "1"}, "geometry": {"type": "Polygon", "coordinates": [[[-122.3516044, 47.6188027], [-122.3516044, 47.618813], [-122.3515477, 47.6188128], [-122.3515478, 47.6188025], [-122.3514856, 47.6188023], [-122.3514856, 47.6188125], [-122.3514237, 47.6188123], [-122.3514238, 47.618802], [-122.351366, 47.6188018], [-122.3513659, 47.6188121], [-122.3513031, 47.6188118], [-122.3513032, 47.6188016], [-122.3512445, 47.6188013], [-122.3512444, 47.6188116], [-122.3511817, 47.6188114], [-122.3511818, 47.6188011], [-122.3511737, 47.6188011], [-122.3511739, 47.6187787], [-122.3518376, 47.6187812], [-122.3518375, 47.6188036], [-122.3516044, 47.6188027]]]}}, {"type": "Feature", "properties": {"osm_id": 394955910, "source": "OpenStreetMap", "building": "yes", "building:levels": "1"}, "geometry": {"type": "Polygon", "coordinates": [[[-122.3511276, 47.618928], [-122.3506249, 47.6189263], [-122.3506258, 47.6188097], [-122.3511287, 47.6188115], [-122.3511276, 47.618928]]]}}, {"type": "Feature", "properties": {"osm_id": 394955911, "source": "OpenStreetMap", "building": "yes", "building:levels": "1"}, "geometry": {"type": "Polygon", "coordinates": [[[-122.351661, 47.6188132], [-122.3518512, 47.6188139], [-122.3518506, 47.6188851], [-122.3516605, 47.6188841], [-122.351661, 47.6188132]]]}}, {"type": "Feature", "properties": {"osm_id": 396606868, "source": "OpenStreetMap", "building": "roof"}, "geometry": {"type": "Polygon", "coordinates": [[[-122.3421631, 47.6062909], [-122.342127, 47.6062906], [-122.3421275, 47.606261], [-122.3421636, 47.6062613], [-122.3421631, 47.6062909]]]}}, {"type": "Feature", "properties": {"osm_id": 396606878, "source": "OpenStreetMap", "building": "roof", "building:levels": "3"}, "geometry": {"type": "Polygon", "coordinates": [[[-122.3426845, 47.6062153], [-122.3424615, 47.6062837], [-122.3423525, 47.6061223], [-122.3425755, 47.6060539], [-122.3426845, 47.6062153]]]}}, {"type": "Feature", "properties": {"osm_id": 396606879, "source": "OpenStreetMap", "building": "roof", "building:levels": "1"}, "geometry": {"type": "Polygon", "coordinates": [[[-122.3420565, 47.6062213], [-122.3420563, 47.6062422], [-122.3421428, 47.6062425], [-122.342143, 47.6062215], [-122.3420565, 47.6062213]]]}}, {"type": "Feature", "properties": {"osm_id": 396606880, "source": "OpenStreetMap", "building": "roof", "building:levels": "1"}, "geometry": {"type": "Polygon", "coordinates": [[[-122.3418193, 47.6062207], [-122.3419732, 47.6062211], [-122.3419733, 47.6062347], [-122.3418194, 47.6062352], [-122.3418193, 47.6062207]]]}}, {"type": "Feature", "properties": {"osm_id": 396606881, "source": "OpenStreetMap", "building": "roof", "building:levels": "1"}, "geometry": {"type": "Polygon", "coordinates": [[[-122.3414115, 47.6062195], [-122.3415927, 47.60622], [-122.3417373, 47.6062204], [-122.3417372, 47.6062343], [-122.3414113, 47.606233], [-122.3414115, 47.6062195]]]}}, {"type": "Feature", "properties": {"osm_id": 396815282, "source": "OpenStreetMap", "building": "roof"}, "geometry": {"type": "Polygon", "coordinates": [[[-122.3410811, 47.6052836], [-122.3410805, 47.6053077], [-122.3407859, 47.6053045], [-122.3407861, 47.605296], [-122.3407865, 47.6052803], [-122.3410811, 47.6052836]]]}}, {"type": "Feature", "properties": {"osm_id": 396815283, "source": "OpenStreetMap", "building": "yes"}, "geometry": {"type": "Polygon", "coordinates": [[[-122.3407861, 47.605296], [-122.3407859, 47.6053045], [-122.3401308, 47.6052973], [-122.3401311, 47.6052869], [-122.3405408, 47.6052914], [-122.3405411, 47.6052799], [-122.3405951, 47.6052805], [-122.3405948, 47.605294], [-122.3407861, 47.605296]]]}}, {"type": "Feature", "properties": {"osm_id": 396819724, "source": "OpenStreetMap", "building": "yes", "building:levels": "2"}, "geometry": {"type": "Polygon", "coordinates": [[[-122.3281241, 47.6082481], [-122.328228, 47.6083632], [-122.3282681, 47.6084077], [-122.3282227, 47.6084263], [-122.328257, 47.6084642], [-122.3281111, 47.6085241], [-122.3279921, 47.608573], [-122.3279879, 47.6085691], [-122.3279631, 47.6085715], [-122.3279286, 47.6085865], [-122.3279092, 47.6086006], [-122.3279156, 47.6086068], [-122.3277932, 47.6086571], [-122.3277651, 47.6086686], [-122.3277104, 47.6086039], [-122.327612, 47.6084991], [-122.3275671, 47.6084493], [-122.328106, 47.6082281], [-122.3281241, 47.6082481]]]}}, {"type": "Feature", "properties": {"osm_id": 396819740, "source": "OpenStreetMap", "building": "roof"}, "geometry": {"type": "Polygon", "coordinates": [[[-122.341966, 47.6096654], [-122.3419842, 47.6096757], [-122.3419919, 47.6096801], [-122.3420231, 47.6096562], [-122.3420226, 47.609648], [-122.3420225, 47.609637], [-122.3418295, 47.6095228], [-122.3417302, 47.6095635], [-122.341737, 47.6095698], [-122.3417511, 47.6095828], [-122.3418297, 47.6095491], [-122.3419913, 47.6096452], [-122.341966, 47.6096654]]]}}, {"type": "Feature", "properties": {"osm_id": 396824069, "source": "OpenStreetMap", "building": "yes", "name": "Crowne Plaza Seattle Downtown"}, "geometry": {"type": "Polygon", "coordinates": [[[-122.3324634, 47.608152], [-122.3324107, 47.6081622], [-122.3324044, 47.6081765], [-122.3323582, 47.6081839], [-122.3323521, 47.6081981], [-122.3323056, 47.6082056], [-122.3322998, 47.6082197], [-122.3322531, 47.6082272], [-122.3322476, 47.6082412], [-122.3322006, 47.6082489], [-122.3321953, 47.6082628], [-122.332148, 47.6082706], [-122.332143, 47.6082843], [-122.3320955, 47.6082922], [-122.3320908, 47.6083059], [-122.3320391, 47.6083146], [-122.331909, 47.6081732], [-122.3319024, 47.6081759], [-122.3317795, 47.6080424], [-122.3322006, 47.6078663], [-122.332332, 47.6080092], [-122.3324634, 47.608152]]]}}, {"type": "Feature", "properties": {"osm_id": 396824070, "source": "OpenStreetMap", "building": "yes"}, "geometry": {"type": "Polygon", "coordinates": [[[-122.3339582, 47.609711], [-122.3338776, 47.609623], [-122.3341119, 47.6095255], [-122.3341361, 47.609552], [-122.3341602, 47.6095783], [-122.3341924, 47.6096135], [-122.3339582, 47.609711]]]}}, {"type": "Feature", "properties": {"osm_id": 397007177, "source": "OpenStreetMap", "building": "apartments", "name": "Barnes Building", "building:levels": "4"}, "geometry": {"type": "Polygon", "coordinates": [[[-122.3468921, 47.6141529], [-122.3467692, 47.614081], [-122.347067, 47.6138495], [-122.3471899, 47.6139214], [-122.3468921, 47.6141529]]]}}, {"type": "Feature", "properties": {"osm_id": 397007178, "source": "OpenStreetMap", "building": "yes", "name": "Eitel Building", "building:levels": "7"}, "geometry": {"type": "Polygon", "coordinates": [[[-122.3395604, 47.6095067], [-122.3393195, 47.609242], [-122.3391473, 47.6093132], [-122.3393882, 47.6095779], [-122.3395604, 47.6095067]]]}}, {"type": "Feature", "properties": {"osm_id": 397007179, "source": "OpenStreetMap", "building": "retail", "building:levels": "2"}, "geometry": {"type": "Polygon", "coordinates": [[[-122.338918, 47.6084099], [-122.3392991, 47.6082504], [-122.339538, 47.6085239], [-122.3391569, 47.6086833], [-122.338918, 47.6084099]]]}}, {"type": "Feature", "properties": {"osm_id": 397007180, "source": "OpenStreetMap", "building": "yes"}, "geometry": {"type": "Polygon", "coordinates": [[[-122.3457619, 47.6130813], [-122.3454622, 47.6133109], [-122.3452787, 47.6132021], [-122.3455784, 47.6129724], [-122.3457619, 47.6130813]]]}}, {"type": "Feature", "properties": {"osm_id": 397007181, "source": "OpenStreetMap", "building": "yes", "name": "The Seattle School of Theology and Psychology", "building:levels": "3"}, "geometry": {"type": "Polygon", "coordinates": [[[-122.3512647, 47.6132761], [-122.3509457, 47.6135231], [-122.3506657, 47.6133591], [-122.3509847, 47.6131121], [-122.3512647, 47.6132761]]]}}, {"type": "Feature", "properties": {"osm_id": 397007182, "source": "OpenStreetMap", "building": "yes", "name": "Totem Pole Loand", "building:levels": "2"}, "geometry": {"type": "Polygon", "coordinates": [[[-122.3348045, 47.6023244], [-122.3348694, 47.6023955], [-122.3344876, 47.6025537], [-122.3344235, 47.6024825], [-122.3348045, 47.6023244]]]}}, {"type": "Feature", "properties": {"osm_id": 397007184, "source": "OpenStreetMap", "building": "yes", "name": "The Liberty Building", "building:levels": "2"}, "geometry": {"type": "Polygon", "coordinates": [[[-122.3395604, 47.6095067], [-122.3397592, 47.6094244], [-122.3395183, 47.6091597], [-122.3393195, 47.609242], [-122.3395604, 47.6095067]]]}}, {"type": "Feature", "properties": {"osm_id": 397007185, "source": "OpenStreetMap", "building": "yes", "name": "U.S. Immigration Building", "building:levels": "4"}, "geometry": {"type": "Polygon", "coordinates": [[[-122.340027, 47.6077468], [-122.3399062, 47.6077973], [-122.3398896, 47.6078042], [-122.33976, 47.6076632], [-122.3401742, 47.6074901], [-122.340305, 47.6076322], [-122.3401673, 47.6076898], [-122.340144, 47.6076644], [-122.3400048, 47.6077226], [-122.340027, 47.6077468]]]}}, {"type": "Feature", "properties": {"osm_id": 397007186, "source": "OpenStreetMap", "building": "yes"}, "geometry": {"type": "Polygon", "coordinates": [[[-122.3499824, 47.6141313], [-122.3497958, 47.6140226], [-122.3501088, 47.6137782], [-122.3502954, 47.6138869], [-122.3499824, 47.6141313]]]}}, {"type": "Feature", "properties": {"osm_id": 397007187, "source": "OpenStreetMap", "building": "yes", "name": "Travelers Hotel"}, "geometry": {"type": "Polygon", "coordinates": [[[-122.3353688, 47.6021175], [-122.3349718, 47.6021168], [-122.3349728, 47.6018326], [-122.3353698, 47.6018334], [-122.3353688, 47.6021175]]]}}, {"type": "Feature", "properties": {"osm_id": 397007188, "source": "OpenStreetMap", "building": "yes", "building:levels": "5"}, "geometry": {"type": "Polygon", "coordinates": [[[-122.3528133, 47.6141989], [-122.3535759, 47.6146485], [-122.3532559, 47.6148952], [-122.3527348, 47.6145868], [-122.3524933, 47.6144456], [-122.3528133, 47.6141989]]]}}, {"type": "Feature", "properties": {"osm_id": 397007189, "source": "OpenStreetMap", "building": "yes", "building:levels": "2"}, "geometry": {"type": "Polygon", "coordinates": [[[-122.3461508, 47.6125433], [-122.3464708, 47.6122969], [-122.3466568, 47.6124068], [-122.3463368, 47.6126531], [-122.3461508, 47.6125433]]]}}, {"type": "Feature", "properties": {"osm_id": 397007190, "source": "OpenStreetMap", "building": "yes"}, "geometry": {"type": "Polygon", "coordinates": [[[-122.3353224, 47.6026763], [-122.3350914, 47.6024226], [-122.3351604, 47.6023937], [-122.3354234, 47.6022832], [-122.3356574, 47.6025331], [-122.3353224, 47.6026763]]]}}, {"type": "Feature", "properties": {"osm_id": 397007191, "source": "OpenStreetMap", "building": "yes", "name": "Madore Building", "building:levels": "2"}, "geometry": {"type": "Polygon", "coordinates": [[[-122.3414513, 47.6085345], [-122.341322, 47.6083914], [-122.3413746, 47.6083698], [-122.3417385, 47.6082201], [-122.341868, 47.6083632], [-122.3414513, 47.6085345]]]}}, {"type": "Feature", "properties": {"osm_id": 397007192, "source": "OpenStreetMap", "building": "office", "name": "Daily Journal Building"}, "geometry": {"type": "Polygon", "coordinates": [[[-122.3353224, 47.6026763], [-122.3356574, 47.6025331], [-122.3358774, 47.6027815], [-122.3355554, 47.6029159], [-122.3355444, 47.6029208], [-122.3353224, 47.6026763]]]}}, {"type": "Feature", "properties": {"osm_id": 397009116, "source": "OpenStreetMap", "building": "yes"}, "geometry": {"type": "Polygon", "coordinates": [[[-122.3501752, 47.6157758], [-122.3500941, 47.6158366], [-122.3501356, 47.6158617], [-122.3501542, 47.6158477], [-122.3501852, 47.6158665], [-122.3502198, 47.6158405], [-122.3501905, 47.6158228], [-122.3502145, 47.6158048], [-122.3502396, 47.61582], [-122.3502581, 47.6158061], [-122.3502293, 47.6157886], [-122.3502146, 47.6157996], [-122.3501752, 47.6157758]]]}}, {"type": "Feature", "properties": {"osm_id": 397009118, "source": "OpenStreetMap", "building": "yes"}, "geometry": {"type": "Polygon", "coordinates": [[[-122.3503794, 47.6158556], [-122.3502261, 47.6159705], [-122.3501994, 47.6159543], [-122.3502293, 47.6159319], [-122.3502446, 47.6159412], [-122.3503318, 47.6158758], [-122.3503134, 47.6158646], [-122.3503495, 47.6158375], [-122.3503794, 47.6158556]]]}}, {"type": "Feature", "properties": {"osm_id": 397010574, "source": "OpenStreetMap", "building": "apartments", "name": "Market Place North", "building:levels": "14"}, "geometry": {"type": "Polygon", "coordinates": [[[-122.3429748, 47.6109258], [-122.3431088, 47.6110042], [-122.3434036, 47.6111767], [-122.3434082, 47.6111731], [-122.3434826, 47.6112166], [-122.3433394, 47.6113278], [-122.3433214, 47.6113173], [-122.3433116, 47.6113248], [-122.3428264, 47.611041], [-122.3429748, 47.6109258]]]}}, {"type": "Feature", "properties": {"osm_id": 397016973, "source": "OpenStreetMap", "building": "yes", "name": "University Women's Club of Seattle", "building:levels": "3"}, "geometry": {"type": "Polygon", "coordinates": [[[-122.3320771, 47.6077291], [-122.3319661, 47.607776], [-122.3319241, 47.6077302], [-122.3317341, 47.6078095], [-122.3317771, 47.6078563], [-122.3316731, 47.6078992], [-122.3315451, 47.6077566], [-122.3319521, 47.607591], [-122.3320771, 47.6077291]]]}}, {"type": "Feature", "properties": {"osm_id": 397021768, "source": "OpenStreetMap", "building": "yes", "name": "U.S. Bank Centre", "building:levels": "3"}, "geometry": {"type": "Polygon", "coordinates": [[[-122.3349508, 47.6102207], [-122.3349753, 47.6102263], [-122.3349968, 47.6102361], [-122.3350135, 47.6102495], [-122.3350243, 47.6102654], [-122.3350283, 47.6102826], [-122.3350254, 47.6103], [-122.3350351, 47.6103011], [-122.3350488, 47.6102935], [-122.3350573, 47.6103027], [-122.3352088, 47.6104666], [-122.3352984, 47.6105634], [-122.3353059, 47.6105716], [-122.3353154, 47.6105878], [-122.3353186, 47.6106025], [-122.3353165, 47.6106199], [-122.3353065, 47.6106386], [-122.3352936, 47.6106513], [-122.335275, 47.6106628], [-122.3351757, 47.6107046], [-122.3351419, 47.6107188], [-122.3350844, 47.6107429], [-122.3347098, 47.6108997], [-122.3345767, 47.6109554], [-122.3345499, 47.6109614], [-122.3345203, 47.6109637], [-122.3344963, 47.6109608], [-122.3344745, 47.6109547], [-122.3344534, 47.6109447], [-122.3344355, 47.6109285], [-122.3343288, 47.6108127], [-122.3340459, 47.6105054], [-122.3337922, 47.61023], [-122.3338046, 47.6102023], [-122.3338129, 47.6101796], [-122.3338065, 47.6101728], [-122.3341279, 47.6100383], [-122.3343789, 47.6103109], [-122.3348735, 47.6101038], [-122.3349598, 47.6101972], [-122.3349709, 47.6102092], [-122.3349533, 47.6102154], [-122.3349508, 47.6102207]]]}}, {"type": "Feature", "properties": {"osm_id": 397021769, "source": "OpenStreetMap", "building": "roof", "building:levels": "1"}, "geometry": {"type": "Polygon", "coordinates": [[[-122.335275, 47.6106628], [-122.3352936, 47.6106513], [-122.3353065, 47.6106386], [-122.3353165, 47.6106199], [-122.3353186, 47.6106025], [-122.3353154, 47.6105878], [-122.3353059, 47.6105716], [-122.3352984, 47.6105634], [-122.3352088, 47.6104666], [-122.3350573, 47.6103027], [-122.3350888, 47.6102898], [-122.3352375, 47.6104545], [-122.3353256, 47.610552], [-122.335341, 47.610569], [-122.3353463, 47.6105804], [-122.335352, 47.6105954], [-122.3353537, 47.6106089], [-122.3353537, 47.610621], [-122.3353519, 47.6106263], [-122.3353495, 47.6106332], [-122.3353365, 47.6106515], [-122.3353231, 47.6106643], [-122.3352973, 47.6106805], [-122.3352769, 47.6106912], [-122.3351967, 47.610725], [-122.3351039, 47.6107641], [-122.3350844, 47.6107429], [-122.3351419, 47.6107188], [-122.3351757, 47.6107046], [-122.335275, 47.6106628]]]}}, {"type": "Feature", "properties": {"osm_id": 397021770, "source": "OpenStreetMap", "building": "roof", "building:levels": "1"}, "geometry": {"type": "Polygon", "coordinates": [[[-122.3348735, 47.6101038], [-122.3349075, 47.6100895], [-122.3349939, 47.6101829], [-122.3349598, 47.6101972], [-122.3348735, 47.6101038]]]}}, {"type": "Feature", "properties": {"osm_id": 397023121, "source": "OpenStreetMap", "building": "commercial", "name": "KeyBank", "building:levels": "3"}, "geometry": {"type": "Polygon", "coordinates": [[[-122.3358468, 47.6088204], [-122.3357243, 47.6088721], [-122.335676, 47.6088925], [-122.3358398, 47.6090688], [-122.336057, 47.6089771], [-122.3358932, 47.6088008], [-122.3358468, 47.6088204]]]}}, {"type": "Feature", "properties": {"osm_id": 397023122, "source": "OpenStreetMap", "building": "yes", "name": "Kudedon Sushi"}, "geometry": {"type": "Polygon", "coordinates": [[[-122.3356176, 47.6087572], [-122.3355876, 47.6087249], [-122.3357101, 47.6086732], [-122.3357401, 47.6087055], [-122.3356176, 47.6087572]]]}}, {"type": "Feature", "properties": {"osm_id": 397023123, "source": "OpenStreetMap", "building": "yes", "name": "Caffe Migliore"}, "geometry": {"type": "Polygon", "coordinates": [[[-122.3356962, 47.6088418], [-122.3357243, 47.6088721], [-122.3358468, 47.6088204], [-122.3358187, 47.6087901], [-122.3356962, 47.6088418]]]}}, {"type": "Feature", "properties": {"osm_id": 398816073, "source": "OpenStreetMap", "building": "commercial", "name": "Amazon.com Day 1", "height": "159"}, "geometry": {"type": "Polygon", "coordinates": [[[-122.3404922, 47.6158319], [-122.340443, 47.6158025], [-122.3402091, 47.6156664], [-122.3401296, 47.6157309], [-122.3401143, 47.6157226], [-122.3400427, 47.615778], [-122.3399659, 47.6158378], [-122.3398063, 47.6159623], [-122.3396767, 47.6160618], [-122.3396594, 47.6160729], [-122.3396747, 47.6160821], [-122.3396153, 47.6161318], [-122.3396524, 47.6161533], [-122.339705, 47.6161837], [-122.3396768, 47.6162059], [-122.3400573, 47.6164311], [-122.3401429, 47.6163669], [-122.3405977, 47.616017], [-122.3406182, 47.6160015], [-122.3406882, 47.6159486], [-122.3405892, 47.6158892], [-122.3404922, 47.6158319]]]}}, {"type": "Feature", "properties": {"osm_id": 400874898, "source": "OpenStreetMap", "building": "apartments", "name": "Kiara"}, "geometry": {"type": "Polygon", "coordinates": [[[-122.337402, 47.6186458], [-122.3374042, 47.6188856], [-122.3373638, 47.618895], [-122.337358, 47.6189498], [-122.3373662, 47.6189932], [-122.3373559, 47.6189926], [-122.3373511, 47.6190343], [-122.3373522, 47.619073], [-122.3373574, 47.6191168], [-122.3373425, 47.6191171], [-122.3373427, 47.6192738], [-122.3376777, 47.6192753], [-122.3377967, 47.6192759], [-122.337804, 47.6192759], [-122.3378042, 47.6192073], [-122.3378044, 47.6191342], [-122.3378046, 47.6190722], [-122.3378052, 47.6186463], [-122.3377358, 47.6186462], [-122.337402, 47.6186458]]]}}, {"type": "Feature", "properties": {"osm_id": 409363106, "source": "OpenStreetMap", "building": "retail", "name": "Inn at the Market Building"}, "geometry": {"type": "Polygon", "coordinates": [[[-122.3415487, 47.6100243], [-122.3414148, 47.6101281], [-122.3411437, 47.6098308], [-122.3413095, 47.6097621], [-122.341465, 47.6099325], [-122.3414958, 47.6099197], [-122.3415831, 47.6098837], [-122.3415106, 47.6098042], [-122.3414451, 47.6098313], [-122.3413606, 47.6097387], [-122.3415273, 47.6096696], [-122.3416844, 47.6098417], [-122.34161, 47.6098726], [-122.3416438, 47.6099097], [-122.3416647, 47.6099326], [-122.3415734, 47.6100047], [-122.3415487, 47.6100243]]]}}, {"type": "Feature", "properties": {"osm_id": 412284264, "source": "OpenStreetMap", "building": "yes"}, "geometry": {"type": "Polygon", "coordinates": [[[-122.3267367, 47.6056051], [-122.3266081, 47.6056598], [-122.326496, 47.60554], [-122.3266247, 47.6054853], [-122.3267367, 47.6056051]]]}}, {"type": "Feature", "properties": {"osm_id": 412284269, "source": "OpenStreetMap", "building": "yes", "name": "7th & Columbia Building", "building:levels": "3"}, "geometry": {"type": "Polygon", "coordinates": [[[-122.3278774, 47.6059207], [-122.3279582, 47.605886], [-122.3280848, 47.6060202], [-122.3278833, 47.6061066], [-122.3277567, 47.6059724], [-122.3278774, 47.6059207]]]}}, {"type": "Feature", "properties": {"osm_id": 417682780, "source": "OpenStreetMap", "building": "yes", "name": "KOMO Plaza East", "building:levels": "6"}, "geometry": {"type": "Polygon", "coordinates": [[[-122.3486593, 47.6196519], [-122.348232, 47.6196463], [-122.347789, 47.6196435], [-122.3477962, 47.6188509], [-122.3478598, 47.6188508], [-122.3478591, 47.6188132], [-122.3479027, 47.618814], [-122.3479529, 47.6188183], [-122.348005, 47.6188268], [-122.3480535, 47.6188392], [-122.3480533, 47.6188528], [-122.3481131, 47.6188528], [-122.3481126, 47.6189368], [-122.3481606, 47.6189386], [-122.3482156, 47.6189459], [-122.3482576, 47.6189531], [-122.3482576, 47.6192256], [-122.3483076, 47.6192255], [-122.3483256, 47.6192533], [-122.3483396, 47.6192821], [-122.3483506, 47.6193115], [-122.3483586, 47.6193414], [-122.3483626, 47.6193716], [-122.3487046, 47.6193743], [-122.3487166, 47.6194028], [-122.3487256, 47.6194319], [-122.3487306, 47.6194613], [-122.3487306, 47.6194917], [-122.3487596, 47.6195101], [-122.3487786, 47.6195337], [-122.3487856, 47.6195601], [-122.3487806, 47.6195867], [-122.3487626, 47.6196108], [-122.3487346, 47.61963], [-122.3486996, 47.6196424], [-122.3486593, 47.6196451], [-122.3486593, 47.6196519]]]}}, {"type": "Feature", "properties": {"osm_id": 417682781, "source": "OpenStreetMap", "building": "yes", "name": "KOMO Plaza West", "building:levels": "6"}, "geometry": {"type": "Polygon", "coordinates": [[[-122.3483058, 47.6186671], [-122.3483751, 47.6186673], [-122.3483753, 47.6186573], [-122.3486965, 47.6186587], [-122.3486968, 47.6186809], [-122.3487231, 47.6186843], [-122.3487498, 47.6186936], [-122.3487729, 47.6187115], [-122.3487819, 47.6187297], [-122.3487822, 47.6187439], [-122.3488157, 47.6187441], [-122.3488088, 47.6192056], [-122.3487335, 47.6192214], [-122.3487326, 47.6192365], [-122.3486606, 47.6192537], [-122.3485788, 47.619262], [-122.3485438, 47.6192619], [-122.3485444, 47.6192183], [-122.3484843, 47.6192179], [-122.3484892, 47.6189183], [-122.3484544, 47.6189181], [-122.3484341, 47.6188762], [-122.3484258, 47.6188405], [-122.3483017, 47.61884], [-122.3482999, 47.618802], [-122.348256, 47.6188019], [-122.348243, 47.6187742], [-122.3482361, 47.6187371], [-122.3482371, 47.6187133], [-122.3483055, 47.6187141], [-122.3483058, 47.6186671]]]}}, {"type": "Feature", "properties": {"osm_id": 421508942, "source": "OpenStreetMap", "building": "yes", "name": "Cipra Building", "building:levels": "6"}, "geometry": {"type": "Polygon", "coordinates": [[[-122.342041, 47.6108825], [-122.3417475, 47.6111109], [-122.3417953, 47.6111388], [-122.341836, 47.6111626], [-122.3421296, 47.6109342], [-122.342041, 47.6108825]]]}}, {"type": "Feature", "properties": {"osm_id": 421508943, "source": "OpenStreetMap", "building": "yes", "name": "Aaron Building", "building:levels": "2"}, "geometry": {"type": "Polygon", "coordinates": [[[-122.338709, 47.6100519], [-122.33852, 47.6101306], [-122.3384012, 47.61018], [-122.3382691, 47.6100358], [-122.3386377, 47.6098823], [-122.3387698, 47.6100265], [-122.338709, 47.6100519]]]}}, {"type": "Feature", "properties": {"osm_id": 429553385, "source": "OpenStreetMap", "building": "retail", "name": "Seattle Great Wheel Tickets"}, "geometry": {"type": "Polygon", "coordinates": [[[-122.3422802, 47.6063258], [-122.3422024, 47.60635], [-122.3421809, 47.6063187], [-122.3422586, 47.6062945], [-122.3422802, 47.6063258]]]}}, {"type": "Feature", "properties": {"osm_id": 432313068, "source": "OpenStreetMap", "building": "office", "name": "Denny Building", "building:levels": "12"}, "geometry": {"type": "Polygon", "coordinates": [[[-122.3414035, 47.6166928], [-122.3406688, 47.6162589], [-122.3408364, 47.6161299], [-122.3412035, 47.6163469], [-122.3415711, 47.6165639], [-122.3414035, 47.6166928]]]}}, {"type": "Feature", "properties": {"osm_id": 432313072, "source": "OpenStreetMap", "building": "yes"}, "geometry": {"type": "Polygon", "coordinates": [[[-122.3425471, 47.6155577], [-122.3423609, 47.6154475], [-122.3425331, 47.6153337], [-122.3427169, 47.6154411], [-122.3425471, 47.6155577]]]}}, {"type": "Feature", "properties": {"osm_id": 432313074, "source": "OpenStreetMap", "building": "yes"}, "geometry": {"type": "Polygon", "coordinates": [[[-122.342974, 47.6154782], [-122.3428008, 47.615376], [-122.3427169, 47.6154411], [-122.3425471, 47.6155577], [-122.3425358, 47.6155664], [-122.3427185, 47.6156745], [-122.3427325, 47.6156637], [-122.342974, 47.6154782]]]}}, {"type": "Feature", "properties": {"osm_id": 432313075, "source": "OpenStreetMap", "building": "yes", "name": "Seattle Glassblowing Studio"}, "geometry": {"type": "Polygon", "coordinates": [[[-122.342974, 47.6154782], [-122.3430179, 47.6154445], [-122.3432048, 47.6155551], [-122.3429194, 47.6157743], [-122.3428549, 47.6157361], [-122.3427325, 47.6156637], [-122.342974, 47.6154782]]]}}, {"type": "Feature", "properties": {"osm_id": 432313076, "source": "OpenStreetMap", "building": "yes", "name": "Grange Insurance"}, "geometry": {"type": "Polygon", "coordinates": [[[-122.3494839, 47.6173114], [-122.3497696, 47.6170914], [-122.3501397, 47.6173097], [-122.349854, 47.6175297], [-122.3494839, 47.6173114]]]}}, {"type": "Feature", "properties": {"osm_id": 434703404, "source": "OpenStreetMap", "building": "retail", "name": "Noren Sushi", "building:levels": "2"}, "geometry": {"type": "Polygon", "coordinates": [[[-122.3271289, 47.6144457], [-122.326962, 47.6144447], [-122.3269659, 47.6142002], [-122.3271322, 47.6142012], [-122.3271289, 47.6144457]]]}}, {"type": "Feature", "properties": {"osm_id": 434703405, "source": "OpenStreetMap", "building": "yes", "name": "Seattle Eagle", "building:levels": "2"}, "geometry": {"type": "Polygon", "coordinates": [[[-122.3271322, 47.6142012], [-122.3272097, 47.6142017], [-122.3272063, 47.6144572], [-122.3271288, 47.6144568], [-122.3271289, 47.6144457], [-122.3271322, 47.6142012]]]}}, {"type": "Feature", "properties": {"osm_id": 434703406, "source": "OpenStreetMap", "building": "yes", "building:levels": "2"}, "geometry": {"type": "Polygon", "coordinates": [[[-122.3273928, 47.6142028], [-122.3277664, 47.6140874], [-122.327778, 47.6140766], [-122.3278276, 47.6141007], [-122.3278166, 47.6141122], [-122.3278138, 47.6143246], [-122.3273912, 47.614322], [-122.3273928, 47.6142028]]]}}, {"type": "Feature", "properties": {"osm_id": 434703407, "source": "OpenStreetMap", "building": "yes", "building:levels": "2"}, "geometry": {"type": "Polygon", "coordinates": [[[-122.3286718, 47.6140705], [-122.3287989, 47.6142116], [-122.3285288, 47.6143274], [-122.3283293, 47.6144038], [-122.3282643, 47.6143318], [-122.3282022, 47.6142628], [-122.3286718, 47.6140705]]]}}, {"type": "Feature", "properties": {"osm_id": 439990280, "source": "OpenStreetMap", "building": "yes", "name": "Yesler Building", "building:levels": "4"}, "geometry": {"type": "Polygon", "coordinates": [[[-122.3346005, 47.6015666], [-122.3346, 47.6016377], [-122.334377, 47.6016374], [-122.3343438, 47.6016121], [-122.3343437, 47.6015666], [-122.3346005, 47.6015666]]]}}, {"type": "Feature", "properties": {"osm_id": 439990299, "source": "OpenStreetMap", "building": "yes", "name": "Korn Building", "building:levels": "3"}, "geometry": {"type": "Polygon", "coordinates": [[[-122.333041, 47.6016093], [-122.3330419, 47.6014648], [-122.3333649, 47.6014657], [-122.3333639, 47.6016296], [-122.3330698, 47.6016288], [-122.333041, 47.6016093]]]}}, {"type": "Feature", "properties": {"osm_id": 448857947, "source": "OpenStreetMap", "building": "yes"}, "geometry": {"type": "Polygon", "coordinates": [[[-122.3400066, 47.6027639], [-122.3400059, 47.6027163], [-122.3394348, 47.6027203], [-122.3394345, 47.6027045], [-122.3393484, 47.6027041], [-122.3393491, 47.6027455], [-122.3393494, 47.6027727], [-122.3398544, 47.6027637], [-122.3398549, 47.6027949], [-122.3399022, 47.6027946], [-122.3399472, 47.6027814], [-122.3400066, 47.6027639]]]}}, {"type": "Feature", "properties": {"osm_id": 450041361, "source": "OpenStreetMap", "building": "yes", "name": "Westlake Place"}, "geometry": {"type": "Polygon", "coordinates": [[[-122.3364853, 47.610801], [-122.3367112, 47.6107068], [-122.336778, 47.6110543], [-122.3367327, 47.611073], [-122.3364853, 47.610801]]]}}, {"type": "Feature", "properties": {"osm_id": 456870472, "source": "OpenStreetMap", "building": "yes"}, "geometry": {"type": "Polygon", "coordinates": [[[-122.3360515, 47.6113667], [-122.3358486, 47.6114511], [-122.3357308, 47.6113223], [-122.3359343, 47.6112387], [-122.3360515, 47.6113667]]]}}, {"type": "Feature", "properties": {"osm_id": 456870473, "source": "OpenStreetMap", "building": "roof", "building:levels": "1"}, "geometry": {"type": "Polygon", "coordinates": [[[-122.3355944, 47.6108717], [-122.3354967, 47.6108607], [-122.3355048, 47.610827], [-122.335602, 47.6108394], [-122.3355944, 47.6108717]]]}}, {"type": "Feature", "properties": {"osm_id": 457119602, "source": "OpenStreetMap", "building": "commercial", "height": "25", "building:levels": "7"}, "geometry": {"type": "Polygon", "coordinates": [[[-122.3363686, 47.6062339], [-122.336347, 47.6062446], [-122.3361505, 47.606031], [-122.336138, 47.6060363], [-122.3360001, 47.6058857], [-122.3364355, 47.6057031], [-122.3368357, 47.6055346], [-122.3370853, 47.6058051], [-122.337053, 47.6058182], [-122.33692, 47.6058725], [-122.3369391, 47.605896], [-122.3369163, 47.6059054], [-122.3368096, 47.6059491], [-122.3367591, 47.6059699], [-122.3367291, 47.6059367], [-122.3366702, 47.6059608], [-122.336639, 47.6059263], [-122.3365916, 47.6059457], [-122.3365309, 47.6058785], [-122.336206, 47.6060117], [-122.33634, 47.6061611], [-122.3363421, 47.6061831], [-122.3363517, 47.6062094], [-122.3363686, 47.6062339]]]}}, {"type": "Feature", "properties": {"osm_id": 467061006, "source": "OpenStreetMap", "building": "yes", "building:levels": "5"}, "geometry": {"type": "Polygon", "coordinates": [[[-122.3323848, 47.6113485], [-122.3320193, 47.6109291], [-122.3324222, 47.6107606], [-122.3328033, 47.6111747], [-122.3323848, 47.6113485]]]}}, {"type": "Feature", "properties": {"osm_id": 470300696, "source": "OpenStreetMap", "building": "yes", "name": "Washington Athletic Club Annex"}, "geometry": {"type": "Polygon", "coordinates": [[[-122.3337672, 47.6095907], [-122.3333618, 47.6097606], [-122.333295, 47.6096875], [-122.33324, 47.6096265], [-122.333647, 47.6094585], [-122.3337672, 47.6095907]]]}}, {"type": "Feature", "properties": {"osm_id": 478122676, "source": "OpenStreetMap", "building": "yes", "name": "O2 Apartments"}, "geometry": {"type": "Polygon", "coordinates": [[[-122.3469776, 47.6154308], [-122.3466862, 47.6156607], [-122.3463418, 47.6154537], [-122.3466395, 47.6152294], [-122.3469776, 47.6154308]]]}}, {"type": "Feature", "properties": {"osm_id": 484790716, "source": "OpenStreetMap", "building": "apartments", "name": "Elara at the Market"}, "geometry": {"type": "Polygon", "coordinates": [[[-122.3450487, 47.6118733], [-122.3450791, 47.6118915], [-122.3452906, 47.6120181], [-122.345576, 47.6121888], [-122.3455821, 47.6121841], [-122.3457876, 47.6120281], [-122.3457956, 47.6120329], [-122.3458291, 47.6120074], [-122.3458211, 47.6120027], [-122.3458914, 47.6119493], [-122.3458318, 47.6119136], [-122.3453945, 47.6116519], [-122.3453641, 47.6116338], [-122.3450487, 47.6118733]]]}}, {"type": "Feature", "properties": {"osm_id": 490190467, "source": "OpenStreetMap", "building": "apartments", "name": "The Gainsborough"}, "geometry": {"type": "Polygon", "coordinates": [[[-122.3251671, 47.6102058], [-122.3250055, 47.6102739], [-122.3247621, 47.6103766], [-122.3245468, 47.6101447], [-122.3247902, 47.610042], [-122.3247555, 47.6100045], [-122.324917, 47.6099364], [-122.3249177, 47.6099372], [-122.3250723, 47.6101037], [-122.3251671, 47.6102058]]]}}, {"type": "Feature", "properties": {"osm_id": 490586222, "source": "OpenStreetMap", "building": "apartments", "name": "Stratus", "height": "15.2", "building:levels": "5"}, "geometry": {"type": "Polygon", "coordinates": [[[-122.3380648, 47.6172374], [-122.3379481, 47.6173261], [-122.3379291, 47.6173147], [-122.3378824, 47.6173502], [-122.3378993, 47.6173603], [-122.337763, 47.6174639], [-122.337389, 47.6172413], [-122.3372388, 47.6171506], [-122.3374459, 47.6169927], [-122.3374646, 47.616979], [-122.3375538, 47.6170323], [-122.3375984, 47.6169981], [-122.3376173, 47.6169841], [-122.3376274, 47.6169865], [-122.3376592, 47.6169623], [-122.3378416, 47.6170714], [-122.3378299, 47.6170802], [-122.3378522, 47.6170989], [-122.3378792, 47.6170916], [-122.3380603, 47.6171998], [-122.3380648, 47.6172374]]]}}, {"type": "Feature", "properties": {"osm_id": 491680016, "source": "OpenStreetMap", "building": "commercial", "name": "818 Stewart"}, "geometry": {"type": "Polygon", "coordinates": [[[-122.335377, 47.6160346], [-122.3352618, 47.6159661], [-122.3351324, 47.6158891], [-122.3350484, 47.6158391], [-122.3350367, 47.615848], [-122.3347573, 47.6156818], [-122.3347691, 47.6156728], [-122.3346694, 47.6156135], [-122.3346914, 47.6155967], [-122.3349458, 47.6154024], [-122.3349638, 47.6153887], [-122.3349832, 47.6154003], [-122.3350635, 47.615448], [-122.3350739, 47.6154401], [-122.3353533, 47.6156063], [-122.3353428, 47.6156143], [-122.3354268, 47.6156643], [-122.3355562, 47.6157413], [-122.3356714, 47.6158099], [-122.3355184, 47.6159267], [-122.335377, 47.6160346]]]}}, {"type": "Feature", "properties": {"osm_id": 492248771, "source": "OpenStreetMap", "building": "apartments", "name": "McKenzie Apartments", "height": "136"}, "geometry": {"type": "Polygon", "coordinates": [[[-122.3394511, 47.6179588], [-122.3391581, 47.6177868], [-122.3390841, 47.6177431], [-122.3390101, 47.6176999], [-122.3388901, 47.6176296], [-122.3391741, 47.6174311], [-122.3392051, 47.6174409], [-122.3392491, 47.6174589], [-122.3392911, 47.6174787], [-122.3393311, 47.6175001], [-122.3393691, 47.617523], [-122.3394051, 47.6175474], [-122.3394391, 47.6175732], [-122.3394711, 47.6176003], [-122.3395161, 47.6176198], [-122.3395601, 47.6176404], [-122.3396031, 47.6176619], [-122.3396451, 47.6176843], [-122.3396861, 47.6177076], [-122.3397371, 47.6177374], [-122.3396951, 47.6177701], [-122.3394511, 47.6179588]]]}}, {"type": "Feature", "properties": {"osm_id": 492872289, "source": "OpenStreetMap", "building": "apartments", "name": "Avalon Belltown Towers"}, "geometry": {"type": "Polygon", "coordinates": [[[-122.3483182, 47.6161669], [-122.3484248, 47.6160859], [-122.3484173, 47.6160814], [-122.3484503, 47.6160559], [-122.3484583, 47.6160604], [-122.3485691, 47.6159609], [-122.3485822, 47.6159679], [-122.3485983, 47.6159518], [-122.3484867, 47.6158913], [-122.3484784, 47.6158987], [-122.3484213, 47.6158657], [-122.348431, 47.6158586], [-122.3482477, 47.6157462], [-122.3479517, 47.6155672], [-122.347935, 47.6155781], [-122.347906, 47.6155608], [-122.347891, 47.615572], [-122.347874, 47.6155619], [-122.3477617, 47.6156505], [-122.3477787, 47.6156605], [-122.3477597, 47.6156755], [-122.347742, 47.615665], [-122.3476268, 47.6157542], [-122.3477176, 47.6158085], [-122.3481178, 47.6160467], [-122.3483182, 47.6161669]]]}}, {"type": "Feature", "properties": {"osm_id": 492881131, "source": "OpenStreetMap", "building": "apartments", "name": "2900 on First Apartments", "building:levels": "2"}, "geometry": {"type": "Polygon", "coordinates": [[[-122.3522538, 47.6172924], [-122.3523252, 47.6172377], [-122.3523522, 47.6172171], [-122.352391, 47.6171874], [-122.3524111, 47.617172], [-122.3524496, 47.6171425], [-122.352473, 47.6171246], [-122.3525163, 47.6170914], [-122.3525321, 47.6170793], [-122.352554, 47.6170923], [-122.3527186, 47.61719], [-122.3531336, 47.6174362], [-122.3532253, 47.6174907], [-122.3534434, 47.6176201], [-122.3536077, 47.6177176], [-122.3536307, 47.6177312], [-122.353615, 47.6177432], [-122.3535714, 47.6177766], [-122.3535489, 47.6177939], [-122.3535113, 47.6178226], [-122.3534894, 47.6178394], [-122.3534535, 47.6178669], [-122.3534312, 47.6178839], [-122.353353, 47.6179439], [-122.3533296, 47.6179618], [-122.3533148, 47.617953], [-122.3522445, 47.6173179], [-122.352231, 47.6173099], [-122.3522538, 47.6172924]]]}}, {"type": "Feature", "properties": {"osm_id": 494777672, "source": "OpenStreetMap", "building": "apartments"}, "geometry": {"type": "Polygon", "coordinates": [[[-122.3399483, 47.611229], [-122.3402443, 47.6109784], [-122.3402598, 47.6109652], [-122.340197, 47.6109256], [-122.3401641, 47.610889], [-122.3401572, 47.6108918], [-122.3400934, 47.6108205], [-122.3401002, 47.6108177], [-122.340039, 47.6107495], [-122.3400323, 47.6107522], [-122.339895, 47.6108082], [-122.3397836, 47.6108537], [-122.3396576, 47.6109051], [-122.3396845, 47.6109351], [-122.3399483, 47.611229]]]}}, {"type": "Feature", "properties": {"osm_id": 495040435, "source": "OpenStreetMap", "building": "apartments", "name": "Plymouth on First Hill"}, "geometry": {"type": "Polygon", "coordinates": [[[-122.3275785, 47.6054895], [-122.3276927, 47.6056177], [-122.3273312, 47.6057619], [-122.3272115, 47.6056347], [-122.3275785, 47.6054895]]]}}, {"type": "Feature", "properties": {"osm_id": 497072394, "source": "OpenStreetMap", "building": "yes", "building:levels": "3"}, "geometry": {"type": "Polygon", "coordinates": [[[-122.3361637, 47.6081893], [-122.3362016, 47.6082301], [-122.3366593, 47.6087227], [-122.3363116, 47.6088695], [-122.336252, 47.6088947], [-122.3357504, 47.6083549], [-122.3361637, 47.6081893]]]}}, {"type": "Feature", "properties": {"osm_id": 508855280, "source": "OpenStreetMap", "building": "hut"}, "geometry": {"type": "Polygon", "coordinates": [[[-122.3516903, 47.6134094], [-122.3516564, 47.6133901], [-122.3516341, 47.6134079], [-122.351668, 47.6134272], [-122.3516903, 47.6134094]]]}}, {"type": "Feature", "properties": {"osm_id": 508855282, "source": "OpenStreetMap", "building": "hut"}, "geometry": {"type": "Polygon", "coordinates": [[[-122.3512037, 47.6131255], [-122.3511698, 47.6131061], [-122.3511474, 47.6131239], [-122.3511813, 47.6131432], [-122.3512037, 47.6131255]]]}}, {"type": "Feature", "properties": {"osm_id": 520369342, "source": "OpenStreetMap", "building": "yes", "name": "Bell Street Cruise Terminal", "building:levels": "2"}, "geometry": {"type": "Polygon", "coordinates": [[[-122.3493382, 47.611518], [-122.3494198, 47.611569], [-122.3495605, 47.6115694], [-122.3500658, 47.6118681], [-122.3510839, 47.6118668], [-122.3504147, 47.6114737], [-122.3502531, 47.6114732], [-122.3500706, 47.6114726], [-122.3493996, 47.611468], [-122.3493382, 47.611518]]]}}, {"type": "Feature", "properties": {"osm_id": 520398256, "source": "OpenStreetMap", "building": "yes", "building:levels": "1"}, "geometry": {"type": "Polygon", "coordinates": [[[-122.3324217, 47.6189651], [-122.3322785, 47.6189672], [-122.3322705, 47.6187088], [-122.3326009, 47.6187041], [-122.3326019, 47.6187372], [-122.3325746, 47.6187376], [-122.3324217, 47.6189651]]]}}, {"type": "Feature", "properties": {"osm_id": 520398257, "source": "OpenStreetMap", "building": "yes", "building:levels": "1"}, "geometry": {"type": "Polygon", "coordinates": [[[-122.3316539, 47.619425], [-122.3316526, 47.6193816], [-122.3313106, 47.6193864], [-122.3313119, 47.6194298], [-122.3316539, 47.619425]]]}}, {"type": "Feature", "properties": {"osm_id": 520398258, "source": "OpenStreetMap", "building": "yes", "building:levels": "1"}, "geometry": {"type": "Polygon", "coordinates": [[[-122.3321158, 47.6194457], [-122.3321128, 47.6193519], [-122.3319713, 47.6193539], [-122.3318547, 47.6193555], [-122.3318576, 47.6194493], [-122.3321158, 47.6194457]]]}}, {"type": "Feature", "properties": {"osm_id": 520398259, "source": "OpenStreetMap", "building": "yes", "building:levels": "1"}, "geometry": {"type": "Polygon", "coordinates": [[[-122.3312697, 47.6190763], [-122.3312735, 47.6191995], [-122.3316758, 47.6191938], [-122.331672, 47.6190706], [-122.3314883, 47.6190732], [-122.3313086, 47.6190758], [-122.3312697, 47.6190763]]]}}, {"type": "Feature", "properties": {"osm_id": 520398260, "source": "OpenStreetMap", "building": "yes", "building:levels": "1"}, "geometry": {"type": "Polygon", "coordinates": [[[-122.3315391, 47.6187782], [-122.3312807, 47.6187818], [-122.3312842, 47.6188945], [-122.3315426, 47.6188909], [-122.3315391, 47.6187782]]]}}, {"type": "Feature", "properties": {"osm_id": 520398261, "source": "OpenStreetMap", "building": "yes", "building:levels": "1"}, "geometry": {"type": "Polygon", "coordinates": [[[-122.3315674, 47.6188905], [-122.3317181, 47.6188884], [-122.3317145, 47.6187757], [-122.3315639, 47.6187778], [-122.3315674, 47.6188905]]]}}, {"type": "Feature", "properties": {"osm_id": 520398263, "source": "OpenStreetMap", "building": "yes", "building:levels": "1"}, "geometry": {"type": "Polygon", "coordinates": [[[-122.3320326, 47.6192048], [-122.3321836, 47.6192027], [-122.3321717, 47.6188191], [-122.3320207, 47.6188213], [-122.3320326, 47.6192048]]]}}, {"type": "Feature", "properties": {"osm_id": 520649943, "source": "OpenStreetMap", "building": "office", "name": "Seattle Children's Research Institute B. Wayne Hughes Building", "height": "5.5", "building:levels": "1"}, "geometry": {"type": "Polygon", "coordinates": [[[-122.3333306, 47.616682], [-122.333526, 47.6165265], [-122.3337571, 47.6166605], [-122.3338552, 47.6166032], [-122.3340765, 47.6167192], [-122.3346382, 47.6170497], [-122.334668, 47.617067], [-122.3344948, 47.6172025], [-122.3344227, 47.6172591], [-122.3342757, 47.6172279], [-122.334259, 47.6172393], [-122.3338071, 47.6169744], [-122.3338211, 47.6169653], [-122.3335603, 47.6168147], [-122.3333306, 47.616682]]]}}, {"type": "Feature", "properties": {"osm_id": 520654959, "source": "OpenStreetMap", "building": "commercial", "name": "Hyatt Regency Seattle", "height": "158"}, "geometry": {"type": "Polygon", "coordinates": [[[-122.3346212, 47.6146101], [-122.3343331, 47.6144067], [-122.3342754, 47.614366], [-122.3341647, 47.6142879], [-122.333846, 47.6145386], [-122.3338299, 47.6145507], [-122.3343785, 47.614912], [-122.3344295, 47.6149452], [-122.3344722, 47.6149699], [-122.3344221, 47.6150093], [-122.3343794, 47.6149846], [-122.3342658, 47.6150739], [-122.3341465, 47.6151678], [-122.3340845, 47.6152165], [-122.3343925, 47.6153946], [-122.3344573, 47.6154321], [-122.3344733, 47.6154194], [-122.3346996, 47.6152416], [-122.3347664, 47.6151892], [-122.3350299, 47.614982], [-122.3350876, 47.6149367], [-122.3350686, 47.6149237], [-122.3347829, 47.6147285], [-122.3347128, 47.6146777], [-122.3346726, 47.6146478], [-122.3346212, 47.6146101]]]}}, {"type": "Feature", "properties": {"osm_id": 522001674, "source": "OpenStreetMap", "building": "apartments", "name": "Sen+Ral", "building:levels": "17"}, "geometry": {"type": "Polygon", "coordinates": [[[-122.3242526, 47.6098292], [-122.3242938, 47.6098755], [-122.3242764, 47.6098825], [-122.3242846, 47.6098917], [-122.3242957, 47.6098871], [-122.3243123, 47.6099058], [-122.3243011, 47.6099103], [-122.3243095, 47.6099197], [-122.3243337, 47.6099469], [-122.3243525, 47.6099681], [-122.324363, 47.6099639], [-122.3243881, 47.609992], [-122.3243775, 47.6099963], [-122.3243926, 47.6100132], [-122.3244175, 47.6100412], [-122.3244233, 47.6100478], [-122.3244466, 47.610074], [-122.3247248, 47.6099617], [-122.3247561, 47.6099969], [-122.3248857, 47.6099445], [-122.3248311, 47.6098831], [-122.3248483, 47.6098761], [-122.3247982, 47.6098198], [-122.3248187, 47.6098115], [-122.3246879, 47.6096643], [-122.3246512, 47.6096792], [-122.3246189, 47.6096922], [-122.3246117, 47.6096841], [-122.324512, 47.6097244], [-122.324519, 47.6097322], [-122.3244935, 47.6097425], [-122.3244866, 47.6097347], [-122.3243883, 47.6097744], [-122.3243955, 47.6097825], [-122.3243714, 47.6097922], [-122.3243642, 47.6097841], [-122.3242526, 47.6098292]]]}}, {"type": "Feature", "properties": {"osm_id": 530604187, "source": "OpenStreetMap", "building": "yes", "name": "West Clinic", "building:levels": "5"}, "geometry": {"type": "Polygon", "coordinates": [[[-122.3245531, 47.6035071], [-122.3245438, 47.6035345], [-122.3244951, 47.6036744], [-122.3242847, 47.6037626], [-122.3242327, 47.6037083], [-122.3238455, 47.6032848], [-122.3237884, 47.6032245], [-122.324153, 47.6030714], [-122.3245531, 47.6035071]]]}}, {"type": "Feature", "properties": {"osm_id": 530604188, "source": "OpenStreetMap", "building": "yes", "name": "West Hospital", "building:levels": "5"}, "geometry": {"type": "Polygon", "coordinates": [[[-122.3253346, 47.6042336], [-122.3251065, 47.6043258], [-122.3248805, 47.6042899], [-122.3247144, 47.6041056], [-122.3244597, 47.6038274], [-122.3247183, 47.6037202], [-122.3247279, 47.6037299], [-122.3249134, 47.6037615], [-122.3253346, 47.6042336]]]}}, {"type": "Feature", "properties": {"osm_id": 530604189, "source": "OpenStreetMap", "building": "yes", "name": "East Hospital", "building:levels": "7"}, "geometry": {"type": "Polygon", "coordinates": [[[-122.3247658, 47.6044293], [-122.3243609, 47.6045985], [-122.3242775, 47.6046358], [-122.3242697, 47.604627], [-122.3242553, 47.6046327], [-122.3242389, 47.6046131], [-122.3240828, 47.6044418], [-122.3242725, 47.6043591], [-122.3242621, 47.6043472], [-122.3245559, 47.6042204], [-122.3245644, 47.6042302], [-122.3245799, 47.6042235], [-122.3246058, 47.6042558], [-122.3247658, 47.6044293]]]}}, {"type": "Feature", "properties": {"osm_id": 543601932, "source": "OpenStreetMap", "building": "apartments", "name": "Cielo", "building:levels": "3"}, "geometry": {"type": "Polygon", "coordinates": [[[-122.3293043, 47.609683], [-122.3293587, 47.6097423], [-122.3296915, 47.6101048], [-122.3300441, 47.6099561], [-122.3301368, 47.609919], [-122.3297496, 47.6094972], [-122.3297294, 47.6095054], [-122.3293043, 47.609683]]]}}, {"type": "Feature", "properties": {"osm_id": 543831123, "source": "OpenStreetMap", "building": "yes"}, "geometry": {"type": "Polygon", "coordinates": [[[-122.3295525, 47.6082083], [-122.3296073, 47.6081855], [-122.3296386, 47.6082197], [-122.3295845, 47.6082421], [-122.3295525, 47.6082083]]]}}, {"type": "Feature", "properties": {"osm_id": 543831126, "source": "OpenStreetMap", "building": "yes", "name": "Ananas Pizzeria", "building:levels": "1"}, "geometry": {"type": "Polygon", "coordinates": [[[-122.3290196, 47.6090624], [-122.3291886, 47.6089927], [-122.3291256, 47.6089233], [-122.3289566, 47.6089929], [-122.3290196, 47.6090624]]]}}, {"type": "Feature", "properties": {"osm_id": 549038655, "source": "OpenStreetMap", "building": "yes", "name": "Bakun Building", "building:levels": "3"}, "geometry": {"type": "Polygon", "coordinates": [[[-122.3416746, 47.6080302], [-122.3416314, 47.607985], [-122.3414127, 47.6077507], [-122.3414911, 47.6077151], [-122.3418833, 47.6079362], [-122.3416746, 47.6080302]]]}}, {"type": "Feature", "properties": {"osm_id": 549073892, "source": "OpenStreetMap", "building": "parking", "name": "Republic Parking", "building:levels": "4"}, "geometry": {"type": "Polygon", "coordinates": [[[-122.3411775, 47.6082168], [-122.3407956, 47.6078171], [-122.3412679, 47.6076165], [-122.3413024, 47.6076537], [-122.3416152, 47.607991], [-122.3416314, 47.607985], [-122.3416746, 47.6080302], [-122.3416645, 47.6080342], [-122.3412633, 47.6082017], [-122.3412495, 47.6081865], [-122.3411775, 47.6082168]]]}}, {"type": "Feature", "properties": {"osm_id": 563610313, "source": "OpenStreetMap", "building": "apartments", "name": "Balfour Place Apartments", "building:levels": "6"}, "geometry": {"type": "Polygon", "coordinates": [[[-122.3312147, 47.6173824], [-122.3312429, 47.6173606], [-122.3310469, 47.6172454], [-122.3309305, 47.6173353], [-122.3309757, 47.6173619], [-122.3308823, 47.617434], [-122.3308371, 47.6174074], [-122.3307266, 47.6174927], [-122.3307188, 47.6174987], [-122.3309458, 47.6176323], [-122.3309552, 47.617625], [-122.3311335, 47.6177299], [-122.331127, 47.617735], [-122.3313534, 47.6178682], [-122.3314389, 47.6178021], [-122.3314254, 47.6177942], [-122.3315784, 47.6176761], [-122.3315895, 47.6176826], [-122.3316761, 47.6176157], [-122.3314818, 47.6175014], [-122.3314538, 47.6175231], [-122.3314278, 47.6175077], [-122.3314158, 47.617517], [-122.331231, 47.6174083], [-122.331243, 47.617399], [-122.3312147, 47.6173824]]]}}, {"type": "Feature", "properties": {"osm_id": 563630457, "source": "OpenStreetMap", "building": "apartments", "name": "Nexus"}, "geometry": {"type": "Polygon", "coordinates": [[[-122.3307765, 47.6173262], [-122.3308103, 47.6173002], [-122.330818, 47.6172943], [-122.3308545, 47.6172663], [-122.3309463, 47.6171958], [-122.3309512, 47.617192], [-122.3308989, 47.6171611], [-122.3305848, 47.6169752], [-122.3302634, 47.6172219], [-122.3306299, 47.6174387], [-122.3306338, 47.6174357], [-122.3307106, 47.6173767], [-122.3307473, 47.6173486], [-122.3307765, 47.6173262]]]}}, {"type": "Feature", "properties": {"osm_id": 568586007, "source": "OpenStreetMap", "building": "retail"}, "geometry": {"type": "Polygon", "coordinates": [[[-122.32459, 47.6143237], [-122.3245902, 47.6142016], [-122.3249984, 47.6142013], [-122.324998, 47.6143226], [-122.32459, 47.6143237]]]}}, {"type": "Feature", "properties": {"osm_id": 584763257, "source": "OpenStreetMap", "building": "office", "name": "Amazon.com The Summit", "building:levels": "8"}, "geometry": {"type": "Polygon", "coordinates": [[[-122.338863, 47.6168908], [-122.3389632, 47.6169506], [-122.3391823, 47.6170787], [-122.3396452, 47.6167192], [-122.3396913, 47.6166834], [-122.3397938, 47.6166038], [-122.3395747, 47.6164756], [-122.3394261, 47.616591], [-122.3392695, 47.6167127], [-122.3392444, 47.6167322], [-122.3389375, 47.616762], [-122.3388986, 47.6168071], [-122.3389039, 47.6168573], [-122.338863, 47.6168908]]]}}, {"type": "Feature", "properties": {"osm_id": 584763258, "source": "OpenStreetMap", "building": "office", "name": "Amazon.com re:Invent", "height": "158", "building:levels": "38"}, "geometry": {"type": "Polygon", "coordinates": [[[-122.3385741, 47.6166566], [-122.3385876, 47.6167248], [-122.3387217, 47.6167127], [-122.3387239, 47.6167239], [-122.3389704, 47.6167017], [-122.3389639, 47.616669], [-122.3391112, 47.6166558], [-122.3391675, 47.6166507], [-122.3391949, 47.6166482], [-122.3391624, 47.6164839], [-122.3391116, 47.6162275], [-122.339023, 47.6162354], [-122.3390186, 47.6162358], [-122.3390114, 47.6161996], [-122.3390022, 47.6161527], [-122.3384716, 47.6162001], [-122.3382698, 47.6163514], [-122.33831, 47.6165619], [-122.3384725, 47.6166567], [-122.3385741, 47.6166566]]]}}, {"type": "Feature", "properties": {"osm_id": 594403350, "source": "OpenStreetMap", "building": "office", "name": "Qualtrics Tower"}, "geometry": {"type": "Polygon", "coordinates": [[[-122.3377474, 47.6066525], [-122.3377138, 47.6066153], [-122.3377403, 47.6066044], [-122.3377083, 47.6065443], [-122.3375718, 47.6063931], [-122.3375086, 47.6063477], [-122.3374763, 47.6063609], [-122.3374119, 47.6062896], [-122.3372357, 47.606362], [-122.3366546, 47.6066005], [-122.3367063, 47.6066578], [-122.3371599, 47.6071602], [-122.3372897, 47.607107], [-122.3374629, 47.6070359], [-122.3375311, 47.6070079], [-122.3373555, 47.6068133], [-122.3377474, 47.6066525]]]}}, {"type": "Feature", "properties": {"osm_id": 613645323, "source": "OpenStreetMap", "building": "yes", "name": "The Modern"}, "geometry": {"type": "Polygon", "coordinates": [[[-122.3424108, 47.6128864], [-122.3425125, 47.6128084], [-122.3423962, 47.6127396], [-122.3419633, 47.6124832], [-122.3417761, 47.6126269], [-122.3416932, 47.6126905], [-122.3416819, 47.6126992], [-122.3420097, 47.6128933], [-122.342231, 47.6130244], [-122.3424108, 47.6128864]]]}}, {"type": "Feature", "properties": {"osm_id": 659436291, "source": "OpenStreetMap", "building": "yes", "name": "Chancery Place Apartments", "building:levels": "13"}, "geometry": {"type": "Polygon", "coordinates": [[[-122.3266214, 47.6082323], [-122.3265975, 47.6082057], [-122.3265023, 47.6082445], [-122.3262965, 47.6080151], [-122.3265967, 47.6078927], [-122.3265986, 47.6078948], [-122.3266571, 47.607871], [-122.3268601, 47.6080974], [-122.3268037, 47.6081204], [-122.3268249, 47.608144], [-122.3266214, 47.6082323]]]}}, {"type": "Feature", "properties": {"osm_id": 662986604, "source": "OpenStreetMap", "building": "commercial", "name": "Amazon.com Nitro South"}, "geometry": {"type": "Polygon", "coordinates": [[[-122.339869, 47.6174669], [-122.3394794, 47.6172348], [-122.3398314, 47.6169662], [-122.3398504, 47.6169776], [-122.3400028, 47.6168613], [-122.3402849, 47.6171496], [-122.3402428, 47.6171817], [-122.3400988, 47.6172916], [-122.3400434, 47.6173338], [-122.339869, 47.6174669]]]}}, {"type": "Feature", "properties": {"osm_id": 662986606, "source": "OpenStreetMap", "building": "bridge", "height": "19.8", "min_height": "9.75", "building:levels": "4"}, "geometry": {"type": "Polygon", "coordinates": [[[-122.3402849, 47.6171496], [-122.3402428, 47.6171817], [-122.3404009, 47.6173415], [-122.3404428, 47.6173093], [-122.3402849, 47.6171496]]]}}, {"type": "Feature", "properties": {"osm_id": 663022258, "source": "OpenStreetMap", "building": "yes", "name": "Cabrini Senior Housing", "building:levels": "6"}, "geometry": {"type": "Polygon", "coordinates": [[[-122.325609, 47.6090205], [-122.3255048, 47.6089077], [-122.3254764, 47.6088776], [-122.3254472, 47.6088466], [-122.3254309, 47.6088535], [-122.3253935, 47.6088146], [-122.3253635, 47.6087836], [-122.3252476, 47.6088314], [-122.325228, 47.6088395], [-122.3252586, 47.6088739], [-122.3251539, 47.6089156], [-122.3251403, 47.6089154], [-122.3250023, 47.6089746], [-122.3251519, 47.609134], [-122.3251325, 47.6091425], [-122.3251956, 47.6092087], [-122.3253023, 47.609165], [-122.3252903, 47.6091519], [-122.325609, 47.6090205]]]}}, {"type": "Feature", "properties": {"osm_id": 682299956, "source": "OpenStreetMap", "building": "apartments", "name": "Onni South Lake Union", "height": "5.5", "building:levels": "1"}, "geometry": {"type": "Polygon", "coordinates": [[[-122.3356683, 47.6192332], [-122.3356009, 47.61924], [-122.335531, 47.619247], [-122.3353675, 47.6192589], [-122.3351807, 47.6192437], [-122.334951, 47.6192183], [-122.3348038, 47.6192182], [-122.3347334, 47.6192181], [-122.3347334, 47.6192256], [-122.3345726, 47.6192254], [-122.3345556, 47.6191746], [-122.3344991, 47.6191747], [-122.3344993, 47.6190271], [-122.3345094, 47.6190272], [-122.3345097, 47.6189072], [-122.3344996, 47.6189071], [-122.334499, 47.6188723], [-122.3344997, 47.6188176], [-122.3345728, 47.6188177], [-122.3345773, 47.6187402], [-122.3346824, 47.6187336], [-122.3349611, 47.6187091], [-122.335041, 47.6187088], [-122.3350411, 47.6186778], [-122.3354621, 47.6186782], [-122.3354623, 47.6186757], [-122.3354985, 47.6186777], [-122.335719, 47.6186899], [-122.3356938, 47.6188024], [-122.3356756, 47.6188022], [-122.3356759, 47.6188231], [-122.3357107, 47.6188231], [-122.33571, 47.618935], [-122.3357107, 47.619071], [-122.3356889, 47.6190709], [-122.3356683, 47.619071], [-122.3356683, 47.619138], [-122.335668, 47.6191765], [-122.3356683, 47.6192332]]]}}, {"type": "Feature", "properties": {"osm_id": 682301025, "source": "OpenStreetMap", "building": "apartments"}, "geometry": {"type": "Polygon", "coordinates": [[[-122.335722, 47.6196093], [-122.3356988, 47.619519], [-122.3357057, 47.6195182], [-122.3356904, 47.6194775], [-122.3356907, 47.6194443], [-122.335678, 47.6194442], [-122.335666, 47.6194122], [-122.335666, 47.619344], [-122.3356667, 47.6193209], [-122.3356406, 47.6193187], [-122.3356353, 47.6192538], [-122.3356013, 47.6192596], [-122.3356009, 47.61924], [-122.3353675, 47.6192589], [-122.3351807, 47.6192437], [-122.3351806, 47.6192656], [-122.3351802, 47.619333], [-122.3351732, 47.619335], [-122.3351937, 47.6194468], [-122.3352157, 47.6194471], [-122.3352112, 47.619476], [-122.3352047, 47.6195182], [-122.3351702, 47.6195168], [-122.3351587, 47.6196061], [-122.3354291, 47.6196015], [-122.335722, 47.6196093]]]}}, {"type": "Feature", "properties": {"osm_id": 686348108, "source": "OpenStreetMap", "building": "yes", "name": "Rainier Square", "height": "259"}, "geometry": {"type": "Polygon", "coordinates": [[[-122.3355528, 47.6092072], [-122.3352969, 47.6089246], [-122.3352647, 47.608889], [-122.3352516, 47.6088745], [-122.3351749, 47.6087897], [-122.334846, 47.6084264], [-122.3348012, 47.608377], [-122.334434, 47.6085281], [-122.3347664, 47.6088952], [-122.3342766, 47.6090967], [-122.3343947, 47.6092271], [-122.3346959, 47.6095598], [-122.3347264, 47.6095472], [-122.3347595, 47.6095336], [-122.3347919, 47.6095203], [-122.3348215, 47.6095081], [-122.3348925, 47.6094789], [-122.3350481, 47.6094149], [-122.3350726, 47.6094048], [-122.3350964, 47.609395], [-122.3351156, 47.6093871], [-122.335139, 47.6093775], [-122.3354178, 47.6092628], [-122.3355528, 47.6092072]]]}}, {"type": "Feature", "properties": {"osm_id": 688082629, "source": "OpenStreetMap", "building": "apartments", "name": "The Emerald"}, "geometry": {"type": "Polygon", "coordinates": [[[-122.3407579, 47.610598], [-122.3405146, 47.6107829], [-122.3404387, 47.6107375], [-122.3404031, 47.6106971], [-122.3403287, 47.6106168], [-122.3402883, 47.6105733], [-122.3406623, 47.6104156], [-122.3408007, 47.6105648], [-122.3407579, 47.610598]]]}}, {"type": "Feature", "properties": {"osm_id": 693639210, "source": "OpenStreetMap", "building": "apartments", "name": "Hana", "building:levels": "6"}, "geometry": {"type": "Polygon", "coordinates": [[[-122.3269849, 47.6011612], [-122.3265007, 47.6011566], [-122.3265022, 47.6013414], [-122.3267713, 47.601343], [-122.3267716, 47.6014415], [-122.3265003, 47.6014409], [-122.3264996, 47.6016236], [-122.3269831, 47.6016241], [-122.3269849, 47.6011612]]]}}, {"type": "Feature", "properties": {"osm_id": 712374565, "source": "OpenStreetMap", "building": "yes", "building:levels": "3"}, "geometry": {"type": "Polygon", "coordinates": [[[-122.3280371, 47.6136976], [-122.3282409, 47.6136099], [-122.3281102, 47.6134716], [-122.3278985, 47.6135565], [-122.3280371, 47.6136976]]]}}, {"type": "Feature", "properties": {"osm_id": 712389580, "source": "OpenStreetMap", "building": "yes"}, "geometry": {"type": "Polygon", "coordinates": [[[-122.3265546, 47.613497], [-122.3265549, 47.6134745], [-122.3264818, 47.6134741], [-122.3264815, 47.6134965], [-122.3265546, 47.613497]]]}}, {"type": "Feature", "properties": {"osm_id": 719043234, "source": "OpenStreetMap", "building": "yes", "name": "Aerlume"}, "geometry": {"type": "Polygon", "coordinates": [[[-122.3447812, 47.6105027], [-122.3449491, 47.6106003], [-122.3449289, 47.6106161], [-122.344869, 47.6106629], [-122.3448506, 47.6106773], [-122.3447848, 47.6107289], [-122.3447694, 47.6107409], [-122.3447562, 47.6107332], [-122.344707, 47.6107717], [-122.3446041, 47.6107128], [-122.3445492, 47.61068], [-122.3446055, 47.610636], [-122.3446811, 47.6105768], [-122.3447025, 47.6105892], [-122.3447852, 47.6105245], [-122.3447669, 47.6105139], [-122.3447812, 47.6105027]]]}}, {"type": "Feature", "properties": {"osm_id": 736854785, "source": "OpenStreetMap", "building": "roof"}, "geometry": {"type": "Polygon", "coordinates": [[[-122.336724, 47.6015627], [-122.336675, 47.6015626], [-122.336675, 47.6015519], [-122.3366751, 47.6015351], [-122.3367241, 47.6015352], [-122.336724, 47.6015523], [-122.336724, 47.6015627]]]}}, {"type": "Feature", "properties": {"osm_id": 736858270, "source": "OpenStreetMap", "building": "transportation", "building:levels": "2"}, "geometry": {"type": "Polygon", "coordinates": [[[-122.3387396, 47.6015442], [-122.3386454, 47.6015442], [-122.3386454, 47.6015123], [-122.3387396, 47.6015123], [-122.3387396, 47.6015442]]]}}, {"type": "Feature", "properties": {"osm_id": 739717658, "source": "OpenStreetMap", "building": "office"}, "geometry": {"type": "Polygon", "coordinates": [[[-122.3344581, 47.6068973], [-122.3342346, 47.606643], [-122.3346337, 47.6064836], [-122.3348573, 47.6067379], [-122.3344581, 47.6068973]]]}}, {"type": "Feature", "properties": {"osm_id": 764642522, "source": "OpenStreetMap", "building": "apartments", "name": "SPIRE"}, "geometry": {"type": "Polygon", "coordinates": [[[-122.3448369, 47.6184755], [-122.3448339, 47.6184563], [-122.3448269, 47.6184375], [-122.3448159, 47.6184197], [-122.3448009, 47.618403], [-122.3447829, 47.618388], [-122.3447619, 47.6183747], [-122.3446926, 47.6183341], [-122.3446769, 47.6183249], [-122.3445909, 47.6182746], [-122.3445613, 47.618257], [-122.3445459, 47.6182478], [-122.3444959, 47.6182184], [-122.3444419, 47.6181866], [-122.3443919, 47.6182249], [-122.3443159, 47.6182845], [-122.3442389, 47.618344], [-122.3442019, 47.6183724], [-122.3441869, 47.6183886], [-122.3441789, 47.6184073], [-122.3441799, 47.6184267], [-122.3441899, 47.6184449], [-122.3442079, 47.6184601], [-122.3442319, 47.6184708], [-122.3442599, 47.6184759], [-122.3443489, 47.6184759], [-122.3445269, 47.6184757], [-122.3447049, 47.6184756], [-122.3448369, 47.6184755]]]}}, {"type": "Feature", "properties": {"osm_id": 827069612, "source": "OpenStreetMap", "building": "yes", "name": "Residence Inn Seattle Downtown/Convention Center", "building:levels": "15"}, "geometry": {"type": "Polygon", "coordinates": [[[-122.3331743, 47.6156468], [-122.3329134, 47.6154951], [-122.3328987, 47.6155032], [-122.3328584, 47.615477], [-122.3329815, 47.6153748], [-122.3327987, 47.6152642], [-122.3325274, 47.6154674], [-122.332672, 47.6155982], [-122.332709, 47.6155837], [-122.332752, 47.6156093], [-122.3330624, 47.6157911], [-122.3331292, 47.6157404], [-122.3331063, 47.6157273], [-122.333187, 47.6156651], [-122.3331661, 47.6156534], [-122.3331743, 47.6156468]]]}}, {"type": "Feature", "properties": {"osm_id": 833635502, "source": "OpenStreetMap", "building": "apartments", "name": "Brava"}, "geometry": {"type": "Polygon", "coordinates": [[[-122.3251009, 47.6172645], [-122.3254225, 47.6172627], [-122.3254241, 47.6173792], [-122.3251037, 47.6173819], [-122.3251009, 47.6172645]]]}}, {"type": "Feature", "properties": {"osm_id": 868099742, "source": "OpenStreetMap", "building": "yes", "name": "Amazon.com The Spheres", "building:levels": "5"}, "geometry": {"type": "Polygon", "coordinates": [[[-122.3397136, 47.6157754], [-122.3396701, 47.6158022], [-122.3396188, 47.6158218], [-122.3395623, 47.6158332], [-122.3395035, 47.6158358], [-122.3394646, 47.6158317], [-122.3394404, 47.6158583], [-122.339402, 47.6158828], [-122.3393555, 47.6158998], [-122.3393041, 47.6159081], [-122.3392512, 47.6159071], [-122.3392005, 47.615897], [-122.3391554, 47.6158783], [-122.339119, 47.6158525], [-122.3390938, 47.6158211], [-122.3390815, 47.6157865], [-122.3390829, 47.6157508], [-122.339098, 47.6157166], [-122.3391257, 47.6156862], [-122.3391641, 47.6156617], [-122.3392105, 47.6156447], [-122.3392556, 47.6156375], [-122.3392618, 47.6156112], [-122.3392838, 47.6155744], [-122.3393174, 47.6155417], [-122.3393609, 47.6155149], [-122.3394122, 47.6154953], [-122.3394428, 47.6154892], [-122.3394454, 47.6154712], [-122.3394635, 47.6154409], [-122.3394935, 47.6154152], [-122.3395331, 47.6153962], [-122.3395789, 47.6153856], [-122.3396274, 47.6153841], [-122.3396745, 47.6153918], [-122.3397165, 47.6154082], [-122.3397499, 47.6154319], [-122.3397721, 47.615461], [-122.3397812, 47.6154931], [-122.3397765, 47.6155257], [-122.3397585, 47.615556], [-122.3397419, 47.6155702], [-122.3397576, 47.6155889], [-122.3397746, 47.615627], [-122.3397785, 47.6156666], [-122.3397692, 47.6157059], [-122.3397472, 47.6157428], [-122.3397136, 47.6157754]]]}}, {"type": "Feature", "properties": {"osm_id": 891333606, "source": "OpenStreetMap", "building": "apartments", "name": "REN"}, "geometry": {"type": "Polygon", "coordinates": [[[-122.3340585, 47.6183977], [-122.3339916, 47.6184061], [-122.333924, 47.6184113], [-122.333856, 47.6184136], [-122.3337514, 47.6184131], [-122.3336595, 47.6184095], [-122.3335999, 47.6184068], [-122.3335633, 47.6184028], [-122.3335543, 47.6184018], [-122.3335182, 47.6183934], [-122.3334888, 47.6183803], [-122.3334671, 47.6183616], [-122.3334564, 47.6183424], [-122.3334539, 47.6183221], [-122.3334599, 47.618302], [-122.3334798, 47.6182757], [-122.3335563, 47.6182301], [-122.3336116, 47.6181842], [-122.3336817, 47.6181225], [-122.3337497, 47.6180764], [-122.3338104, 47.6180352], [-122.3338702, 47.6179794], [-122.3339164, 47.6179444], [-122.3339395, 47.6179338], [-122.3339717, 47.6179227], [-122.3340069, 47.6179146], [-122.3340363, 47.6179116], [-122.3340656, 47.6179148], [-122.334092, 47.6179241], [-122.3341107, 47.6179363], [-122.3341237, 47.6179515], [-122.3341302, 47.6179684], [-122.3341296, 47.617986], [-122.3341149, 47.6180323], [-122.3341081, 47.6180795], [-122.3341097, 47.6181293], [-122.3341202, 47.6181785], [-122.3341215, 47.6182784], [-122.3341189, 47.6183268], [-122.3341175, 47.6183467], [-122.3341145, 47.618366], [-122.3341087, 47.618375], [-122.3341002, 47.6183829], [-122.3340916, 47.6183883], [-122.3340812, 47.6183927], [-122.3340585, 47.6183977]]]}}, {"type": "Feature", "properties": {"osm_id": 891355871, "source": "OpenStreetMap", "building": "apartments", "name": "1200 Stewart"}, "geometry": {"type": "Polygon", "coordinates": [[[-122.3323635, 47.6180483], [-122.3324348, 47.6180899], [-122.3325253, 47.6181428], [-122.3329264, 47.6183767], [-122.332932, 47.6183822], [-122.3329353, 47.6183886], [-122.3329359, 47.6183953], [-122.3329337, 47.6184019], [-122.332929, 47.6184078], [-122.3329221, 47.6184127], [-122.3329135, 47.6184161], [-122.3329038, 47.6184178], [-122.3323774, 47.6184153], [-122.3321675, 47.6184143], [-122.3314747, 47.618411], [-122.3312391, 47.6182737], [-122.3315331, 47.6180445], [-122.3316222, 47.617975], [-122.3316724, 47.6179359], [-122.3318854, 47.6177699], [-122.3322874, 47.6180042], [-122.3322685, 47.618019], [-122.3322736, 47.618022], [-122.3322602, 47.6180324], [-122.3322962, 47.6180531], [-122.3323104, 47.618045], [-122.3323273, 47.6180415], [-122.3323464, 47.6180425], [-122.3323635, 47.6180483]]]}}, {"type": "Feature", "properties": {"osm_id": 891389327, "source": "OpenStreetMap", "building": "yes", "name": "Seattle Convention Center Summit"}, "geometry": {"type": "Polygon", "coordinates": [[[-122.3320322, 47.6138177], [-122.3320723, 47.6138614], [-122.3321184, 47.6138422], [-122.3321717, 47.6139002], [-122.3321645, 47.6139032], [-122.3321974, 47.6139391], [-122.3322047, 47.613936], [-122.3322352, 47.6139693], [-122.3322279, 47.6139723], [-122.3322605, 47.6140078], [-122.3322677, 47.6140047], [-122.3323101, 47.6140508], [-122.3323028, 47.6140539], [-122.3323683, 47.6141232], [-122.332362, 47.6141259], [-122.3324029, 47.6141705], [-122.3324093, 47.6141678], [-122.332479, 47.6142438], [-122.3324848, 47.6142501], [-122.3324725, 47.6142552], [-122.3325673, 47.6143584], [-122.3325856, 47.6143507], [-122.3326181, 47.6143861], [-122.3327229, 47.6145002], [-122.3326768, 47.6145195], [-122.3326946, 47.6145388], [-122.3326492, 47.6145578], [-122.3323562, 47.6146801], [-122.332308, 47.6147002], [-122.3322866, 47.614677], [-122.3320311, 47.6147837], [-122.3320524, 47.6148069], [-122.3318467, 47.6148928], [-122.3314602, 47.6150537], [-122.3312869, 47.6151264], [-122.3309801, 47.6152545], [-122.3308428, 47.6153118], [-122.3308136, 47.615324], [-122.3308009, 47.6153101], [-122.3307773, 47.6153199], [-122.33067, 47.615203], [-122.3304606, 47.6149756], [-122.3302558, 47.6147522], [-122.3301928, 47.6146836], [-122.3301997, 47.6146698], [-122.3300632, 47.6145212], [-122.3302386, 47.6144479], [-122.3302547, 47.6144655], [-122.3303148, 47.6144404], [-122.3303302, 47.6144097], [-122.3303581, 47.6144223], [-122.3303945, 47.6144071], [-122.3303713, 47.6143818], [-122.330395, 47.6143719], [-122.3303716, 47.6143464], [-122.3310967, 47.6140438], [-122.3311273, 47.6140771], [-122.3312471, 47.6140271], [-122.3315541, 47.613899], [-122.3316089, 47.6138761], [-122.3316874, 47.6139616], [-122.3320322, 47.6138177]]]}}, {"type": "Feature", "properties": {"osm_id": 893842128, "source": "OpenStreetMap", "building": "commercial", "name": "Amazon.com Frontier", "building:levels": "17"}, "geometry": {"type": "Polygon", "coordinates": [[[-122.3406199, 47.6163778], [-122.3403389, 47.616593], [-122.3404146, 47.6166378], [-122.3405948, 47.6167447], [-122.3406289, 47.6167649], [-122.3408079, 47.6168711], [-122.3410293, 47.6170027], [-122.3411049, 47.6170476], [-122.3413509, 47.6171931], [-122.3414869, 47.6170891], [-122.3415586, 47.6170341], [-122.3416319, 47.6169779], [-122.3413859, 47.6168324], [-122.3412529, 47.6167536], [-122.3408, 47.6164853], [-122.3407679, 47.6164655], [-122.3406199, 47.6163778]]]}}, {"type": "Feature", "properties": {"osm_id": 893850969, "source": "OpenStreetMap", "building": "apartments", "name": "The Ivey on Boren"}, "geometry": {"type": "Polygon", "coordinates": [[[-122.3347669, 47.6180402], [-122.3348144, 47.6180682], [-122.3350692, 47.6182191], [-122.3350751, 47.6182145], [-122.3351126, 47.6182367], [-122.3351494, 47.6182585], [-122.3351435, 47.618263], [-122.3353145, 47.6183642], [-122.3354378, 47.6182695], [-122.3356344, 47.6181185], [-122.335596, 47.6180958], [-122.335536, 47.6180605], [-122.3352784, 47.6179078], [-122.3351343, 47.6178226], [-122.3350869, 47.6177945], [-122.3347757, 47.6180334], [-122.3347669, 47.6180402]]]}}, {"type": "Feature", "properties": {"osm_id": 895975965, "source": "OpenStreetMap", "building": "apartments", "name": "Museum House"}, "geometry": {"type": "Polygon", "coordinates": [[[-122.3248135, 47.6070683], [-122.3248218, 47.6070776], [-122.3248401, 47.6070979], [-122.3250088, 47.6072857], [-122.3253025, 47.6071657], [-122.3253058, 47.6071693], [-122.3253879, 47.6071358], [-122.3249244, 47.60662], [-122.3248392, 47.6066548], [-122.3248437, 47.6066597], [-122.3245525, 47.6067787], [-122.3247469, 47.6069951], [-122.3248702, 47.6069447], [-122.3249362, 47.6070182], [-122.3248135, 47.6070683]]]}}, {"type": "Feature", "properties": {"osm_id": 910445794, "source": "OpenStreetMap", "building": "yes", "name": "Florence Building"}, "geometry": {"type": "Polygon", "coordinates": [[[-122.3321443, 47.6021095], [-122.3320757, 47.6020366], [-122.3317292, 47.6021799], [-122.3317989, 47.6022524], [-122.3321443, 47.6021095]]]}}, {"type": "Feature", "properties": {"osm_id": 910731127, "source": "OpenStreetMap", "building": "yes"}, "geometry": {"type": "Polygon", "coordinates": [[[-122.3346931, 47.6021163], [-122.3348005, 47.6021166], [-122.3348022, 47.6018385], [-122.3346948, 47.6018382], [-122.3346931, 47.6021163]]]}}, {"type": "Feature", "properties": {"osm_id": 910735475, "source": "OpenStreetMap", "building": "yes", "name": "Polson Building", "building:levels": "6"}, "geometry": {"type": "Polygon", "coordinates": [[[-122.3358469, 47.6024038], [-122.3361079, 47.602685], [-122.336558, 47.602496], [-122.3363006, 47.602214], [-122.3358469, 47.6024038]]]}}, {"type": "Feature", "properties": {"osm_id": 915158235, "source": "OpenStreetMap", "building": "apartments", "name": "Clay"}, "geometry": {"type": "Polygon", "coordinates": [[[-122.324612, 47.6178319], [-122.3244731, 47.6178334], [-122.3244709, 47.6178504], [-122.3243507, 47.6178519], [-122.324354, 47.6179418], [-122.3243452, 47.6179888], [-122.3243386, 47.618083], [-122.3246032, 47.6180868], [-122.3246076, 47.6179604], [-122.324612, 47.6178319]]]}}, {"type": "Feature", "properties": {"osm_id": 926504096, "source": "OpenStreetMap", "building": "yes", "name": "Jones Skybridge"}, "geometry": {"type": "Polygon", "coordinates": [[[-122.3269053, 47.6104735], [-122.327359, 47.6102847], [-122.3275698, 47.6101961], [-122.3276352, 47.6101688], [-122.3276094, 47.6101415], [-122.3275245, 47.6101767], [-122.3273505, 47.6102502], [-122.3268765, 47.6104425], [-122.3269053, 47.6104735]]]}}, {"type": "Feature", "properties": {"osm_id": 926925879, "source": "OpenStreetMap", "building": "yes", "name": "Chase", "building:levels": "2"}, "geometry": {"type": "Polygon", "coordinates": [[[-122.3378927, 47.6145742], [-122.3378544, 47.6143869], [-122.3379305, 47.6143802], [-122.3380072, 47.6143736], [-122.338103, 47.6144271], [-122.337918, 47.6145725], [-122.3378927, 47.6145742]]]}}, {"type": "Feature", "properties": {"osm_id": 940895295, "source": "OpenStreetMap", "building": "retail", "building:levels": "2"}, "geometry": {"type": "Polygon", "coordinates": [[[-122.327344, 47.6167533], [-122.3273437, 47.6166834], [-122.3274798, 47.6166831], [-122.3274882, 47.6166939], [-122.327344, 47.6167533]]]}}, {"type": "Feature", "properties": {"osm_id": 963564310, "source": "OpenStreetMap", "building": "yes", "name": "Pivot"}, "geometry": {"type": "Polygon", "coordinates": [[[-122.328532, 47.6154983], [-122.3282934, 47.6152364], [-122.3286966, 47.6150676], [-122.3288063, 47.6151886], [-122.3287311, 47.6152189], [-122.3286558, 47.6154456], [-122.328532, 47.6154983]]]}}, {"type": "Feature", "properties": {"osm_id": 968036401, "source": "OpenStreetMap", "building": "yes"}, "geometry": {"type": "Polygon", "coordinates": [[[-122.3327936, 47.6180358], [-122.3326094, 47.6179292], [-122.332774, 47.6178034], [-122.3328318, 47.6177592], [-122.3330137, 47.6178677], [-122.3327936, 47.6180358]]]}}, {"type": "Feature", "properties": {"osm_id": 999079907, "source": "OpenStreetMap", "building": "yes"}, "geometry": {"type": "Polygon", "coordinates": [[[-122.32823, 47.6030162], [-122.3281502, 47.6029307], [-122.3282676, 47.6028809], [-122.3283474, 47.6029663], [-122.32823, 47.6030162]]]}}, {"type": "Feature", "properties": {"osm_id": 1034698875, "source": "OpenStreetMap", "building": "apartments", "name": "Olympic Tower at Skyline"}, "geometry": {"type": "Polygon", "coordinates": [[[-122.3273388, 47.606337], [-122.327307, 47.6063485], [-122.3272671, 47.6063619], [-122.3272267, 47.6063746], [-122.3271684, 47.6062992], [-122.3271775, 47.6062954], [-122.327164, 47.6062807], [-122.3271383, 47.6062915], [-122.327004, 47.6061455], [-122.3273838, 47.6059867], [-122.3274335, 47.6060408], [-122.3276114, 47.6062342], [-122.3273462, 47.606345], [-122.3273388, 47.606337]]]}}, {"type": "Feature", "properties": {"osm_id": 1034704532, "source": "OpenStreetMap", "building": "apartments", "name": "800 Columbia"}, "geometry": {"type": "Polygon", "coordinates": [[[-122.3268686, 47.6067784], [-122.3267384, 47.6068318], [-122.3268818, 47.6069905], [-122.3270774, 47.6072073], [-122.3271073, 47.6072403], [-122.3273632, 47.6071353], [-122.3274862, 47.6070848], [-122.3274535, 47.6070486], [-122.3274764, 47.6070395], [-122.3273662, 47.6069174], [-122.3273434, 47.6069267], [-122.3273172, 47.6068977], [-122.3272814, 47.606858], [-122.3272658, 47.6068407], [-122.3270348, 47.6069356], [-122.327017, 47.6069428], [-122.3268686, 47.6067784]]]}}, {"type": "Feature", "properties": {"osm_id": 1035853001, "source": "OpenStreetMap", "building": "yes"}, "geometry": {"type": "Polygon", "coordinates": [[[-122.3287393, 47.6174183], [-122.3287169, 47.6175243], [-122.3286576, 47.6175187], [-122.32868, 47.6174126], [-122.3287393, 47.6174183]]]}}, {"type": "Feature", "properties": {"osm_id": 1039203632, "source": "OpenStreetMap", "building": "apartments", "name": "Sequel", "building:levels": "11"}, "geometry": {"type": "Polygon", "coordinates": [[[-122.3415344, 47.610727], [-122.3413435, 47.6108746], [-122.341554, 47.6109983], [-122.3418464, 47.6107722], [-122.3416359, 47.6106485], [-122.3415344, 47.610727]]]}}, {"type": "Feature", "properties": {"osm_id": 1099476140, "source": "OpenStreetMap", "building": "apartments", "name": "Ovation Towers"}, "geometry": {"type": "Polygon", "coordinates": [[[-122.3300656, 47.6087421], [-122.3300559, 47.6087314], [-122.3300497, 47.6087339], [-122.3300423, 47.6087258], [-122.3298974, 47.6085657], [-122.3298297, 47.6084908], [-122.3298887, 47.6084665], [-122.3299915, 47.6084242], [-122.3299935, 47.6084264], [-122.3300289, 47.6084119], [-122.3301884, 47.6083461], [-122.3301966, 47.6083551], [-122.3302016, 47.6083531], [-122.3302416, 47.6084204], [-122.3302692, 47.6084509], [-122.3302616, 47.6084541], [-122.3303367, 47.6085807], [-122.3303524, 47.608598], [-122.330348, 47.6085998], [-122.3303598, 47.6086197], [-122.3302874, 47.608649], [-122.3302566, 47.6086615], [-122.3302407, 47.608644], [-122.3302072, 47.6086578], [-122.3301976, 47.6086618], [-122.3302148, 47.6086808], [-122.3300656, 47.6087421]]]}}, {"type": "Feature", "properties": {"osm_id": 1099476142, "source": "OpenStreetMap", "building": "apartments", "name": "Ovation Towers"}, "geometry": {"type": "Polygon", "coordinates": [[[-122.3293294, 47.6087011], [-122.3294826, 47.608638], [-122.3294834, 47.6086388], [-122.329525, 47.6086217], [-122.3296569, 47.6085674], [-122.3296806, 47.6085576], [-122.3296882, 47.608566], [-122.3296927, 47.6085641], [-122.3297236, 47.6085982], [-122.3298705, 47.6087604], [-122.3298922, 47.6087843], [-122.3298862, 47.6087864], [-122.3297275, 47.6088519], [-122.3295466, 47.6089266], [-122.3295425, 47.6089282], [-122.3295341, 47.6089189], [-122.3295287, 47.6089211], [-122.3293294, 47.6087011]]]}}, {"type": "Feature", "properties": {"osm_id": 1099750454, "source": "OpenStreetMap", "building": "roof", "name": "Westlake Star Axis/Seven Hills"}, "geometry": {"type": "Polygon", "coordinates": [[[-122.3372643, 47.6112234], [-122.3371806, 47.6112586], [-122.3371687, 47.6112457], [-122.3372525, 47.6112106], [-122.3372643, 47.6112234]]]}}, {"type": "Feature", "properties": {"osm_id": 1109215830, "source": "OpenStreetMap", "building": "yes", "name": "Bradley Johnson Lawyers"}, "geometry": {"type": "Polygon", "coordinates": [[[-122.3292889, 47.6192661], [-122.3292869, 47.6191584], [-122.3296469, 47.6191588], [-122.3295059, 47.6192649], [-122.3292889, 47.6192661]]]}}, {"type": "Feature", "properties": {"osm_id": 1123063259, "source": "OpenStreetMap", "building": "yes"}, "geometry": {"type": "Polygon", "coordinates": [[[-122.342557, 47.6132153], [-122.342587, 47.6131919], [-122.34257, 47.6131817], [-122.342668, 47.6131072], [-122.3427358, 47.6131474], [-122.3426073, 47.6132454], [-122.342557, 47.6132153]]]}}, {"type": "Feature", "properties": {"osm_id": 1123086096, "source": "OpenStreetMap", "building": "yes", "name": "Labor Temple"}, "geometry": {"type": "Polygon", "coordinates": [[[-122.351974, 47.6171511], [-122.351587, 47.6169254], [-122.3518769, 47.6166995], [-122.3522676, 47.6169282], [-122.351974, 47.6171511]]]}}, {"type": "Feature", "properties": {"osm_id": 1123097436, "source": "OpenStreetMap", "building": "apartments"}, "geometry": {"type": "Polygon", "coordinates": [[[-122.345484, 47.6137791], [-122.3455781, 47.6138346], [-122.3456882, 47.6137497], [-122.345593, 47.6136938], [-122.345536, 47.6137384], [-122.345484, 47.6137791]]]}}, {"type": "Feature", "properties": {"osm_id": 1123098900, "source": "OpenStreetMap", "building": "yes"}, "geometry": {"type": "Polygon", "coordinates": [[[-122.3472374, 47.6154738], [-122.347057, 47.6153688], [-122.347297, 47.6151778], [-122.3474819, 47.6152858], [-122.3472374, 47.6154738]]]}}, {"type": "Feature", "properties": {"osm_id": 1123103926, "source": "OpenStreetMap", "building": "yes"}, "geometry": {"type": "Polygon", "coordinates": [[[-122.3396335, 47.6126604], [-122.3392837, 47.6124578], [-122.3399081, 47.6119739], [-122.3402044, 47.6121511], [-122.3402509, 47.6121789], [-122.3396335, 47.6126604]]]}}, {"type": "Feature", "properties": {"osm_id": 1123103927, "source": "OpenStreetMap", "building": "yes"}, "geometry": {"type": "Polygon", "coordinates": [[[-122.340066, 47.6129108], [-122.3396335, 47.6126604], [-122.3402509, 47.6121789], [-122.340679, 47.6124348], [-122.340066, 47.6129108]]]}}, {"type": "Feature", "properties": {"osm_id": 1123129665, "source": "OpenStreetMap", "building": "yes", "name": "Hotel Seattle"}, "geometry": {"type": "Polygon", "coordinates": [[[-122.33467, 47.6072167], [-122.3344604, 47.6073044], [-122.3343676, 47.6071974], [-122.334574, 47.6071112], [-122.33467, 47.6072167]]]}}, {"type": "Feature", "properties": {"osm_id": 1123153873, "source": "OpenStreetMap", "building": "yes"}, "geometry": {"type": "Polygon", "coordinates": [[[-122.336703, 47.6145026], [-122.3367137, 47.6144947], [-122.3370182, 47.6142614], [-122.337034, 47.614249], [-122.3368452, 47.6141378], [-122.3365176, 47.6143916], [-122.336703, 47.6145026]]]}}, {"type": "Feature", "properties": {"osm_id": 1124626338, "source": "OpenStreetMap", "building": "yes", "name": "Pagliacci Pizza Headquarters"}, "geometry": {"type": "Polygon", "coordinates": [[[-122.3258883, 47.6139872], [-122.3258875, 47.613738], [-122.3257215, 47.6137388], [-122.3256451, 47.613739], [-122.3256449, 47.6139883], [-122.3258883, 47.6139872]]]}}, {"type": "Feature", "properties": {"osm_id": 1124626339, "source": "OpenStreetMap", "building": "retail"}, "geometry": {"type": "Polygon", "coordinates": [[[-122.3258883, 47.6139872], [-122.326132, 47.6139858], [-122.3261306, 47.6137743], [-122.3260525, 47.6137739], [-122.3260511, 47.6137372], [-122.3258875, 47.613738], [-122.3258883, 47.6139872]]]}}, {"type": "Feature", "properties": {"osm_id": 1124626967, "source": "OpenStreetMap", "building": "yes"}, "geometry": {"type": "Polygon", "coordinates": [[[-122.3249987, 47.6144589], [-122.32459, 47.6144592], [-122.32459, 47.6143237], [-122.324998, 47.6143226], [-122.3249987, 47.6144589]]]}}, {"type": "Feature", "properties": {"osm_id": 1124822830, "source": "OpenStreetMap", "building": "retail"}, "geometry": {"type": "Polygon", "coordinates": [[[-122.3310268, 47.6168683], [-122.331007, 47.6168571], [-122.330917, 47.6169274], [-122.330752, 47.6168303], [-122.3309093, 47.616708], [-122.3310898, 47.6168191], [-122.3310268, 47.6168683]]]}}, {"type": "Feature", "properties": {"osm_id": 1124822831, "source": "OpenStreetMap", "building": "yes"}, "geometry": {"type": "Polygon", "coordinates": [[[-122.3312506, 47.616695], [-122.3310898, 47.6168191], [-122.3309093, 47.616708], [-122.331066, 47.6165863], [-122.3312506, 47.616695]]]}}, {"type": "Feature", "properties": {"osm_id": 1125131333, "source": "OpenStreetMap", "building": "yes"}, "geometry": {"type": "Polygon", "coordinates": [[[-122.347448, 47.6192307], [-122.347206, 47.61923], [-122.3472066, 47.6191592], [-122.3474485, 47.6191601], [-122.347448, 47.6192307]]]}}, {"type": "Feature", "properties": {"osm_id": 1125131334, "source": "OpenStreetMap", "building": "yes"}, "geometry": {"type": "Polygon", "coordinates": [[[-122.3474485, 47.6191601], [-122.3472066, 47.6191592], [-122.3472081, 47.6189865], [-122.3474499, 47.6189871], [-122.3474485, 47.6191601]]]}}, {"type": "Feature", "properties": {"osm_id": 1125135484, "source": "OpenStreetMap", "building": "yes"}, "geometry": {"type": "Polygon", "coordinates": [[[-122.3283516, 47.6146162], [-122.3280282, 47.614751], [-122.328034, 47.6143123], [-122.328062, 47.6143009], [-122.3283516, 47.6146162]]]}}, {"type": "Feature", "properties": {"osm_id": 1125139811, "source": "OpenStreetMap", "building": "yes", "name": "James W. Orion Center", "building:levels": "1"}, "geometry": {"type": "Polygon", "coordinates": [[[-122.3303994, 47.6183484], [-122.330165, 47.6183399], [-122.330115, 47.6183096], [-122.330435, 47.6180699], [-122.330619, 47.6181796], [-122.3303994, 47.6183484]]]}}, {"type": "Feature", "properties": {"osm_id": 1126424741, "source": "OpenStreetMap", "building": "hotel", "name": "citizenM Seattle Pioneer Square", "building:levels": "10"}, "geometry": {"type": "Polygon", "coordinates": [[[-122.335631, 47.6021718], [-122.336083, 47.6019782], [-122.3359574, 47.6018422], [-122.3356326, 47.6018424], [-122.335631, 47.6021718]]]}}, {"type": "Feature", "properties": {"osm_id": 1133025522, "source": "OpenStreetMap", "building": "apartments", "name": "Kaye", "building:levels": "31"}, "geometry": {"type": "Polygon", "coordinates": [[[-122.3433609, 47.6151867], [-122.3432368, 47.6152823], [-122.3431791, 47.6153269], [-122.3430739, 47.6154079], [-122.3425308, 47.6150877], [-122.3428179, 47.6148665], [-122.3430429, 47.6149992], [-122.3433609, 47.6151867]]]}}, {"type": "Feature", "properties": {"osm_id": 1134156633, "source": "OpenStreetMap", "building": "apartments", "name": "The Ayer"}, "geometry": {"type": "Polygon", "coordinates": [[[-122.3349362, 47.6176416], [-122.3349055, 47.617624], [-122.3348965, 47.6176188], [-122.3348082, 47.6175679], [-122.3347634, 47.6175421], [-122.3347321, 47.6175241], [-122.3347152, 47.6175143], [-122.3345819, 47.6174375], [-122.334566, 47.6174284], [-122.3346269, 47.6173804], [-122.3347235, 47.6173042], [-122.3348524, 47.6172025], [-122.3348773, 47.6171829], [-122.3352107, 47.6173749], [-122.3351997, 47.6173836], [-122.3352365, 47.6174048], [-122.3351471, 47.6174753], [-122.3350495, 47.6175523], [-122.3349362, 47.6176416]]]}}, {"type": "Feature", "properties": {"osm_id": 1137900798, "source": "OpenStreetMap", "building": "office", "name": "Amazon.com Nitro North"}, "geometry": {"type": "Polygon", "coordinates": [[[-122.3404718, 47.6178405], [-122.3405508, 47.6177802], [-122.3405724, 47.617802], [-122.3406705, 47.6177268], [-122.3406644, 47.6177232], [-122.3407434, 47.6176626], [-122.3407494, 47.6176662], [-122.3408221, 47.6176101], [-122.3408161, 47.6176065], [-122.3408228, 47.6176014], [-122.3408289, 47.6176049], [-122.340902, 47.6175488], [-122.3408958, 47.6175454], [-122.3409025, 47.6175402], [-122.3409085, 47.6175438], [-122.3409817, 47.6174877], [-122.3409605, 47.6174752], [-122.3409671, 47.6174702], [-122.3409731, 47.6174738], [-122.3410931, 47.6173814], [-122.340941, 47.6172916], [-122.3409357, 47.6172957], [-122.3409282, 47.6172912], [-122.3409335, 47.6172872], [-122.3408201, 47.61722], [-122.3408148, 47.6172241], [-122.3408073, 47.6172196], [-122.3408127, 47.6172156], [-122.3406831, 47.6171388], [-122.3406745, 47.6171315], [-122.3406729, 47.6171327], [-122.3405462, 47.61723], [-122.3404762, 47.6172837], [-122.3404428, 47.6173093], [-122.3404009, 47.6173415], [-122.3402502, 47.6174577], [-122.3401032, 47.6175693], [-122.3402166, 47.6176277], [-122.3404718, 47.6178405]]]}}, {"type": "Feature", "properties": {"osm_id": 1154870285, "source": "OpenStreetMap", "building": "transportation", "name": "Washington State Ferries Terminal", "building:levels": "2"}, "geometry": {"type": "Polygon", "coordinates": [[[-122.3376473, 47.602399], [-122.3375592, 47.6024363], [-122.3374777, 47.6024711], [-122.3378614, 47.6029048], [-122.3378789, 47.6029212], [-122.3379029, 47.602947], [-122.3379266, 47.6029725], [-122.3379629, 47.6030151], [-122.3379922, 47.6030459], [-122.338056, 47.6031128], [-122.3381005, 47.6031621], [-122.3381732, 47.6031327], [-122.3381994, 47.6031217], [-122.3382068, 47.6031171], [-122.3382786, 47.6030858], [-122.3382512, 47.6030593], [-122.3382031, 47.6030083], [-122.3381735, 47.6029768], [-122.3381189, 47.6029169], [-122.3380954, 47.6028911], [-122.3380729, 47.6028664], [-122.3380553, 47.6028471], [-122.3377836, 47.6025513], [-122.3376473, 47.602399]]]}}, {"type": "Feature", "properties": {"osm_id": 1154870289, "source": "OpenStreetMap", "building": "yes"}, "geometry": {"type": "Polygon", "coordinates": [[[-122.3434153, 47.6075482], [-122.3435563, 47.6075469], [-122.3435551, 47.607701], [-122.3435532, 47.6077113], [-122.3435477, 47.6077202], [-122.3435392, 47.6077291], [-122.3435292, 47.6077361], [-122.3435155, 47.6077419], [-122.3435005, 47.6077455], [-122.3434854, 47.6077465], [-122.3434722, 47.6077462], [-122.3434593, 47.6077447], [-122.3434459, 47.607741], [-122.3434365, 47.6077368], [-122.3434262, 47.6077309], [-122.3434035, 47.6077475], [-122.3434254, 47.6077594], [-122.3434423, 47.6077615], [-122.3434653, 47.6077673], [-122.3434923, 47.6077781], [-122.3435101, 47.6077879], [-122.3435208, 47.6077952], [-122.3435265, 47.6077933], [-122.3435329, 47.6077932], [-122.343542, 47.6077945], [-122.343549, 47.6077989], [-122.3435608, 47.6078125], [-122.3435723, 47.6078311], [-122.3435792, 47.6078482], [-122.343581, 47.6078656], [-122.3436473, 47.6078661], [-122.343648, 47.6078837], [-122.3435453, 47.6078815], [-122.3435446, 47.6078947], [-122.3435699, 47.6078952], [-122.3435633, 47.6079112], [-122.3435559, 47.6079235], [-122.3435427, 47.6079419], [-122.3435223, 47.6079589], [-122.343509, 47.6079595], [-122.3434941, 47.6079514], [-122.3434797, 47.6079602], [-122.343464, 47.6079679], [-122.3434449, 47.6079736], [-122.3434245, 47.6079777], [-122.3434236, 47.608037], [-122.3434236, 47.6080469], [-122.3432841, 47.6080473], [-122.3428868, 47.6078113], [-122.3428837, 47.6075426], [-122.342923, 47.6075421], [-122.3429223, 47.6075116], [-122.3430397, 47.6075117], [-122.34304, 47.6075417], [-122.3430791, 47.6075421], [-122.3430796, 47.6075485], [-122.3433285, 47.6075484], [-122.343329, 47.6075116], [-122.3434143, 47.6075118], [-122.3434153, 47.6075482]]]}}, {"type": "Feature", "properties": {"osm_id": 1188399104, "source": "OpenStreetMap", "building": "roof"}, "geometry": {"type": "Polygon", "coordinates": [[[-122.3251901, 47.6033919], [-122.325162, 47.6033642], [-122.3251045, 47.6033074], [-122.3249984, 47.6033553], [-122.3250561, 47.6034121], [-122.3250844, 47.6034399], [-122.3251901, 47.6033919]]]}}, {"type": "Feature", "properties": {"osm_id": 1188399116, "source": "OpenStreetMap", "building": "roof"}, "geometry": {"type": "Polygon", "coordinates": [[[-122.3246936, 47.6036938], [-122.3247406, 47.6036737], [-122.3246215, 47.6035434], [-122.3245723, 47.6035648], [-122.3246936, 47.6036938]]]}}, {"type": "Feature", "properties": {"osm_id": 1190291980, "source": "OpenStreetMap", "building": "yes", "name": "Triangle Building"}, "geometry": {"type": "Polygon", "coordinates": [[[-122.3414374, 47.6094906], [-122.3413975, 47.6094471], [-122.3413107, 47.6093525], [-122.3412435, 47.6092785], [-122.3411917, 47.6092213], [-122.3411264, 47.6091493], [-122.3411324, 47.6091468], [-122.3411394, 47.6091439], [-122.3414148, 47.6093076], [-122.341546, 47.6093839], [-122.3416082, 47.60942], [-122.3414374, 47.6094906]]]}}, {"type": "Feature", "properties": {"osm_id": 1196997636, "source": "OpenStreetMap", "building": "yes", "name": "The Confidential"}, "geometry": {"type": "Polygon", "coordinates": [[[-122.3447155, 47.6156634], [-122.3441557, 47.6153404], [-122.34445, 47.6151213], [-122.3450041, 47.6154412], [-122.3447155, 47.6156634]]]}}, {"type": "Feature", "properties": {"osm_id": 1228550565, "source": "OpenStreetMap", "building": "transportation"}, "geometry": {"type": "Polygon", "coordinates": [[[-122.3386262, 47.6028125], [-122.3385077, 47.6028133], [-122.3385069, 47.6027657], [-122.3386255, 47.6027648], [-122.3386262, 47.6028125]]]}}, {"type": "Feature", "properties": {"osm_id": 1251063435, "source": "OpenStreetMap", "building": "bridge"}, "geometry": {"type": "Polygon", "coordinates": [[[-122.338826, 47.602109], [-122.3388259, 47.6020814], [-122.3388256, 47.6020434], [-122.3388255, 47.6020155], [-122.3388253, 47.6019879], [-122.3388251, 47.6019624], [-122.338825, 47.6019383], [-122.3388248, 47.6019132], [-122.3388247, 47.6018895], [-122.3388245, 47.6018643], [-122.3388244, 47.6018384], [-122.3388242, 47.6018138], [-122.3388241, 47.6017906], [-122.3388238, 47.6017439], [-122.3388237, 47.6017195], [-122.3388235, 47.6016935], [-122.3388232, 47.6016439], [-122.3388303, 47.601598], [-122.3388435, 47.6015617], [-122.3388496, 47.6015514], [-122.338859, 47.6015369], [-122.338745, 47.6015369], [-122.3387407, 47.601509], [-122.3386407, 47.6015113], [-122.3386415, 47.6015222], [-122.3386209, 47.6015223], [-122.3386126, 47.6015458], [-122.3386074, 47.6015602], [-122.3386564, 47.6015714], [-122.3386933, 47.6015859], [-122.3387303, 47.6016041], [-122.3387445, 47.6016145], [-122.3387592, 47.6016296], [-122.3387723, 47.6016467], [-122.3387746, 47.6016545], [-122.3387743, 47.6016934], [-122.338774, 47.6017192], [-122.3387738, 47.6017442], [-122.338773, 47.6017906], [-122.3387728, 47.601814], [-122.338773, 47.6018381], [-122.3387727, 47.6018643], [-122.3387724, 47.60189], [-122.3387721, 47.6019144], [-122.3387719, 47.601937], [-122.3387716, 47.6019623], [-122.3387713, 47.6019886], [-122.338771, 47.6020157], [-122.3387707, 47.6020437], [-122.3387703, 47.602081], [-122.33877, 47.6021087], [-122.3387954, 47.6021088], [-122.338826, 47.602109]]]}}, {"type": "Feature", "properties": {"osm_id": 1251064470, "source": "OpenStreetMap", "building": "roof"}, "geometry": {"type": "Polygon", "coordinates": [[[-122.3387725, 47.6025512], [-122.3387094, 47.6026071], [-122.3386545, 47.6026493], [-122.3385955, 47.6026856], [-122.3385173, 47.6027288], [-122.3384472, 47.602761], [-122.3383608, 47.6027966], [-122.3382805, 47.6028199], [-122.338192, 47.6028453], [-122.3381311, 47.602859], [-122.3380729, 47.6028664], [-122.3380954, 47.6028911], [-122.3381189, 47.6029169], [-122.3382504, 47.6028714], [-122.3382731, 47.6028664], [-122.3382993, 47.6028606], [-122.3383631, 47.6028499], [-122.3387707, 47.6028522], [-122.3387707, 47.6028331], [-122.3387711, 47.6026082], [-122.3387725, 47.6025512]]]}}, {"type": "Feature", "properties": {"osm_id": 1256939000, "source": "OpenStreetMap", "building": "roof"}, "geometry": {"type": "Polygon", "coordinates": [[[-122.3422926, 47.6085051], [-122.3425348, 47.6087666], [-122.3426332, 47.6087282], [-122.3425591, 47.6086401], [-122.3424639, 47.6085569], [-122.3423586, 47.6084796], [-122.3422926, 47.6085051]]]}}, {"type": "Feature", "properties": {"osm_id": 1256939013, "source": "OpenStreetMap", "building": "yes", "name": "Boon Boona Coffee"}, "geometry": {"type": "Polygon", "coordinates": [[[-122.3426332, 47.6087282], [-122.3425348, 47.6087666], [-122.3426964, 47.6089411], [-122.3427673, 47.6089112], [-122.3426332, 47.6087282]]]}}, {"type": "Feature", "properties": {"osm_id": 1256939021, "source": "OpenStreetMap", "building": "yes", "name": "Ocean Pavilion", "building:levels": "3"}, "geometry": {"type": "Polygon", "coordinates": [[[-122.3426617, 47.6078277], [-122.342525, 47.6078809], [-122.3424934, 47.6078932], [-122.3425484, 47.6079551], [-122.3424605, 47.6079891], [-122.3428126, 47.6083697], [-122.3428347, 47.6083838], [-122.3428702, 47.6084063], [-122.3428961, 47.6084115], [-122.3429428, 47.6084208], [-122.3429748, 47.6084271], [-122.3429853, 47.608427], [-122.3430064, 47.6084267], [-122.3430293, 47.6084035], [-122.3431291, 47.6083033], [-122.3431492, 47.608268], [-122.3431566, 47.6082377], [-122.3431586, 47.6081975], [-122.3431425, 47.6081545], [-122.3431177, 47.608122], [-122.3431022, 47.6081078], [-122.3430694, 47.6080777], [-122.3428893, 47.6079632], [-122.342883, 47.6079592], [-122.3426617, 47.6078277]]]}}, {"type": "Feature", "properties": {"osm_id": 1259509737, "source": "OpenStreetMap", "building": "yes"}, "geometry": {"type": "Polygon", "coordinates": [[[-122.3271388, 47.6190442], [-122.3271386, 47.6190802], [-122.3272044, 47.6190803], [-122.3272039, 47.6191816], [-122.3272207, 47.6191817], [-122.32722, 47.619326], [-122.3267652, 47.619325], [-122.3267659, 47.6191806], [-122.3269875, 47.6191811], [-122.3269879, 47.6191103], [-122.3269287, 47.6191101], [-122.3269291, 47.6190383], [-122.3271022, 47.6190387], [-122.3271022, 47.6190441], [-122.3271388, 47.6190442]]]}}, {"type": "Feature", "properties": {"osm_id": 1265635699, "source": "OpenStreetMap", "building": "apartments", "name": "Seattle House"}, "geometry": {"type": "Polygon", "coordinates": [[[-122.3430117, 47.6177161], [-122.3431103, 47.6176406], [-122.3430959, 47.617632], [-122.3431132, 47.6176187], [-122.3432391, 47.6175223], [-122.3432444, 47.6175255], [-122.3432748, 47.6175022], [-122.3432695, 47.617499], [-122.3432572, 47.6174918], [-122.3432649, 47.6174859], [-122.34322, 47.6174592], [-122.3432123, 47.6174651], [-122.3429888, 47.6173326], [-122.3427054, 47.6171644], [-122.3424759, 47.6170283], [-122.3422339, 47.6168847], [-122.3420507, 47.6170251], [-122.3420624, 47.6170321], [-122.3420524, 47.6170397], [-122.3420476, 47.6170369], [-122.3419687, 47.6170973], [-122.3428104, 47.6175967], [-122.3430117, 47.6177161]]]}}, {"type": "Feature", "properties": {"osm_id": 1265649981, "source": "OpenStreetMap", "building": "apartments", "name": "First Light Seattle", "building:levels": "48"}, "geometry": {"type": "Polygon", "coordinates": [[[-122.3405764, 47.6127769], [-122.3409861, 47.6130145], [-122.3411245, 47.6130949], [-122.341405, 47.6128752], [-122.3411987, 47.6127559], [-122.3408569, 47.6125572], [-122.3408447, 47.6125667], [-122.3407104, 47.6126719], [-122.3405764, 47.6127769]]]}}, {"type": "Feature", "properties": {"osm_id": 1271653800, "source": "OpenStreetMap", "building": "retail", "name": "Leland Hotel"}, "geometry": {"type": "Polygon", "coordinates": [[[-122.3411244, 47.6084741], [-122.3411286, 47.6084792], [-122.3412494, 47.608612], [-122.3412382, 47.6086166], [-122.3412133, 47.6086269], [-122.340981, 47.6087174], [-122.3408884, 47.6087535], [-122.3407788, 47.608688], [-122.3407114, 47.6086474], [-122.3408046, 47.6086083], [-122.3411112, 47.6084796], [-122.3411244, 47.6084741]]]}}, {"type": "Feature", "properties": {"osm_id": 1271653801, "source": "OpenStreetMap", "building": "retail", "name": "Main Arcade"}, "geometry": {"type": "Polygon", "coordinates": [[[-122.3412133, 47.6086269], [-122.3412409, 47.6086573], [-122.3415037, 47.6089472], [-122.3415332, 47.6089369], [-122.3415349, 47.6089363], [-122.3416552, 47.6090668], [-122.3416996, 47.6091135], [-122.3417148, 47.6091315], [-122.3417198, 47.6091363], [-122.3417458, 47.6091658], [-122.3417382, 47.60917], [-122.3417133, 47.6091854], [-122.3416577, 47.6092189], [-122.3408884, 47.6087535], [-122.340981, 47.6087174], [-122.3412133, 47.6086269]]]}}, {"type": "Feature", "properties": {"osm_id": 1271656387, "source": "OpenStreetMap", "building": "yes", "name": "Washington 1000", "building:levels": "16"}, "geometry": {"type": "Polygon", "coordinates": [[[-122.3320826, 47.6155236], [-122.3319367, 47.6154393], [-122.3320179, 47.6153863], [-122.3319963, 47.6153615], [-122.3319836, 47.6153675], [-122.3317819, 47.61514], [-122.3316601, 47.615181], [-122.3316068, 47.6152178], [-122.3314697, 47.6152708], [-122.3314748, 47.6152785], [-122.3309725, 47.6154899], [-122.3313001, 47.6158659], [-122.3315142, 47.6159822], [-122.3320826, 47.6155236]]]}}, {"type": "Feature", "properties": {"osm_id": 1275882966, "source": "OpenStreetMap", "building": "yes"}, "geometry": {"type": "Polygon", "coordinates": [[[-122.3403846, 47.608339], [-122.3403521, 47.6083507], [-122.3403208, 47.6083626], [-122.3403295, 47.6083721], [-122.3404519, 47.608506], [-122.340475, 47.6085313], [-122.340514, 47.6085152], [-122.3405388, 47.608505], [-122.3403932, 47.6083483], [-122.3403846, 47.608339]]]}}, {"type": "Feature", "properties": {"osm_id": 1275882967, "source": "OpenStreetMap", "building": "roof"}, "geometry": {"type": "Polygon", "coordinates": [[[-122.3406466, 47.608611], [-122.3407114, 47.6086474], [-122.3407788, 47.608688], [-122.340747, 47.6087092], [-122.3407217, 47.6086942], [-122.3406282, 47.6086389], [-122.3405881, 47.6086151], [-122.3405763, 47.6086119], [-122.3405647, 47.6086115], [-122.3405488, 47.608615], [-122.340525, 47.6085896], [-122.3405008, 47.6085722], [-122.3404553, 47.6085395], [-122.340475, 47.6085313], [-122.3405425, 47.6085035], [-122.3405483, 47.608501], [-122.3405826, 47.6084865], [-122.3407051, 47.6084348], [-122.340724, 47.6084562], [-122.3406006, 47.6085042], [-122.3406851, 47.6085961], [-122.3406466, 47.608611]]]}}, {"type": "Feature", "properties": {"osm_id": 1275882970, "source": "OpenStreetMap", "building": "yes"}, "geometry": {"type": "Polygon", "coordinates": [[[-122.340747, 47.6087092], [-122.3409096, 47.6088051], [-122.3409112, 47.6088196], [-122.3409418, 47.6088377], [-122.3411408, 47.608955], [-122.3412989, 47.6090482], [-122.3413485, 47.6090775], [-122.3413678, 47.6090741], [-122.3416118, 47.6092276], [-122.3416272, 47.6092373], [-122.3416577, 47.6092189], [-122.3408884, 47.6087535], [-122.3407788, 47.608688], [-122.340747, 47.6087092]]]}}, {"type": "Feature", "properties": {"osm_id": 1275882971, "source": "OpenStreetMap", "building": "roof"}, "geometry": {"type": "Polygon", "coordinates": [[[-122.3408874, 47.6089595], [-122.3410249, 47.6090386], [-122.3410249, 47.6090753], [-122.3409864, 47.6090872], [-122.3409094, 47.6090093], [-122.3408579, 47.6089711], [-122.3408713, 47.6089656], [-122.3408874, 47.6089595]]]}}, {"type": "Feature", "properties": {"osm_id": 1275882973, "source": "OpenStreetMap", "building": "roof"}, "geometry": {"type": "Polygon", "coordinates": [[[-122.3411394, 47.6091439], [-122.3411324, 47.6091468], [-122.3411269, 47.6091432], [-122.3410859, 47.6091163], [-122.3411017, 47.6091035], [-122.3411117, 47.6090961], [-122.3414428, 47.609292], [-122.3414399, 47.6092944], [-122.3414284, 47.6093006], [-122.3414148, 47.6093076], [-122.3411394, 47.6091439]]]}}, {"type": "Feature", "properties": {"osm_id": 1275882974, "source": "OpenStreetMap", "building": "roof"}, "geometry": {"type": "Polygon", "coordinates": [[[-122.3414399, 47.6092944], [-122.3416465, 47.6094142], [-122.3416314, 47.6094204], [-122.3416158, 47.6094263], [-122.3416082, 47.60942], [-122.341546, 47.6093839], [-122.3414148, 47.6093076], [-122.3414284, 47.6093006], [-122.3414399, 47.6092944]]]}}, {"type": "Feature", "properties": {"osm_id": 1275882981, "source": "OpenStreetMap", "building": "roof"}, "geometry": {"type": "Polygon", "coordinates": [[[-122.3412259, 47.6095975], [-122.3412327, 47.6096053], [-122.3412392, 47.6096128], [-122.3410176, 47.609704], [-122.3410128, 47.6097042], [-122.3410073, 47.6097044], [-122.3409986, 47.609704], [-122.3409942, 47.6097017], [-122.3409918, 47.6097005], [-122.3409854, 47.6096976], [-122.3404687, 47.609133], [-122.3404807, 47.6091282], [-122.3404902, 47.6091244], [-122.3407445, 47.6094025], [-122.3410063, 47.6096887], [-122.3412259, 47.6095975]]]}}, {"type": "Feature", "properties": {"osm_id": 1304550223, "source": "OpenStreetMap", "building": "yes"}, "geometry": {"type": "Polygon", "coordinates": [[[-122.3249465, 47.6191163], [-122.3249658, 47.6191282], [-122.3248951, 47.6191802], [-122.3248758, 47.6191683], [-122.3249465, 47.6191163]]]}}, {"type": "Feature", "properties": {"osm_id": 1306006652, "source": "OpenStreetMap", "building": "garage"}, "geometry": {"type": "Polygon", "coordinates": [[[-122.3275769, 47.6123941], [-122.3273099, 47.6125077], [-122.3271555, 47.6123427], [-122.3274225, 47.6122292], [-122.3275769, 47.6123941]]]}}, {"type": "Feature", "properties": {"osm_id": 1327066633, "source": "OpenStreetMap", "building": "shed"}, "geometry": {"type": "Polygon", "coordinates": [[[-122.325696, 47.6132156], [-122.3256426, 47.6132159], [-122.3256418, 47.6131662], [-122.3256953, 47.6131659], [-122.325696, 47.6132156]]]}}, {"type": "Feature", "properties": {"osm_id": 1327066634, "source": "OpenStreetMap", "building": "house"}, "geometry": {"type": "Polygon", "coordinates": [[[-122.3253167, 47.6133235], [-122.3253157, 47.6132774], [-122.3253145, 47.6131948], [-122.3251882, 47.6131956], [-122.3251889, 47.6132631], [-122.3251014, 47.6132676], [-122.3251104, 47.6133256], [-122.3253167, 47.6133235]]]}}, {"type": "Feature", "properties": {"osm_id": 1371595751, "source": "OpenStreetMap", "building": "yes"}, "geometry": {"type": "Polygon", "coordinates": [[[-122.3408822, 47.6064134], [-122.3408237, 47.6063481], [-122.3407497, 47.6063783], [-122.3408082, 47.6064436], [-122.3408822, 47.6064134]]]}}, {"type": "Feature", "properties": {"osm_id": 1393985708, "source": "OpenStreetMap", "building": "terrace"}, "geometry": {"type": "Polygon", "coordinates": [[[-122.3268667, 47.6121461], [-122.3269381, 47.6122284], [-122.3265759, 47.6123714], [-122.3265044, 47.612289], [-122.3268667, 47.6121461]]]}}, {"type": "Feature", "properties": {"osm_id": 1395854286, "source": "OpenStreetMap", "building": "hotel", "name": "AC Hotel Seattle Downtown", "building:levels": "11"}, "geometry": {"type": "Polygon", "coordinates": [[[-122.3310284, 47.6192492], [-122.3305555, 47.6192504], [-122.3305552, 47.6191916], [-122.3305543, 47.6190468], [-122.3310272, 47.6190456], [-122.3310284, 47.6192492]]]}}, {"type": "Feature", "properties": {"osm_id": 1421198844, "source": "OpenStreetMap", "building": "roof"}, "geometry": {"type": "Polygon", "coordinates": [[[-122.3435048, 47.61888], [-122.3434795, 47.6188801], [-122.3434788, 47.6188263], [-122.3435041, 47.6188261], [-122.3435048, 47.61888]]]}}, {"type": "Feature", "properties": {"osm_id": 1421198845, "source": "OpenStreetMap", "building": "roof"}, "geometry": {"type": "Polygon", "coordinates": [[[-122.3435048, 47.6190458], [-122.3434795, 47.619046], [-122.3434788, 47.6189921], [-122.3435041, 47.618992], [-122.3435048, 47.6190458]]]}}, {"type": "Feature", "properties": {"osm_id": 1427576325, "source": "OpenStreetMap", "building": "apartments", "name": "616 Battery"}, "geometry": {"type": "Polygon", "coordinates": [[[-122.3433529, 47.618372], [-122.3432049, 47.6182848], [-122.3431102, 47.618229], [-122.3431183, 47.6182228], [-122.343103, 47.6182138], [-122.3430145, 47.6181616], [-122.3429446, 47.6180847], [-122.3430109, 47.6180335], [-122.3431945, 47.6178919], [-122.3433093, 47.6179594], [-122.3434601, 47.618048], [-122.3434831, 47.6180615], [-122.3434952, 47.6182875], [-122.3434637, 47.6183991], [-122.3433529, 47.618372]]]}}, {"type": "Feature", "properties": {"osm_id": 1444783582, "source": "OpenStreetMap", "building": "retail"}, "geometry": {"type": "Polygon", "coordinates": [[[-122.3317823, 47.6025198], [-122.3316507, 47.6023757], [-122.3317439, 47.602337], [-122.3317486, 47.6023351], [-122.3318802, 47.6024792], [-122.3318595, 47.6024878], [-122.3318031, 47.6025112], [-122.3317823, 47.6025198]]]}}]}